{"fre": [0.21003334735904733, 0.08414589259247438, 0.043343779979744895, 0.02851017565005281, 0.020403958997557738, 0.014640095477451537, 0.012020027263606512, 0.010277402158736734, 0.008101135102774106, 0.0069494318531149605, 0.0056796253381506175, 0.004924251024099394, 0.005397068677695926, 0.005839348389998492, 0.005772404324497805, 0.005523525966870475, 0.005216293167724291, 0.0045317555305564175, 0.0037788361447069494, 0.0024662095141298078, 0.002403730100803409, 0.002287227274400965, 0.0021364200274973082, 0.0019611329132881977, 0.001460167253499485, 0.0006009755824712274, 0.000244703857504876, 0.0001640653253164877, 0.00010515296592223678, 6.647280468545305e-05, 4.258049556799856e-05, 3.3219159579087285e-05, 2.568574125665882e-05, 1.876999726553009e-05, 1.386931887343812e-05, 8.686156383972118e-06, 4.699726321114298e-06, 1.474420249227323e-06, 4.530314477738964e-07, 3.725674151867026e-07, 3.510144490374213e-07, 3.170327733536552e-07, 2.7804956092719e-07, 2.2911281442734317e-07, 1.9355957086214573e-07, 1.4194308718398102e-07, 7.393133713145109e-08, 3.369405345714555e-08, 1.6823826278490728e-08, 1.8996806016969553e-08, 2.0076385228673767e-08, 1.9808841417176195e-08, 1.8696121800585078e-08, 1.6091117389470973e-08, 1.2459399615265169e-08, 9.073130297669655e-09, 5.244224850618794e-09, 3.762794584830387e-09, 2.4913316739629914e-09, 1.3009902379805348e-09, 1.2630125012237936e-09, 1.176456376297513e-09, 1.0841565056625964e-09, 1.028516110445947e-09, 9.78247844849406e-10, 8.928860938976327e-10, 6.861831590860939e-10, 4.524373087275554e-10, 2.6527197933219965e-10, 1.6054592221040832e-10, 7.660414734571454e-11, 4.4381869113941686e-11, 2.7390667891847614e-11, 1.3664251571464724e-11, 4.7109444009333916e-12, 3.733129447209802e-12, 4.004702507637998e-12, 3.696904125856783e-12, 3.1382865811084223e-12, 2.2217840568528927e-12, 2.211430031958602e-12, 2.187945883628079e-12, 2.1496649876849972e-12, 2.0817754566852202e-12, 1.9807222141019186e-12, 1.8342713405442985e-12, 1.6242052335112554e-12, 1.265871530213481e-12, 7.954660665694758e-13, 2.835520864195664e-13, 1.177618286570525e-13], "rk": [1.0, 0.029932440462484545, 0.006833764506849812, 0.0019377526174134047, 0.0007648788606171713, 0.0004094460013591357, 0.00022313889607409777, 0.0001297247474276578, 9.200066954217562e-05, 6.196929669421931e-05, 5.186066464430583e-05, 4.423919608672855e-05, 3.488708310137463e-05, 2.2324936050040005e-05, 1.4410394018073546e-05, 1.1841865101690605e-05, 1.0651809723752718e-05, 1.0002947036734078e-05, 9.073125653677134e-06, 8.111522478121334e-06, 6.3016152131780895e-06, 5.28616070341427e-06, 4.856296661155579e-06, 4.581794616477526e-06, 4.374896551701621e-06, 3.735857328368739e-06, 2.4649018121387416e-06, 1.530176402948343e-06, 1.0909935810771663e-06, 8.205105088530951e-07, 6.158660695288316e-07, 4.1711081953199933e-07, 2.827531181658866e-07, 1.6175550831407857e-07, 1.032026264337894e-07, 8.077521991550216e-08, 5.8344537410840154e-08, 3.865647424387347e-08, 1.8773024365860674e-08, 8.236949204161956e-09, 3.703494947098036e-09, 2.4752501823054228e-09, 1.7438314945670048e-09, 1.4027292166179323e-09, 1.0779031880568166e-09, 9.026017064048634e-10, 7.536453867553102e-10, 5.532337482253138e-10, 3.8167129847340467e-10, 2.4758192600238003e-10, 1.3011850569864662e-10, 6.40012852106186e-11, 5.073282296074616e-11, 4.444301872913867e-11, 3.713863924004802e-11, 2.9753633341568825e-11, 2.2739246899946507e-11, 1.440261458367718e-11, 1.1173971126137315e-11, 9.174652107349349e-12, 6.997949600245472e-12, 5.531082310976946e-12, 4.114388480851781e-12, 2.9006907774537972e-12, 2.4923095641258256e-12, 2.3317701495417136e-12, 2.1435592320857008e-12, 1.7520495059347157e-12, 1.2944343480345284e-12, 8.367568794651145e-13, 5.447854519697458e-13, 3.160046512072631e-13, 2.054995997149359e-13, 1.4027507065776573e-13, 9.558613396898402e-14, 5.672757922523471e-14, 2.9814118840921154e-14, 2.0130319004556654e-14, 1.6606762006989703e-14, 1.3835241699256335e-14, 9.609000935414122e-15, 7.486410327283412e-15, 5.926655669045529e-15, 5.019348043672742e-15, 4.5225830019446175e-15, 4.1899039889087125e-15, 3.867266262281282e-15, 3.546498664620285e-15, 2.962435604911297e-15, 2.235653313530655e-15, 1.228871281886052e-15, 7.075956577216046e-16], "exit_code": 0, "iters": 91, "mtx": "wang1", "method": "max-st_alt-o_m4", "x_id": "sine"}