{"fre": [0.12178355460045122, 0.04658637043762088, 0.028783603064769382, 0.02209479011406739, 0.01949363293785278, 0.018015540906808056, 0.016757689565240406, 0.016065589084206345, 0.015349188911509758, 0.014413616039675586, 0.013790688983846706, 0.01261025833309138, 0.00789215013443142, 0.0021453630629087333, 0.0006780638087515702, 0.0001743653597932962, 0.00010105804691270413, 6.390906981205185e-05, 5.002020453746359e-05, 3.755791747791572e-05, 3.420303893877677e-05, 2.8261813448146826e-05, 2.2966947423910185e-05, 1.6899802062606176e-05, 1.1732731283695346e-05, 7.218749018137682e-06, 3.4236608260591334e-06, 2.0470809255458297e-06, 1.528948539538767e-06, 8.611798670000144e-07, 3.527423881554813e-07, 1.8336918982911524e-07, 9.902292919704434e-08, 7.400947272436515e-08, 5.952274055794164e-08, 4.179563748148782e-08, 1.5131669666931316e-08, 2.08849772881029e-09, 6.144732380819869e-10, 5.020537691135045e-10, 4.805938774432646e-10, 4.493548365562127e-10, 4.080719109992753e-10, 3.3661789394370024e-10, 2.266970564791356e-10, 9.983973814850654e-11, 1.2495462640811925e-11, 5.106996917595803e-12, 3.2080053246788983e-12, 2.1962292596813213e-12, 2.3923437010854427e-12, 2.5238604180534244e-12, 2.2578006247918662e-12, 1.78086084149307e-12, 8.708048899903301e-13, 2.799421094646303e-13, 9.336790116106117e-14], "rk": [1.0, 0.024696213969412247, 0.0050901035184718665, 0.001479853234360991, 0.0004449512419945434, 0.0001482472886321577, 8.619001436342367e-05, 5.688879395994064e-05, 4.27757958737124e-05, 3.4865908819055845e-05, 2.6537163945087405e-05, 2.515163070169272e-05, 2.435508546290415e-05, 2.004954314775298e-05, 1.1976920061496876e-05, 7.923784103882955e-06, 3.5472002379381136e-06, 1.5953645950474656e-06, 8.378708685146973e-07, 4.3885405058841533e-07, 2.6807095401265574e-07, 2.043758392836285e-07, 1.3803076102581688e-07, 9.60459825927794e-08, 6.692387697095445e-08, 4.683485883409031e-08, 3.1041945838898506e-08, 1.6763858739203233e-08, 8.851099537806915e-09, 5.760592713815534e-09, 3.5055141833853932e-09, 1.5358980913549647e-09, 6.745210681275894e-10, 3.010677712406427e-10, 1.8335561583147307e-10, 1.4378502195028682e-10, 1.129534048534712e-10, 6.629679429134448e-11, 2.5213850712845804e-11, 1.0118431102785759e-11, 3.938405458981658e-12, 2.145423832664902e-12, 1.4216152680503717e-12, 1.167457095030705e-12, 9.922195283087238e-13, 7.672906491699952e-13, 5.069602813204693e-13, 2.1524098896883582e-13, 7.037852344074385e-14, 3.6182606360189006e-14, 2.219019971947882e-14, 1.1476084497949074e-14, 6.905870286714633e-15, 5.051390456413992e-15, 4.088341636099847e-15, 2.587308946909043e-15, 1.3124921014225948e-15, 6.389748243280792e-16], "exit_code": 0, "iters": 57, "mtx": "wang1", "method": "max-st_alt-o-repeat_m4", "x_id": "sine"}