{"fre": [0.1650508677325394, 0.11308326754033582, 0.08785469717030729, 0.06705633983132886, 0.0523467131760447, 0.045227221546136114, 0.043263941977216475, 0.04195976583726517, 0.040475744412313705, 0.03866340488956206, 0.036759949089050836, 0.034045009598536034, 0.029165597867190956, 0.019774145303358186, 0.008808611808301503, 0.0028696652750053744, 0.002110298888926257, 0.0015225201859988566, 0.0007690321246170894, 0.00024087332870608891, 0.0002204178247562519, 0.00018304909444747023, 0.00015673508761552516, 0.00013730420301559764, 0.0001269192807951966, 0.00013213041742643583, 0.0001399392862760582, 0.0001414685485564435, 0.0001376894535063678, 0.00013236927558762829, 0.00012220720691366902, 9.897513988934449e-05, 5.856857375400723e-05, 2.0876325348898733e-05, 7.272699353338923e-06, 3.050760085133312e-06, 1.7218752692639524e-06, 1.276098438453331e-06, 1.0101665847676359e-06, 8.577667705554714e-07, 7.98239222315102e-07, 6.88171637841347e-07, 5.80430465920626e-07, 4.561256296866432e-07, 3.6765021801893445e-07, 2.931789546198483e-07, 1.9639957141064855e-07, 1.0371787003694623e-07, 5.556230508623312e-08, 3.1910386524112426e-08, 1.864178176279751e-08, 1.0283168021789214e-08, 5.620591957385561e-09, 4.8302454856041256e-09, 5.660737672007812e-09, 5.726973338481699e-09, 5.244769091842278e-09, 4.5091892540440786e-09, 3.935313611324043e-09, 3.039299223618845e-09, 2.9895332513782962e-09, 2.8957727212847045e-09, 2.747524542208062e-09, 2.5832621658734825e-09, 2.312461163767416e-09, 1.7935474774471186e-09, 9.687898973990676e-10, 4.3031787570345865e-10, 2.1102296031524028e-10, 9.917881056668843e-11, 7.527149336630182e-11, 6.100767217399091e-11, 4.3141862237975236e-11, 2.5649335005448035e-11, 1.304303003314844e-11, 1.9532034166515724e-12, 1.5584937606476038e-12, 9.943009620014234e-13, 5.88754656754509e-13, 4.585913851988873e-13, 4.2532530279748856e-13, 3.4258015553723096e-13, 2.5887418142542957e-13], "rk": [1.0, 0.01420909122362873, 0.0025989097951465163, 0.001042306763241005, 0.0005454108052285003, 0.00030919842882907837, 0.0001566583299055921, 8.390040551601984e-05, 5.8254423334930324e-05, 4.738680963580882e-05, 4.144040052124487e-05, 3.906312269576376e-05, 3.7242928752825894e-05, 3.4130154313806e-05, 2.762885708256806e-05, 1.8095986420643036e-05, 8.00415798324935e-06, 5.318078473885174e-06, 4.122506240589395e-06, 2.9284283100257627e-06, 1.6855539626355261e-06, 1.2772735453530055e-06, 8.324390827580309e-07, 6.075092012818494e-07, 4.938649770119765e-07, 3.627046573820197e-07, 2.798288474768148e-07, 2.0599028135805157e-07, 1.631229045580553e-07, 1.4142996600058652e-07, 1.3273095377113037e-07, 1.2346491820836287e-07, 1.0962729009494683e-07, 8.403195004025348e-08, 5.183833763284142e-08, 3.152957741408212e-08, 1.8605609617678904e-08, 1.1425391803867846e-08, 7.859073699616926e-09, 4.951669026035502e-09, 3.330350246565102e-09, 2.698555754442723e-09, 2.0828610149271333e-09, 1.6464798368896812e-09, 1.1952739343311531e-09, 9.284519061491851e-10, 7.61148307619948e-10, 5.735320769469425e-10, 3.3113216476188593e-10, 1.8089561984508964e-10, 1.0353828120209652e-10, 6.370336499252597e-11, 4.131851174535348e-11, 2.9457098457381034e-11, 1.8552226973698102e-11, 1.2274137101218013e-11, 7.872555126150914e-12, 5.974290228052674e-12, 4.795036023421672e-12, 4.246830490098906e-12, 3.614518663464288e-12, 3.200139829953457e-12, 2.9934419440961807e-12, 2.798911825419104e-12, 2.665228868645595e-12, 2.478557461627993e-12, 2.1600165799070716e-12, 1.5818070708900726e-12, 1.1275612126109523e-12, 7.558757745248305e-13, 4.24884262840673e-13, 2.6568106876017804e-13, 1.5662076687070172e-13, 9.011028842352043e-14, 5.5722183229041264e-14, 3.875227961012869e-14, 1.8652878841364193e-14, 9.98629288406092e-15, 5.642768630859259e-15, 3.3056338457335836e-15, 2.286172664342986e-15, 1.895072004707397e-15, 1.4713372845818975e-15, 9.551818850842617e-16], "exit_code": 0, "iters": 83, "mtx": "wang1", "method": "max-st_alt-o_m4", "x_id": "randn"}