{"fre": [1.0781101128778718, 1.1218138809563567, 1.1607548861009938, 1.1727794264351863, 1.1501057585103858, 1.0903758373832724, 0.9568000387337631, 0.7996689802342865, 0.5028447056647295, 0.2857696514611097, 0.19548929142707996, 0.0980521109074446, 0.030774549252860488, 0.012204424487193806, 0.003945933511775778, 0.001304847404757247, 0.0008349600470399332, 0.00038310226925325204, 0.00026984431159967286, 0.00020589702480211812, 0.00017649760769031415, 0.0001264024549994687, 8.85080357379405e-05, 6.928930709322375e-05, 6.169756217086455e-05, 5.0488207269179937e-05, 3.933779171283163e-05, 2.7029226055651386e-05, 1.6969464329219703e-05, 9.96115480302444e-06, 4.26793772480072e-06, 1.6719267440508898e-06, 5.094878954132532e-07, 3.7317107012219823e-07, 3.1432193480838034e-07, 3.313331744473944e-07, 3.1887133290134725e-07, 2.4037775537197854e-07, 2.1912407099041133e-08, 1.090463054422581e-08, 1.0102991152668778e-08, 9.342503633494358e-09, 8.446618010942898e-09, 7.017944690390549e-09, 4.1249967106496264e-09, 1.7160641556564352e-09, 4.778359645672898e-10, 1.841526197891048e-10, 1.7401395541076429e-10, 1.369200743581669e-10, 7.798716798923804e-11, 5.8130901698290655e-11, 4.7527660615316894e-11, 4.116798208350622e-11, 3.35303448748997e-11, 2.3707840792467705e-11, 1.622225045030473e-11, 1.2395917926074048e-11, 6.864839460018143e-12, 2.1466923326784855e-12, 2.1031386201024836e-12, 2.019460240844084e-12, 1.9220974009133695e-12, 1.833912519984823e-12, 1.5820324924670202e-12, 1.1902789974794745e-12, 7.492894355980988e-13, 1.874438586248685e-13, 8.48080850931089e-14], "rk": [1.0, 0.02750639191351442, 0.010185081054664532, 0.006041718532647759, 0.0043744787753895115, 0.0034420981241281515, 0.003015295535715824, 0.0025900994260600807, 0.002347184927685649, 0.0017650739295128393, 0.0012028871097189751, 0.0008500113141616187, 0.0005618752320596636, 0.0002418812398112012, 0.00011589996329918469, 5.00370738973157e-05, 2.2632262773914935e-05, 1.2932120221338655e-05, 7.0983627839432735e-06, 4.50558654238424e-06, 3.161269982479594e-06, 2.373717104106923e-06, 1.5928817011189872e-06, 9.435515137529759e-07, 4.661976725533232e-07, 3.3994233740668166e-07, 2.602030666672499e-07, 1.9298931565343053e-07, 1.0750577232571347e-07, 7.37058201563353e-08, 4.152407216391884e-08, 2.5509599622402453e-08, 1.4272481211510799e-08, 8.448024456769933e-09, 4.9674759248466794e-09, 2.825938141834518e-09, 1.8208558674791394e-09, 1.4170696946449012e-09, 1.1204425904704766e-09, 4.133018463287294e-10, 1.608854930067591e-10, 8.605550748619669e-11, 5.046654277119826e-11, 4.180827780566304e-11, 3.719390671384739e-11, 2.910521355330822e-11, 1.915006811993357e-11, 9.133709192387782e-12, 4.0193721750780705e-12, 1.6707400890260404e-12, 9.769910467380046e-13, 5.520794553041116e-13, 3.430850451933858e-13, 2.2937485810404743e-13, 1.6269549472299536e-13, 1.2738014977356862e-13, 9.10749117674334e-14, 6.241858809864436e-14, 4.699919548269042e-14, 3.282887379485255e-14, 1.6114830858873773e-14, 1.0507923883893334e-14, 7.226033047037923e-15, 5.881556652744934e-15, 5.61418558480138e-15, 5.2608764226425115e-15, 4.699957827113609e-15, 3.819075151233178e-15, 1.892816022885964e-15, 8.905511561513127e-16], "exit_code": 0, "iters": 69, "mtx": "wang1", "method": "max-lf_alt-o-repeat_m4", "x_id": "ones"}