{"fre": [0.22768510850834942, 0.09491505618610686, 0.05006374989236095, 0.03385176988929537, 0.02650240977713233, 0.022262657569671836, 0.020274083064465178, 0.01904656386817102, 0.017955478636386128, 0.01701281735208486, 0.016403931660197237, 0.016073100362830637, 0.015460661167513056, 0.01481207858566391, 0.014400215710251147, 0.014023251395146322, 0.013220796438275883, 0.011082822919380257, 0.006143238286127653, 0.0029226539889737812, 0.002762664298337383, 0.002389457808541291, 0.002032548060087515, 0.0017625536972886511, 0.0015547563489098878, 0.0012965057058990283, 0.00101402606351029, 0.0007916278927596974, 0.0005878399133631443, 0.00034396914005349995, 0.00018080806519140964, 0.00011882226694499784, 8.859216832365588e-05, 6.721461467011926e-05, 4.55937147437004e-05, 3.1877611301198524e-05, 1.8259735078648354e-05, 1.2365824564641622e-05, 8.51514978971033e-06, 5.47901213174971e-06, 5.143251414537385e-06, 4.41115540312571e-06, 3.760379598176162e-06, 3.7209939880770764e-06, 3.7585327059093433e-06, 3.7814836773478846e-06, 3.7531118922171797e-06, 3.692455171944167e-06, 3.5898906699055494e-06, 3.368787208483442e-06, 2.8793847026523108e-06, 2.115526226142319e-06, 1.499187986007871e-06, 7.285277723466807e-07, 3.5717264245902623e-07, 2.2090535629006545e-07, 1.7199644873963842e-07, 1.235690785348503e-07, 6.067129017481617e-08, 2.7280327394129753e-08, 2.5581945843802982e-08, 2.3076493532766653e-08, 2.120856329697857e-08, 1.941706577286202e-08, 1.749002183277348e-08, 1.4401136964470207e-08, 1.023676880822374e-08, 6.894940709471272e-09, 3.2795087120116175e-09, 1.208234348849204e-09, 5.433521579607634e-10, 3.898587065818189e-10, 3.252655023661973e-10, 2.9555241173951576e-10, 1.9975933023084024e-10, 1.1497889114913552e-10, 4.916174359540986e-11, 1.9612578119989523e-11, 2.412992875798387e-11, 2.3286551365949696e-11, 2.2981298831590765e-11, 2.2476213970063634e-11, 2.182091099465912e-11, 2.1075153872087376e-11, 1.981700181596304e-11, 1.7989604301714873e-11, 1.6179441083943145e-11, 1.4307922422999391e-11, 1.1243679389330946e-11, 6.109283617951573e-12, 2.8416403247969286e-12, 1.126309099993133e-12, 4.705908007774944e-13, 2.705429586766014e-13, 2.0183031210662638e-13, 1.4478028561190086e-13, 8.992213307997214e-14], "rk": [1.0, 0.059402097551973794, 0.017747323579704592, 0.005931346130637555, 0.0024076131339713443, 0.0011043745344356435, 0.00044741800491926594, 0.00019805709083178252, 0.00012026660813276659, 8.486178940801869e-05, 6.318597768122497e-05, 4.8526688799560624e-05, 4.252435826746768e-05, 3.573054620130635e-05, 2.820270991611841e-05, 2.5983709264807105e-05, 2.5500621152694106e-05, 2.4809350683422594e-05, 2.2999054175776303e-05, 1.804693932507366e-05, 1.3686345359527605e-05, 1.1560662698983557e-05, 8.817390374271292e-06, 6.358701583272412e-06, 4.650056301513681e-06, 3.733846069774738e-06, 2.9457644322031507e-06, 2.2687791035275714e-06, 1.8249861599413098e-06, 1.579837958714252e-06, 1.316235914614114e-06, 1.0670170515432283e-06, 8.91878996538847e-07, 7.136504452049511e-07, 5.089032298318013e-07, 3.453352332500886e-07, 2.3537849888111767e-07, 1.4392424958938907e-07, 9.502052370380861e-08, 6.927930138938735e-08, 5.2039190721483263e-08, 4.303838609485748e-08, 3.4499604826940106e-08, 2.3762302144292494e-08, 1.5610409432830365e-08, 1.2113498523527284e-08, 9.29178123745571e-09, 7.56122319669245e-09, 6.804031850098607e-09, 6.504150419401833e-09, 6.207377967545675e-09, 5.692892767055089e-09, 4.840469961136054e-09, 4.018186418127982e-09, 2.6993467218569717e-09, 1.7204449916576003e-09, 1.1582708501225e-09, 8.277581155051427e-10, 6.389032418054837e-10, 3.8362797140980306e-10, 2.39323601170526e-10, 1.712566658671202e-10, 1.1549128818644062e-10, 8.413345852521932e-11, 6.749110817170571e-11, 5.841228733145838e-11, 5.1064913244600424e-11, 4.238051968790135e-11, 3.503224272263583e-11, 2.4637812559391745e-11, 1.3687974752963091e-11, 7.488718484458271e-12, 4.323479192110821e-12, 2.8904232469817306e-12, 2.1093272020817336e-12, 1.4916867148409767e-12, 1.0178578563095332e-12, 6.125841180674424e-13, 3.07138978116056e-13, 1.437143464633844e-13, 8.937395282360847e-14, 6.616558497696581e-14, 5.1811867498943706e-14, 4.442245383549253e-14, 4.1233600881786625e-14, 3.8471381029101536e-14, 3.567537116051307e-14, 3.368486815479835e-14, 3.1985118550515525e-14, 2.903895632370448e-14, 2.1963154367461787e-14, 1.4931152824542946e-14, 8.798447593898254e-15, 5.200043349620165e-15, 2.7274940355868093e-15, 1.6388203008469935e-15, 1.022682437839321e-15, 7.664624928003719e-16], "exit_code": 0, "iters": 97, "mtx": "wang1", "method": "max-st_alt-o-repeat_m2", "x_id": "sine"}