{
  "fre": [
    0.1457475917880597,
    0.08503226144240085,
    0.06076717997696025,
    0.04833922077426018,
    0.043444311172201294,
    0.04129560518220455,
    0.03946540942958875,
    0.038008984865864626,
    0.03593199734478927,
    0.03220328740383869,
    0.022532604689997057,
    0.007911134863356211,
    0.0034440058748709105,
    0.0015672864244542736,
    0.0009511046483101328,
    0.0005228288616733405,
    0.0004826927212236825,
    0.00039362633004043764,
    0.00020462781669152935,
    6.611199560382199e-05,
    6.095625259414055e-05,
    5.6190701161159694e-05,
    5.391943989488338e-05,
    5.2511960885638986e-05,
    5.1069418157361305e-05,
    4.880127243296574e-05,
    4.2357591051570074e-05,
    2.801128711875736e-05,
    1.3097338734520012e-05,
    5.505515829836886e-06,
    2.4226092815322713e-06,
    1.2640945134676598e-06,
    3.349357881706499e-07,
    8.563724936720471e-08,
    3.7021287994420955e-08,
    1.573488492497399e-08,
    1.2319205657832866e-08,
    1.0019235096988678e-08,
    7.078042690954375e-09,
    2.2884318434080255e-09,
    2.216470849665537e-09,
    2.1005417054148335e-09,
    1.963275960465201e-09,
    1.740190387663589e-09,
    1.18208721673554e-09,
    4.914838582293348e-10,
    1.289545896529203e-10,
    6.816479077822981e-11,
    4.327976896627924e-11,
    2.338796400497233e-11,
    1.724277109930997e-11,
    1.3727865627729616e-11,
    1.0729304065216482e-11,
    8.05597437879792e-12,
    3.9733083257592585e-12,
    1.6721218621394294e-12,
    1.2602713421653241e-12,
    6.843135321131825e-13,
    1.4161589018641356e-13
  ],
  "rk": [
    1.0,
    0.027137866368002094,
    0.006281872648331714,
    0.0016378058804115542,
    0.0004928413134215292,
    0.00015732034365654101,
    8.287426597978128e-05,
    4.730862197910614e-05,
    3.7438065147692975e-05,
    3.54070826095138e-05,
    3.341557449407126e-05,
    2.7779945203734678e-05,
    1.5111771669256624e-05,
    8.615085644978712e-06,
    4.767220960383227e-06,
    3.4700794618739334e-06,
    2.2540966208375273e-06,
    1.1656598787495558e-06,
    8.378423760734092e-07,
    5.40581883513806e-07,
    2.9668501050227926e-07,
    1.9235309385067624e-07,
    1.2185982295154672e-07,
    9.169781377627228e-08,
    6.190383343817133e-08,
    4.9246773076122766e-08,
    4.663522456310597e-08,
    4.334218769932875e-08,
    3.545758186014703e-08,
    2.4606460750227937e-08,
    1.549360258826441e-08,
    9.420615347907803e-09,
    5.957259239149665e-09,
    2.689248115883968e-09,
    8.991159534176331e-10,
    3.803508232419887e-10,
    1.7439440979650098e-10,
    6.286126573030182e-11,
    2.374780522401625e-11,
    1.4769363301997575e-11,
    6.754017502167871e-12,
    3.906925069354513e-12,
    2.8017379714525634e-12,
    2.4472428979586718e-12,
    2.2580401891896627e-12,
    1.8533471382086518e-12,
    1.165390119728758e-12,
    4.657547031021407e-13,
    2.20028875354983e-13,
    1.2807181847544346e-13,
    5.79493411467404e-14,
    3.051856763364752e-14,
    2.029942571567604e-14,
    1.4507098951896794e-14,
    1.1119318969556495e-14,
    7.0083254487211035e-15,
    3.5212110381819625e-15,
    2.6991134725363025e-15,
    1.8585242977772855e-15,
    7.344861142490803e-16
  ],
  "exit_code": 0,
  "iters": 59,
  "mtx": "wang1",
  "method": "max-st_alt-o-repeat_m4",
  "x_id": "randn"
}