{
  "fre": [
    0.1856592106834726,
    0.10015574793022716,
    0.07699438617539085,
    0.06697998751245773,
    0.06371731897983374,
    0.06336978461623088,
    0.06388635385982777,
    0.06433201729115355,
    0.0632508671739285,
    0.06124892905385484,
    0.05906122217003243,
    0.05612154235673226,
    0.04914664596711641,
    0.037694345293070024,
    0.024695186729446,
    0.011701875566900477,
    0.005402084079243997,
    0.0024891142852450816,
    0.0008500665369679351,
    0.0002974736605402587,
    0.0002588313560092872,
    0.00020371979480596493,
    0.00017012237383321667,
    0.00014523065994206138,
    0.0001261901415099289,
    0.00010400380043611371,
    7.728034411828292e-05,
    4.9698936879643016e-05,
    2.5982403803995076e-05,
    1.0679126264912963e-05,
    4.090337847306956e-06,
    2.486640432908944e-06,
    1.7596794205134233e-06,
    1.33256879303586e-06,
    8.928395541644708e-07,
    5.30658850069367e-07,
    4.1538582133981776e-07,
    3.9054347021590784e-07,
    3.743269102034538e-07,
    3.1829007466437e-07,
    3.123041354509719e-07,
    3.031479841302158e-07,
    2.9019913355548026e-07,
    2.7301349881444104e-07,
    2.409370952677115e-07,
    1.8069168250310922e-07,
    8.789923738972677e-08,
    3.1340044869432815e-08,
    1.152252046988357e-08,
    4.875458926383631e-09,
    2.5890645310317997e-09,
    1.0937659466884126e-09,
    6.649666618612617e-10,
    4.148810572963831e-10,
    2.1749113783351572e-10,
    6.906997224566428e-11,
    1.72135007190976e-11,
    1.2666267951202293e-11,
    1.1059873802097438e-11,
    6.695613018242725e-12,
    6.376510362951876e-12,
    5.979771999437937e-12,
    5.571521390100287e-12,
    4.5355528986374805e-12,
    3.2804313254570956e-12,
    1.6927468692899882e-12,
    3.670012574308702e-13,
    1.1265225499809801e-13,
    8.399572609131013e-14
  ],
  "rk": [
    1.0,
    0.02932280486608556,
    0.005695492493335299,
    0.0018168095738862074,
    0.0007261982185593178,
    0.00035346506301953904,
    0.00022044758606649123,
    0.00015816620571909627,
    0.00010747494316311225,
    7.665548480794337e-05,
    6.293211292794872e-05,
    5.879325843488298e-05,
    5.733086720525949e-05,
    5.470377146346359e-05,
    4.920038929171863e-05,
    4.014882895116573e-05,
    2.6820837181527906e-05,
    1.5396009243544233e-05,
    8.86167456084182e-06,
    4.628337638216858e-06,
    2.6470765436019975e-06,
    1.7149444543664366e-06,
    9.858753740586327e-07,
    6.123874137121549e-07,
    4.263247201016319e-07,
    3.3693485573541277e-07,
    2.677795815321772e-07,
    2.0531798926604738e-07,
    1.4709025976336146e-07,
    9.659070162140804e-08,
    5.796087348058277e-08,
    3.4392763646909915e-08,
    2.1856715136660028e-08,
    1.414857367629875e-08,
    6.621364986302067e-09,
    3.178221724935916e-09,
    1.578891631023277e-09,
    8.690746684764836e-10,
    5.769595740492456e-10,
    4.659378382655405e-10,
    3.775401454479134e-10,
    3.2885700476888976e-10,
    3.112854879638769e-10,
    2.983933471441923e-10,
    2.864618926968553e-10,
    2.7000731537069485e-10,
    2.4094102837645785e-10,
    1.769331838554161e-10,
    1.0597969697283799e-10,
    5.822306771713455e-11,
    3.21160453360105e-11,
    1.7399475543456984e-11,
    8.598012730234456e-12,
    4.504998983924493e-12,
    2.8847844209433034e-12,
    1.7636936677195299e-12,
    8.513383442660425e-13,
    3.460677926942742e-13,
    1.2680261065130744e-13,
    4.1530227370697034e-14,
    1.9887931336759468e-14,
    1.3092604908243359e-14,
    9.902255362919112e-15,
    8.92794768528445e-15,
    7.712589443283773e-15,
    6.583031996684365e-15,
    5.092888876989298e-15,
    2.9666647992977417e-15,
    1.5174099098537943e-15,
    8.398705201723543e-16
  ],
  "exit_code": 0,
  "iters": 69,
  "mtx": "wang1",
  "method": "max-st_add_m3",
  "x_id": "randn"
}