{"fre": [0.2779145041535098, 0.13302843430530079, 0.06684181961990164, 0.041461399882406096, 0.02930059549152444, 0.02218289302569, 0.017167156908942927, 0.014524410786529388, 0.0130576124327203, 0.011971275721914355, 0.010262258461312831, 0.009373657702960296, 0.008732631159437867, 0.008572378762896907, 0.008799328826010788, 0.009352905200953235, 0.009803121148553305, 0.009834239557463707, 0.009614123597456848, 0.009245024714224719, 0.00913217947182961, 0.00889686614449383, 0.008525847868010555, 0.007990532814470689, 0.007289199825051214, 0.005016770744164262, 0.0028787800532318756, 0.0014783378076090098, 0.00099919538424701, 0.0007736822600449236, 0.0005433883892574396, 0.000387561328958124, 0.0002135579704806288, 0.0001447404655668207, 0.00010016674440284854, 6.19096951451096e-05, 3.1403686769613594e-05, 1.7731985719863843e-05, 7.957162135138098e-06, 3.857573608112621e-06, 3.485704711630597e-06, 2.8984483986823177e-06, 2.390046562979674e-06, 2.0227299617859317e-06, 1.7422013165782462e-06, 1.4264098585808679e-06, 1.115307587573401e-06, 9.28188408767898e-07, 8.28037814592351e-07, 7.736990326374978e-07, 7.45249128808129e-07, 7.2084910020076e-07, 6.911400984997364e-07, 6.726192825879428e-07, 6.456238212064413e-07, 6.06599237441128e-07, 5.543163635094324e-07, 4.5181481238418975e-07, 2.2919686827303645e-07, 1.0729618192442486e-07, 1.0108795552725729e-07, 8.48798927306289e-08, 6.987355718035214e-08, 5.5729309972658374e-08, 4.0666817137334707e-08, 2.6459316170697935e-08, 1.716394079928371e-08, 1.2280896132516405e-08, 9.321176468964257e-09, 7.103968828606135e-09, 5.4883517948036395e-09, 4.195463074616398e-09, 2.5900047678763965e-09, 1.1543512963995165e-09, 4.3151975376614273e-10, 2.8442709679032915e-10, 2.4984088961429775e-10, 2.363384146926604e-10, 2.0547407130267401e-10, 1.814095720020469e-10, 1.8022977635802797e-10, 1.7776746010477173e-10, 1.7376324652599893e-10, 1.6962890208305828e-10, 1.6442117254184522e-10, 1.4960193687323773e-10, 1.3121086321524728e-10, 1.1092939851966151e-10, 8.62172895379103e-11, 5.710819536176649e-11, 3.666217821656102e-11, 2.195844103715872e-11, 1.4288250066750462e-11, 8.525254517592556e-12, 5.721201371632192e-12, 3.6250286681211955e-12, 2.0198721798132145e-12, 1.1617864654495276e-12, 5.997904896489468e-13, 4.871754193644944e-13, 4.571068348031095e-13, 4.0349518024029827e-13, 3.3771932345589105e-13, 2.816246726621961e-13, 2.5350448284502237e-13, 2.351497506849946e-13, 2.195106321999453e-13], "rk": [1.0, 0.04837928487049387, 0.012936818623607857, 0.003953033532715393, 0.0015770532892844815, 0.0007643687238320942, 0.0004288434204140668, 0.0002492823378957789, 0.0001502713122412671, 0.0001054391001326111, 9.025551277145967e-05, 7.229176198381165e-05, 6.19412785580601e-05, 5.3922197256765856e-05, 4.704112501032667e-05, 3.860791097175442e-05, 2.8773193001429844e-05, 2.1434771776962273e-05, 1.818316028357764e-05, 1.700060641428178e-05, 1.6300440797891006e-05, 1.5991775820185987e-05, 1.5756239514457407e-05, 1.5405214757018567e-05, 1.4937409608291805e-05, 1.4313851013483488e-05, 1.1876948516347498e-05, 8.846630489126793e-06, 5.790111505082704e-06, 4.123106322340525e-06, 3.2156656611140024e-06, 2.536768278384206e-06, 2.0444928647282324e-06, 1.246555401140931e-06, 8.677476879866034e-07, 6.907184809216396e-07, 5.322927854935485e-07, 3.632543116174932e-07, 2.502785419192453e-07, 1.5107157474268715e-07, 8.042211589173416e-08, 5.272706606039693e-08, 3.548063952277549e-08, 2.4413278762954092e-08, 1.7796919973640002e-08, 1.4194474739930872e-08, 1.1257501206411567e-08, 8.184345873285329e-09, 5.767934229079026e-09, 3.871174830612599e-09, 2.5410560333228786e-09, 1.8332128737631882e-09, 1.4814621229222197e-09, 1.2607516015183422e-09, 1.21564337953629e-09, 1.1932067809565163e-09, 1.1566425315615319e-09, 1.1115158876968825e-09, 1.0286192289553093e-09, 7.99347164179228e-10, 6.054024183863537e-10, 5.204612233455622e-10, 4.158930551041209e-10, 3.257573832195479e-10, 2.587125053015696e-10, 1.9774593742674624e-10, 1.3613758737646405e-10, 8.400573860111843e-11, 5.7119909422480577e-11, 4.194560417442223e-11, 3.017916691192685e-11, 2.1532182602991236e-11, 1.609305647828279e-11, 1.1204466752831808e-11, 7.160394556066624e-12, 3.941670378304286e-12, 2.4679357079548033e-12, 1.5970368231797838e-12, 1.0101279860404427e-12, 6.572356741066583e-13, 4.326598470058378e-13, 3.740549112674636e-13, 3.4391347515992327e-13, 3.2485659238777307e-13, 3.1491589736808006e-13, 3.0686963344341906e-13, 2.8683362541322884e-13, 2.6148963032223487e-13, 2.3591675258015613e-13, 2.028769523977557e-13, 1.554914233747957e-13, 1.112655360102256e-13, 7.282525432150667e-14, 5.164257346151328e-14, 3.355597954456922e-14, 2.5013127414488318e-14, 1.9521289358809688e-14, 1.4803140821249928e-14, 1.102148135819607e-14, 7.435450071439046e-15, 5.144492371068288e-15, 4.256975365125587e-15, 3.5498508791005934e-15, 2.8829894786295317e-15, 2.111216398289137e-15, 1.5497042113418135e-15, 1.1607778910697615e-15, 9.119025726109582e-16], "exit_code": 0, "iters": 107, "mtx": "wang1", "method": "max-lf_alt-o_m3", "x_id": "sine"}