{"fre": [0.16420855786352428, 0.07594539474923162, 0.05402489370362902, 0.0424875414490866, 0.0354943537981076, 0.03012377316140332, 0.02758634936538005, 0.02632290497215312, 0.02547642409492381, 0.02456544513423227, 0.023346502288048823, 0.022359244911267468, 0.021617079038078545, 0.02066193711338276, 0.01808361900601001, 0.011852004396741465, 0.005070704418586417, 0.0015834462861249654, 0.0003744152879602751, 0.00017943452504421475, 0.00016072630280613098, 0.00013947771609030738, 0.00012501862015077306, 0.00011255582813765946, 0.00010426834741667236, 9.750773474158563e-05, 8.751419789923684e-05, 7.228257989086057e-05, 5.2010457923292125e-05, 2.442519445554462e-05, 6.674744812741629e-06, 1.1820496243242676e-05, 9.894414276118498e-06, 5.319040045134838e-06, 3.266020376255799e-06, 2.5368026371457673e-06, 1.874211775310368e-06, 1.1691866212985383e-06, 6.685332830500763e-07, 2.6266351043916734e-07, 2.5723589210368543e-07, 2.500532340933948e-07, 2.4330691579486557e-07, 2.3503994153912516e-07, 2.2445240990532205e-07, 2.1365688456280855e-07, 1.999738520191906e-07, 1.7320015416067815e-07, 1.0843318443400026e-07, 5.338919010635198e-08, 2.1343446400248893e-08, 6.511253008947076e-09, 4.2852760982596595e-09, 2.3445319770470956e-09, 1.013732297231606e-09, 4.589884673568453e-10, 4.00181213619918e-10, 3.0949129267154796e-10, 1.8085485865285982e-10, 6.797386310505557e-11, 6.566152197618937e-11, 6.239013477560567e-11, 5.853557041767845e-11, 5.31159907725096e-11, 4.578039696716024e-11, 3.738750992345965e-11, 2.547913615688978e-11, 1.0462641479949525e-11, 1.6427377845448406e-12, 6.910526806530579e-13, 3.5634671109279317e-13, 3.061399835962368e-13, 3.5420494200561126e-13, 3.6369115559524363e-13, 3.302895670763182e-13], "rk": [1.0, 0.04645863470818528, 0.009751751857566038, 0.0026125099712967447, 0.0010134420323464203, 0.0005363386106960244, 0.00031454947507160815, 0.0001799617776489101, 0.00010745546234320657, 7.428047089222293e-05, 5.973240662854339e-05, 5.016005272601923e-05, 4.5918481868583274e-05, 4.48343556319198e-05, 4.42056425387533e-05, 4.238073513859995e-05, 3.6416963436788056e-05, 2.781778104163747e-05, 1.958838842036195e-05, 8.929118007591107e-06, 3.6086199710940725e-06, 1.9870705308990785e-06, 1.159926008480986e-06, 7.822846571978853e-07, 4.994782398865621e-07, 3.3811480093895767e-07, 2.843086227231909e-07, 2.490213673832592e-07, 2.1736479050847588e-07, 1.8841917619476426e-07, 1.508003471162079e-07, 1.0523220377154048e-07, 6.808907417646225e-08, 4.483486746269685e-08, 2.768954484225307e-08, 1.692824590227544e-08, 1.233174067249462e-08, 9.01813892532254e-09, 5.8684248160759795e-09, 3.6151727470777865e-09, 2.06139230895947e-09, 1.351900739124972e-09, 8.735362631930262e-10, 6.242624736983329e-10, 5.220461698586186e-10, 4.816722774273603e-10, 4.6487219415812667e-10, 4.509488784458638e-10, 4.230691325841401e-10, 3.518517695715563e-10, 2.854278538047615e-10, 2.2606414931949055e-10, 1.189732734127471e-10, 6.036786926914598e-11, 3.7115826873552375e-11, 1.8360559009590718e-11, 8.678105532015397e-12, 4.304063971219971e-12, 2.4284136003213013e-12, 1.258600614402068e-12, 6.514222768394948e-13, 4.0134969454224225e-13, 2.8686269719510294e-13, 2.434925230700938e-13, 2.0738125634158475e-13, 1.6835033213088672e-13, 1.3401346525938696e-13, 1.0577782023242668e-13, 7.258804495204226e-14, 4.3765881483609584e-14, 2.160354886098065e-14, 8.500937329197172e-15, 4.135893792159125e-15, 2.0263998642624178e-15, 1.1242070226596072e-15, 8.593941071751568e-16], "exit_code": 0, "iters": 75, "mtx": "wang1", "method": "max-st_add_m3", "x_id": "sine"}