{
  "fre": [
    1.1402428236314845,
    1.176190013352363,
    1.2037038431376208,
    1.2256941729349677,
    1.2240003928103924,
    1.1998451383158724,
    1.1526235560763478,
    1.073346578768992,
    0.9256080205390178,
    0.690487569769425,
    0.4822610523073132,
    0.27874849496441134,
    0.11105830028094937,
    0.048596753392626646,
    0.017755437442701274,
    0.007224038464778258,
    0.004075070244086092,
    0.002701259739098787,
    0.0016435664040159914,
    0.0007928248823185108,
    0.0007356170773549651,
    0.0006455240342823533,
    0.0005158000152364979,
    0.000442399166273679,
    0.0003715140520851172,
    0.0002646598295803747,
    9.476554612178436e-05,
    1.905850751529195e-05,
    2.695448034049001e-05,
    2.548173278894718e-05,
    1.7951750408147182e-05,
    1.2679462365602185e-05,
    1.1420702238467494e-05,
    1.1297272020155433e-05,
    1.0165733403102116e-05,
    8.168809862675572e-06,
    5.143743777121563e-06,
    2.462634325402803e-06,
    8.290357323493011e-07,
    2.9647950703130563e-07,
    2.8648082870525164e-07,
    2.706930631528707e-07,
    2.589276782017491e-07,
    2.4682447060373983e-07,
    2.2734720965308998e-07,
    2.0567200086178743e-07,
    1.5718128185715178e-07,
    6.485799324269756e-08,
    1.8503274045640337e-08,
    2.2956821753593058e-08,
    2.5869603268466608e-08,
    1.5970687545434416e-08,
    8.619510639916965e-09,
    5.513229631361703e-09,
    3.1392417593910218e-09,
    1.3657215148665517e-09,
    4.353379252222253e-10,
    1.947771927509084e-10,
    7.267796579052559e-11,
    3.183826692982821e-11,
    2.8630339516344634e-11,
    2.5670904103863818e-11,
    2.3849030243052605e-11,
    2.2729927959722662e-11,
    2.204614482322158e-11,
    2.1370271584843332e-11,
    2.0440641539245883e-11,
    1.9031144237068544e-11,
    1.654876544828752e-11,
    1.220209042269751e-11,
    7.404584462473149e-12,
    3.035844866754511e-12,
    1.2827873359815094e-12,
    1.1585741310909191e-12,
    6.732314321399527e-13,
    2.6759439359635275e-13,
    2.0380233132146121e-13,
    1.1887149615654477e-13
  ],
  "rk": [
    1.0,
    0.04835056317504672,
    0.018402172886731658,
    0.010026229692698941,
    0.005850473118915013,
    0.004431374881760479,
    0.0037660907571728224,
    0.0034341043164724913,
    0.0031454868653481797,
    0.002745032845803246,
    0.002150887380045863,
    0.0016436170245774356,
    0.0011786972156424035,
    0.0007153747318503704,
    0.000473761494986407,
    0.0002785689203936625,
    0.00013482643410984266,
    7.220168999986995e-05,
    4.111546688614399e-05,
    2.6468655528048074e-05,
    1.4469122766025025e-05,
    1.0223997407388395e-05,
    8.014169829678393e-06,
    5.121152770830135e-06,
    3.724385735372455e-06,
    3.1325143716313964e-06,
    2.5743923987230595e-06,
    1.6105535795331204e-06,
    6.878193803086554e-07,
    3.85976355215095e-07,
    2.5360116844798445e-07,
    1.4511561246400707e-07,
    8.517401117335857e-08,
    5.096563020258143e-08,
    4.0465723125615774e-08,
    3.349663568265114e-08,
    2.7908193813905938e-08,
    2.0482490374817017e-08,
    1.2282335988421878e-08,
    5.985742593605504e-09,
    3.1393463630305013e-09,
    2.0263866839337796e-09,
    1.3239114591720995e-09,
    1.0635209697149859e-09,
    9.589151688416643e-10,
    8.774957416223649e-10,
    8.302026805297049e-10,
    7.520269031685312e-10,
    5.187668327606819e-10,
    3.225071675837494e-10,
    2.4932696978566096e-10,
    2.0530648699587375e-10,
    1.3024418163972495e-10,
    7.521215125032213e-11,
    4.676762346918592e-11,
    2.8401379355551532e-11,
    1.7797981981173877e-11,
    1.0609440154952632e-11,
    5.106362313743882e-12,
    2.472616110144833e-12,
    1.0792137679198731e-12,
    6.400287763848882e-13,
    4.053610275703099e-13,
    2.832455498413818e-13,
    1.669511494188731e-13,
    9.999578777589862e-14,
    8.006327518670067e-14,
    6.947899783488163e-14,
    6.364473246839889e-14,
    5.908887370325002e-14,
    5.3310183880331417e-14,
    4.548556100161918e-14,
    3.3018303860348336e-14,
    1.9836020392773372e-14,
    1.507562126176376e-14,
    1.0228249567153691e-14,
    4.2086062743519116e-15,
    1.831556175262758e-15,
    9.143226428353688e-16
  ],
  "exit_code": 0,
  "iters": 78,
  "mtx": "wang1",
  "method": "max-st_add_m3",
  "x_id": "ones"
}