{"fre": [1.1072346598695246, 1.166127590666019, 1.2060068204188508, 1.2135037357022083, 1.1706002053854452, 1.092071194131308, 0.9274775584838004, 0.6415490450706739, 0.31933876406258493, 0.20104505462554986, 0.12124526230017674, 0.040868163741673125, 0.012406839865183721, 0.003512083613024967, 0.001934171709914282, 0.0005941292946097808, 0.00016769500561419597, 2.873821841806139e-05, 2.2194490307089347e-05, 1.2741722446313417e-05, 1.0652655216795036e-05, 7.187759005560986e-06, 5.634533122627569e-06, 4.686579568800261e-06, 3.9522384424540625e-06, 3.459794894579353e-06, 3.049858766131243e-06, 2.0233468349397153e-06, 6.553881080183533e-07, 1.992338629680817e-07, 1.398236530405257e-07, 1.712010225230475e-07, 1.4120757026519075e-07, 8.986751757401136e-08, 2.8767628101806958e-08, 7.4281518333939886e-09, 2.651206875813341e-09, 1.5924487468587089e-09, 8.444539006246333e-10, 3.4767302983963295e-10, 3.376231545907501e-10, 3.172163572459655e-10, 2.877584717487024e-10, 2.2399519868708784e-10, 1.2824254582625857e-10, 1.6396352159622856e-11, 3.9958990784295395e-12, 3.589363788273159e-12, 3.639504517340875e-12, 3.148005010775665e-12, 2.7081901154733246e-12, 1.6505841828699696e-12, 5.823664048804445e-13, 2.6728338725625514e-13, 1.947929229142856e-13, 1.3765192090081078e-13, 7.924699438773631e-14], "rk": [1.0, 0.02838416563682493, 0.009195992832974086, 0.005517385535109109, 0.0041453709461553995, 0.0032846128392296997, 0.0029653769622356757, 0.0026055895981573285, 0.002156421665487525, 0.0012567046065214452, 0.0009139177096529201, 0.0006426834668665287, 0.00030424328167926216, 0.0001231798661588027, 5.4776593783510715e-05, 1.9593026962709338e-05, 9.545099338008318e-06, 4.213241225697448e-06, 1.3587125633358623e-06, 3.590502995894785e-07, 2.0135459672850462e-07, 1.4857808509588168e-07, 8.59855919726072e-08, 4.78565149238635e-08, 2.81608712796727e-08, 1.6991275982000773e-08, 1.2313366257434584e-08, 1.0620270981383437e-08, 8.603237135166398e-09, 5.031151681638676e-09, 2.678034601931452e-09, 1.5733679183746351e-09, 1.1656640993338522e-09, 8.452605256916299e-10, 5.359702074872485e-10, 2.0961361664760604e-10, 6.831742871547019e-11, 2.7738839201285676e-11, 1.2748900878353986e-11, 5.0930206343625625e-12, 2.5001421296915066e-12, 1.7369223053446813e-12, 1.3290026940158443e-12, 1.118253867009118e-12, 9.076366378677417e-13, 6.393594017699011e-13, 3.1258331572010877e-13, 1.118860235557966e-13, 4.484770956697383e-14, 2.0958338823546298e-14, 1.2058025911768877e-14, 9.672603736236816e-15, 7.534935646481054e-15, 4.245302465059891e-15, 2.7016171018416467e-15, 1.6358257779211288e-15, 1.007091780462543e-15, 7.046712961246471e-16], "exit_code": 0, "iters": 57, "mtx": "wang1", "method": "max-st_alt-o-repeat_m4", "x_id": "ones"}