{"fre": [0.21393871826781619, 0.10941687549324844, 0.07739386702697637, 0.06272690577314811, 0.05223156780873925, 0.04564401614473493, 0.041870357508130396, 0.03869104007613132, 0.03826162285176911, 0.0384699082038383, 0.03832217216164094, 0.03780730137059549, 0.03698488896949719, 0.035961469011819236, 0.03415631241630604, 0.029352957481994183, 0.02128065799215103, 0.01452468797313296, 0.009800209355023291, 0.00632975247819992, 0.006125409410789852, 0.005702760135358016, 0.005283481458332747, 0.004711809425299783, 0.003797108143214096, 0.002344021831247482, 0.0011031710075260733, 0.0004677611471663644, 0.00019931031871109743, 8.507345298055411e-05, 3.208071853302005e-05, 1.5769267320549866e-05, 8.322222577539611e-06, 4.638106499057986e-06, 3.248483360805005e-06, 2.976032859983053e-06, 3.065108304617028e-06, 3.0062993308257523e-06, 2.7741132324531173e-06, 2.5530781298373792e-06, 2.5210328253068458e-06, 2.435382410023905e-06, 2.325931248329996e-06, 2.2362050997813407e-06, 2.1242236467625693e-06, 1.9228622156288073e-06, 1.4967021746817589e-06, 8.680001798549308e-07, 4.87237046956532e-07, 2.723182780300359e-07, 1.6512893644856893e-07, 9.034990082917052e-08, 5.896355462256263e-08, 4.000904798706862e-08, 3.29308030058261e-08, 2.807245374200223e-08, 1.803858679195662e-08, 9.113162120245814e-09, 5.965231348969494e-09, 4.229155642177333e-09, 4.168930292286786e-09, 4.0201376256658384e-09, 3.861123303041255e-09, 3.7151798786212048e-09, 3.5119317008008755e-09, 3.2229880372607147e-09, 2.7737967815991322e-09, 1.9343412512290557e-09, 1.061460201337851e-09, 4.6419088586926145e-10, 2.1059756174384714e-10, 1.2533583989139184e-10, 8.816525408023037e-11, 6.913850030034448e-11, 6.223833556681865e-11, 5.3331217675005394e-11, 3.6690012777312684e-11, 1.7205532725201073e-11, 5.422044378578865e-12, 4.26214613826602e-12, 4.129849553728019e-12, 3.974703294960236e-12, 3.873092346031013e-12, 3.790631659810374e-12, 3.699866953627806e-12, 3.6229184513405726e-12, 3.5743548230371828e-12, 3.508958704374105e-12, 3.423723248267164e-12, 3.3025813334644982e-12, 3.127311025405663e-12, 2.732418935783831e-12, 1.900374696778409e-12, 9.193061438396886e-13, 2.721585805497568e-13, 1.023255082463206e-13], "rk": [1.0, 0.06341617699155297, 0.019489012438666097, 0.005946174162094504, 0.002222453018160837, 0.0008668248181460812, 0.00036391445781453223, 0.00023076815981060665, 0.00015305392098948165, 8.794904558782774e-05, 6.009951367696668e-05, 4.783204976432224e-05, 4.0209329374656334e-05, 3.606734207817609e-05, 3.4328583321076264e-05, 3.2698587165031295e-05, 2.9266436606734416e-05, 2.3482934501696786e-05, 1.8072925877665724e-05, 1.4072875156890165e-05, 1.097831815271787e-05, 9.58961579449979e-06, 8.5984988271389e-06, 8.035366618575203e-06, 7.49656579475019e-06, 6.702272919892007e-06, 5.237306499755213e-06, 3.3584065202377755e-06, 2.0586009751139047e-06, 1.2272411707853983e-06, 6.860657733071424e-07, 3.1422534727730407e-07, 1.6037735057918674e-07, 8.520598992259243e-08, 4.54187850753428e-08, 2.6524410965747736e-08, 1.5561672560035433e-08, 8.602231730518052e-09, 5.13315200559885e-09, 3.65399717000424e-09, 3.100950403067727e-09, 2.864674669833354e-09, 2.5826307650861606e-09, 2.3350077730410216e-09, 2.215514907458955e-09, 2.1346268302790513e-09, 2.0142837650555827e-09, 1.75707554232888e-09, 1.2823656763480321e-09, 9.03955070586139e-10, 6.117794233018134e-10, 4.4283141715262283e-10, 3.14781312706446e-10, 2.4035319578027556e-10, 1.8624266760218388e-10, 1.377322690182164e-10, 1.0302087742638172e-10, 6.894254825796631e-11, 3.700104043895806e-11, 2.082318522559449e-11, 1.3479187151707348e-11, 1.0536924504672152e-11, 7.882422925306378e-12, 5.714028476045656e-12, 4.92588473186532e-12, 4.4927004461738045e-12, 4.1331554513406065e-12, 3.712498178243579e-12, 2.9708653333506177e-12, 2.144233530383152e-12, 1.3875126768480204e-12, 9.184126839232044e-13, 6.572932448300694e-13, 4.740925119756695e-13, 3.023096151161256e-13, 1.9495116552242835e-13, 1.4109600424895924e-13, 1.0271103704348121e-13, 6.908798153413651e-14, 4.040506389822596e-14, 2.3989634336376664e-14, 1.607748575640701e-14, 1.0753405327622835e-14, 8.087370569251013e-15, 6.840379717972603e-15, 5.882617210487258e-15, 4.6776047909080176e-15, 3.7090237393362735e-15, 3.327803683799916e-15, 3.19293132270383e-15, 3.0920547123508372e-15, 2.990674309560119e-15, 2.790006675850768e-15, 2.342603477586121e-15, 1.708430932936057e-15, 1.1219116040499632e-15, 7.986719569390797e-16], "exit_code": 0, "iters": 96, "mtx": "wang1", "method": "max-lf_alt-o-repeat_m2", "x_id": "randn"}