{"fre": [1.1402247849377578, 1.171589122308252, 1.2184480466814616, 1.2420031992191645, 1.2467938769610032, 1.2326541071526775, 1.1956711362359582, 1.1349637999465472, 0.998003453995707, 0.8136701012373425, 0.5407649950851267, 0.30606243711740033, 0.2067166699006832, 0.1586128406523593, 0.11722804323373547, 0.05009594475968, 0.01721197871882231, 0.0060710672379196366, 0.003381665726873174, 0.0018065936166394023, 0.0016497394609342616, 0.0013327228387761904, 0.0010156313642846727, 0.0006880686266065106, 0.0004739892519938765, 0.00030691353852419016, 0.0001875143746677114, 0.00012586465604897076, 0.00011129160047718444, 0.00010491751124769141, 0.00010769842783611927, 0.00011084061810796362, 0.00011254014528086618, 0.00011230253720861082, 0.00010715591753477731, 9.602575619529782e-05, 7.319348175654038e-05, 4.7265563603257586e-05, 1.81349467884846e-05, 1.0307144068340878e-05, 1.0065125779212516e-05, 9.611593000595888e-06, 9.297511822823238e-06, 8.804514369892417e-06, 8.129176393476856e-06, 6.217383788187146e-06, 3.5340338696426095e-06, 1.5375735599736163e-06, 7.800677337744816e-07, 4.755564503483392e-07, 2.6736154406474595e-07, 1.329760681253125e-07, 8.628991693246502e-08, 8.666546870505056e-08, 7.386707874258538e-08, 4.338751611972577e-08, 2.6303885742899003e-08, 1.6564731912507615e-08, 9.532673608740525e-09, 6.7590405971707735e-09, 6.688607208199081e-09, 6.617755816279982e-09, 6.5611645151333995e-09, 6.5643619023822715e-09, 6.512354207020805e-09, 6.335278517251695e-09, 6.008140524851223e-09, 5.484760077325154e-09, 5.022837617113494e-09, 3.844309127615495e-09, 1.503146451516588e-09, 3.1266623271809143e-10, 2.3155741352055768e-10, 1.9117014590602279e-10, 1.1820235383853764e-10, 5.661062271395195e-11, 2.7193510464975466e-11, 1.6074046915837697e-11, 1.1070420531304804e-11, 7.545177955983606e-12, 6.743734829337339e-12, 5.340304671804724e-12, 4.2596602738185545e-12, 3.080829780752107e-12, 1.842430165381977e-12, 1.1826040370929249e-12, 8.208530314076923e-13, 5.387139801691664e-13, 3.6858033710770386e-13, 2.2404397426427797e-13, 1.375212014436187e-13, 9.995781636721782e-14, 7.977689972567794e-14, 6.652513241288941e-14], "rk": [1.0, 0.040478015085301695, 0.015441987842109572, 0.008085848671202095, 0.005673701280290434, 0.004686448051283023, 0.003965467385572371, 0.003452696258642868, 0.003199829468759855, 0.0028697629231693037, 0.0025493542241060607, 0.0020046557239622328, 0.001401158505856925, 0.0009753723685909065, 0.0007589980631966561, 0.0006374540100851388, 0.00039044768986896375, 0.00019204210869720335, 9.355680074950266e-05, 5.483172095294766e-05, 3.048385450815264e-05, 2.3620601393072854e-05, 1.798924103757461e-05, 1.3828004045413829e-05, 9.718474989804215e-06, 6.899949772581876e-06, 4.7709042309121975e-06, 3.209557691970386e-06, 2.086204090097888e-06, 1.5297049382624359e-06, 1.1598892510917946e-06, 7.916048480974623e-07, 5.703190613853916e-07, 4.5002835680132533e-07, 3.9215264182998024e-07, 3.379282569000768e-07, 2.9675256452831884e-07, 2.3068740805827685e-07, 1.7349867985267489e-07, 9.736265812461853e-08, 5.788995678223799e-08, 4.3130627548785335e-08, 3.245072594311192e-08, 2.991613374588397e-08, 2.866668567451782e-08, 2.778114542753121e-08, 2.4959625675768956e-08, 1.942617809168344e-08, 1.224852061186019e-08, 7.04413002832505e-09, 4.551572609113657e-09, 2.9163983462275178e-09, 1.7486489723253928e-09, 1.0276777574909592e-09, 5.811891646293968e-10, 4.1187064290576333e-10, 2.8473158088319234e-10, 2.0655856916361757e-10, 1.5803055506626938e-10, 1.0701519275169626e-10, 6.097181571050562e-11, 4.5486951629531434e-11, 3.830574492713979e-11, 3.298066670954245e-11, 2.574813156212374e-11, 2.163118231497916e-11, 1.9967027566221256e-11, 1.854911390315775e-11, 1.6803241545064758e-11, 1.5759590525476118e-11, 1.3924178108120568e-11, 9.549596241111794e-12, 5.890281342368307e-12, 2.7239286708176683e-12, 1.6104873992094327e-12, 1.057289014623078e-12, 6.958069433489397e-13, 4.856764236258101e-13, 3.2473807484069537e-13, 2.1063328753368616e-13, 1.3400373050196136e-13, 9.997312036628917e-14, 7.409921626885335e-14, 5.754134284679665e-14, 4.303938117471958e-14, 2.7940040765141872e-14, 1.7910151617809302e-14, 1.1612535130693005e-14, 7.37890678165612e-15, 5.018802504928303e-15, 3.0470970346197843e-15, 1.8266419017721008e-15, 1.3088741587000994e-15, 1.0744473710389e-15, 7.531586013507154e-16], "exit_code": 0, "iters": 94, "mtx": "wang1", "method": "max-lf_alt-o_m4", "x_id": "ones"}