{"fre": [0.17503511615177886, 0.1141605553219575, 0.09427595979197492, 0.07740506981627232, 0.06373099593412579, 0.05163290793439475, 0.0439772902401474, 0.041763895521672714, 0.04088193754827182, 0.04000578411136504, 0.03897072100755913, 0.03780451587746647, 0.036295075550404836, 0.03379849711509124, 0.029443790839040647, 0.022274414812463457, 0.0132542598615279, 0.00662028216761461, 0.003502522004412287, 0.0021669031408822126, 0.002080552732040633, 0.001912790434649253, 0.0016986011713202346, 0.0013702804873533773, 0.0009550490394175549, 0.0005270525411873646, 0.0002459033080495983, 0.0001639197684988325, 0.00018451692445945416, 0.0001963291422318938, 0.000194477502171435, 0.00018847639799466663, 0.00017790831533015227, 0.00015916144040054275, 0.00012952320144122797, 9.621961788971137e-05, 6.520774811003344e-05, 4.57703384893615e-05, 3.364674239069071e-05, 2.189740300607486e-05, 2.1334654161746283e-05, 1.984699425938378e-05, 1.844675762661823e-05, 1.730315497243696e-05, 1.582999707668676e-05, 1.3571981610946172e-05, 1.0869792784872886e-05, 7.727444686915411e-06, 4.533907205451715e-06, 2.740441547759309e-06, 1.7500214832613114e-06, 1.176593561210048e-06, 6.022090956403958e-07, 2.779289075574191e-07, 2.448881423829694e-07, 2.573120091602382e-07, 2.582692175879597e-07, 2.41736784548162e-07, 2.078397627081262e-07, 1.479857058447984e-07, 1.4719200295179895e-07, 1.4560730280135344e-07, 1.4336764526040487e-07, 1.4009350307101633e-07, 1.3528773151358942e-07, 1.281910381831691e-07, 1.1971906986291344e-07, 1.0557127869431145e-07, 7.519470818779928e-08, 4.4406210110290944e-08, 2.503791328585051e-08, 1.3220115925082418e-08, 7.602526040335174e-09, 4.937622648744757e-09, 3.0500696246184355e-09, 1.5559369443469827e-09, 8.59787988573968e-10, 7.94601017451445e-10, 7.507346418172875e-10, 6.282166899509492e-10, 6.117212799376709e-10, 5.692278732989847e-10, 5.400772362454516e-10, 5.158512813924368e-10, 4.803096406962486e-10, 4.26601660443518e-10, 3.481148868044172e-10, 2.354869238406346e-10, 1.4254284155441753e-10, 1.0433817280994336e-10, 7.497167870858578e-11, 4.9836499598253765e-11, 3.1361934167557925e-11, 1.8857168731680058e-11, 1.0078150618358753e-11, 4.054851229350618e-12, 1.6656540581678582e-12, 7.418937892276383e-13, 5.385688462850005e-13, 5.608101205982343e-13, 5.326642944230557e-13, 4.915715620186977e-13, 4.732130810783125e-13, 4.663828361950999e-13], "rk": [1.0, 0.03687046253747967, 0.005693378010294402, 0.001754144554162378, 0.0008702383869751458, 0.0005050138948424426, 0.0003270380473457378, 0.00018395685755907907, 0.00010110961516815921, 6.51118538279283e-05, 4.84650717031622e-05, 4.081539759642395e-05, 3.744584397943179e-05, 3.562190717326949e-05, 3.3979037085798755e-05, 3.18244221251545e-05, 2.7717419476736467e-05, 2.0647505165357242e-05, 1.3199856750931691e-05, 8.317940155120972e-06, 5.630574936660707e-06, 4.776098307000047e-06, 4.231117031096042e-06, 3.839976151148976e-06, 3.357776354462847e-06, 2.7608705763593475e-06, 2.070557868339428e-06, 1.459922335900619e-06, 9.973146544942045e-07, 5.819261929956809e-07, 3.4354323242448166e-07, 2.4658111546062636e-07, 2.1013652186338342e-07, 1.8784728190900287e-07, 1.6509505808798868e-07, 1.3681777157712218e-07, 1.0852652633196014e-07, 8.14100851306063e-08, 6.32364521652641e-08, 5.222218287128427e-08, 4.2137539905385304e-08, 3.6295074029860974e-08, 2.877438472751845e-08, 2.3881138683437015e-08, 2.1305252653906264e-08, 1.940805409561151e-08, 1.7338750521820272e-08, 1.5112844313338975e-08, 1.2148737952703243e-08, 8.124988629613739e-09, 5.168788199995199e-09, 3.4147969825255297e-09, 2.562633135068266e-09, 1.8248459754957315e-09, 1.2305207142200504e-09, 9.467437684051797e-10, 7.317870548896065e-10, 5.551195694060862e-10, 4.3197414799087956e-10, 3.54269040206691e-10, 2.705956729903085e-10, 2.2626966078868791e-10, 1.920106626743844e-10, 1.6262595626595475e-10, 1.4489185950490484e-10, 1.343918164740144e-10, 1.2578552622820422e-10, 1.1877043204998553e-10, 1.0985458436264504e-10, 9.105701865962227e-11, 6.728627362738309e-11, 4.778019281222525e-11, 3.217408834825604e-11, 2.2272988318750162e-11, 1.659177021119816e-11, 1.2511628989489257e-11, 8.753840683447204e-12, 5.491478907204111e-12, 3.5727059652017974e-12, 2.4569577319713897e-12, 1.9654496105897048e-12, 1.642844744023634e-12, 1.1330887608845913e-12, 8.285168083793659e-13, 7.138075433496063e-13, 6.522648999740548e-13, 5.94348806501139e-13, 5.212685558728144e-13, 3.973343883808749e-13, 2.5171059058576257e-13, 1.7870605792201182e-13, 1.3012067119934794e-13, 9.354568334804094e-14, 6.67269470710297e-14, 4.7524067645350195e-14, 3.1828429622119e-14, 1.7885576463562585e-14, 9.529728527508159e-15, 5.149698459400559e-15, 2.85546100924694e-15, 2.024861204052075e-15, 1.6683137377438566e-15, 1.2881612411078944e-15, 1.046899409077428e-15, 8.817706931574114e-16], "exit_code": 0, "iters": 104, "mtx": "wang1", "method": "max-st_alt-o-repeat_m3", "x_id": "randn"}