{"fre": [0.13090042942671526, 0.049791906649825565, 0.030822717644317262, 0.023264164846712506, 0.019236341190318678, 0.01681131514281989, 0.015925645737207797, 0.015663263203023525, 0.015730539129488488, 0.01572393719048433, 0.015160517634772096, 0.013895303384909408, 0.011574780993853903, 0.0067502288611181694, 0.0028255036267637525, 0.0007467143931470849, 0.0003796967204832729, 0.00022567309514960246, 0.00015305485852402494, 8.664079050103759e-05, 7.750944981076736e-05, 6.203399141838679e-05, 4.6106403968884496e-05, 3.430569839623869e-05, 2.334457242186028e-05, 9.385638864542539e-06, 3.861396340219043e-06, 3.403334950544997e-06, 3.361285078896398e-06, 3.361592972363593e-06, 3.0979893894283193e-06, 2.8160227059254795e-06, 2.555602396573978e-06, 2.1322935789369714e-06, 1.1613766206564678e-06, 3.2441593933410704e-07, 7.83821992018831e-08, 8.898514470517665e-09, 2.4549309434600195e-09, 1.1801618138282264e-09, 8.208838305428729e-10, 4.3708415256886195e-10, 3.2593803971859757e-10, 2.779816817288242e-10, 2.524564335898687e-10, 2.1599458400806246e-10, 1.4974805367926155e-10, 1.1623741189413634e-10, 8.886386138862902e-11, 5.311494925683133e-11, 1.2793823049149314e-11, 3.4192993145858427e-12, 3.5381641371885882e-12, 4.206269669674751e-12, 3.7368018387464245e-12, 2.5709737537861705e-12, 1.2153514021280866e-12, 6.376385450834368e-13, 1.8605553926849147e-13, 8.977137978162623e-14], "rk": [1.0, 0.02514742727993945, 0.003630738141135238, 0.000817303781481916, 0.0003169055751925312, 0.00017082471702734665, 0.00010909671553125041, 7.731455290975239e-05, 6.37339592593785e-05, 4.4156449961239196e-05, 3.178420961213256e-05, 2.7693680771491043e-05, 2.6015736400799813e-05, 2.402155041207345e-05, 1.9517164809973482e-05, 1.3936276813180772e-05, 6.7570671314128205e-06, 3.051387915537378e-06, 1.6423286747267263e-06, 1.0535648766317932e-06, 7.044368117546272e-07, 5.192982136451395e-07, 3.868474596366501e-07, 2.647755858848461e-07, 1.9001157100759762e-07, 1.4763710203537266e-07, 8.85522640532484e-08, 4.7931947070057064e-08, 2.62683473068728e-08, 1.6801422871853006e-08, 1.2200768378790576e-08, 8.637765731863886e-09, 6.176237431635406e-09, 4.946757201734546e-09, 4.225132567498484e-09, 2.8738672944164284e-09, 1.3686185679728421e-09, 5.694687197282183e-10, 1.89633561132699e-10, 5.577978320053185e-11, 2.4018158833272595e-11, 1.3022963198301574e-11, 5.3228948309695005e-12, 2.5841739457318213e-12, 1.3000845360392332e-12, 8.934020372809958e-13, 7.019943874834375e-13, 4.372750910732836e-13, 3.233515718485771e-13, 2.6701611576033873e-13, 1.9400903652606362e-13, 1.0655619062436076e-13, 5.4057517835619194e-14, 2.8634906004009944e-14, 1.5199956918280453e-14, 1.0481735304832248e-14, 7.634569755124638e-15, 4.702355159076164e-15, 3.2866286180326525e-15, 1.871339681512567e-15, 9.587241668437067e-16], "exit_code": 0, "iters": 60, "mtx": "wang1", "method": "max-lf_alt-o-repeat_m4", "x_id": "sine"}