{"fre": [0.1676420663478737, 0.10262350370584467, 0.08259311671770131, 0.06769482384863446, 0.05693052893857367, 0.04653087923471768, 0.03971788755665444, 0.03815685304294434, 0.038344861135923884, 0.038433869740130445, 0.038224579936267704, 0.03772753191417152, 0.03690964150571743, 0.035959249583867786, 0.03430159860944198, 0.030750372601375822, 0.02359154448633454, 0.016300775411570836, 0.011332642635725903, 0.007445237942566228, 0.0072480209186478635, 0.006898556998553121, 0.006487831295143479, 0.005880653128799398, 0.005001489974584695, 0.003326334653916111, 0.0017043279987846848, 0.0009183100614568576, 0.00047357300104248237, 0.00018141658986029955, 7.674918326263649e-05, 4.8770331524717545e-05, 4.220389845993977e-05, 3.7746717460680446e-05, 3.378139520099926e-05, 3.1219491289766106e-05, 2.8078929225165968e-05, 2.3939550190010795e-05, 2.026709445975173e-05, 1.6287799917467326e-05, 1.6149647405094727e-05, 1.5756264661260372e-05, 1.515838777384439e-05, 1.4536227396406602e-05, 1.3983203227115844e-05, 1.3151290479144056e-05, 1.1913122686025838e-05, 1.0123530487310195e-05, 8.10335333544914e-06, 5.689061964012529e-06, 2.4227729152756504e-06, 6.050399193680233e-07, 1.582488392029143e-07, 8.504415382294303e-08, 6.123852713863305e-08, 5.7679532943038336e-08, 5.026391358761487e-08, 4.1733928724271614e-08, 3.171616979908248e-08, 1.9092165767473478e-08, 1.80773824261478e-08, 1.5933955644236112e-08, 1.297634021416381e-08, 1.051805976969827e-08, 8.594090634787883e-09, 7.181186723404308e-09, 5.507249951158833e-09, 4.066047205256565e-09, 2.7760156658058382e-09, 1.5727635810387154e-09, 1.0482136811130661e-09, 6.609574248283857e-10, 4.2183753247733875e-10, 2.983211098147289e-10, 2.6431610125818247e-10, 2.535569950809765e-10, 2.607049700194711e-10, 2.748256220651404e-10, 2.7187488588368683e-10, 2.563689872725178e-10, 2.5378597960900185e-10, 2.455178777718662e-10, 2.3684332638604374e-10, 2.2983976122639413e-10, 2.1471118446404518e-10, 1.747584163679706e-10, 1.2724115025269664e-10, 8.675837759545641e-11, 5.770846334588838e-11, 3.480122504733065e-11, 2.012543411851094e-11, 1.4201134281849367e-11, 8.251362122692944e-12, 4.701976428280667e-12, 2.9042747535172653e-12, 1.797728933694018e-12, 9.72359893765266e-13, 4.4075637085031907e-13, 1.559360935338507e-13, 8.10941251603127e-14], "rk": [1.0, 0.04048393547502718, 0.005870573378428951, 0.001863716993424861, 0.0008456773816872276, 0.00048601798242864716, 0.0003232256410102963, 0.00020675080777769048, 0.0001249632349562021, 8.313815150877666e-05, 6.001461107606551e-05, 4.8088358654455253e-05, 4.09920949794051e-05, 3.6261768185824614e-05, 3.4178415679084595e-05, 3.25997014709351e-05, 3.0242290810220027e-05, 2.5427934756643812e-05, 1.9695688318853267e-05, 1.537536514645577e-05, 1.1768971337562478e-05, 1.0193304453621443e-05, 9.467980842718009e-06, 9.003775031384963e-06, 8.409982189557772e-06, 7.63354989513831e-06, 6.17439830605432e-06, 4.410468889360501e-06, 3.1406123491766316e-06, 2.1114441675759066e-06, 1.1646685252694385e-06, 5.986097282790563e-07, 3.1907217800499095e-07, 1.7674335649304534e-07, 1.0553932791225438e-07, 6.268504445650209e-08, 4.4669563475192536e-08, 3.511606168357864e-08, 2.854175573866541e-08, 2.4642962067841084e-08, 2.1356808021602307e-08, 1.940017868121483e-08, 1.7648044714724265e-08, 1.590815918676445e-08, 1.4516472832370262e-08, 1.3748382793960387e-08, 1.3081828531908182e-08, 1.2319469556865099e-08, 1.1387183148930033e-08, 1.0345813547639211e-08, 8.91684537207534e-09, 6.207062424002906e-09, 3.4576492764157508e-09, 1.8303576556255653e-09, 1.0621189266952011e-09, 5.801991648137371e-10, 3.49147042430847e-10, 2.0783406602911523e-10, 1.3999350772706753e-10, 1.0683371752566722e-10, 8.229310112198763e-11, 6.700681075772366e-11, 5.6639722585145716e-11, 4.5054239480772184e-11, 3.425134748465428e-11, 2.5846290418690893e-11, 2.0924574887095373e-11, 1.6124145014049902e-11, 1.214078175241376e-11, 8.972835537257531e-12, 5.527504880100335e-12, 3.780627491037288e-12, 2.6090878475259498e-12, 1.878073564802849e-12, 1.3425472889579533e-12, 1.038414669923337e-12, 8.151769192466402e-13, 5.797974468639491e-13, 3.631939285136372e-13, 2.8412796462197915e-13, 2.599881433274498e-13, 2.4508299416770037e-13, 2.305730101718037e-13, 2.2037715209479798e-13, 2.1563411107098704e-13, 2.0852873483355e-13, 1.884940380955155e-13, 1.6033317767990176e-13, 1.2927592672654056e-13, 1.002005870228101e-13, 6.979096640936393e-14, 4.353223884286976e-14, 3.224471688973549e-14, 2.138944036376206e-14, 1.3679509562429781e-14, 9.668269582955055e-15, 7.035699919701016e-15, 4.885480931562372e-15, 3.2827297988424603e-15, 1.8561977143895282e-15, 9.848041597082847e-16], "exit_code": 0, "iters": 100, "mtx": "wang1", "method": "max-lf_alt-o-repeat_m3", "x_id": "randn"}