{
  "fre": [
    0.13146607051584733,
    0.07475131164937557,
    0.055978953135009016,
    0.04513576800731994,
    0.040280068714789216,
    0.038119536685132134,
    0.0383490266097127,
    0.03785122838793669,
    0.036657564819552416,
    0.03502283083006632,
    0.030263977690474852,
    0.018397285400152768,
    0.010587988037706973,
    0.005742354677279231,
    0.003012081085610916,
    0.0013597928598616299,
    0.0005386932713031262,
    0.00031538778927660656,
    0.00026938758427318257,
    0.00019724761297718995,
    0.0001856533905400657,
    0.0001685912395978962,
    0.00015830729598422777,
    0.00014524851208011705,
    0.00013440031295427742,
    0.00011946834142165152,
    8.92175472746256e-05,
    3.8230118434488465e-05,
    1.643009349296306e-05,
    9.987706657601427e-06,
    6.0352339350870185e-06,
    5.378927168830282e-06,
    4.5207198209772415e-06,
    2.436317093776611e-06,
    7.713059913772296e-07,
    2.772038122033515e-07,
    1.156372107625098e-07,
    5.318753296204546e-08,
    2.242269169819652e-08,
    6.264217771657525e-09,
    5.9144641364599665e-09,
    5.618804903127055e-09,
    5.31898589128023e-09,
    4.931505195575495e-09,
    4.387622803026789e-09,
    2.8138737509041707e-09,
    6.04425657202627e-10,
    1.4832466845072057e-10,
    8.123688554500555e-11,
    4.409755473940658e-11,
    2.3869672165257282e-11,
    1.622273806367909e-11,
    1.7884456275508854e-11,
    1.848067320312728e-11,
    1.6264695646859488e-11,
    1.0241448920350817e-11,
    5.58137137095876e-12,
    3.858380351894517e-12,
    2.6793807301425813e-12,
    1.423700411072024e-12,
    1.3892381487249613e-12,
    1.3283401586613135e-12,
    1.2519086501330302e-12,
    1.1330367241921102e-12,
    1.0355782645824653e-12,
    8.872234712187782e-13
  ],
  "rk": [
    1.0,
    0.028918254851991707,
    0.005382685916969649,
    0.0013261931285973585,
    0.00036491856266315103,
    0.0001915986179364406,
    9.435845119864619e-05,
    5.463877933025161e-05,
    4.1727718555124095e-05,
    3.5493735341194735e-05,
    3.330076526549034e-05,
    2.995165899890357e-05,
    2.126708287332102e-05,
    1.4686508813915925e-05,
    1.0298716275130324e-05,
    7.358851466817609e-06,
    5.059910480425077e-06,
    3.0055007478293606e-06,
    1.5587665279216335e-06,
    1.0112680328610298e-06,
    7.019886883043856e-07,
    5.376800386239587e-07,
    3.5334455809376806e-07,
    2.4367405557124575e-07,
    1.6927995274107942e-07,
    1.4297429170283566e-07,
    1.312956665994158e-07,
    1.1371025088067175e-07,
    7.76579345883388e-08,
    5.03465770383059e-08,
    3.763389532450295e-08,
    2.7063022076354567e-08,
    1.6541169553460585e-08,
    1.0452669239021307e-08,
    6.0053264359786555e-09,
    2.439686162550547e-09,
    1.0056829526880314e-09,
    3.9685548353530086e-10,
    1.7038724757949682e-10,
    8.245644745741622e-11,
    3.1718039610625336e-11,
    1.7435847288721848e-11,
    9.376157148047604e-12,
    6.9185447424844975e-12,
    6.239622540935103e-12,
    5.81973172758294e-12,
    4.779538749432198e-12,
    2.490083181395664e-12,
    1.2490705295695529e-12,
    7.095465923217784e-13,
    3.6098798195393187e-13,
    1.8338621386818947e-13,
    7.47441351983263e-14,
    4.0061701187755306e-14,
    2.939421592024989e-14,
    2.2245392689271923e-14,
    1.4130456798291783e-14,
    8.667653519662562e-15,
    6.526646598832118e-15,
    5.092845586437013e-15,
    3.3350606510325456e-15,
    2.2903095973835823e-15,
    1.7176767756010263e-15,
    1.4213634605386432e-15,
    1.1816079506804855e-15,
    1.072772372016859e-15,
    9.990250928809053e-16
  ],
  "exit_code": 0,
  "iters": 66,
  "mtx": "wang1",
  "method": "max-lf_alt-o-repeat_m4",
  "x_id": "randn"
}