{
  "fre": [
    1.187547685045915,
    1.2266414271246295,
    1.2660411616468201,
    1.2843757731740681,
    1.280022126582861,
    1.2460032457573536,
    1.1889880904455488,
    1.0708121721695034,
    0.8722274555304872,
    0.567758671026867,
    0.2835624327507892,
    0.18391793018884597,
    0.13132468451914217,
    0.0887486681109916,
    0.03758152155495793,
    0.015172521834788925,
    0.0068574243125704175,
    0.0026956694645880698,
    0.0018175593489485684,
    0.001482321589865749,
    0.0013363162054426023,
    0.0009194818666136957,
    0.0004534779051915329,
    0.0003087997842955385,
    0.000212101796934653,
    0.00015684708427973713,
    0.00012372408221402785,
    0.00011914096683672966,
    0.0001228992768790768,
    0.00012849310948337132,
    0.00012968188502677263,
    0.00012817723385708505,
    0.00012237048782554386,
    0.00010526372586420789,
    7.451037387504569e-05,
    4.4775221117614565e-05,
    2.2692739340174277e-05,
    9.878906521452665e-06,
    4.096512673098788e-06,
    1.9757302399963853e-06,
    1.936337841368035e-06,
    1.8618320661244918e-06,
    1.7837732360275846e-06,
    1.6925944142003207e-06,
    1.5411163645372614e-06,
    1.2953585830405467e-06,
    8.47968068067504e-07,
    4.4078364949049657e-07,
    1.8761112831074998e-07,
    8.31125805444657e-08,
    5.755103049828238e-08,
    4.730669596937786e-08,
    3.905451172521548e-08,
    2.6722794445947985e-08,
    1.959620897966978e-08,
    9.579731792584873e-09,
    2.427435467468055e-09,
    1.0434769316248373e-09,
    7.245445124962969e-10,
    4.903082672654923e-10,
    4.481359879836153e-10,
    3.8181402602899737e-10,
    3.1048418242873107e-10,
    2.498630294446293e-10,
    1.813709657060838e-10,
    1.1601317503384749e-10,
    6.056489575574953e-11,
    8.155629019846492e-11,
    8.19302993291287e-11,
    7.619768176168543e-11,
    6.822912951304287e-11,
    5.857492847455032e-11,
    4.5203695389219656e-11,
    3.1694240550078546e-11,
    2.0785045409298117e-11,
    1.4193231144175748e-11,
    7.223100014555786e-12,
    2.7069229838401633e-12,
    1.6077805231382361e-12,
    1.2214798332985892e-12,
    1.1776782265441982e-12,
    1.0727463800790121e-12,
    9.956143689085129e-13,
    9.009583102507675e-13,
    7.152812261208121e-13,
    4.768599106524073e-13,
    2.795409080072027e-13,
    1.818076767668599e-13,
    1.2110376133198547e-13
  ],
  "rk": [
    1.0,
    0.036483061093766575,
    0.014449976438346336,
    0.007655180260734704,
    0.005444743480993598,
    0.004496243947072027,
    0.0037767665497705693,
    0.0034294735520565877,
    0.0031027647923731914,
    0.002733119651172244,
    0.002151550318422526,
    0.0013558278320296802,
    0.0009521902153968848,
    0.0007293197468966721,
    0.0005615829826160298,
    0.00031867084374806036,
    0.0001811425684797936,
    9.999046363820291e-05,
    5.24789215631835e-05,
    3.1780217023216195e-05,
    2.317885837344733e-05,
    1.9729066908670455e-05,
    1.4993263020707889e-05,
    8.731425226564125e-06,
    5.588400052667016e-06,
    3.704593775279479e-06,
    2.5737004049378724e-06,
    1.7810415418090634e-06,
    1.2342517301877538e-06,
    9.224698143067686e-07,
    6.553358938334999e-07,
    5.168309859904137e-07,
    4.5307403737850107e-07,
    3.899979680789296e-07,
    3.3216341458334e-07,
    2.455645654277409e-07,
    1.7051335505559448e-07,
    1.0357905032839417e-07,
    5.766438574518477e-08,
    3.1541470727024626e-08,
    1.595958713067038e-08,
    1.1959904365065228e-08,
    8.55605573663179e-09,
    6.831414064677547e-09,
    6.158147227259104e-09,
    5.793083956889334e-09,
    5.339931954759429e-09,
    4.138687990076403e-09,
    2.6374601464785703e-09,
    1.3862910509561758e-09,
    6.762807152552496e-10,
    3.576118741588775e-10,
    1.9950852023368578e-10,
    1.5473657185059002e-10,
    1.2191661187723623e-10,
    1.03736971273179e-10,
    7.523411460444824e-11,
    4.171911863402388e-11,
    2.4686510978466227e-11,
    1.2153184388873469e-11,
    7.259840974939736e-12,
    5.307425147004886e-12,
    3.9808528630497475e-12,
    2.9940582346828374e-12,
    2.3088633903352095e-12,
    1.7718249923974453e-12,
    1.407901585646776e-12,
    7.455812945997489e-13,
    3.4888759816247286e-13,
    2.596393910787262e-13,
    2.3345883789802774e-13,
    2.1747169922779949e-13,
    2.0039562471548822e-13,
    1.6831668060673287e-13,
    1.3088620227290887e-13,
    8.881723433803095e-14,
    6.680609764768203e-14,
    4.3633222552495736e-14,
    2.20150045485184e-14,
    1.4268631473488848e-14,
    9.980192581745204e-15,
    8.255951199451347e-15,
    6.0569745812116945e-15,
    5.085090248947749e-15,
    4.43955899660626e-15,
    3.585921743083227e-15,
    2.613979659633374e-15,
    1.6415302832097715e-15,
    1.1095627221117855e-15,
    8.044909397405904e-16
  ],
  "exit_code": 0,
  "iters": 89,
  "mtx": "wang1",
  "method": "max-st_alt-o_m4",
  "x_id": "ones"
}