{
  "fre": [
    0.9134083943253379,
    0.5100298506589132,
    0.17613351845151054,
    0.04481432237359107,
    0.029545003562116225,
    0.012601136763413021,
    0.0006944090105183158,
    0.0003061314290363743,
    0.00020009129891196707,
    8.109797821483089e-05,
    2.9050789697946725e-05,
    1.643985486412312e-05,
    7.173263022482201e-06,
    3.821117694652965e-06,
    1.7847489969884827e-06,
    8.29106817585241e-07,
    3.458056420212525e-07,
    1.6460160552145892e-07,
    7.98317407018366e-08,
    4.060343432994376e-08,
    3.010421894430119e-08,
    1.2861847006659418e-08,
    6.586237760384111e-09,
    3.030146293437224e-09,
    1.4934372904908085e-09,
    8.259333332519646e-10,
    4.23749474349641e-10,
    1.8929031080784577e-10,
    8.740195950342895e-11,
    3.786943644933183e-11,
    2.100090502266355e-11,
    1.1090294168079104e-11,
    3.784122147696255e-12,
    1.8371776125763687e-12,
    8.417484327553314e-13,
    3.9744322313047823e-13,
    1.9184267245713002e-13,
    9.965075969637401e-14,
    6.180350404047725e-14,
    3.613197828149989e-14,
    3.0870720387199244e-14,
    3.6444562177652125e-14,
    3.484810932116202e-14,
    4.087740186385042e-14,
    4.300906897260266e-14,
    4.381181114718069e-14,
    4.378577021375737e-14,
    4.389370467042232e-14
  ],
  "rk": [
    1.0,
    0.977448521669225,
    0.7332142470040505,
    0.4264282153693175,
    0.08122727976430828,
    0.051056892400154055,
    0.030538556663560732,
    0.003306192123210557,
    0.0006677669385047772,
    0.000380914918773676,
    0.0001933172538532337,
    7.586306114021835e-05,
    3.967245135440378e-05,
    1.4512239911966103e-05,
    8.220547502579454e-06,
    4.286498878346834e-06,
    1.9179807478229495e-06,
    7.670818662464655e-07,
    4.0004865131607205e-07,
    2.0123010129221928e-07,
    1.0074337628313869e-07,
    6.728064274328405e-08,
    3.369277355813928e-08,
    1.4968632878111253e-08,
    6.967074828558628e-09,
    3.6319496254592754e-09,
    1.8811740811974904e-09,
    9.545912501376876e-10,
    4.383053692149954e-10,
    2.2331126501644448e-10,
    9.262888662114759e-11,
    4.725199747673818e-11,
    2.5709077291234566e-11,
    1.166795455613871e-11,
    4.900570028131943e-12,
    2.1394902008981355e-12,
    9.718457467493784e-13,
    5.249461458327189e-13,
    2.1762208481318124e-13,
    1.0714650819752892e-13,
    4.1598027341392456e-13,
    9.80123868388001e-14,
    6.692239581097586e-14,
    3.515754333160899e-14,
    1.6496311524834083e-14,
    7.798894315566129e-15,
    3.697342322522714e-15,
    1.5251753911950747e-15,
    3.881491646166925e-13
  ],
  "exit_code": -1,
  "iters": 48,
  "mtx": "orsreg1",
  "method": "max-lf_alt-o-repeat_m4",
  "x_id": "ones"
}