{"fre": [0.21596532594994108, 0.10730715106687719, 0.05589259716386602, 0.037130942587564934, 0.025616498133514232, 0.019456188426345812, 0.014972078057116726, 0.011857818078701501, 0.00888154447446508, 0.005783023026010113, 0.00319800620284058, 0.0021507234929059853, 0.0012968622034207496, 0.0008248120305303632, 0.0004227341337429931, 0.0002718782100350154, 0.00017997700841671316, 9.627250553297371e-05, 4.559092147869296e-05, 2.505486007010407e-05, 2.0836365210598164e-05, 1.3812488668170252e-05, 8.856685641245922e-06, 5.497030873348317e-06, 3.209584611016174e-06, 1.9962992961631223e-06, 1.302895506399364e-06, 7.799487190997235e-07, 4.858782618904122e-07, 3.1257708282714166e-07, 2.075167993852813e-07, 1.1801024623527895e-07, 6.536245510653607e-08, 3.13091303522742e-08, 1.7329249536311685e-08, 8.391635012447941e-09, 5.323381663854712e-09, 3.628789561129762e-09, 2.3544719025360173e-09, 1.2825947964627415e-09, 1.0904041424334675e-09, 7.267070935616007e-10, 4.321835402169839e-10, 2.1519644722999513e-10, 1.2104895906554534e-10, 7.690980406198559e-11, 4.571052207263089e-11, 2.7407603213715525e-11, 1.7307556276583474e-11, 1.07294755456894e-11, 5.74758438063601e-12, 3.527846430305517e-12, 2.1003513066598552e-12, 1.3289733362940557e-12], "rk": [1.0, 0.003654261469838052, 0.0013203338756163584, 0.0005346497084441547, 0.00024049735642553977, 8.706131537054111e-05, 3.6797544470519736e-05, 1.4665304674895093e-05, 8.196976386814593e-06, 5.3012120895760174e-06, 3.517188375955894e-06, 1.9607802714800784e-06, 1.254009241061519e-06, 7.608482597202868e-07, 5.152206849478843e-07, 2.749535545380425e-07, 1.6533562105970502e-07, 1.129636757183317e-07, 6.923849115936748e-08, 3.8605467337124824e-08, 2.2138112602482967e-08, 1.4861284144416723e-08, 9.072362328276724e-09, 5.602944441179042e-09, 3.644067922604652e-09, 2.1524120080294218e-09, 1.2764707560109404e-09, 8.09913067194506e-10, 4.896278275014982e-10, 2.950268596165009e-10, 1.8877462763051912e-10, 1.23031025806228e-10, 7.685084860403898e-11, 4.629755649863781e-11, 2.5003030311690278e-11, 1.5171765168270184e-11, 7.409822357691905e-12, 4.324144555765591e-12, 2.5663273374443924e-12, 1.6071934154548855e-12, 9.26784209809847e-13, 6.759200425703095e-13, 4.339520827227645e-13, 2.8955473921215686e-13, 1.6018840212697558e-13, 8.910213561635218e-14, 5.314729052861651e-14, 3.1615046966245245e-14, 1.8673048171716204e-14, 1.1928685151218509e-14, 7.518819871324665e-15, 4.198211025100113e-15, 2.5294631590407074e-15, 1.4943380139139706e-15, 9.255582717287592e-16], "exit_code": 0, "iters": 54, "mtx": "orsreg1", "method": "max-lf_alt-o-repeat_m2", "x_id": "randn"}