{
  "fre": [
    0.23587887131454532,
    0.14257569636984754,
    0.09523218078512756,
    0.06589311721751953,
    0.05342828558365484,
    0.04315900259181524,
    0.03376188976166246,
    0.025824389047789182,
    0.020045253712033192,
    0.013578901337418037,
    0.010308231171261475,
    0.008160298774949566,
    0.006126494673047044,
    0.0035292917660857065,
    0.0023398383150467997,
    0.0012474671071903902,
    0.0006635011725515796,
    0.00045176472693921526,
    0.00027287532390335325,
    0.00019244882766008374,
    0.0001699214733481141,
    0.00012906848630118495,
    9.023205238060624e-05,
    5.5565028788765745e-05,
    3.251164433925247e-05,
    2.3887440084217952e-05,
    1.826526350664665e-05,
    1.2648138650339826e-05,
    8.904508600388862e-06,
    6.126470849579117e-06,
    4.239189738082351e-06,
    3.0592317085673474e-06,
    1.6363247573469248e-06,
    9.54583470020785e-07,
    5.643825189350426e-07,
    3.373104161786152e-07,
    2.2984339264423653e-07,
    1.5697465664910965e-07,
    9.666024759153933e-08,
    5.983835460898854e-08,
    5.197519602305222e-08,
    3.961296401077721e-08,
    2.8323228255746006e-08,
    1.7616519742416563e-08,
    1.140131891826044e-08,
    7.242044306170962e-09,
    4.974854726298705e-09,
    3.0928186676704213e-09,
    2.260932642537685e-09,
    1.5503403165532002e-09,
    1.0635161173679563e-09,
    7.18058098303901e-10,
    5.20828643163704e-10,
    3.5224748809789667e-10,
    2.1025265868405838e-10,
    1.2681383307137365e-10,
    9.427079593425659e-11,
    6.915693420554617e-11,
    5.2622239013273045e-11,
    2.924838829421009e-11,
    2.666973701556809e-11,
    2.1451231191066877e-11,
    1.6625231255088628e-11,
    9.352647957630215e-12,
    6.1885182225667006e-12,
    3.915317109364199e-12,
    2.8121575682502658e-12,
    1.7803671676525876e-12,
    1.2823134155415982e-12
  ],
  "rk": [
    1.0,
    0.004159774862327556,
    0.0016921930728431933,
    0.0008175075375984001,
    0.000290215345888081,
    0.00011131764124926627,
    5.85844548861055e-05,
    3.497319206191123e-05,
    2.2730705549415473e-05,
    1.5350038938467197e-05,
    9.840022621157706e-06,
    6.296307972062519e-06,
    4.757912644408144e-06,
    3.7798270138872457e-06,
    2.366496831188139e-06,
    1.8096300794794477e-06,
    1.0324570180594147e-06,
    6.341311945958377e-07,
    4.0586162947052817e-07,
    2.681721569664909e-07,
    1.75031288701653e-07,
    1.3368944963401638e-07,
    9.503019276551107e-08,
    6.903641109579996e-08,
    4.7591121425759656e-08,
    2.5854203379060095e-08,
    1.7778515617940523e-08,
    1.2327203807156737e-08,
    8.413398585095744e-09,
    5.9782591289433835e-09,
    3.967791533203444e-09,
    2.9518193664517113e-09,
    2.082638238846885e-09,
    1.4231643491239601e-09,
    8.264141368658067e-10,
    5.247510939730208e-10,
    3.1002377632528137e-10,
    2.0430513626463165e-10,
    1.4021494232843984e-10,
    9.275157896350748e-11,
    5.691353223427165e-11,
    4.366606082111175e-11,
    3.06674296096414e-11,
    2.2795111980145824e-11,
    1.4511962628174855e-11,
    1.0076392933309569e-11,
    6.257605310620792e-12,
    4.2192674204254915e-12,
    2.44202496100418e-12,
    1.7427243815262527e-12,
    1.1614792823498291e-12,
    7.795220978395051e-13,
    5.251375771764557e-13,
    3.6307576484369114e-13,
    2.6432761481438797e-13,
    1.6006541180903706e-13,
    1.0241683984374552e-13,
    6.678373078305854e-14,
    4.744713412746298e-14,
    3.575157936222402e-14,
    2.1861309670839314e-14,
    1.752222679723995e-14,
    1.3008856704294924e-14,
    1.066765321975747e-14,
    6.638344219326948e-15,
    4.533893668578779e-15,
    2.8949918945380318e-15,
    1.9577932577865873e-15,
    1.3418137260801542e-15,
    9.322955794325934e-16
  ],
  "exit_code": 0,
  "iters": 69,
  "mtx": "orsreg1",
  "method": "max-lf_alt-o_m3",
  "x_id": "randn"
}