{"fre": [1.0069894091721883, 1.0035422899758786, 0.9833257456100527, 0.9612505406603796, 0.8472496081182074, 0.2874688219798686, 0.12242546931078942, 0.0917973903164627, 0.04708948348888876, 0.027901855125572507, 0.001423606389918077, 0.0007663523601575899, 0.0005822846471268403, 0.0005039218858392627, 0.00030307525563031274, 0.00023596289231923693, 0.00013057960518095998, 7.68892938052317e-05, 5.413090329184551e-05, 2.8266346154349816e-05, 2.5667167448432002e-05, 2.1140334409429687e-05, 1.671261177083843e-05, 1.1089861582964788e-05, 7.688010634350822e-06, 4.352911777386207e-06, 2.6056497434655062e-06, 1.7149005118437383e-06, 6.238515008054548e-07, 3.9378716001629745e-07, 3.017084676258565e-07, 2.076538283613801e-07, 1.3769147159920037e-07, 8.438547611177231e-08, 5.128140198293261e-08, 4.0344957427883985e-08, 2.4775926833523446e-08, 1.6221131337316212e-08, 1.1298516812459107e-08, 7.644211716538032e-09, 7.056771723317176e-09, 5.6372458327179645e-09, 3.721288106886206e-09, 2.2521493272275735e-09, 1.5065974505826403e-09, 8.017328138219588e-10, 5.678280846553444e-10, 3.8371657918904537e-10, 2.561493529708638e-10, 1.4637491146331788e-10, 9.217171926126586e-11, 5.454489650216928e-11, 4.2310173425598445e-11, 3.215685122064259e-11, 2.135650994866199e-11, 1.505449410367531e-11, 8.375159514509545e-12, 6.08539561969764e-12, 4.0947736009172205e-12, 1.9822167271450257e-12, 1.7825110769355847e-12, 1.3404610779965651e-12, 1.0009681095611855e-12, 7.040385021185541e-13, 4.579662941941515e-13, 3.100504836141488e-13, 2.1469435830250342e-13, 1.2556196863775398e-13, 7.396429793321447e-14, 5.17964024932251e-14, 3.9258732442057143e-14, 3.562914776600491e-14, 3.3097743392508625e-14, 3.183730254857247e-14, 3.1715993333190844e-14, 3.1656013916379506e-14, 3.175132808561135e-14, 3.1938852637707475e-14, 3.205012548045508e-14, 3.216203942462979e-14, 2.6252983273343343e-14, 2.4070302723473374e-14, 2.2599536726759526e-14, 2.2235869421934284e-14, 2.4651066936013518e-14, 2.7805255048696525e-14, 3.047110408592022e-14, 3.1668201813758814e-14, 3.239902186150358e-14, 3.282896633817227e-14, 3.300506528730406e-14, 3.306248316408173e-14, 3.3085369784046804e-14, 3.309604461595599e-14, 3.308106727085971e-14, 3.306989216372715e-14, 3.307497147308452e-14], "rk": [1.0, 0.9870031575503228, 0.986305439966308, 0.9804125466091737, 0.971127923534193, 0.9127282131367711, 0.5263846421465197, 0.3330077555539542, 0.28285284255117493, 0.19995406422656367, 0.14319692139513612, 0.02176523428850098, 0.0070214209955748235, 0.004942507812191361, 0.003637800438408703, 0.0025525675705762203, 0.001983701629721818, 0.0011892166227074126, 0.0007222292940657548, 0.0005013080184895105, 0.00029975115543503774, 0.0002282968700866567, 0.00017306653006377958, 0.00014065913286363395, 9.616820023134997e-05, 6.81463888090844e-05, 4.190372143788827e-05, 2.631479071217004e-05, 1.8652382531023917e-05, 9.739372379066584e-06, 5.2661826242809745e-06, 3.2405227072944105e-06, 2.2794626788493634e-06, 1.536125351999078e-06, 9.900557697365098e-07, 6.037280261083203e-07, 4.421213188436916e-07, 2.614230838723033e-07, 1.6373251878489262e-07, 1.1278170532311566e-07, 7.616832720193874e-08, 5.962939381577093e-08, 4.516375636537503e-08, 3.211248657755948e-08, 2.150474187948058e-08, 1.548143485360336e-08, 8.727820060628158e-09, 5.8629593505588e-09, 3.8326265553798036e-09, 2.7423983611654595e-09, 1.7090418094713796e-09, 1.15300339508946e-09, 6.428344006629556e-10, 4.494912147102505e-10, 3.2171036668710123e-10, 2.016669898492283e-10, 1.4998719275611582e-10, 8.378215290945539e-11, 6.05522991121438e-11, 4.459599378554341e-11, 2.2516386151287846e-11, 1.9186910365440866e-11, 1.3652386458546154e-11, 9.613149709137748e-12, 6.533848404528417e-12, 4.3838626781736874e-12, 2.8706798018055417e-12, 2.1088322399908954e-12, 1.4285346528789505e-12, 8.349535979951723e-13, 5.387439366474562e-13, 3.106902259180351e-13, 2.2138608747824982e-13, 1.5739510908704456e-13, 9.528988622036904e-14, 6.383661034766636e-14, 4.397519578136874e-14, 2.7271231003707958e-14, 1.8659780040262058e-14, 1.3603358874312273e-14, 3.9881481142960087e-13, 2.878353845842685e-13, 2.60210257380578e-13, 2.148124532230916e-13, 1.6201505205107377e-13, 1.1575555748271584e-13, 8.633080268095115e-14, 5.688091479871293e-14, 4.009486780237421e-14, 2.895714925001164e-14, 1.737529995773845e-14, 9.886376129472817e-15, 5.601332286477223e-15, 3.62423745127331e-15, 2.8615450898518908e-15, 1.8421320348413828e-15, 1.0865958962851397e-15, 3.8639022222349513e-13], "exit_code": -1, "iters": 97, "mtx": "orsreg1", "method": "max-st_alt-o_m3", "x_id": "ones"}