{"fre": [0.263242215687174, 0.18000416856449483, 0.1502240384342103, 0.11498870184189657, 0.08312823372884069, 0.06389835255912517, 0.04938411460958371, 0.040790194034835574, 0.030269598191657046, 0.02479310913064189, 0.020566473724564008, 0.016446671752704166, 0.01242432119035211, 0.00938332747094512, 0.007078643977839408, 0.004367091080807671, 0.002755545700175472, 0.00188883840525492, 0.0014671662393350674, 0.001040431699915127, 0.000981336232259847, 0.0008184980952722883, 0.0006246259467642913, 0.00047526336645970115, 0.0003548079291603384, 0.00026932994893604683, 0.00020296119837867827, 0.0001410079335217084, 9.863891442226344e-05, 6.875967252545988e-05, 4.806647658814921e-05, 3.352341522462181e-05, 2.2959279169966642e-05, 1.680237116790639e-05, 1.1599806989829451e-05, 8.467873543686796e-06, 6.321261350214404e-06, 4.416727229670012e-06, 3.3479492995130758e-06, 2.549471973909465e-06, 2.3843554654412446e-06, 1.842090242753782e-06, 1.3071124658450502e-06, 9.152484778496263e-07, 6.237622655477345e-07, 4.6331106286857085e-07, 3.425853747772729e-07, 2.3107329987867134e-07, 1.6273171535294066e-07, 1.1250998043916612e-07, 8.190188244933296e-08, 6.268196115205588e-08, 4.852122627954162e-08, 3.9165379315379263e-08, 2.981183671524343e-08, 2.3651960142411457e-08, 1.7035251086712702e-08, 1.2583972549420428e-08, 1.0041102191648791e-08, 7.320069362848385e-09, 6.916921477492721e-09, 5.866627955353925e-09, 4.444318084792857e-09, 3.4353962366712285e-09, 2.5766192559115384e-09, 1.706089405084198e-09, 1.2810991702372162e-09, 8.554092956544312e-10, 5.664553734099596e-10, 3.972783506598075e-10, 2.778717517838359e-10, 2.0386502640797305e-10, 1.327901357970616e-10, 1.0082801265684667e-10, 7.710564102108772e-11, 4.890193805202871e-11, 3.233932922643524e-11, 2.6257539177193367e-11, 2.048353626929802e-11, 1.4479548572459048e-11, 1.3589048822807276e-11, 1.1130166634980388e-11, 8.624506637819692e-12, 4.884059724832107e-12, 3.308713072404946e-12, 2.56140618012287e-12, 1.744859532096392e-12, 1.1646977413122054e-12, 9.223537058817517e-13], "rk": [1.0, 0.007399378067562933, 0.0016310587100809373, 0.0003250741524550259, 0.00021251396628694844, 0.00012162057131404302, 7.989327333744384e-05, 5.190366546773907e-05, 3.8747860996748615e-05, 2.549355399226196e-05, 1.855273262795915e-05, 1.4104908908009885e-05, 1.1157858926557984e-05, 8.526193221945355e-06, 6.594856345306954e-06, 5.263072940157529e-06, 3.5379690997998004e-06, 2.30867434252821e-06, 1.6221578353349295e-06, 1.2528273277746178e-06, 9.050771991860685e-07, 7.495717151937286e-07, 5.941046070391945e-07, 4.397106035624393e-07, 3.26965183628339e-07, 2.4861394466788195e-07, 1.9121281821105756e-07, 1.495691665254395e-07, 1.091969498549622e-07, 7.577546239261214e-08, 5.3180353862062396e-08, 3.8091638845443905e-08, 2.854291846873083e-08, 2.071785184770456e-08, 1.487795421134827e-08, 1.0259051284757033e-08, 7.483365834971189e-09, 5.636127931378649e-09, 3.880123236325935e-09, 2.8237587532065998e-09, 2.249115966364368e-09, 1.9450502565783777e-09, 1.4995933493667614e-09, 1.0820424329853387e-09, 8.016495171592128e-10, 5.558660272451065e-10, 4.059658866082075e-10, 3.01532310134663e-10, 2.0935670818037007e-10, 1.4762746045704163e-10, 1.0181537767326402e-10, 7.13793163124614e-11, 5.164607923077395e-11, 3.6977167785480006e-11, 2.8549942890564758e-11, 2.0652258691126203e-11, 1.5833997408907762e-11, 1.1874225969721319e-11, 8.529813505288267e-12, 7.017080461496022e-12, 5.712485525693087e-12, 4.9575591039561226e-12, 3.978882488656108e-12, 2.9607229838073426e-12, 2.306754057615738e-12, 1.8099796201676065e-12, 1.2908087633972298e-12, 9.71783500377402e-13, 6.78577923826563e-13, 4.741451705676968e-13, 3.312333247471339e-13, 2.323369889465756e-13, 1.7620559918258685e-13, 1.1598596039171848e-13, 8.455865380501455e-14, 6.598441676984839e-14, 4.616561549848365e-14, 2.873142057643874e-14, 2.198736272676312e-14, 1.6999388877953584e-14, 1.2970752651400301e-14, 1.0994243938904384e-14, 8.922951421596986e-15, 7.273944776836854e-15, 4.805264100377566e-15, 3.1598756968745153e-15, 2.3072589136156104e-15, 1.6076067956046582e-15, 1.0361207529770779e-15, 8.277693419827722e-16], "exit_code": 0, "iters": 89, "mtx": "orsreg1", "method": "max-st_m1", "x_id": "randn"}