{
  "fre": [
    0.06695811711059324,
    0.0053180679411409075,
    0.0032666261115874935,
    0.0022353617876959457,
    0.0011388478906841286,
    0.0005946977025020912,
    0.0004099929482567381,
    0.0002591497031870866,
    0.00012753032656739503,
    3.1646127892714195e-05,
    6.393776214496961e-06,
    3.0105315180506335e-06,
    1.9539649014835697e-06,
    8.121670811504335e-07,
    5.560841480941617e-07,
    2.9641954693919267e-07,
    1.4212012732037083e-07,
    6.061066859911769e-08,
    2.985531420207902e-08,
    1.4718679717629475e-08,
    1.1216372522157825e-08,
    6.40354315389543e-09,
    3.763224739473223e-09,
    1.9654511713458234e-09,
    9.624533947259086e-10,
    4.786771397163665e-10,
    2.5501422221520355e-10,
    1.4669437241401372e-10,
    8.011759764185556e-11,
    3.517945039303822e-11,
    2.0263718283900177e-11,
    9.38498859783751e-12,
    5.4798488618180765e-12,
    2.896878817351309e-12,
    1.4806260150870831e-12,
    8.105230617441371e-13,
    3.852595052454739e-13,
    2.116565505687829e-13,
    1.2178352702933186e-13,
    7.0444200460567e-14,
    6.031836591347263e-14,
    4.727897555153262e-14,
    3.819866224436354e-14,
    3.5040229270469555e-14,
    3.0357833722460175e-14,
    2.7738124899483852e-14,
    3.162103262046023e-14,
    2.8119069615582286e-14,
    2.831531585720538e-14,
    2.5961202755611906e-14,
    2.7659820555384712e-14,
    2.6508047859008244e-14,
    2.641105912364907e-14,
    3.0632721252401866e-14,
    2.7129756174598925e-14
  ],
  "rk": [
    1.0,
    0.10148840785475788,
    0.0021656390814222236,
    0.00012077356425646637,
    7.066932057047312e-05,
    3.389395788280801e-05,
    1.979422462820118e-05,
    9.055928307832616e-06,
    5.277315859995899e-06,
    3.087481496922504e-06,
    1.478392611503223e-06,
    2.7177782774699213e-07,
    9.668335892171486e-08,
    6.044626059804105e-08,
    2.251145901791421e-08,
    1.3805042766719229e-08,
    8.048359522164651e-09,
    4.517042675823496e-09,
    1.9003613130229085e-09,
    1.0605140244425116e-09,
    5.28541550406861e-10,
    3.140515577017936e-10,
    1.7560489676803945e-10,
    1.0181801363053159e-10,
    5.540472504522289e-11,
    3.0117392143295175e-11,
    1.520087968759762e-11,
    6.6736446497244754e-12,
    4.2171933862942656e-12,
    2.5499679735108216e-12,
    9.515545614079644e-13,
    5.751753005511358e-13,
    2.7699111957184973e-13,
    1.4383504332538777e-13,
    7.741193273351623e-14,
    4.509292127595766e-14,
    2.6213276581583638e-14,
    1.0567200723813073e-14,
    5.4307565923408364e-15,
    3.245129101491835e-15,
    4.1854241133407385e-15,
    1.475733015717418e-15,
    1.0245482792922497e-15,
    3.4388575105464815e-15,
    3.2778549285620913e-15,
    3.3610284098237933e-15,
    3.242326647729283e-15,
    3.2193805139650853e-15,
    3.2243151101533116e-15,
    3.233691934767315e-15,
    3.3210185162934695e-15,
    3.3391970855959162e-15,
    3.1889933415122834e-15,
    3.159804921802967e-15,
    3.220117755372575e-15,
    3.3851044798171784e-15
  ],
  "exit_code": 42,
  "iters": 55,
  "mtx": "orsreg1",
  "method": "max-st_alt-o-repeat_m3",
  "x_id": "sine"
}