{"fre": [0.4770097985677363, 0.12136968310914412, 0.09006310170283759, 0.02670251098065348, 0.012808160553097593, 0.005953804112799788, 0.0016616916153094148, 0.0010079386001560064, 0.0008356457590029563, 0.000613170223071185, 0.0005445474959197594, 0.00041056831104936003, 0.0002975283376773893, 0.00020111256688873282, 8.154577417784296e-05, 5.1357810598653355e-05, 3.0649093099890506e-05, 1.2226557534417032e-05, 3.616170933500994e-06, 1.6469367548414965e-06, 1.4373011818570196e-06, 1.1125245698058053e-06, 8.583008468240183e-07, 5.800876738107157e-07, 3.294766091372549e-07, 1.732474908298753e-07, 1.1556634993203049e-07, 5.451638702459965e-08, 2.7007507407792658e-08, 1.3525669608803738e-08, 9.34268631826662e-09, 7.281474595757133e-09, 5.089741606980279e-09, 2.3517391327039567e-09, 1.0384311212719454e-09, 5.810220528840276e-10, 4.2476703775439305e-10, 3.1440777778141365e-10, 1.848847051129876e-10, 8.103077386714593e-11, 7.137086971920109e-11, 5.5694293467969587e-11, 3.776615865012339e-11, 2.1502407928685025e-11, 9.770069869835751e-12, 5.281388933325092e-12, 3.5674865210342443e-12, 2.3120812095947857e-12, 1.3349189614422288e-12, 6.613538687143268e-13, 3.9451422198117756e-13, 2.0068644537435398e-13, 1.0175730110589565e-13, 6.615000145308597e-14, 5.380169536081144e-14, 4.4286600663252173e-14, 4.068621012823003e-14, 3.768882609168885e-14, 3.721910378804009e-14, 3.4061931845589333e-14, 3.382777743456609e-14, 3.2156486391376873e-14, 3.187088586768752e-14, 3.081631571606852e-14, 3.110344858823756e-14, 3.076346626753912e-14, 2.8821590432817233e-14, 2.9013190793778286e-14], "rk": [1.0, 0.520871530895031, 0.07573922311759365, 0.030227288978901163, 0.011752266481859465, 0.00495085715664304, 0.0017602382045484191, 0.0007064370737539138, 0.00019787680137772765, 0.00010178948782085821, 2.6370077313932603e-05, 1.3226794332700597e-05, 8.30582183800746e-06, 5.592648190354319e-06, 4.155066105792778e-06, 1.9044586896417061e-06, 1.2031111299003454e-06, 7.194591905967389e-07, 3.645702783558058e-07, 1.8108791056144753e-07, 8.318940667702716e-08, 4.8838181010191274e-08, 2.5132099132516837e-08, 1.7610557891359487e-08, 1.1624085672913335e-08, 7.381929643968466e-09, 4.210633781697763e-09, 2.8254627128839207e-09, 1.590671202248644e-09, 9.122344396840562e-10, 4.6488917131222144e-10, 2.3219029813376266e-10, 1.5194719181523322e-10, 1.08162883041692e-10, 6.285054660166322e-11, 3.2384102318725096e-11, 1.629531372754401e-11, 9.610927280497356e-12, 6.801892449316239e-12, 4.4191802741915524e-12, 2.3675319942036947e-12, 1.579956398570586e-12, 1.1164240496369642e-12, 7.551643749148918e-13, 5.014294970842991e-13, 2.6615546927286373e-13, 1.4408491044041477e-13, 8.470245146120589e-14, 5.452233445067348e-14, 3.50441607475558e-14, 1.9270073475476683e-14, 1.2412049917928153e-14, 6.704432167925709e-15, 3.4726004530507515e-15, 1.7636123975421262e-15, 1.0826574478849367e-15, 3.9354960575824514e-15, 3.2767856626552685e-15, 3.1799339299973665e-15, 3.2666425619781406e-15, 3.1927409161053836e-15, 3.2895896756701736e-15, 3.1366037761607996e-15, 3.06128634328069e-15, 3.1373841776602947e-15, 3.1079235872406777e-15, 3.1121658818257395e-15, 3.1619440278167595e-15, 3.2277400464763294e-15], "exit_code": 55, "iters": 68, "mtx": "orsreg1", "method": "max-lf_alt-o-repeat_m2", "x_id": "sine"}