{
  "fre": [
    0.24551946096025448,
    0.08840633932660277,
    0.06865030678818133,
    0.05348872663799364,
    0.0411938391081222,
    0.028271026396662693,
    0.019901890733462022,
    0.013176353402375125,
    0.008067347338642963,
    0.006698814908692126,
    0.0054446489553105935,
    0.0019444852347544974,
    0.0003556281685637803,
    0.00019721496815836758,
    0.0001259776813110726,
    8.755099786354612e-05,
    6.0304658051465163e-05,
    4.177987302101049e-05,
    2.9117393767734696e-05,
    2.4370820481908647e-05,
    2.3066483347337244e-05,
    1.8174558431681433e-05,
    1.0985144621049981e-05,
    6.712700105086424e-06,
    3.6799017034079747e-06,
    1.854877728769843e-06,
    1.0714681561993097e-06,
    6.198065193047155e-07,
    4.4278378007699995e-07,
    3.096389609362991e-07,
    1.83283181487576e-07,
    1.3697515088105845e-07,
    1.071533268580764e-07,
    7.524626657375694e-08,
    5.389742236752703e-08,
    2.4703875472337888e-08,
    1.4595177081941753e-08,
    8.732155588282737e-09,
    5.769644601165014e-09,
    3.6203451784414977e-09,
    3.2997357992760713e-09,
    2.394551907308963e-09,
    1.7665311340451605e-09,
    1.1276110655225408e-09,
    6.180532043366527e-10,
    4.82631941046848e-10,
    2.5145490445576244e-10,
    1.7708473579779316e-10,
    1.2542071194703318e-10,
    7.869883826152985e-11,
    5.141799653295657e-11,
    2.9268074963941374e-11,
    1.835801597575919e-11,
    1.1722949457915618e-11,
    8.537108437855344e-12,
    5.048123793043732e-12,
    3.647603695928676e-12,
    2.5112889034594855e-12,
    1.8313770393172158e-12,
    1.3717952405878979e-12,
    1.252461007440652e-12,
    1.015779942265554e-12,
    6.358274097853133e-13,
    3.930299600220026e-13,
    2.4323265855985105e-13,
    1.458164196791299e-13,
    1.0559082745052691e-13,
    7.430796620313018e-14,
    5.56812149509873e-14,
    4.7088396055444006e-14,
    4.0161800099203885e-14,
    3.693096005259878e-14,
    3.555823573134595e-14,
    3.4220068679021615e-14,
    3.277161825940198e-14,
    3.331466530798097e-14,
    3.102370254593033e-14,
    3.067017071656901e-14,
    3.116016659256726e-14,
    2.910130552673467e-14,
    2.887076644707392e-14,
    2.8315793917748007e-14,
    2.9686129393460255e-14,
    2.6375031350092215e-14,
    2.608277263881582e-14,
    2.74515366987122e-14,
    2.626802973407305e-14,
    2.5234219780021704e-14
  ],
  "rk": [
    1.0,
    0.3681772235161553,
    0.02065065846308229,
    0.006840646660219978,
    0.0030630989827196142,
    0.0021930967692306716,
    0.001442153914802823,
    0.000730236269412237,
    0.0003813553844903157,
    0.00023026410411603515,
    0.00018600973619821377,
    0.00016127166850884173,
    8.958805370593131e-05,
    2.7114628681902237e-05,
    1.3295503476815373e-05,
    7.351844112752086e-06,
    4.6708867022469e-06,
    2.7484879948293358e-06,
    1.6399449854962222e-06,
    9.584260992101335e-07,
    7.469528186225573e-07,
    6.748596278554977e-07,
    5.499074010668325e-07,
    3.451554048801571e-07,
    2.3774103890709525e-07,
    1.5681227755631355e-07,
    9.004502539364936e-08,
    5.7915023660867967e-08,
    3.363114293660276e-08,
    2.018047009769607e-08,
    1.3873729742732523e-08,
    8.106372200970297e-09,
    5.1631787311794726e-09,
    3.743782947284353e-09,
    2.457145978318732e-09,
    1.875597529214052e-09,
    1.049746446910372e-09,
    6.471460845416243e-10,
    4.202462695013236e-10,
    2.48732174470638e-10,
    1.4210130583712276e-10,
    1.1846818044263268e-10,
    8.504073955002233e-11,
    5.938520804755564e-11,
    4.082861304022317e-11,
    2.4530483065347668e-11,
    1.7867523179512052e-11,
    9.66058311060201e-12,
    7.1285489755224726e-12,
    4.959588345337314e-12,
    3.0520136484364236e-12,
    2.080013678971666e-12,
    1.3304837666484165e-12,
    8.530330257563805e-13,
    4.884494107373399e-13,
    3.509169415802525e-13,
    2.0096026387621494e-13,
    1.3980604324947758e-13,
    9.202563906511693e-14,
    6.16863363766886e-14,
    4.583704369377761e-14,
    3.837719056988843e-14,
    3.1947208320611313e-14,
    2.1625322211878887e-14,
    1.4067797814101558e-14,
    9.018923576200908e-15,
    5.32248257041714e-15,
    3.829648376245092e-15,
    2.6144845773357325e-15,
    1.5037749193122889e-15,
    1.0244237291772734e-15,
    3.717439834649308e-15,
    1.3456385530637878e-15,
    1.0249081532542988e-15,
    3.3819101819809155e-15,
    1.1332813512645617e-15,
    3.3638132276316928e-15,
    1.0001715288242318e-15,
    3.302089546890841e-15,
    3.258386384806398e-15,
    3.169853672490189e-15,
    3.2613534159097765e-15,
    1.0398294525795415e-15,
    3.3793907143743396e-15,
    1.0107317949769485e-15,
    3.2725639626853485e-15,
    3.1716413861479797e-15,
    3.082528649929488e-15,
    3.1312449394790582e-15
  ],
  "exit_code": 76,
  "iters": 88,
  "mtx": "orsreg1",
  "method": "max-st_alt-o_m4",
  "x_id": "sine"
}