{"fre": [0.25772673541368685, 0.1674611389900612, 0.138977564404591, 0.12021340362021261, 0.08440527155641939, 0.0675099011062233, 0.04901222164738377, 0.04019247973653834, 0.03317783919448894, 0.02477152330088705, 0.01825552723668314, 0.014741100572811675, 0.012515471025889695, 0.010253929434048901, 0.00813264455924093, 0.0069222717916508705, 0.005706407518247593, 0.0043657136019337, 0.0029170080122021993, 0.0020987775044947294, 0.00200092611109149, 0.0017633591577288128, 0.0014688513763567014, 0.001209501467165008, 0.0009474517145478554, 0.0007328175605601813, 0.000538022255843362, 0.0003793195876426977, 0.00029064948802784435, 0.00020218321892766223, 0.00011909946050406666, 7.276169107856292e-05, 5.492323110795845e-05, 3.964225346775404e-05, 2.68123954485421e-05, 1.7877014372336622e-05, 1.4341920104875666e-05, 1.1424987870316556e-05, 8.874967060828794e-06, 7.003760190663974e-06, 6.643235820097131e-06, 5.95369186027545e-06, 4.482704514887857e-06, 3.3916220257926056e-06, 2.4823698202711924e-06, 1.8131501178994116e-06, 1.263325954209407e-06, 8.535893957061124e-07, 6.881063810434031e-07, 5.558163252219193e-07, 4.081899758761581e-07, 3.159968974646843e-07, 2.5573582419331624e-07, 2.0204217352294392e-07, 1.4114006638451286e-07, 1.0744169381926251e-07, 9.110036196271954e-08, 7.302219903513398e-08, 5.634747594957637e-08, 4.283075214550785e-08, 4.110534369478853e-08, 3.6430857814637915e-08, 3.106585359284428e-08, 2.519458342668631e-08, 1.8617340110312257e-08, 1.3456225256870256e-08, 9.594245628385983e-09, 6.607743300011759e-09, 5.128526842848046e-09, 4.140705013651845e-09, 2.54726638231416e-09, 1.8198115737829107e-09, 1.4571942912252992e-09, 1.1495256721944715e-09, 8.726964757550785e-10, 6.445667109583363e-10, 5.365884811805463e-10, 4.3841902934591685e-10, 3.0800619280285073e-10, 2.3035866446015817e-10, 2.1596298921207012e-10, 1.8874006593615935e-10, 1.4920370323706131e-10, 1.1362128124115028e-10, 8.736320317962681e-11, 6.509168705905864e-11, 4.356768507782131e-11, 3.222728792921988e-11, 2.481856870167963e-11, 1.906306281440875e-11, 1.4355065486361644e-11, 1.1238478455505584e-11, 9.371425115144156e-12, 7.337829548471664e-12, 5.25678312475324e-12, 4.329295139493513e-12, 3.704978996152002e-12, 2.928097288039029e-12, 2.1942700607195448e-12, 1.5438673563777486e-12, 1.4925925873798327e-12, 1.3151431914561518e-12], "rk": [1.0, 0.00784373232545741, 0.002117251442587946, 0.0003711308629409858, 0.00025717573158112343, 0.0001506348753812463, 0.00010705703406180946, 6.568495266148747e-05, 4.6817683282299484e-05, 3.639168092164223e-05, 2.6076090351085607e-05, 1.7704418465294638e-05, 1.2659256596425516e-05, 1.0280448083614858e-05, 8.012686112611001e-06, 5.922511420740332e-06, 4.770558033408725e-06, 3.860560030358874e-06, 3.021939140508947e-06, 2.1396121611762584e-06, 1.5316967203780082e-06, 1.3433447727006545e-06, 1.113717709125679e-06, 9.165068878002423e-07, 7.572919214992954e-07, 5.895320263301403e-07, 4.6639265926014684e-07, 3.540668523904434e-07, 2.663942838831204e-07, 2.2695235342976984e-07, 1.7954588171377288e-07, 1.2743013492331166e-07, 8.222317004296329e-08, 6.014757305981807e-08, 4.479333127872018e-08, 2.996354563473327e-08, 1.8708600823659156e-08, 1.4649172752774536e-08, 1.1169301155193194e-08, 8.331897574910309e-09, 6.0902823438107916e-09, 5.164950914429541e-09, 4.487147146216217e-09, 3.4245149474384823e-09, 2.624382657975675e-09, 2.01475219506264e-09, 1.582096585147029e-09, 1.1580834822217726e-09, 7.573032328839967e-10, 5.796976028023304e-10, 4.685075538306585e-10, 3.4124136383495124e-10, 2.4857369425519915e-10, 1.988528010134253e-10, 1.61184191595984e-10, 1.1409217081984058e-10, 8.089225387916511e-11, 6.63887752132266e-11, 5.263522434479329e-11, 4.070141911855452e-11, 3.14863849422504e-11, 2.7410916393454666e-11, 2.2974560586898385e-11, 1.962517394627481e-11, 1.6364223423347794e-11, 1.2521486143050388e-11, 9.452116810844188e-12, 6.973633908963393e-12, 5.02438724502726e-12, 4.0526935090372565e-12, 3.4097824716969037e-12, 2.356202337875588e-12, 1.617174347789823e-12, 1.231472644268449e-12, 9.453596737412582e-13, 6.866936594470192e-13, 4.873410855214883e-13, 4.0234022124940605e-13, 3.377274137720147e-13, 2.552591430448487e-13, 1.9730133510868844e-13, 1.703663469357613e-13, 1.4107113373770457e-13, 1.122596880720644e-13, 8.670604858482114e-14, 6.743910875909501e-14, 5.3206646151740525e-14, 3.612485822422632e-14, 2.6338239071099954e-14, 2.0497846305491492e-14, 1.5667649977622094e-14, 1.1734826833659245e-14, 8.667969150659147e-15, 7.0103429918259035e-15, 5.510526644774939e-15, 3.726143401612315e-15, 2.8131805147242237e-15, 2.341996571714013e-15, 1.9215349369768383e-15, 1.5615050402285655e-15, 1.2357383358626686e-15, 1.0519827023787029e-15, 8.709188790367388e-16], "exit_code": 0, "iters": 102, "mtx": "orsreg1", "method": "max-lf_alt-o_m2", "x_id": "randn"}