{
  "fre": [
    0.18288136666107058,
    0.1049649102475544,
    0.07637312731883918,
    0.046684961356695566,
    0.03246149120163751,
    0.020799193214355444,
    0.01450433318463402,
    0.008028110681382015,
    0.004101347662842232,
    0.0017973292159373017,
    0.0011298868293157169,
    0.0005746073351892334,
    0.000371986430880644,
    0.00021943471957076207,
    0.00011576800162220048,
    4.803080510103279e-05,
    2.712700042764767e-05,
    1.4117489702706068e-05,
    7.487985755839873e-06,
    4.119256228562094e-06,
    3.2208495334447056e-06,
    2.0444170900668116e-06,
    1.0249639410915527e-06,
    5.661777683386921e-07,
    3.074365262650668e-07,
    1.8919373944022616e-07,
    1.10518655453495e-07,
    5.733614519169211e-08,
    3.2442673543306394e-08,
    1.8588028528368647e-08,
    1.153814335332464e-08,
    6.27461153193888e-09,
    3.820581700990536e-09,
    2.0710895497282827e-09,
    1.1311444891198763e-09,
    5.463965413554202e-10,
    3.2450627934577393e-10,
    1.789359653528121e-10,
    1.0778784944267057e-10,
    5.5976075950343534e-11,
    4.317602433570337e-11,
    2.7088950986775242e-11,
    1.4720500646989255e-11,
    8.652761762738893e-12,
    4.739330245176751e-12,
    2.6586573601912525e-12,
    1.558209600324003e-12,
    9.28317100949131e-13
  ],
  "rk": [
    1.0,
    0.0021408877467176887,
    0.00023036613438600953,
    0.00010181833404126816,
    5.0274839397430293e-05,
    2.739160397468692e-05,
    1.5007672903912243e-05,
    9.514523722588156e-06,
    5.7769625046870355e-06,
    3.3942896331963035e-06,
    1.5931039634971183e-06,
    9.229458461931883e-07,
    4.831980440098663e-07,
    2.9443712970730035e-07,
    1.6291934040089616e-07,
    9.923926504664439e-08,
    4.824370823865778e-08,
    2.5534948416948928e-08,
    1.3290492874801706e-08,
    7.24036338841976e-09,
    3.941242981407976e-09,
    2.6258566482218976e-09,
    1.6704025942998322e-09,
    8.707919616984361e-10,
    4.940588708736556e-10,
    2.59683833600794e-10,
    1.5020301234904994e-10,
    8.575540324871899e-11,
    4.949765004519857e-11,
    2.7352048256361658e-11,
    1.4788642889314655e-11,
    8.302041669223306e-12,
    4.776044127133199e-12,
    2.975939175944638e-12,
    1.6283430782176343e-12,
    9.114177554587039e-13,
    4.886904760186648e-13,
    2.8992793334338014e-13,
    1.5337893094824327e-13,
    8.712600127028911e-14,
    4.929768113978701e-14,
    3.389146228086792e-14,
    2.1602458673297216e-14,
    1.200409661730567e-14,
    6.668766295451695e-15,
    3.838519160518778e-15,
    2.242999272338743e-15,
    1.2595152139969778e-15,
    7.285183097538119e-16
  ],
  "exit_code": 0,
  "iters": 48,
  "mtx": "orsreg1",
  "method": "max-st_alt-o-repeat_m2",
  "x_id": "randn"
}