{"fre": [0.26319831445176983, 0.17294333506305956, 0.14084019028657652, 0.11569904377225824, 0.0884216619840837, 0.06753906949401163, 0.05149640233384814, 0.03975747308505349, 0.032239490839868504, 0.024450020204020106, 0.017943399054384242, 0.015135534553355581, 0.0123826648853273, 0.009822278229661448, 0.007946556125211156, 0.006550196505316514, 0.005090998636178704, 0.0035242426308671713, 0.0024682349525207104, 0.0017874066827543854, 0.001705887111283595, 0.0014766359539275277, 0.0012042495314105095, 0.00098783115366484, 0.0007444160683444717, 0.0005486389316859631, 0.0004216287053210302, 0.00031280301470274256, 0.00020275975247575567, 0.0001279745512605003, 7.533831401529248e-05, 5.185616740339371e-05, 3.685737399563847e-05, 2.5705321824386356e-05, 1.7848519434161153e-05, 1.3127878532498089e-05, 9.12111349271306e-06, 6.1444404927999455e-06, 5.06595156482093e-06, 3.985002355803566e-06, 3.7561589101604343e-06, 3.1415653704236677e-06, 2.289343654368888e-06, 1.7292452416092473e-06, 1.205225768355612e-06, 8.679052373083303e-07, 6.217498481044071e-07, 4.805387532581182e-07, 3.6698078120613584e-07, 2.839485099324608e-07, 2.3085522143062958e-07, 1.832112353240091e-07, 1.3464762083464594e-07, 9.104520366658982e-08, 6.548128984285569e-08, 4.956898641275019e-08, 3.78086203176549e-08, 2.9912944746860746e-08, 2.4310754516257776e-08, 1.7076627530327088e-08, 1.6219619605867222e-08, 1.4422365122496003e-08, 1.1858818993447486e-08, 9.430713854660047e-09, 6.886628642485898e-09, 4.700363093784929e-09, 3.5815837598694686e-09, 2.8806858636775136e-09, 2.165166460853258e-09, 1.4490840056526994e-09, 1.0523962229783886e-09, 7.181400417780195e-10, 4.876147156396501e-10, 3.6502194001355176e-10, 2.8788524228565815e-10, 2.2912714972462587e-10, 1.7358337883775212e-10, 1.244136439798069e-10, 8.902883394487341e-11, 6.820774656542712e-11, 6.391405825898254e-11, 5.080667729142345e-11, 3.9815394111849807e-11, 3.034538645503993e-11, 2.2706743253747455e-11, 1.7124026462011397e-11, 1.1975484798762793e-11, 8.724614555018837e-12, 6.837454835629671e-12, 5.2577190767991265e-12, 3.991883430199641e-12, 3.2853232111074396e-12, 2.5719713507891614e-12, 1.8287869603073278e-12, 1.2735938868083498e-12], "rk": [1.0, 0.008239302478144946, 0.0018892111257956064, 0.00037400009965286916, 0.00021686435068262204, 0.00012899156307610572, 8.505755362788946e-05, 5.805331686871416e-05, 3.958675544704306e-05, 2.8854627480398582e-05, 2.0444923104236482e-05, 1.3309274446330232e-05, 1.0241004664269861e-05, 7.979036388128768e-06, 6.080325982361767e-06, 4.690063605184304e-06, 3.7941429157909837e-06, 3.045330127228099e-06, 2.2219668923740597e-06, 1.5789256981521003e-06, 1.1280628059716208e-06, 9.777765674470254e-07, 8.010080668539824e-07, 6.412816393402681e-07, 5.310262992884753e-07, 4.096627591517759e-07, 3.0676273851045875e-07, 2.3536173311385912e-07, 1.875075288605437e-07, 1.4020647191876967e-07, 1.045761532964403e-07, 7.118572067917232e-08, 4.9681117887463737e-08, 3.5636570912920826e-08, 2.494131003848404e-08, 1.6851728592536323e-08, 1.2328604437790903e-08, 8.65441481791541e-09, 5.4899858316891225e-09, 4.129916175783581e-09, 3.1735712969300497e-09, 2.680476848871388e-09, 2.200628639929052e-09, 1.594904697923594e-09, 1.2211543319732736e-09, 8.860333436506362e-10, 6.59165054702383e-10, 4.683066689661604e-10, 3.52759200732837e-10, 2.550788804604826e-10, 1.8123500615094302e-10, 1.3933939716420077e-10, 1.1044878189740662e-10, 8.613173905592062e-11, 6.278684930899484e-11, 4.674280701464729e-11, 3.5051635799056715e-11, 2.5778557776556084e-11, 1.9071320061832114e-11, 1.5621489291178213e-11, 1.1557144229892578e-11, 9.46018737234049e-12, 7.91010055301785e-12, 6.542912163174415e-12, 5.419596787590236e-12, 4.22923800998112e-12, 2.9997876060203105e-12, 2.129665286235144e-12, 1.6706313550088465e-12, 1.3022638101640625e-12, 9.653831918690083e-13, 7.561160772855762e-13, 5.667303712693046e-13, 3.94941135264354e-13, 2.8350640753218434e-13, 2.0459690073091076e-13, 1.5447395878916444e-13, 1.167722552101084e-13, 8.81531872194346e-14, 6.693838983791947e-14, 5.604786705405412e-14, 4.796803048983013e-14, 3.656921108936794e-14, 2.775141236873426e-14, 2.090161442802018e-14, 1.5586004178747976e-14, 1.2153250329582424e-14, 8.823092582776895e-15, 6.3111561441212505e-15, 4.640630117447428e-15, 3.3908904306996925e-15, 2.3618348601275472e-15, 1.897172767591575e-15, 1.542186241672236e-15, 1.1738866146174802e-15, 8.402975548518706e-16], "exit_code": 0, "iters": 95, "mtx": "orsreg1", "method": "ilu0", "x_id": "randn"}