{
  "fre": [
    0.17708823573318747,
    0.01818487832366192,
    0.007499089888651162,
    0.005729361848914359,
    0.004398636058833647,
    0.0024388092073962357,
    0.0018803432811694467,
    0.0012582051669479905,
    0.0007081921905010116,
    0.0004965910796262106,
    0.00040233352308379156,
    0.00023196063372713885,
    4.426768949653455e-05,
    1.5142906494588394e-05,
    9.552856265596145e-06,
    7.161370221370847e-06,
    4.703269674079124e-06,
    2.9277179269833476e-06,
    2.005130881673079e-06,
    1.3852001928459057e-06,
    1.2014863554478494e-06,
    8.62825400402146e-07,
    4.164565096852743e-07,
    2.4957718227768497e-07,
    1.3214480994092813e-07,
    7.586053798671887e-08,
    4.1705291077852484e-08,
    2.9406913470555736e-08,
    2.19000316769687e-08,
    1.4010895303048386e-08,
    8.624653886368262e-09,
    4.493920572302659e-09,
    2.5631638882113843e-09,
    1.7614508796237953e-09,
    1.0526372793665024e-09,
    7.220739253160042e-10,
    4.815258868259391e-10,
    2.8468252274063616e-10,
    1.8805671485917415e-10,
    9.168239127509069e-11,
    8.146628882278091e-11,
    6.41763322738472e-11,
    4.1407569348869364e-11,
    2.6683505943351434e-11,
    1.750192984508801e-11,
    9.20117160862972e-12,
    4.7994238656943635e-12,
    2.7645199864058687e-12,
    1.6248934332272512e-12,
    1.0224436526587533e-12,
    6.624227970490952e-13,
    4.0429751114832274e-13,
    2.525785490459732e-13,
    1.4819142058123927e-13,
    8.485813353280668e-14,
    6.481070463698036e-14,
    4.9698411631568504e-14,
    4.4723076623597094e-14,
    4.093716305676572e-14,
    3.92839335330942e-14,
    3.411788483438197e-14,
    3.380688689259327e-14,
    3.4820722221424244e-14,
    3.361080075544777e-14,
    3.185580522744765e-14,
    3.320960915938538e-14,
    2.9187540602261015e-14,
    2.9364728354810975e-14,
    2.761695122753356e-14
  ],
  "rk": [
    1.0,
    0.20662895568334597,
    0.01417992218288527,
    0.0012092690442170038,
    0.000293057678936642,
    0.0001670665256026449,
    7.359361099836484e-05,
    4.651731581462915e-05,
    3.3575148404028205e-05,
    1.9188669649404037e-05,
    9.85863825391042e-06,
    6.338699277653552e-06,
    4.82608402168737e-06,
    1.8073909108368348e-06,
    5.499655992135242e-07,
    2.872520326048858e-07,
    1.8111249522877556e-07,
    1.1295853954393673e-07,
    6.581183886615951e-08,
    4.4974877976724195e-08,
    2.915855446605779e-08,
    2.336557975077912e-08,
    1.7080993388852597e-08,
    9.57019967416827e-09,
    6.252393124809433e-09,
    3.77856344438596e-09,
    2.24342637984808e-09,
    1.243439480002541e-09,
    7.425706545828616e-10,
    4.83936807148284e-10,
    3.1841891189109047e-10,
    2.1496784562595993e-10,
    1.2664752863811387e-10,
    6.725310395017948e-11,
    4.160033561402814e-11,
    2.403010492044231e-11,
    1.611838046811911e-11,
    1.1694919071204316e-11,
    6.516919289915082e-12,
    4.215536814799797e-12,
    2.1066430900740885e-12,
    1.608280804708295e-12,
    1.277080022178383e-12,
    8.445350355991059e-13,
    5.251980446448196e-13,
    3.392365010617782e-13,
    2.2263599049914468e-13,
    1.324480096854323e-13,
    8.04077781260606e-14,
    4.5631356199784343e-14,
    2.744528899804873e-14,
    1.6770963991613015e-14,
    1.077844016435411e-14,
    6.651255012117692e-15,
    4.290980960301266e-15,
    2.3760557661241404e-15,
    1.4656857184085228e-15,
    3.996287671621862e-15,
    3.4419147140523078e-15,
    3.2926351715394797e-15,
    3.3111516304638832e-15,
    3.23124880176021e-15,
    3.26070485496219e-15,
    3.1902690526077997e-15,
    3.15330211692278e-15,
    3.1990750516718396e-15,
    3.126778703102532e-15,
    3.292256724569458e-15,
    3.1498609250010714e-15,
    3.1116321390489627e-15
  ],
  "exit_code": 56,
  "iters": 69,
  "mtx": "orsreg1",
  "method": "max-lf_alt-o-repeat_m3",
  "x_id": "sine"
}