{
  "fre": [
    0.29237034302703435,
    0.04074058968049682,
    0.010199622194076306,
    0.003925515234101588,
    0.0013044581519891941,
    0.0008315813178886804,
    0.0006141968013666309,
    0.0004653963730974739,
    0.00028486106804316986,
    0.0001686901891020721,
    5.130121085033294e-05,
    2.795317689422996e-05,
    6.794088675011457e-06,
    1.4465792459369506e-06,
    8.874739107183851e-07,
    6.914149627063558e-07,
    3.9516796953652184e-07,
    1.2025559908271607e-07,
    3.8272183168543306e-08,
    2.4272661966623143e-08,
    1.7020473413920747e-08,
    6.7000214738014064e-09,
    3.890768550391368e-09,
    2.07705326515186e-09,
    9.014677254608562e-10,
    4.021839696435103e-10,
    2.392486385798583e-10,
    9.433976875485685e-11,
    3.746181660551384e-11,
    2.019609252063592e-11,
    1.2126426584312652e-11,
    4.702052215632676e-12,
    2.342649347260199e-12,
    1.1229844127041246e-12,
    4.659451860874786e-13,
    2.687180639732396e-13,
    1.5680541230281536e-13,
    7.367681784508199e-14,
    4.812162091828542e-14,
    4.207329829154531e-14,
    3.8197458084369104e-14,
    3.6551653036757124e-14,
    3.255147599312192e-14,
    3.22073849145761e-14,
    2.8699531467102695e-14,
    3.057178848391541e-14,
    2.810061065384674e-14,
    2.9467332098353253e-14,
    3.1992364876043914e-14,
    3.155962355186194e-14,
    2.7233592447514457e-14,
    2.88062223133865e-14
  ],
  "rk": [
    1.0,
    0.32798188436507275,
    0.03973064128645738,
    0.008291063010997106,
    0.0025192298178930653,
    0.0005152084101827604,
    0.00011728870314622617,
    3.852883776164511e-05,
    9.738843226339943e-06,
    5.413817472412969e-06,
    3.5390415884295965e-06,
    1.160352469366982e-06,
    6.906794485463583e-07,
    2.274895045553647e-07,
    7.37405166440511e-08,
    2.374664249302711e-08,
    1.2972528368883358e-08,
    8.139840265239522e-09,
    3.680537634625892e-09,
    1.1714370758935186e-09,
    5.886444651519017e-10,
    3.927728890185546e-10,
    1.709041394761037e-10,
    9.025576550032879e-11,
    4.552454379628053e-11,
    2.3278364438802792e-11,
    9.554721857960079e-12,
    5.5894842414352045e-12,
    2.729922749052019e-12,
    1.1778325098501225e-12,
    4.646326867468108e-13,
    2.7344095985284705e-13,
    1.2087203787897103e-13,
    5.911156285684168e-14,
    2.9695800133452875e-14,
    1.3117093078161209e-14,
    6.198118439384341e-15,
    3.3701140867791337e-15,
    1.6192989218180032e-15,
    4.060397985155086e-15,
    3.319093116552116e-15,
    3.2424675704578143e-15,
    3.3078559668598362e-15,
    3.2793430810210684e-15,
    3.199926871597935e-15,
    3.2166034146160634e-15,
    3.2325568517398662e-15,
    3.3326740718126444e-15,
    3.2214333716040514e-15,
    3.3329610322729412e-15,
    3.163176018554073e-15,
    3.168899323518421e-15,
    3.2646441811008828e-15
  ],
  "exit_code": 38,
  "iters": 52,
  "mtx": "orsreg1",
  "method": "max-lf_alt-o-repeat_m4",
  "x_id": "sine"
}