{"fre": [0.962916304615104, 0.7854268605754741, 0.48389885813413325, 0.24216786047505315, 0.08896021332599748, 0.04324097394906683, 0.03208452842191006, 0.019113481185211362, 0.001452982736737997, 0.0005653616031838293, 0.0003470584490166975, 0.0002897506963347542, 0.00017467581014554093, 9.795544098455769e-05, 4.539468059326913e-05, 2.8783093205788115e-05, 1.9269544256260754e-05, 9.866218405057306e-06, 5.945765780115889e-06, 3.8630491794462855e-06, 3.255940082899051e-06, 1.9561534416834743e-06, 1.1329791652965762e-06, 6.830615530487155e-07, 3.477253143426459e-07, 2.2975425709259583e-07, 1.5055229472259112e-07, 1.0360529659093012e-07, 6.44658466621985e-08, 3.1535801473027625e-08, 1.4704891706198041e-08, 9.651853442056224e-09, 4.983052810406404e-09, 3.3552378376240382e-09, 2.126463077934535e-09, 1.3080206165557085e-09, 7.633401523071392e-10, 4.0834455044338164e-10, 2.8103247980199896e-10, 1.346741679393344e-10, 1.0825727281522503e-10, 7.800446170036434e-11, 5.080022364588531e-11, 2.8863055860905177e-11, 1.7948489603514872e-11, 1.2648194961086952e-11, 7.319603812222407e-12, 4.364622202111523e-12, 2.388259791582675e-12, 1.2438934525203347e-12, 7.212235440944049e-13, 4.1845240213662173e-13, 2.80662751795883e-13, 1.51622566146753e-13, 8.703227928216548e-14, 5.958307577651906e-14, 4.2530632575372466e-14, 3.4240425487567896e-14, 3.337902215254994e-14, 3.339590769781252e-14, 2.716684481020944e-14, 3.071952367359461e-14, 3.010607498804105e-14, 3.214544844358422e-14, 3.5180179285520954e-14, 3.82555556053635e-14, 4.0586553548661654e-14, 4.1163880631005206e-14, 4.124828193308687e-14, 4.145379561485848e-14, 4.149758491000362e-14], "rk": [1.0, 0.9928119532234041, 0.9127868775543239, 0.7121760473530173, 0.507862381622103, 0.24091722145880026, 0.08393276835319655, 0.05259718201539674, 0.03904326686203024, 0.009737712511487254, 0.001862765906403635, 0.000841625598680271, 0.0005653077501202934, 0.0003593477049711121, 0.00023276538815064198, 0.00011293845340324048, 7.38668430495871e-05, 4.2280733866867464e-05, 1.967600342860341e-05, 1.2665858635549334e-05, 9.12403505041639e-06, 6.870016333949979e-06, 4.261972138970659e-06, 2.554040504452767e-06, 1.83501805641817e-06, 9.888685564933027e-07, 5.967699217427606e-07, 3.1569781816749836e-07, 2.089762111683748e-07, 1.509293572749498e-07, 8.851540598696432e-08, 3.841135736356329e-08, 2.5852515630443378e-08, 1.2777368204298746e-08, 8.249686447701107e-09, 5.285999525463627e-09, 2.954950287527908e-09, 1.7905148473143116e-09, 9.941709695485958e-10, 6.840014763075284e-10, 3.6908254521252823e-10, 2.6609929914012153e-10, 1.6872945072352746e-10, 1.1206170841724355e-10, 6.757049192220636e-11, 4.1642493369922604e-11, 2.836596102502392e-11, 1.552708685432822e-11, 1.0571165803679335e-11, 6.290809704590438e-12, 3.440358939612841e-12, 1.9766917054319197e-12, 1.0841038039484089e-12, 7.238208911844157e-13, 4.323768068343127e-13, 2.186918047288072e-13, 1.2649041414924136e-13, 8.129617768167748e-14, 4.095259989171651e-14, 2.5737353158539928e-14, 3.9998307216136846e-13, 1.000436284026918e-13, 8.249812619051657e-14, 5.449787215380386e-14, 3.678276647894731e-14, 2.484990104827568e-14, 1.7114853654058643e-14, 9.561709843829254e-15, 5.582126124507994e-15, 2.922048820785094e-15, 1.7067944672585997e-15, 4.052960893526227e-13], "exit_code": -1, "iters": 71, "mtx": "orsreg1", "method": "max-lf_alt-o-repeat_m2", "x_id": "ones"}