{"fre": [0.20802211188179365, 0.1550516930455997, 0.10955461444936515, 0.07623656669667697, 0.05555662225261921, 0.04255378509169077, 0.02893694317766308, 0.021693147508979643, 0.016410724214066596, 0.01150512309672436, 0.007982741086306802, 0.004643538571472482, 0.0026669677168021356, 0.001720880968339732, 0.0011304431545179025, 0.0008123562307761188, 0.0005817669719091149, 0.0004004777488372335, 0.00026667045135483935, 0.00017696731372942342, 0.0001561887840799236, 0.00011621326719909006, 8.016560065003201e-05, 5.181974246230257e-05, 3.386140235687406e-05, 2.200883243726906e-05, 1.3274963864209022e-05, 7.891225228169317e-06, 5.417193925057582e-06, 4.102318608238176e-06, 2.7692764036341553e-06, 2.04365959926137e-06, 1.3156895035971986e-06, 7.982850288119829e-07, 4.722633723931591e-07, 2.1362399832750857e-07, 1.1717422871233636e-07, 7.772738520663715e-08, 4.85978550172512e-08, 3.988648327641878e-08, 3.440894479582818e-08, 1.9966136314799545e-08, 1.3790291552547926e-08, 8.165237262749511e-09, 5.0545644663405565e-09, 3.4731557547802134e-09, 2.0355108576739576e-09, 1.4211561764399555e-09, 1.0313298960500337e-09, 6.472444516095998e-10, 4.5904268428160875e-10, 3.0837347538025256e-10, 2.14456061953295e-10, 1.5475706982416833e-10, 1.0147443193219335e-10, 5.900549030351056e-11, 4.020669173416576e-11, 2.7312936569176442e-11, 1.9744240937926018e-11, 1.312388951794775e-11, 1.1895505875879375e-11, 9.418924667706036e-12, 6.200379303373169e-12, 3.726665827793272e-12, 2.3564274696618025e-12, 1.6499343757536374e-12, 1.0851635574331462e-12, 6.946741693670622e-13], "rk": [1.0, 0.003594638620070858, 0.0005245112067977674, 0.00025022050752560173, 0.00013820478240311377, 8.183670551709941e-05, 5.322251193645603e-05, 3.310031836752104e-05, 2.074795839563329e-05, 1.5123539241079868e-05, 1.0674030850147459e-05, 7.664086664495657e-06, 4.770585593938236e-06, 2.9827381663535753e-06, 1.876809637853332e-06, 1.202630092313021e-06, 8.353798462777974e-07, 5.687911791366319e-07, 3.747254955456168e-07, 2.586619582356171e-07, 1.9285911045209158e-07, 1.4927734971315424e-07, 1.0580564457102948e-07, 7.371311225013651e-08, 5.111140617809024e-08, 3.535517672521878e-08, 2.3796493002215794e-08, 1.4871954183149895e-08, 8.707730486271354e-09, 5.7205701656416056e-09, 4.1577310499762055e-09, 2.6287218820139115e-09, 1.8841733316179813e-09, 1.2863988746444392e-09, 8.455143983940743e-10, 5.887934866958523e-10, 3.3518352893496503e-10, 1.8637444997224222e-10, 1.1647888167005785e-10, 5.724481219353372e-11, 4.1723421200647724e-11, 3.4979412379928574e-11, 2.127320050910637e-11, 1.506136954428081e-11, 9.600699555238521e-12, 6.013878716693536e-12, 4.232063475791665e-12, 2.565558047981959e-12, 1.6453230986452347e-12, 1.1507710434002326e-12, 6.973924410516036e-13, 4.817387332961577e-13, 3.1385068898681233e-13, 2.1500687328600786e-13, 1.4793390896812677e-13, 9.915947810550593e-14, 5.973501400733557e-14, 4.113416512675498e-14, 2.7691318055264925e-14, 1.9566749867771546e-14, 1.3834013128656262e-14, 1.075139305651189e-14, 8.381114865056348e-15, 5.909785182417364e-15, 3.7552548072333744e-15, 2.3602497097937362e-15, 1.600402169067025e-15, 1.1220327639962148e-15, 7.555046121400164e-16], "exit_code": 0, "iters": 68, "mtx": "orsreg1", "method": "max-st_alt-o_m4", "x_id": "randn"}