{
  "fre": [
    0.21173530743850863,
    0.15692078992720895,
    0.11181558832465378,
    0.07897924989375463,
    0.05743061376067603,
    0.04443034582173581,
    0.03149937764341033,
    0.022654613614634583,
    0.017506939684381186,
    0.012418762810155005,
    0.008908338718600533,
    0.005473230437874705,
    0.0030452396470225297,
    0.001872786449248961,
    0.0012820937912336892,
    0.000912426478293816,
    0.0006507106789598742,
    0.0004632253071760733,
    0.00030425806836818087,
    0.00021383176360566182,
    0.00019158731489245064,
    0.00013450180491365348,
    9.510165734535497e-05,
    5.987588927297602e-05,
    3.8595935187427036e-05,
    2.560924881591077e-05,
    1.3700283181507082e-05,
    9.394490957685385e-06,
    6.867789770173578e-06,
    5.064786089078508e-06,
    3.473113963035601e-06,
    2.497129759729178e-06,
    1.6328768364358847e-06,
    9.906970771976947e-07,
    5.738153162466777e-07,
    2.604915380771626e-07,
    1.6009980376745712e-07,
    9.646394520240605e-08,
    6.650000288903125e-08,
    5.26824834997847e-08,
    4.7082494400222204e-08,
    2.9030195404356488e-08,
    1.9495226968071622e-08,
    1.1579956035968398e-08,
    6.602426025676179e-09,
    4.632335065878721e-09,
    3.0742640076443228e-09,
    2.060697381170224e-09,
    1.465573931636288e-09,
    1.036651285765e-09,
    6.951330669835068e-10,
    4.87046464148943e-10,
    3.180036084566579e-10,
    2.0734197734333372e-10,
    1.4570129271971772e-10,
    9.051725905836815e-11,
    6.471552322155638e-11,
    4.759573345324793e-11,
    3.1798698009461725e-11,
    2.2800626504967146e-11,
    2.075869673706875e-11,
    1.548970970613742e-11,
    1.0413006197036817e-11,
    6.212699226823918e-12,
    4.016684418655108e-12,
    2.697065953911023e-12,
    1.6805685788266241e-12,
    1.075442055889652e-12,
    8.156393300511819e-13,
    5.46705041278082e-13,
    3.6342786757830313e-13
  ],
  "rk": [
    1.0,
    0.010082531393947077,
    0.0014017125361452658,
    0.0006608586752504705,
    0.0003671062835176567,
    0.0002184527428036875,
    0.00014220248259921284,
    9.204704441622297e-05,
    5.5243060316751525e-05,
    4.08245876144652e-05,
    2.9025952421771343e-05,
    2.143924622577731e-05,
    1.4029719059887726e-05,
    8.410121202680448e-06,
    5.23123201799907e-06,
    3.6097127174858016e-06,
    2.404201391267248e-06,
    1.6237101633260922e-06,
    1.1144474219784427e-06,
    7.239693838816248e-07,
    5.555401532668351e-07,
    4.499301471210385e-07,
    3.050011767249797e-07,
    2.236738873529596e-07,
    1.535318555995939e-07,
    1.0217206113549617e-07,
    7.065250112226606e-08,
    4.0745130532223134e-08,
    2.552320997575348e-08,
    1.7608868199349393e-08,
    1.287176515339432e-08,
    8.49771724917728e-09,
    5.706667729499731e-09,
    4.099643534064153e-09,
    2.7485476133229015e-09,
    1.8432299064564202e-09,
    9.830669046547157e-10,
    6.114824711930805e-10,
    3.662245492299525e-10,
    1.9667335659814198e-10,
    1.4204345240615507e-10,
    1.197637782093241e-10,
    7.74818064790956e-11,
    5.333397046672017e-11,
    3.51375433182853e-11,
    2.088096714779954e-11,
    1.4341490472972977e-11,
    9.412502367644641e-12,
    6.126639044348398e-12,
    4.046276301504717e-12,
    2.7943352594779785e-12,
    1.7821705960003554e-12,
    1.254749537847189e-12,
    8.752488102978739e-13,
    5.336321597176828e-13,
    3.6125454192562776e-13,
    2.2397033057498605e-13,
    1.5719206433391075e-13,
    1.1380397076739473e-13,
    7.82449339152962e-14,
    5.745307020425236e-14,
    4.66644651093373e-14,
    3.4766910869888647e-14,
    2.499122131276552e-14,
    1.5957509173026674e-14,
    1.0278995135694449e-14,
    6.738933644224752e-15,
    4.664656808777644e-15,
    2.9441275774934276e-15,
    2.0638848698442404e-15,
    1.3636048995858966e-15,
    8.932439188494797e-16
  ],
  "exit_code": 0,
  "iters": 71,
  "mtx": "orsreg1",
  "method": "max-st_alt-o_m3",
  "x_id": "randn"
}