{"fre": [0.9404365392996291, 0.6529764956057235, 0.28617738462889375, 0.14342255266829623, 0.05382486946653394, 0.03485849583678384, 0.02769871412934393, 0.016298879799709072, 0.004629228327756479, 0.0009457544655588499, 0.000323311302795897, 0.00028051056236650204, 0.00022129194771419733, 0.00013016916493058562, 7.083829427833328e-05, 4.058362850642236e-05, 2.2317856068281662e-05, 1.5077926034196768e-05, 9.713987630646822e-06, 5.272269336100316e-06, 4.536072029978247e-06, 3.4496474820639464e-06, 2.101444246138038e-06, 1.1095937064802454e-06, 7.58202741559806e-07, 4.551799395977872e-07, 2.565564544840479e-07, 1.8704940767697898e-07, 1.0640696023760584e-07, 6.137204407817826e-08, 3.6766877127844865e-08, 1.6638322495968843e-08, 1.0348397711859363e-08, 7.195053235838756e-09, 4.144147417633057e-09, 2.759328643913826e-09, 1.799076447209826e-09, 1.1110507047073112e-09, 7.232192166672229e-10, 4.654672123643355e-10, 4.0959494473107695e-10, 2.9951340019428134e-10, 1.716914939857903e-10, 1.0169027019762138e-10, 6.270935575485625e-11, 3.689028322000296e-11, 2.2246727072093577e-11, 1.4437864273010425e-11, 8.670895421520633e-12, 5.893419035719519e-12, 3.75001046982355e-12, 2.5971382881549095e-12, 1.5452267333976672e-12, 8.708336122031973e-13, 4.436586274752214e-13, 2.6080902664820495e-13, 1.5947519142582505e-13, 1.032626458664567e-13, 7.766669792964429e-14, 5.134030843787181e-14, 4.393358406175656e-14, 4.239128085411989e-14, 4.292155288473389e-14, 3.893969259328229e-14, 3.693118319785282e-14, 3.9158618648004953e-14, 4.057180435423988e-14, 4.064884457562517e-14, 4.1094040280524476e-14, 4.1766205517813855e-14, 4.1972435567163835e-14, 4.204087315192955e-14, 4.211473847509642e-14], "rk": [1.0, 0.9864122705946433, 0.8325715748181188, 0.5487474953160546, 0.3796624852105139, 0.14824829107509854, 0.05914235988393808, 0.04870194082435832, 0.03752702904673309, 0.017395061670003834, 0.004317425541724395, 0.0010544620064778523, 0.0005987988176932923, 0.0004569384363109838, 0.00026723304880489624, 0.00017263360508033615, 0.00010419899479645918, 5.985852642103965e-05, 3.8257647924156943e-05, 2.328092447932135e-05, 1.123517201613627e-05, 8.767966427772037e-06, 6.9950254924115035e-06, 4.93083233466462e-06, 2.8608540297471856e-06, 1.7460958481494902e-06, 1.0205722031036602e-06, 5.421742756938653e-07, 4.0450941541201483e-07, 2.662921769171372e-07, 1.665716926044118e-07, 1.0536076263565316e-07, 4.8139124056487276e-08, 3.00473541445796e-08, 1.9902888866456465e-08, 1.108388113390007e-08, 6.9286146731337014e-09, 4.44057230580628e-09, 2.858375895964714e-09, 1.72485383500847e-09, 1.0586029819664075e-09, 8.224026469349468e-10, 6.143101578004971e-10, 3.9815262286990903e-10, 2.501797079211032e-10, 1.5496932406033655e-10, 9.3966804750314e-11, 5.4732087026366955e-11, 3.652869500012805e-11, 2.214172507944297e-11, 1.4334237292380352e-11, 8.684683236290165e-12, 5.980623784997016e-12, 3.672669243599452e-12, 2.239347694046947e-12, 1.2730293673606612e-12, 7.870746653466956e-13, 4.719467172103874e-13, 2.6377899209006125e-13, 1.6961605371000991e-13, 4.2199639679870956e-13, 1.315557959655923e-13, 1.1005570913335778e-13, 7.444448448713038e-14, 4.683986708400858e-14, 3.0745320981540306e-14, 1.8155020738282128e-14, 1.0104493718676212e-14, 7.212594407346852e-15, 4.957306027137514e-15, 2.92987501322794e-15, 2.0438900692032932e-15, 1.2661951398120784e-15, 4.1829082071470834e-13], "exit_code": -1, "iters": 73, "mtx": "orsreg1", "method": "max-lf_alt-o-repeat_m3", "x_id": "ones"}