{"fre": [0.17775319946778953, 0.10996514762573102, 0.08523773959851834, 0.05283896226841364, 0.035750108622424885, 0.02333845205491487, 0.014970286268059674, 0.010124353725159187, 0.007665479653709217, 0.005052654897694306, 0.0034674687443446285, 0.0019369575585883015, 0.0012094908934266895, 0.0008265917749241663, 0.0005149930799034845, 0.00031111481125541986, 0.00019705383847155798, 0.00012079268577979559, 7.220498136130742e-05, 3.2073074067342946e-05, 2.7224714019210272e-05, 1.951931032050292e-05, 1.3043939689389896e-05, 8.284890520605372e-06, 4.9049180517942e-06, 3.2688889382374255e-06, 2.1874877902320686e-06, 1.4083624695557653e-06, 8.598866745433044e-07, 5.699899928197763e-07, 3.736307061638012e-07, 2.5731337460394855e-07, 1.4429566501015483e-07, 8.855864836249772e-08, 4.749965395054052e-08, 2.692820192753668e-08, 1.4775523785096149e-08, 8.078435687119527e-09, 5.287995752322243e-09, 3.6742607199650222e-09, 3.148536436201384e-09, 1.939625978785049e-09, 1.2127816662828201e-09, 7.271884454547422e-10, 4.553542868948253e-10, 2.846487719760143e-10, 1.7150037035345926e-10, 1.0392315784711921e-10, 7.170432115939415e-11, 4.429695695910898e-11, 2.669701680472758e-11, 1.7372317805991377e-11, 1.1217850278347138e-11, 7.228978918917259e-12, 4.611233844741659e-12, 2.7597104106957624e-12, 1.848613844716894e-12, 1.1543087118841459e-12], "rk": [1.0, 0.0029865663334066417, 0.0002665821250080843, 0.00011672035937242691, 6.1427090631512e-05, 3.3248820248822075e-05, 1.997189202734218e-05, 1.1073106243543245e-05, 6.428167498920695e-06, 4.622149741377767e-06, 2.9869853932784174e-06, 2.0344799177885407e-06, 1.2053665294193863e-06, 7.07916957136268e-07, 4.864475284815957e-07, 3.276067360673464e-07, 1.985286568904529e-07, 1.2524178796054653e-07, 7.779938812969505e-08, 5.183567940061105e-08, 2.9435104158358813e-08, 1.999322318060952e-08, 1.2646994264893868e-08, 8.045317624398065e-09, 5.414417587450998e-09, 3.369672027456845e-09, 2.1399958172065602e-09, 1.345729195413614e-09, 8.580178698071413e-10, 5.326116232287071e-10, 3.455078659091334e-10, 2.212498891996416e-10, 1.5525360338086355e-10, 9.07297045345997e-11, 5.893251599722144e-11, 3.6770481987066423e-11, 2.2571034125545624e-11, 1.3039956661310798e-11, 6.8530376279120125e-12, 3.69295798587674e-12, 2.4939144046798906e-12, 2.0005922192092597e-12, 1.2820494605372115e-12, 8.169577159972135e-13, 5.077395215524163e-13, 3.111104254592052e-13, 1.998562806303478e-13, 1.2056415252312787e-13, 7.177893617509553e-14, 4.7645409802218684e-14, 2.9873032575472124e-14, 1.763040346335095e-14, 1.14436104852833e-14, 7.376651841591353e-15, 4.7423607940274874e-15, 3.089107566927396e-15, 1.7736695345460456e-15, 1.1082257780478874e-15, 7.288254172450226e-16], "exit_code": 0, "iters": 58, "mtx": "orsreg1", "method": "max-lf_alt-o-repeat_m3", "x_id": "randn"}