{
  "fre": [
    0.04072260925550281,
    0.003095480815756115,
    0.002076461752973003,
    0.0011884356861307994,
    0.0004558872748437384,
    0.00026464595931848455,
    0.00014778664408361415,
    1.640663509790738e-05,
    2.975595579236695e-06,
    1.8378409876515307e-06,
    6.280976736570234e-07,
    3.695772325507274e-07,
    1.302633580494697e-07,
    4.3294186895607584e-08,
    1.9246669859845873e-08,
    8.821838019627129e-09,
    4.619948556894097e-09,
    1.6276249356346899e-09,
    6.521804213819071e-10,
    3.04429805304467e-10,
    2.0917533053559841e-10,
    9.811772220209972e-11,
    4.114123151976917e-11,
    1.7878236947704434e-11,
    7.453604613691964e-12,
    3.787223395131048e-12,
    1.386340169851904e-12,
    5.726533870706912e-13,
    2.565223469722611e-13,
    1.2367719801888702e-13,
    5.442192838824928e-14,
    3.8146832149093376e-14,
    2.785723854991563e-14,
    3.453895124933902e-14,
    2.9433441030740874e-14,
    2.8034421998386408e-14,
    2.7691862257820354e-14,
    2.905987467929847e-14,
    2.7725120474607088e-14,
    2.4960719432438423e-14,
    2.62766499347656e-14,
    2.841426825465494e-14,
    2.589496928044063e-14,
    2.420377649672149e-14,
    2.5739172774348522e-14
  ],
  "rk": [
    1.0,
    0.06647146769569297,
    0.0010665159637396856,
    6.515291794531992e-05,
    3.8401315309947755e-05,
    1.1996458271381428e-05,
    6.006913850029518e-06,
    3.8109773608445093e-06,
    5.64889521724092e-07,
    1.0683429024946378e-07,
    5.542066197325204e-08,
    1.5849997995790245e-08,
    9.494796254662229e-09,
    4.158921689607901e-09,
    1.504057493316165e-09,
    6.841529503520639e-10,
    2.4889998847604416e-10,
    1.2245578826067892e-10,
    4.879491113206211e-11,
    1.9703041840077174e-11,
    8.72454671940265e-12,
    5.229268257196329e-12,
    2.864370908924686e-12,
    1.0741344521515284e-12,
    4.919792805396947e-13,
    2.2446473718664576e-13,
    1.0444444335793855e-13,
    4.50336263629927e-14,
    2.0000350553243788e-14,
    7.72000094137377e-15,
    3.377446064275387e-15,
    1.5875847504483069e-15,
    3.880361464192576e-15,
    3.4631810415832646e-15,
    3.2880886781366865e-15,
    3.407867093187518e-15,
    3.3341533812350502e-15,
    3.2653791130030866e-15,
    3.2855802566645872e-15,
    3.2333239100784774e-15,
    3.322766694895573e-15,
    3.2027202044755322e-15,
    3.425745087218674e-15,
    3.3328252316386067e-15,
    3.332039880594385e-15,
    3.3366528239442917e-15
  ],
  "exit_code": 31,
  "iters": 45,
  "mtx": "orsreg1",
  "method": "max-st_alt-o-repeat_m4",
  "x_id": "sine"
}