{
  "fre": [
    0.6316861387803289,
    0.3772741611019243,
    0.2246024639856682,
    0.16598356695075325,
    0.12041234557709578,
    0.08239225070763301,
    0.057042020399105546,
    0.047474379744226865,
    0.03774603252708166,
    0.027873113020385004,
    0.014683201896002123,
    0.010919048263734986,
    0.008777368725071885,
    0.005276127878565002,
    0.0016862496139954848,
    0.0006717145331703456,
    0.00027841022164797036,
    0.00014380886829108635,
    0.00011279323747912763,
    8.97179612164455e-05,
    7.914323127727305e-05,
    6.136129498639971e-05,
    4.05769878051748e-05,
    3.062497146468763e-05,
    2.0596172612303483e-05,
    1.5072236922371555e-05,
    8.375231817068503e-06,
    3.92408740964808e-06,
    2.170881676500066e-06,
    1.432807700159114e-06,
    1.0646853870674107e-06,
    6.604339192960358e-07,
    4.867706453853145e-07,
    3.381182274681642e-07,
    2.420607292247612e-07,
    1.8214709938939546e-07,
    1.1043670967993413e-07,
    6.075483439465233e-08,
    4.1124008373380396e-08,
    2.575951712343759e-08,
    2.2784728675869133e-08,
    1.6599994407976706e-08,
    1.1823385615432929e-08,
    8.63035669616527e-09,
    6.653327111337926e-09,
    4.4209382371247755e-09,
    2.7719771785779984e-09,
    1.4383254740776195e-09,
    9.789080775649033e-10,
    5.339736709136739e-10,
    3.6483306484936806e-10,
    1.949087347873188e-10,
    1.444268577483946e-10,
    1.0659677711685691e-10,
    7.089220046815788e-11,
    5.017795650231343e-11,
    3.228469158434222e-11,
    2.3083263594553917e-11,
    1.522960405940625e-11,
    8.763430090560252e-12,
    7.766283300174308e-12,
    6.159720353141803e-12,
    4.517537330246784e-12,
    2.9840195736341118e-12,
    1.8770132702782682e-12,
    1.2410387835143468e-12,
    7.722342185419284e-13,
    4.0453920361955915e-13,
    2.418986597921166e-13,
    1.5885110431481993e-13,
    1.2226132908582664e-13,
    9.286335189300196e-14,
    6.238346681079835e-14,
    4.8530119235721616e-14,
    3.94440639485101e-14,
    3.7418763122255014e-14,
    3.7306621238753786e-14,
    3.5685465429630284e-14,
    3.097016651433647e-14,
    3.07025951677684e-14,
    2.7870372972432133e-14,
    2.824038045996889e-14,
    2.879229622896802e-14,
    2.768273292856477e-14,
    2.8234150379814464e-14,
    2.8413100284622456e-14,
    2.662974117563575e-14
  ],
  "rk": [
    1.0,
    0.4997619061836483,
    0.16881602924081696,
    0.044024193929153375,
    0.014151911015714048,
    0.0075001111754811065,
    0.0037653648697067083,
    0.0017082489000206902,
    0.0011492103255955133,
    0.0008447928193138447,
    0.0006027358602879922,
    0.000317894832989999,
    0.00021055699482525024,
    0.00016876811287793957,
    0.00012618112518867594,
    6.473983636310175e-05,
    3.191479634954838e-05,
    1.4323852546863152e-05,
    6.330292138570826e-06,
    3.6023110340381455e-06,
    2.3362331343047687e-06,
    1.801345595780507e-06,
    1.3923851996952762e-06,
    9.296569275762863e-07,
    7.084695653322099e-07,
    4.702278613996155e-07,
    3.583272468062231e-07,
    2.425669493408376e-07,
    1.3378205542706211e-07,
    8.18130579249379e-08,
    4.8445309652451073e-08,
    3.309088571840468e-08,
    2.014364300288049e-08,
    1.3459706710043467e-08,
    8.865578600724193e-09,
    5.8111422269701e-09,
    4.09382899547784e-09,
    2.6893465262926345e-09,
    1.5424934650829953e-09,
    1.0327726301651992e-09,
    6.867300390464848e-10,
    5.173079676713669e-10,
    3.668045399480356e-10,
    2.51708532220134e-10,
    1.7778591719508975e-10,
    1.3583223343090868e-10,
    9.848563971795655e-11,
    6.784493857513349e-11,
    3.972393259673391e-11,
    2.992662181542465e-11,
    1.9192958813505455e-11,
    1.2817197820804111e-11,
    6.597411446939869e-12,
    4.3184789289767025e-12,
    2.9015252215428892e-12,
    1.949877452077658e-12,
    1.2951027497445799e-12,
    7.880357885408866e-13,
    5.411930130053254e-13,
    3.9059256386606674e-13,
    2.4845261115248336e-13,
    1.829865507804095e-13,
    1.3487932929844846e-13,
    1.0256181827456783e-13,
    6.998359693078847e-14,
    4.728130708394734e-14,
    3.218239920248331e-14,
    2.2308287682289067e-14,
    1.3266425241584247e-14,
    8.401226653368557e-15,
    4.9502667918424955e-15,
    3.505444576460748e-15,
    2.4848897063607926e-15,
    1.5802326503128178e-15,
    1.0411638656614189e-15,
    3.951879558296868e-15,
    1.0217699485617583e-15,
    3.3966860387732143e-15,
    3.3093722478445855e-15,
    3.2781052402043745e-15,
    3.2196767110228036e-15,
    3.2153578098904977e-15,
    3.1548243877363797e-15,
    3.2748359027108922e-15,
    3.107370026571313e-15,
    3.1984355516467873e-15,
    3.2011971127509676e-15,
    3.149416370253965e-15
  ],
  "exit_code": 75,
  "iters": 87,
  "mtx": "orsreg1",
  "method": "max-lf_alt-o_m4",
  "x_id": "sine"
}