{
  "fre": [
    0.975092062545731,
    0.4565362760292128,
    0.14039841040156387,
    0.030295606752537764,
    0.02102829525383913,
    0.002861512477210849,
    0.00035398918022516484,
    0.00026515471737455833,
    8.6839980259635e-05,
    3.0702638748764844e-05,
    1.4123428161079696e-05,
    5.726830824595258e-06,
    2.7281573021412075e-06,
    9.007046894563101e-07,
    4.853157750336396e-07,
    1.632295538397866e-07,
    7.565354797175197e-08,
    3.2382856821628967e-08,
    1.3583834288375793e-08,
    5.758774014150152e-09,
    3.586766296963744e-09,
    1.901571562307424e-09,
    9.021788399524632e-10,
    3.585297329480216e-10,
    1.5608529839774942e-10,
    5.395858880940676e-11,
    2.2595107290906982e-11,
    9.707625029745632e-12,
    3.826778111505205e-12,
    1.889682448731755e-12,
    7.910802728257341e-13,
    3.508828209682653e-13,
    1.5768310764702035e-13,
    6.989670957049163e-14,
    3.7230643978792806e-14,
    3.094760956986229e-14,
    2.95921183238551e-14,
    2.967714473538889e-14,
    2.984752982874817e-14,
    3.0000781245183987e-14,
    2.4151611863861815e-14,
    2.7931517550640622e-14,
    2.714287530694506e-14,
    2.9621578177161976e-14,
    2.999283393392141e-14,
    3.001029804796281e-14,
    2.9960551941004615e-14
  ],
  "rk": [
    1.0,
    0.9972665183509346,
    0.678751343281542,
    0.3857841276950841,
    0.054646809195325025,
    0.04822229715221026,
    0.011710769397492809,
    0.0010946172658558614,
    0.00063427067845456,
    0.00023547388372035624,
    0.00010022282187176956,
    4.106560555665526e-05,
    1.3903180553312124e-05,
    7.788030436526033e-06,
    2.793644564250274e-06,
    1.1334284820657274e-06,
    4.491605631190951e-07,
    2.436843893849024e-07,
    9.138384332740433e-08,
    3.769944779185675e-08,
    1.8862381122835596e-08,
    1.0163126174838402e-08,
    4.993027930608282e-09,
    2.3260623332575303e-09,
    1.0653445097585303e-09,
    4.842345548468664e-10,
    1.761176645818613e-10,
    7.386274530005507e-11,
    3.297280800916301e-11,
    1.2498894048324829e-11,
    6.12914498312599e-12,
    2.4652789833925284e-12,
    1.0533897875622513e-12,
    5.246321635544949e-13,
    2.0588607533834673e-13,
    8.083458757805772e-14,
    3.4594410669378615e-14,
    1.2531553427728135e-14,
    5.55751301771049e-15,
    2.541561946854965e-15,
    3.97462148586539e-13,
    7.062997297979132e-14,
    4.417296993720178e-14,
    2.070600340431051e-14,
    9.698011899147052e-15,
    4.497950966228094e-15,
    1.57834939433067e-15,
    3.8123428498403276e-13
  ],
  "exit_code": -1,
  "iters": 47,
  "mtx": "orsreg1",
  "method": "max-st_alt-o-repeat_m4",
  "x_id": "ones"
}