{"fre": [0.22690587591984254, 0.16154030395536204, 0.13565165772732277, 0.10045696217425362, 0.07344635458858215, 0.05387064724894784, 0.044070869124109846, 0.032261408477807244, 0.024144119379814765, 0.02014558341951955, 0.015283389903089077, 0.011422593075924015, 0.008514432800600978, 0.005292458556551432, 0.0030248157081034805, 0.0020967604920808735, 0.0015592344519978374, 0.0010642350270430863, 0.0008006383891085921, 0.0006186057370950541, 0.0005721538761271378, 0.0004794505769991119, 0.0003559522851070521, 0.00025224027139541204, 0.00016836891798245474, 0.0001012881395655916, 6.718949519171318e-05, 4.926159564395573e-05, 3.387772699558733e-05, 2.521307800672902e-05, 1.9648670751355465e-05, 1.3217004835028895e-05, 8.863221698795703e-06, 6.559297290130228e-06, 3.7846486852202214e-06, 2.4136868965509748e-06, 1.8264595879690824e-06, 1.1411529700332173e-06, 7.888101127177577e-07, 6.330999642985273e-07, 5.806491035111537e-07, 4.094100604881681e-07, 2.8349827183379726e-07, 2.0466913523587187e-07, 1.3983167585666892e-07, 9.486632984340023e-08, 7.450182967319996e-08, 5.0943027655571956e-08, 3.396600998541128e-08, 2.6435088564944268e-08, 1.8252304393115238e-08, 1.2441642757968075e-08, 9.474645405498981e-09, 6.246994742549015e-09, 4.0727713130300635e-09, 3.135721193530808e-09, 2.5705709580119734e-09, 1.950154575346889e-09, 1.447819327832646e-09, 1.0629261249013498e-09, 9.811720398763473e-10, 7.870617789858972e-10, 6.062797225410571e-10, 4.351459799162517e-10, 2.587583395606591e-10, 1.7061799568847466e-10, 1.1934649109874764e-10, 8.512962271105178e-11, 6.16983248168079e-11, 4.321519877231029e-11, 3.0760451994418936e-11, 2.0920111963609695e-11, 1.5635335111463233e-11, 1.1540281464496955e-11, 7.016087956183499e-12, 4.739828590489027e-12, 3.3755752237574343e-12, 2.3542607390773467e-12, 1.746758332918137e-12, 1.3404621659804228e-12, 1.2395358440880782e-12, 9.522817834063854e-13], "rk": [1.0, 0.0051047239718795675, 0.0010447205360013274, 0.0002849412092064177, 0.00017539977435902657, 9.856680234437142e-05, 5.9323783054571984e-05, 4.359987523924792e-05, 2.8982912239564793e-05, 1.8774571956749517e-05, 1.439397152343965e-05, 1.0875021488577627e-05, 8.178670700765544e-06, 6.23385439096733e-06, 4.123294732041454e-06, 2.5884129876595624e-06, 1.8319112260632933e-06, 1.3524051468626275e-06, 8.994088652723453e-07, 6.324321842281324e-07, 4.6721560178492e-07, 3.8903280261702463e-07, 3.18531769859366e-07, 2.419048407062345e-07, 1.8031121246166526e-07, 1.2814761758667506e-07, 8.005273628620684e-08, 5.499902338517839e-08, 4.175662541567658e-08, 2.8026782623163612e-08, 1.9773063834712103e-08, 1.5181801057914524e-08, 1.0525476541881982e-08, 7.2135155986763195e-09, 5.55651107440683e-09, 3.6286556977196132e-09, 2.2700684498420893e-09, 1.7322322219805352e-09, 1.1064914649002375e-09, 7.319733797145842e-10, 5.835310882895143e-10, 4.946330855597957e-10, 3.523367841557561e-10, 2.481296392905495e-10, 1.8154106465372282e-10, 1.2023832978646391e-10, 7.711782788033863e-11, 5.966629090211296e-11, 4.286007545430391e-11, 2.8905856190301588e-11, 2.1342605747724837e-11, 1.4519977156762573e-11, 1.0061815300823852e-11, 7.722418274012002e-12, 5.420319612549159e-12, 3.5453213025537853e-12, 2.401462425651986e-12, 1.7418565887374142e-12, 1.3033393860518628e-12, 1.0249789638979354e-12, 8.384707080740457e-13, 7.01010739427182e-13, 5.255270818483571e-13, 4.004077361786127e-13, 3.1118032724224145e-13, 2.1262562591358332e-13, 1.4221197440155544e-13, 9.603441341678542e-14, 6.687826130234299e-14, 4.7257683720900853e-14, 3.524216092974219e-14, 2.6448400575022554e-14, 1.786530061519537e-14, 1.258998268459203e-14, 9.229338512343265e-15, 5.8793565718858935e-15, 4.209022180408065e-15, 3.0933367231774955e-15, 2.0676505411574813e-15, 1.4912414723362576e-15, 1.216727986056505e-15, 1.023491649721669e-15, 8.113537400414407e-16], "exit_code": 0, "iters": 82, "mtx": "orsreg1", "method": "max-st_alt-o_m2", "x_id": "randn"}