{"fre": [0.14671922330692663, 0.01078216524606729, 0.0037173295549982706, 0.0025633602683349686, 0.002050676650451959, 0.0011246070288574387, 0.00057561698980753, 0.0003912689509440714, 0.00029063341101797415, 0.0001549993115535643, 4.335014944129286e-05, 8.730468421159535e-06, 3.7215884987569638e-06, 2.438904484206868e-06, 1.0543666293102385e-06, 7.649425985354229e-07, 4.712993034950921e-07, 2.476980269290951e-07, 1.0972375554560351e-07, 6.054035399278903e-08, 4.508460485254299e-08, 2.8791694708826336e-08, 1.7731504518016446e-08, 1.2092751941031005e-08, 6.709441181009616e-09, 2.874300551930692e-09, 1.470445471836706e-09, 7.968124838329408e-10, 3.038079883728966e-10, 2.0020590106498375e-10, 1.3083806690972602e-10, 7.818335349426045e-11, 4.324101114897102e-11, 2.395592509636897e-11, 1.4025871875741588e-11, 8.137792696935088e-12, 5.517807116943394e-12, 2.5114183823320123e-12, 1.0813759358155386e-12, 5.240889133192603e-13, 4.022854758880626e-13, 2.448746465019054e-13, 1.5918330399972439e-13, 1.0097669691008238e-13, 5.671144401920803e-14, 4.381979933542327e-14, 3.846861405698439e-14, 3.7539179660451294e-14, 3.368964526536471e-14, 3.1727471575995356e-14, 3.183291355091962e-14, 3.2114742349094395e-14, 3.203362247945634e-14, 2.9897441425049367e-14, 2.7676919691176958e-14, 2.5963378282571142e-14, 2.878589372119469e-14, 2.540711424204733e-14, 3.0502954682205814e-14], "rk": [1.0, 0.25143873111611775, 0.008698705786407352, 0.0007581674069596248, 0.00012601460690174783, 6.160501349868134e-05, 3.651259301443245e-05, 1.717193721768187e-05, 9.766181984708269e-06, 6.3495822467815975e-06, 4.138265514353677e-06, 1.5654555498946693e-06, 3.514565164525817e-07, 1.2510623433534708e-07, 8.080478559520439e-08, 3.372143066808671e-08, 1.9789059367261927e-08, 1.18640514278312e-08, 7.2809246582043205e-09, 3.3540810917231357e-09, 2.0759608116509235e-09, 1.4013307177733452e-09, 8.164395580269087e-10, 4.6560695253264197e-10, 2.9133630650086456e-10, 1.8598072530226098e-10, 9.086185942432836e-11, 4.8685713001418824e-11, 2.5681984911344434e-11, 1.1341857709937731e-11, 5.907737730567189e-12, 3.725239599842275e-12, 1.992076959996678e-12, 1.1901845773109178e-12, 7.033356409532786e-13, 4.260254413411977e-13, 2.1668157963506972e-13, 1.4177197603601864e-13, 7.6672867435347e-14, 3.8728077323587476e-14, 2.045570358569199e-14, 1.3029016489150452e-14, 7.096333618110527e-15, 4.222016274790754e-15, 2.8748052310649547e-15, 1.6199380920316913e-15, 3.91051260907339e-15, 1.1053753600428023e-15, 3.4687816336553002e-15, 3.2610491682217834e-15, 3.2074409388466973e-15, 3.1898050678698777e-15, 3.1501563835029855e-15, 3.1345945974345493e-15, 3.152028920292136e-15, 3.181825518440093e-15, 3.309790266265652e-15, 3.2249373518222103e-15, 3.2265791936718653e-15, 3.12758229351192e-15], "exit_code": 46, "iters": 59, "mtx": "orsreg1", "method": "max-st_alt-o-repeat_m2", "x_id": "sine"}