{
  "fre": [
    0.23312587658924275,
    0.13459318448529523,
    0.08772669037581943,
    0.06582584410601922,
    0.05375854722712871,
    0.04246778394196198,
    0.031748616577528664,
    0.024177274789974938,
    0.018418408351456594,
    0.012204087849570736,
    0.009667463992781062,
    0.007440686015420833,
    0.004692114334988908,
    0.003244797856725766,
    0.0017726401943204604,
    0.0011130068756413838,
    0.000649799293313054,
    0.00041549743580150396,
    0.00026493850129491735,
    0.00015878307562778768,
    0.00014264603923075665,
    0.00010637517035318089,
    7.54152000422809e-05,
    4.144947494173085e-05,
    2.814011509851059e-05,
    1.847885993722533e-05,
    1.4380796686605826e-05,
    1.012081071712034e-05,
    7.345749188520779e-06,
    4.652125179140741e-06,
    3.0514234887423386e-06,
    2.144012813433955e-06,
    1.2896394425727514e-06,
    7.900428447066962e-07,
    4.6612466948497045e-07,
    2.8949386155705446e-07,
    1.7794915117034406e-07,
    1.2683201278927218e-07,
    8.018192211904048e-08,
    4.479065670239876e-08,
    3.8666710089854153e-08,
    2.9014287853940924e-08,
    2.0885457150695673e-08,
    1.2808945711476557e-08,
    7.905168036524639e-09,
    5.497922266643707e-09,
    3.869107193177674e-09,
    2.512561003661597e-09,
    1.841286391351446e-09,
    1.2220154200377181e-09,
    8.310857636160823e-10,
    5.957181931786934e-10,
    3.898391608903425e-10,
    2.6588636284427415e-10,
    1.5321275580166235e-10,
    9.201302319847821e-11,
    6.555213379613592e-11,
    5.050151178105295e-11,
    3.4594752630883554e-11,
    2.1901111806468803e-11,
    1.9367530383538026e-11,
    1.521175492079374e-11,
    1.1647435176377671e-11,
    6.947058634121826e-12,
    4.01014206000703e-12,
    2.5539045968363174e-12,
    1.8090713024171955e-12,
    1.2649152047655473e-12
  ],
  "rk": [
    1.0,
    0.0034530005823177144,
    0.0013608081870618229,
    0.0005341329577728057,
    0.0001650777090426963,
    8.77741216445054e-05,
    4.636677589120707e-05,
    2.716045201598774e-05,
    1.7663595310304335e-05,
    1.3153787994159498e-05,
    7.666508534293218e-06,
    5.501503647470901e-06,
    4.091583324627038e-06,
    2.7200196245451185e-06,
    2.0387107323053656e-06,
    1.2979493312329093e-06,
    8.524686697540653e-07,
    4.969088160781801e-07,
    3.3058700319062993e-07,
    2.173094230258471e-07,
    1.3260078947326961e-07,
    9.93203791612798e-08,
    7.271607060118782e-08,
    5.403064475718531e-08,
    3.286401550417037e-08,
    2.209855979826405e-08,
    1.2535548228850027e-08,
    9.001231464294775e-09,
    5.925369538255778e-09,
    4.534459671675037e-09,
    3.023344087812092e-09,
    1.967827685611295e-09,
    1.4277599721673661e-09,
    9.443886611167965e-10,
    6.075836754741383e-10,
    3.7572869665840886e-10,
    2.361300881186567e-10,
    1.3551098897552923e-10,
    9.529001569789072e-11,
    6.532985249457457e-11,
    3.977381285526818e-11,
    2.856542129681531e-11,
    2.011317543445581e-11,
    1.478665891278052e-11,
    9.733645982453568e-12,
    6.086771282731744e-12,
    4.025389918667619e-12,
    2.751758712607575e-12,
    1.6605981351650258e-12,
    1.2003033588304079e-12,
    8.092261828049733e-13,
    5.550796191307191e-13,
    3.9135236244024957e-13,
    2.658904503485032e-13,
    1.8418943060519047e-13,
    1.1358063777784645e-13,
    6.606888051365856e-14,
    4.3531395788696904e-14,
    3.237250778869523e-14,
    2.303880361467794e-14,
    1.6034373589131015e-14,
    1.2157291223225967e-14,
    9.080034180595227e-15,
    7.171231021730796e-15,
    4.69477847573612e-15,
    2.9411010317215294e-15,
    1.7481115002590326e-15,
    1.2181441685822526e-15,
    8.423062914947876e-16
  ],
  "exit_code": 0,
  "iters": 68,
  "mtx": "orsreg1",
  "method": "max-lf_alt-o_m4",
  "x_id": "randn"
}