{"fre": [0.5966536791874129, 0.32469525133036575, 0.2678066734215, 0.16415670220878592, 0.13126044589889055, 0.10340369226207657, 0.08033333845475703, 0.07470039934187889, 0.06215039692959106, 0.04830119328393828, 0.0458035174937264, 0.030720285951350214, 0.02177415671677231, 0.018457022883933402, 0.012511137656753843, 0.010593999123202691, 0.008577386807175756, 0.004938267880730889, 0.004242793862415018, 0.0025408204232655928, 0.0022498193965679652, 0.0021430536186269338, 0.0015830790899733823, 0.0013261812369277568, 0.0010369089549470904, 0.0007207364609774709, 0.0006421033920273596, 0.0004729395021934585, 0.0003260809158088909, 0.0003029714248452456, 0.00019145379371994956, 0.00012622713674746548, 0.00011581120760554454, 6.006934067297556e-05, 3.777720368028336e-05, 2.792954292916995e-05, 1.152934936725263e-05, 9.143703420767516e-06, 6.551616932666664e-06, 4.926145561122585e-06, 4.826994108913706e-06, 4.2728410971664635e-06, 3.309747429696424e-06, 3.1306544450866495e-06, 2.2343961556463203e-06, 1.5086145456792389e-06, 1.3404299952495238e-06, 7.650917946498548e-07, 6.008171386881629e-07, 4.1978408602151576e-07, 2.645249547222264e-07, 2.428989067249799e-07, 1.4783725000715603e-07, 8.692205577630006e-08, 7.998259424321637e-08, 4.212904408209351e-08, 2.983053701533245e-08, 2.6166770949213044e-08, 1.594399664813332e-08, 1.3362507510500407e-08, 1.3065037164214254e-08, 1.078512397033104e-08, 9.465886879203059e-09, 8.14923103316484e-09, 6.167762907361203e-09, 5.391522832784367e-09, 4.0985392929608985e-09, 2.893553459026955e-09, 2.6038023022685176e-09, 1.319848746745736e-09, 8.050192841138378e-10, 6.85318894145047e-10, 3.6124570515783905e-10, 3.05828940635243e-10, 2.3091780554654768e-10, 1.3921991941510797e-10, 1.254284345992995e-10, 8.47278078100608e-11, 5.0328673623619024e-11, 4.688189076573557e-11, 4.58784511953195e-11, 3.711188845483448e-11, 2.8756213938276543e-11, 2.681207286943588e-11, 1.9883131072514227e-11, 1.5635508562518704e-11, 1.3330250647479676e-11, 8.740809056014954e-12, 7.07046984350008e-12, 5.019621154522999e-12, 3.5486366991093937e-12, 3.226931480003773e-12, 2.05759769280066e-12, 1.3591298254608202e-12, 1.2065510678949862e-12, 5.822051418347257e-13], "rk": [1.0, 0.0026718308085478047, 0.0011655997832079427, 0.0008345851934015773, 0.000395589399375732, 0.000289527689945925, 0.00017078050229743608, 9.632092526577071e-05, 8.464308130834001e-05, 5.875720694526981e-05, 4.2684901366875954e-05, 4.023385983159029e-05, 2.731344624520526e-05, 1.9924856387903806e-05, 1.6538674241078703e-05, 1.0844551827307295e-05, 9.311526013210651e-06, 7.5651887739558985e-06, 5.001266047421879e-06, 4.477730412571184e-06, 2.9776331111044015e-06, 2.3154980185985964e-06, 2.1162896478900133e-06, 1.4673622812638855e-06, 1.2427675184864424e-06, 9.388224545261237e-07, 6.305594941309904e-07, 5.649229531677729e-07, 4.06981212827842e-07, 2.8703119881586304e-07, 2.702068044315172e-07, 1.8043388705402347e-07, 1.2770370861884774e-07, 1.1916129757606033e-07, 7.31374365019759e-08, 5.2470472183952796e-08, 4.113123053303608e-08, 2.0209358635945637e-08, 1.6027126828943618e-08, 9.305288173719074e-09, 5.201560811990676e-09, 4.8998126147694586e-09, 3.758477618123697e-09, 2.7739484503769167e-09, 2.5903278112361466e-09, 1.8163602348031523e-09, 1.3326237361754922e-09, 1.2031409474171202e-09, 7.476880222737632e-10, 6.201039955763994e-10, 4.467369721236544e-10, 2.882764684905855e-10, 2.692470028037441e-10, 1.7836230468945603e-10, 1.1469016845990685e-10, 1.0593836295757763e-10, 6.008186379131548e-11, 4.1387920165377496e-11, 3.468826107313755e-11, 2.0359255590765977e-11, 1.6452033462541206e-11, 1.4206911993616461e-11, 1.0053886982670839e-11, 8.458430294350827e-12, 6.767681622867114e-12, 4.997205191198739e-12, 4.419103754705485e-12, 3.377205685365647e-12, 2.563793676807895e-12, 2.382524567927489e-12, 1.4284591951108322e-12, 9.907218003903207e-13, 8.609354435562473e-13, 4.5131668888568317e-13, 3.8631383914444363e-13, 2.89281164715034e-13, 1.7137746411819557e-13, 1.5611681175931547e-13, 1.0808190276521275e-13, 6.338330237098372e-14, 5.894881230662092e-14, 5.5370809902991e-14, 3.916270231308812e-14, 2.7214953505806757e-14, 2.4038541797577776e-14, 1.7202714657762698e-14, 1.3643518649298256e-14, 1.1429993492481644e-14, 7.961334181467432e-15, 6.686444445149715e-15, 4.718783772335569e-15, 3.434099676209746e-15, 3.1734938695722046e-15, 2.134461309729741e-15, 1.555243374332881e-15, 1.41486695784907e-15, 7.801353067702902e-16], "exit_code": 0, "iters": 96, "mtx": "add20", "method": "max-lf_alt-o_m4", "x_id": "sine"}