{
  "fre": [
    0.6615475100879795,
    0.6673478896329927,
    0.474311312472557,
    0.20076150671683665,
    0.1048865130031321,
    0.04482790155674932,
    0.03201690583948002,
    0.022675772552360172,
    0.017331447830995206,
    0.008319795876479035,
    0.005969902921500468,
    0.0030801698855036086,
    0.0023141409060855357,
    0.0019661182532237703,
    0.0010655132196420057,
    0.0005701753292390794,
    0.00036376635758037434,
    0.0002113411285906529,
    0.00014127267565099304,
    0.00011525138471616542,
    4.012880620179238e-05,
    6.429887736587812e-05,
    3.8776871255378074e-05,
    1.7743963828900097e-05,
    1.052603032553651e-05,
    4.739857071342748e-06,
    2.857292588333945e-06,
    2.6905616748326306e-06,
    2.215907993073848e-06,
    1.2058890517589887e-06,
    9.621201970504664e-07,
    5.259487897905977e-07,
    3.4664521969696747e-07,
    2.05226569369247e-07,
    1.235627198185786e-07,
    6.032055926462892e-08,
    4.7752153492321796e-08,
    2.451145025502488e-08,
    2.1963698722718905e-08,
    1.2058018127071931e-08,
    4.595347376844515e-09,
    8.947279710562352e-09,
    3.891566077067003e-09,
    2.5345019905447554e-09,
    1.452443546036797e-09,
    7.591768336415963e-10,
    4.929445675413174e-10,
    4.657585127632049e-10,
    2.9976654238626555e-10,
    1.8405501836369468e-10,
    1.309843337031569e-10,
    6.944630826289099e-11,
    4.410013089753944e-11,
    3.0494262025175e-11,
    1.4323253367088667e-11,
    1.1888356857231682e-11,
    7.66787207186182e-12,
    5.493106190373644e-12,
    3.798533832716201e-12,
    2.0986875810508137e-12,
    8.505947769925547e-13,
    9.415681276234089e-13,
    2.738657085553868e-13,
    3.4365421323760637e-13,
    3.8755866877973393e-13,
    2.0418484189611761e-13,
    1.0232176786269409e-13,
    9.332498077689579e-14,
    5.77744070979078e-14,
    4.651269644089014e-14,
    3.791259087734741e-14,
    3.5708311241295614e-14,
    3.5040931244078055e-14,
    3.453039395723899e-14,
    3.40426092029359e-14,
    3.37935531105299e-14,
    3.374725633753104e-14,
    3.371474967959996e-14,
    3.3740227535803604e-14
  ],
  "rk": [
    1.0,
    0.8811349214808986,
    0.8267198277580877,
    0.5662894852714766,
    0.32290703147028355,
    0.1625148985619996,
    0.09954034189514029,
    0.06857296845168528,
    0.0485045859827832,
    0.028359115499525824,
    0.01677315915902137,
    0.01026810093529376,
    0.006572672196540995,
    0.005014742197963539,
    0.0031059289411961444,
    0.0016666001571983824,
    0.0009459597968625174,
    0.0005798746029142753,
    0.0003889215358839682,
    0.0002888484849195469,
    0.0001466936141975878,
    0.00012569809440979535,
    0.00010537952519495175,
    5.0465255420420625e-05,
    3.10069470112389e-05,
    1.6711600225401215e-05,
    9.629378126655003e-06,
    7.457271430559217e-06,
    5.607831951822153e-06,
    3.698236828542682e-06,
    2.106772839388011e-06,
    1.361918339060925e-06,
    8.402442523445878e-07,
    6.068856165884924e-07,
    3.295129713786947e-07,
    1.7490018270611113e-07,
    1.0875392633757972e-07,
    6.30553157114353e-08,
    4.5216343582044427e-08,
    3.313853715328068e-08,
    1.823822785611362e-08,
    1.587250299716823e-08,
    1.2537925155939327e-08,
    7.029728571411687e-09,
    4.831541040094126e-09,
    2.252268945164122e-09,
    1.4275385534696692e-09,
    1.1180388025828717e-09,
    7.541737889218556e-10,
    4.882023205943016e-10,
    3.029118924745274e-10,
    1.6901022239472822e-10,
    1.1573519101318617e-10,
    7.640468159467496e-11,
    4.6655399284079326e-11,
    2.7433551552217118e-11,
    1.7991767524337822e-11,
    1.184620572582517e-11,
    8.693147738374874e-12,
    5.498136476012271e-12,
    3.0521651419279305e-12,
    2.3091921597822406e-12,
    1.4725945805662362e-12,
    1.1369526186794558e-12,
    1.018506769106546e-12,
    4.731348432413632e-13,
    2.987038482916265e-13,
    2.1687108726010625e-13,
    1.304334266451253e-13,
    8.402491068189556e-14,
    4.431114993627514e-14,
    2.4740021180125274e-14,
    1.6940119221175916e-14,
    1.3067109506278585e-14,
    8.341874393172626e-15,
    5.9781413988005854e-15,
    3.2942570012368828e-15,
    1.8078172296582406e-15,
    1.1926623556549763e-15,
    7.717075513972919e-16
  ],
  "exit_code": 0,
  "iters": 79,
  "mtx": "add20",
  "method": "max-st_mos-a_m4",
  "x_id": "ones"
}