{"fre": [0.5933034368714893, 0.2834972004246346, 0.21679933036178028, 0.1342310329040708, 0.11254948547690392, 0.08685434496734391, 0.06661027701893937, 0.06308942773034246, 0.04998893307824592, 0.03876627967654212, 0.036970259182347365, 0.026681419566411162, 0.0178387029401641, 0.016058461920213592, 0.009887425941069831, 0.007718061962385961, 0.006312346631880064, 0.0037631368232975033, 0.0030804438323519495, 0.0021367850420074544, 0.0019241390678878519, 0.0017795827138444719, 0.0012050302688285095, 0.0010593157432571862, 0.0007328509648538564, 0.0004885304858803859, 0.0004596121921314657, 0.000343538269195117, 0.00025016329535773656, 0.00022949835497930492, 0.00014148993235347637, 0.00010105413050571862, 8.018127922631123e-05, 4.081257716366296e-05, 3.385566419953766e-05, 1.6056135551608095e-05, 7.506575721793479e-06, 6.721530270760952e-06, 4.464728720648391e-06, 3.5546494683789055e-06, 3.486701265107381e-06, 2.991857978985335e-06, 2.346640434571087e-06, 2.1266450310900617e-06, 1.4318715821769262e-06, 1.1634843880258517e-06, 9.226150501747495e-07, 5.909933564019729e-07, 5.397979266716311e-07, 3.8182392323773214e-07, 2.6109881506151007e-07, 2.3976852853266126e-07, 1.3105131910454996e-07, 6.702175560512845e-08, 4.5308385036771234e-08, 1.8678905110956073e-08, 1.4471910425940945e-08, 1.0196898014460077e-08, 7.662714347445426e-09, 7.357928474705148e-09, 7.180749303849774e-09, 5.912733804621821e-09, 4.03211114956177e-09, 3.712026589266409e-09, 2.789140270622163e-09, 2.1811107953790907e-09, 1.8189512618590866e-09, 1.2124282978377207e-09, 1.019098802044769e-09, 7.061942514372239e-10, 4.5439412571269834e-10, 4.240848572170241e-10, 2.8818757398449375e-10, 1.7673838816853433e-10, 1.4992211233732026e-10, 6.393947951607989e-11, 4.23361262812539e-11, 2.8481360997908608e-11, 1.648016644384045e-11, 1.4730631413742035e-11, 1.4258544832741414e-11, 1.1861865599588947e-11, 1.024119287456864e-11, 9.385022205892004e-12, 7.164699510620961e-12, 6.445552260148883e-12, 4.994188190925733e-12, 3.275002051500237e-12, 2.9754668992295813e-12, 1.76285269837594e-12, 1.2118065747485824e-12, 1.0898082036223828e-12, 6.691883613011139e-13], "rk": [1.0, 0.003372655379543176, 0.0010728906181262847, 0.0007810844930998118, 0.0003427285664735708, 0.000254513436148125, 0.00015588957683081292, 8.780375280884129e-05, 7.983350122258025e-05, 5.1761767339461396e-05, 3.6402216323226606e-05, 3.429228241995114e-05, 2.4437039900282768e-05, 1.7192630723188356e-05, 1.5507008676582492e-05, 9.875083404899177e-06, 7.960385718557985e-06, 6.480333857872167e-06, 4.188098042844102e-06, 3.560243986283288e-06, 2.5248642997722043e-06, 2.112748743320002e-06, 1.867958218042535e-06, 1.2686656398785178e-06, 1.1289945956075233e-06, 7.785746110011079e-07, 4.825296439801414e-07, 4.474826587953163e-07, 3.0995215045723597e-07, 2.3071275798145824e-07, 2.1304411464813688e-07, 1.4236043217737626e-07, 1.1023095645009646e-07, 9.088704633751254e-08, 5.615514313644795e-08, 4.9627258242666364e-08, 2.8654429187919015e-08, 1.4543209948822794e-08, 1.275270597875995e-08, 6.491528240872745e-09, 4.1220102130510195e-09, 3.781743876864135e-09, 2.9167653854271173e-09, 2.235333032328232e-09, 1.9823617008983875e-09, 1.3397796829771e-09, 1.1133217294203713e-09, 8.853333295638953e-10, 5.725179083582094e-10, 5.258347426608177e-10, 3.714779331438737e-10, 2.7051564827139174e-10, 2.525195117608054e-10, 1.671865357603259e-10, 1.0862875754845036e-10, 8.236229354473991e-11, 3.95770370052169e-11, 3.006101017083659e-11, 1.7030248667594828e-11, 9.701126128755136e-12, 9.116869388347633e-12, 8.571594626568299e-12, 6.61384006942546e-12, 4.215008202615256e-12, 3.702483152229939e-12, 2.6412168179082354e-12, 2.0876553735913273e-12, 1.7121175390893633e-12, 1.1792213965292858e-12, 1.0172356467609006e-12, 7.120959226474909e-13, 4.672382178076722e-13, 4.3699828277934666e-13, 3.1020701527375186e-13, 2.1959886107509965e-13, 1.9546943852369793e-13, 1.0578864401966379e-13, 7.707706536219211e-14, 5.461593040358291e-14, 2.8415839753086396e-14, 2.4048727289213038e-14, 2.0853147010543412e-14, 1.3621822985284451e-14, 1.05131362874822e-14, 8.78995004169033e-15, 6.333071222151241e-15, 5.737125209741002e-15, 4.447033132740323e-15, 3.148171891159894e-15, 2.91298325375819e-15, 1.8080698007920083e-15, 1.305797495819878e-15, 1.1809065730909388e-15, 7.879339003625416e-16], "exit_code": 0, "iters": 93, "mtx": "add20", "method": "max-lf_alt-o_m3", "x_id": "randn"}