{"fre": [0.7332308538791242, 0.6676536344113728, 0.4356315830006363, 0.1554646836002715, 0.10925725959763864, 0.067956271758766, 0.048227552395577106, 0.0261632870716992, 0.016549851055474397, 0.011518089426934254, 0.007073067229328148, 0.004363165381751291, 0.003028350845778203, 0.0019694045311287275, 0.0012446014419158552, 0.0006967986396625408, 0.0004298406035825969, 0.0002767270022143747, 0.0002236733452803228, 0.00011237819592525422, 6.976763727779341e-05, 5.7496560359471484e-05, 3.10086177690947e-05, 2.45489053868683e-05, 1.5802635095000016e-05, 9.350218566458139e-06, 7.701324102018575e-06, 3.881400665992006e-06, 3.516943008296496e-06, 1.8932967607774194e-06, 8.602848631753717e-07, 5.301121755173883e-07, 3.0908405225120837e-07, 2.447541852407577e-07, 1.9636625045305127e-07, 1.3441052136050528e-07, 6.73189202361453e-08, 4.116150758911473e-08, 2.64827462878008e-08, 1.3580480869364626e-08, 8.995284884738047e-09, 6.529703468365531e-09, 2.2947672539650566e-09, 3.902729163499444e-09, 3.0949845021967715e-09, 1.281337621934564e-09, 7.514558689031725e-10, 3.926696420310708e-10, 2.7793233408917716e-10, 2.211164642624566e-10, 1.2691715609094954e-10, 7.63895107753943e-11, 6.233015606263637e-11, 3.578132512508665e-11, 2.10227607526738e-11, 1.4350010171700777e-11, 6.659255181897989e-12, 4.722477007963606e-12, 3.6520461117541066e-12, 2.4194995043766458e-12, 9.208551339127418e-13, 1.5855164741807728e-12, 8.493314848129074e-13, 5.004572474695926e-13, 5.164732639432718e-13, 2.2175313219965896e-13, 1.5515908966773148e-13, 1.0374467914540234e-13, 8.804939962485425e-14, 8.227175039975726e-14, 7.124905092441289e-14, 6.718016920473635e-14, 6.671475886996673e-14, 6.598919085273375e-14, 6.571019294348414e-14, 6.563947635646907e-14, 6.550742294812574e-14], "rk": [1.0, 0.6688436959019909, 0.4671167055436812, 0.21781327462377673, 0.11636805984351516, 0.07427589508326476, 0.04950619581720488, 0.029478534868242114, 0.01841696456095376, 0.012155294630069865, 0.0074618766068163655, 0.004361757567206046, 0.002794839056302284, 0.0018594538582791737, 0.0011564808038178529, 0.0006998069401143668, 0.0004197213529155937, 0.00028503310676071384, 0.00020375138384229484, 0.00011771078991072705, 7.107621263480562e-05, 5.467172202061024e-05, 3.369260771741098e-05, 2.2711981077410036e-05, 1.5317277449502093e-05, 1.0087803606118759e-05, 6.708731511281329e-06, 4.108332422185126e-06, 2.904837361811894e-06, 1.9088639688924646e-06, 9.55557653241846e-07, 5.260437301817136e-07, 3.334635843483744e-07, 2.2280071335813406e-07, 1.5579462439939076e-07, 1.0425382044410336e-07, 5.850036488302799e-08, 3.841000753339801e-08, 2.4344270678921014e-08, 1.318934973585017e-08, 8.489876991993551e-09, 6.046565789477496e-09, 3.7093643889305647e-09, 3.1219603321831714e-09, 2.570416908839314e-09, 1.2494853553086239e-09, 7.38647140631798e-10, 4.4868597627539684e-10, 2.4997036175745654e-10, 1.9346370786382396e-10, 1.0739507051287904e-10, 6.803432483203477e-11, 4.5926609302871074e-11, 3.198240970206573e-11, 1.919491454839097e-11, 1.2782229254902106e-11, 7.247770021393133e-12, 4.1414034444722126e-12, 2.8562735289243927e-12, 2.031453222745729e-12, 1.3932628467301994e-12, 1.150616127088052e-12, 8.640907969622239e-13, 5.086935834189097e-13, 3.85297918412024e-13, 2.3192971076409493e-13, 1.175741151733365e-13, 7.175918837030125e-14, 4.5309467072180716e-14, 3.646003154055253e-14, 2.342760001066008e-14, 1.1741807413419567e-14, 9.088514371323232e-15, 6.8704015998194616e-15, 3.547341010963616e-15, 2.2767382780102994e-15, 1.3336430909498634e-15, 6.706477806794477e-16], "exit_code": 0, "iters": 77, "mtx": "add20", "method": "max-st_mos-a_m4", "x_id": "sine"}