{"fre": [0.9724053493728996, 0.61717361600553, 0.3864928774725742, 0.14804891556474817, 0.11809534178697066, 0.0627124269062556, 0.041995998394049036, 0.03142183641337513, 0.017179007318392114, 0.00996173547876598, 0.007057514602257025, 0.004518541949174466, 0.0031064329743004165, 0.0019146501230365724, 0.0010292713156506512, 0.0005941071973761356, 0.00039800180004349026, 0.0002659437281292407, 0.0002312814808646707, 0.00011291574273198018, 5.55449216260526e-05, 5.611476020008999e-05, 3.813126663813742e-05, 3.7800815326631246e-05, 2.0128466629013567e-05, 8.357058809348263e-06, 7.34961815353142e-06, 5.584488830963887e-06, 3.895713449853691e-06, 1.7841412754341394e-06, 1.0047398306242221e-06, 5.904883643237205e-07, 3.2522931879748096e-07, 1.9849697690206709e-07, 1.3296395934252814e-07, 1.454588768751053e-07, 6.853114397287021e-08, 4.0966087511862e-08, 2.7434407323272603e-08, 1.4236210243949477e-08, 6.926781509175247e-09, 6.216794798278507e-09, 2.076906625002477e-09, 3.0666930849174063e-09, 3.1433721132226086e-09, 1.3004245734521122e-09, 6.723413073150344e-10, 5.095619873264821e-10, 3.268965157463021e-10, 2.184969069467339e-10, 1.271040179735762e-10, 1.0436361670234609e-10, 7.614216357103028e-11, 4.614242032685467e-11, 2.2400808105865395e-11, 1.3516343962114805e-11, 7.384625356344248e-12, 5.743540005928767e-12, 3.9797035604152215e-12, 2.6886164781634665e-12, 8.965281164962766e-13, 1.5725778373462907e-12, 9.232599675544114e-13, 8.17024770527805e-13, 4.900433375816415e-13, 1.9953047410654023e-13, 1.208461500047256e-13, 1.442282254670821e-13, 9.180395295079224e-14, 7.724933138018768e-14, 6.696493674926059e-14, 6.277735314181043e-14, 6.079234170146333e-14, 5.960778040806914e-14, 5.899011376238672e-14, 5.886956535385069e-14, 5.882278415721504e-14], "rk": [1.0, 0.633135817736964, 0.3828124228902266, 0.19697200639812437, 0.11620135750088409, 0.06876721994739757, 0.043576423747682266, 0.029873788577658496, 0.018832824486173457, 0.011023009873212829, 0.007446689239383821, 0.004666733433980344, 0.003021148005418987, 0.0020131944819062296, 0.001126454479332151, 0.000644648276428994, 0.0004056452694140446, 0.0002907855365502211, 0.00020243083542168138, 0.00012580375881138695, 7.443058118817642e-05, 6.0877889813617584e-05, 4.3855999682889264e-05, 3.2801913282685724e-05, 2.005795758299229e-05, 1.106505844858951e-05, 6.84028180221337e-06, 5.14438524274362e-06, 3.3709429939449e-06, 1.929760999762342e-06, 1.0077436292453063e-06, 5.484732684210292e-07, 3.344329304007492e-07, 1.9316864337075532e-07, 1.210011411017063e-07, 9.306624499333427e-08, 5.7538727939882726e-08, 3.6730742892373956e-08, 2.6066065857052282e-08, 1.3778639988453104e-08, 7.995138360213939e-09, 5.910096629704937e-09, 3.9472373466114125e-09, 3.305675357534505e-09, 2.93991493987396e-09, 1.2839069611978457e-09, 7.723282565321981e-10, 5.485831343538418e-10, 3.1945136459538517e-10, 2.0830580208045233e-10, 1.1387260490455565e-10, 7.576545062561272e-11, 5.74473989601174e-11, 3.8563510207928336e-11, 2.2858674516420275e-11, 1.267095900561206e-11, 7.628008139319561e-12, 4.920172575812943e-12, 3.7083776387223826e-12, 2.3992616232226915e-12, 1.5637883047950636e-12, 1.2671004229265752e-12, 9.626990812264346e-13, 6.823494395019141e-13, 4.880139547748738e-13, 2.422679016702005e-13, 1.2888099507366333e-13, 1.087558658634817e-13, 7.216511674026805e-14, 4.250315104430803e-14, 2.6817070457727077e-14, 1.464388250146206e-14, 1.0956271283189149e-14, 8.536201137879529e-15, 4.111600400425401e-15, 2.3079096813592473e-15, 1.4310547173216768e-15, 7.93603631627588e-16], "exit_code": 0, "iters": 77, "mtx": "add20", "method": "max-st_mos-a_m4", "x_id": "randn"}