{
  "fre": [
    0.28280816932345715,
    0.17583497713981058,
    0.1427842243582983,
    0.13286575420504826,
    0.1254546294018225,
    0.12076621048062924,
    0.1140734214025383,
    0.11392941907112211,
    0.11744712606138596,
    0.12231933243198682,
    0.12586669945655693,
    0.1261457557419689,
    0.12573008268744376,
    0.1250994179823567,
    0.12437655737724199,
    0.12425512802179607,
    0.12466348218050237,
    0.12540409612200418,
    0.12065387633288464,
    0.10275381721223362,
    0.10266883801642519,
    0.10268147143171649,
    0.10279232915819189,
    0.10295533808651808,
    0.1025084316158987,
    0.10236621870956268,
    0.10159246744545802,
    0.09974009175937157,
    0.09794644947111503,
    0.08855439045405293,
    0.05518476972044605,
    0.02971676388700205,
    0.011913305947929581,
    0.0039254770902447484,
    0.00011593485880674296,
    0.0005087401940983016,
    0.0003791907498145814,
    0.00019230956627479238,
    4.2082293544385164e-05,
    6.453542916859436e-06,
    6.3645467862063685e-06,
    6.3068346986756026e-06,
    6.261349908508264e-06,
    6.132947872892469e-06,
    5.964150329832986e-06,
    5.897279637982814e-06,
    5.853911365664383e-06,
    5.834854017340627e-06,
    5.8202900064292114e-06,
    5.834265825902057e-06,
    5.858800444432949e-06,
    5.842545479861287e-06,
    5.6306589748310585e-06,
    4.940206791824358e-06,
    3.047527357346868e-06,
    1.3022057891361378e-06,
    5.740832160064365e-07,
    2.620232520384609e-07,
    8.644498350423178e-09,
    3.576591295220087e-08,
    3.573685794867206e-08,
    3.571130251242895e-08,
    3.568350122012225e-08,
    3.553174554402839e-08,
    3.529435457288031e-08,
    3.5080646653122655e-08,
    3.469142124968073e-08,
    3.420486948246761e-08,
    3.408302879945449e-08,
    3.410641182600131e-08,
    3.3965730866627216e-08,
    3.187842202272704e-08,
    2.5344989009807218e-08,
    1.2378584886632337e-08,
    3.0236417094037877e-09,
    1.0267697252035858e-09,
    9.982660495070047e-11,
    2.074090739611971e-10,
    9.020604546419533e-11,
    8.64869953253862e-12
  ],
  "rk": [
    1.0,
    0.0030072700078356647,
    0.0005473452405630711,
    0.00010919195283792448,
    5.773635012033577e-05,
    1.6862544654797163e-05,
    1.2634620631431092e-05,
    8.923689749548991e-06,
    5.6785768888092665e-06,
    4.2785696706133114e-06,
    2.1747920861185137e-06,
    9.66647960853232e-07,
    5.38058819190713e-07,
    3.813441590067871e-07,
    3.14549148230024e-07,
    2.8030329618763763e-07,
    2.7989011404059876e-07,
    2.788539616109542e-07,
    2.777768254525604e-07,
    2.7078305125863717e-07,
    2.4587828351671624e-07,
    2.3928327773438374e-07,
    2.392532723593797e-07,
    2.3881965481193035e-07,
    2.386984778066008e-07,
    2.3832628916885838e-07,
    2.3829608276335823e-07,
    2.376128561997997e-07,
    2.3545555927791718e-07,
    2.3460930835674594e-07,
    2.2567519244130345e-07,
    1.731213457104111e-07,
    1.121113464941425e-07,
    5.891449523125406e-08,
    3.1244389250384e-08,
    1.7768328433631817e-08,
    1.1591885095142754e-08,
    5.5006147092657955e-09,
    2.2407160459046078e-09,
    7.722608083292081e-10,
    2.1819075328377756e-10,
    1.0116858472127281e-10,
    7.556822317431839e-11,
    6.870293794991614e-11,
    5.5705042318218115e-11,
    3.151779707844732e-11,
    2.139761040657917e-11,
    1.7176432953818757e-11,
    1.5330700217275787e-11,
    1.4928761639643102e-11,
    1.4859450264556587e-11,
    1.478366123981424e-11,
    1.475481041210405e-11,
    1.3634383619873466e-11,
    1.2212685429320932e-11,
    8.555963883403449e-12,
    4.7178803320821446e-12,
    2.6404002254586758e-12,
    1.8207075360645238e-12,
    9.239290561154664e-13,
    3.314921900738299e-13,
    1.9070479412070826e-13,
    1.6695873534256842e-13,
    1.615232708308599e-13,
    1.3707727133424723e-13,
    1.1003213768899681e-13,
    9.776808745665423e-14,
    8.67225004531613e-14,
    7.888950784867176e-14,
    7.840789376009305e-14,
    7.840319540209747e-14,
    7.836099147381152e-14,
    7.545679615300233e-14,
    6.47355046490917e-14,
    4.070636478866021e-14,
    1.6509719513266334e-14,
    7.57002879304992e-15,
    4.68880456124554e-15,
    2.823005896908763e-15,
    1.3987009090695242e-15,
    5.387189124994984e-16
  ],
  "exit_code": 0,
  "iters": 80,
  "mtx": "1138_bus",
  "method": "max-st_alt-o-repeat_m4",
  "x_id": "randn"
}