{
  "fre": [
    0.23539741093185418,
    0.19371620671514417,
    0.18198564959164087,
    0.16991012309953726,
    0.14749980323313783,
    0.12391786956809106,
    0.08673306468898137,
    0.09230573473747307,
    0.09458198658730582,
    0.0953811531740697,
    0.09795116226009641,
    0.09800155669319177,
    0.09778660990208532,
    0.09752652821665327,
    0.09733520662275016,
    0.0974097311118545,
    0.09812865146250956,
    0.09703671872750191,
    0.09293729508909358,
    0.08399092096811264,
    0.0839303432847134,
    0.08391660394329799,
    0.08418128086321296,
    0.08406720898667704,
    0.08348201848739241,
    0.08305072876938677,
    0.08242557739471428,
    0.08134114321448511,
    0.07694885519844051,
    0.06430273127977368,
    0.04893573300425145,
    0.02394989793273536,
    0.004013838672496831,
    0.0007670749839471698,
    0.00013139685663040652,
    0.0006953727868431453,
    0.0004232969132815115,
    6.863789466825623e-05,
    4.721343300289604e-06,
    7.268776167992778e-06,
    7.2155220355119156e-06,
    7.1891563535026904e-06,
    7.189756119804025e-06,
    7.188457155805731e-06,
    7.161274182660609e-06,
    7.130614637614315e-06,
    7.087756533271489e-06,
    7.003613549856928e-06,
    6.945670776809896e-06,
    6.825411307417439e-06,
    6.741254179190917e-06,
    6.601345742264407e-06,
    6.4863705216756015e-06,
    5.47592689842024e-06,
    1.858046673259258e-06,
    6.607923858645179e-07,
    3.8035865015994155e-07,
    2.251427631299492e-07,
    5.4502171965175355e-08,
    1.6640013317913464e-08,
    1.6632275517233e-08,
    1.6609719863745974e-08,
    1.6590011781281702e-08,
    1.6473663600406325e-08,
    1.631937081929136e-08,
    1.6185967205199544e-08,
    1.608579281384157e-08,
    1.5827093880396917e-08,
    1.561679296166687e-08,
    1.561039817071447e-08,
    1.5788570763180668e-08,
    1.4875470491929581e-08,
    1.2341885035566083e-08,
    1.002518834075409e-08,
    4.53500349721219e-09,
    9.642449273985952e-10,
    4.090704860740551e-11,
    1.1195238764289765e-10,
    2.4289457790163144e-11
  ],
  "rk": [
    1.0,
    0.0022253258925714857,
    0.00043351158788579807,
    0.0001125396475710408,
    6.712284163039449e-05,
    3.0912916929830645e-05,
    2.569641337522062e-05,
    1.4249571859128109e-05,
    6.297364026670863e-06,
    3.59227296502978e-06,
    1.95532980455439e-06,
    8.651500104804091e-07,
    5.374597682717538e-07,
    2.945547641390381e-07,
    2.449776589146061e-07,
    2.418008903079632e-07,
    2.417424967880159e-07,
    2.398981103738298e-07,
    2.388021368872988e-07,
    2.3120786862484907e-07,
    2.0903654862992688e-07,
    2.0581559170302148e-07,
    2.0578360758658825e-07,
    2.035181461304192e-07,
    2.0344489665880282e-07,
    2.023714498284168e-07,
    2.0186941434686217e-07,
    2.0147200712604728e-07,
    2.0033903939560868e-07,
    1.9470808948544758e-07,
    1.7843155071556698e-07,
    1.6032871989586974e-07,
    1.106459930688612e-07,
    4.570221975745164e-08,
    2.112752940586606e-08,
    1.2568282083916609e-08,
    7.096387947574915e-09,
    3.575458013332985e-09,
    1.2469842461457198e-09,
    3.4066053126357114e-10,
    1.235280442322499e-10,
    6.838538923802942e-11,
    4.7674550626755265e-11,
    4.541960732338284e-11,
    3.969219969491168e-11,
    2.880391574929232e-11,
    2.5599481096054816e-11,
    2.406447560062933e-11,
    2.0152100606865383e-11,
    1.889192194510231e-11,
    1.6933317128080822e-11,
    1.6551976104739232e-11,
    1.6135609856186267e-11,
    1.6057736113845636e-11,
    1.467256183337499e-11,
    8.47360182473061e-12,
    4.063948328147038e-12,
    2.4092703315787282e-12,
    1.3878347653861405e-12,
    4.752553563045485e-13,
    1.9659707452869062e-13,
    1.167052586238327e-13,
    8.955477476928307e-14,
    8.742770446671574e-14,
    7.70960000994032e-14,
    6.42037130039008e-14,
    5.0968022759669845e-14,
    4.5266701695016093e-14,
    3.895563594913163e-14,
    3.701565642794524e-14,
    3.701471867467068e-14,
    3.685722768640077e-14,
    3.5945015582906276e-14,
    3.302777398930944e-14,
    2.9608805035683555e-14,
    1.916889685274479e-14,
    8.553608289979748e-15,
    3.267096252512398e-15,
    1.0784139687838453e-15,
    3.888578271246941e-16
  ],
  "exit_code": 0,
  "iters": 79,
  "mtx": "1138_bus",
  "method": "max-st_alt-o-repeat_m4",
  "x_id": "sine"
}