{
  "fre": [
    0.995563061613541,
    0.9920883123638369,
    0.9891529084776438,
    0.9847628343719554,
    0.9770610064588877,
    0.9736940832373789,
    0.9717304209681863,
    0.9706799764465136,
    0.9718028204445773,
    0.9820964243877798,
    0.9896897775830414,
    0.9606144323819062,
    0.8235299689278288,
    0.558737864221117,
    0.247002622382434,
    0.07514039799049699,
    0.006302634791104656,
    0.00544554042217944,
    0.0011077476478801036,
    0.0008823889051757611,
    0.0008702841065620385,
    0.0008587142789978561,
    0.0008545773677243974,
    0.000852326493458942,
    0.0008473635728947524,
    0.0008443925667982335,
    0.0008432328809369857,
    0.0008455324259413669,
    0.0008434347379685115,
    0.0008392518976568209,
    0.0008323040396393778,
    0.0007693141298005887,
    0.0004922108698317796,
    0.00028084500611571156,
    0.00015296813527796894,
    6.756707669386522e-05,
    2.8404504161994363e-05,
    5.191124721875327e-06,
    1.0292197751121957e-06,
    4.5198043511028246e-07,
    4.500283397461867e-07,
    4.477616802718081e-07,
    4.460528902647906e-07,
    4.440946898443309e-07,
    4.4235640664890907e-07,
    4.4099139366411216e-07,
    4.41315493707295e-07,
    4.4417618769558106e-07,
    4.5212052601314495e-07,
    4.532106973825072e-07,
    4.501150792315603e-07,
    4.395669181169785e-07,
    3.7114039842489914e-07,
    1.7749404965028642e-07,
    7.782471040337949e-08,
    3.32900292639767e-08,
    3.296251710847375e-09,
    1.2115282413943414e-09,
    1.097079904069048e-09,
    1.1760967263586887e-10,
    1.1498301141536642e-10,
    1.1290125831247508e-10,
    1.1181265186054949e-10,
    1.0936124415334633e-10,
    1.0464065780012932e-10,
    1.0366429545519118e-10,
    1.0316294228692268e-10,
    1.0244631677479437e-10,
    1.0208606526432072e-10,
    1.0182952193474253e-10,
    1.0135653852613945e-10,
    1.0153868472033695e-10,
    1.0133710529848281e-10,
    9.277213796824585e-11,
    7.53670396613403e-11,
    5.945753939637027e-11,
    3.599799113267139e-11,
    1.1658677690145427e-11,
    2.3853924204753046e-13,
    3.0641036500060144e-13,
    3.0145574580860064e-13,
    3.0512229564212075e-13,
    3.1560290954482926e-13
  ],
  "rk": [
    1.0,
    0.0005976619547060965,
    0.0003242539829689574,
    0.0002833262373416285,
    0.00027045427129624116,
    0.0002500572529673616,
    0.00024334350679144722,
    0.00024217824052487065,
    0.00024200117421070298,
    0.0002418580158376418,
    0.00023828760965712752,
    0.00023758228093885051,
    0.0002341939819058595,
    0.0002099655498215307,
    0.00017227315433950095,
    0.00013504427055184058,
    8.91715024909269e-05,
    3.503392211826267e-05,
    1.6992733278308153e-05,
    3.853911957227644e-06,
    1.2080899678428067e-06,
    6.610303049367503e-07,
    2.935006346473848e-07,
    2.2310765716906356e-07,
    2.191924114602272e-07,
    2.0209879850746037e-07,
    1.937317524191034e-07,
    1.9328513938649907e-07,
    1.9237217200313914e-07,
    1.9173493719740558e-07,
    1.9074810680444675e-07,
    1.8987953537576775e-07,
    1.8048110290555317e-07,
    1.4750774632986023e-07,
    1.1770103840389548e-07,
    7.823449553013674e-08,
    3.9030006485202e-08,
    1.9264225838499377e-08,
    5.076007785629179e-09,
    1.59897005176973e-09,
    4.875569672051829e-10,
    2.6316939275921567e-10,
    1.8497045494333698e-10,
    1.4560370177016696e-10,
    1.250183285536231e-10,
    1.1361994804483942e-10,
    1.117581302462222e-10,
    1.117182281534791e-10,
    1.094506444995555e-10,
    1.0267590740278871e-10,
    1.0257667270697544e-10,
    1.0226095480997143e-10,
    1.007654654633182e-10,
    9.061241900731595e-11,
    6.429616814460779e-11,
    4.5487069689136644e-11,
    3.1693279125877536e-11,
    1.499795801698473e-11,
    4.473254786788038e-12,
    1.8536758866138556e-12,
    5.840025193843464e-13,
    2.7512628638322745e-13,
    1.9501815147211992e-13,
    1.7846807779331622e-13,
    1.5144089524075225e-13,
    6.562233774045296e-14,
    4.066698607232922e-14,
    3.229616668404668e-14,
    2.6916696275814587e-14,
    2.5610729816134625e-14,
    2.5215732259901008e-14,
    2.4906933175680757e-14,
    2.4882127079700207e-14,
    2.4876630029674336e-14,
    2.2962189911287648e-14,
    1.9050273507591644e-14,
    1.634050899742834e-14,
    1.2569769391465542e-14,
    8.269999625159964e-15,
    3.3681805271997045e-15,
    7.208065385885083e-15,
    2.0225997610976946e-15,
    1.3865220312244602e-15,
    7.345288347426891e-15
  ],
  "exit_code": -1,
  "iters": 83,
  "mtx": "1138_bus",
  "method": "max-st_alt-o-repeat_m4",
  "x_id": "ones"
}