{
  "fre": [
    0.5455745267784236,
    0.23472851554387392,
    0.2060635897137676,
    0.1306941089461583,
    0.10193012631922732,
    0.08631644512533326,
    0.06516581094129692,
    0.06194866168683541,
    0.04931609674940113,
    0.03870609929084253,
    0.03656427245107103,
    0.02561080832720462,
    0.016890392239892128,
    0.01544270861403822,
    0.009738410403199655,
    0.006712314057194198,
    0.005973523532018647,
    0.0034151433519378303,
    0.0029850312394398733,
    0.001998768270999048,
    0.001923774078152475,
    0.0016590928027402272,
    0.0011246346180382183,
    0.0010468493268682385,
    0.0006794192916242625,
    0.00046380450641551066,
    0.00043416747726085535,
    0.0003229839254832151,
    0.0002455164392094479,
    0.00021560317232395185,
    0.00014032368187678817,
    0.00010453575849983925,
    8.062670070349461e-05,
    4.2545376499625564e-05,
    3.6657809452131006e-05,
    1.6317099179335192e-05,
    7.16668574076093e-06,
    6.714060539416932e-06,
    3.952406290581952e-06,
    3.350465445598638e-06,
    3.311852989724127e-06,
    2.501255256511474e-06,
    2.283948720797947e-06,
    1.768933868468421e-06,
    1.1773210605799773e-06,
    1.0995913389329934e-06,
    7.383285213500205e-07,
    5.066094197804213e-07,
    4.657951845207753e-07,
    3.2671041827687837e-07,
    2.3500144515170098e-07,
    1.880412570509026e-07,
    9.372191015363743e-08,
    6.232098768639197e-08,
    2.8077397735353613e-08,
    1.320418648343477e-08,
    1.2082786812259438e-08,
    8.481889275358929e-09,
    6.951446214292504e-09,
    6.43444340874246e-09,
    6.211999967984921e-09,
    5.400920354090644e-09,
    3.703183452834714e-09,
    3.469226208732519e-09,
    2.447893107750765e-09,
    1.8788829485232354e-09,
    1.6894381265871277e-09,
    1.0872103106290857e-09,
    8.200718782847093e-10,
    6.364926683612712e-10,
    4.2488861435385314e-10,
    3.826042905232704e-10,
    2.623568320953778e-10,
    1.5024247641052382e-10,
    1.3419330627480262e-10,
    5.948595539480212e-11,
    2.8100362785659077e-11,
    2.4677433801831773e-11,
    1.4655329495457628e-11,
    1.1509476171808545e-11,
    1.1342426279037175e-11,
    9.396662329337279e-12,
    9.060371189324346e-12,
    6.932027148561539e-12,
    5.174002183038432e-12,
    4.836178462913439e-12,
    3.2717016839677946e-12,
    2.101741835467996e-12,
    1.8739819294606607e-12,
    1.1919579821515262e-12,
    8.587685350567319e-13
  ],
  "rk": [
    1.0,
    0.0031380989470778933,
    0.0012198143837877642,
    0.0007513388163880617,
    0.00032220856377125796,
    0.00022508810011398933,
    0.0001517554630438988,
    8.661864366654751e-05,
    7.883075884373052e-05,
    4.9583504705564494e-05,
    3.555191017971713e-05,
    3.345609267359765e-05,
    2.3425357429272906e-05,
    1.5893292313837058e-05,
    1.481841660535608e-05,
    9.619356786111952e-06,
    6.874787791440711e-06,
    6.14020658088848e-06,
    3.83787610334279e-06,
    3.4596105961704245e-06,
    2.3596313089665013e-06,
    2.2378150135192805e-06,
    1.768980836213023e-06,
    1.1929855723306323e-06,
    1.1127734452252145e-06,
    7.190889262701807e-07,
    4.568481878545045e-07,
    4.198591614737434e-07,
    2.9278187845401653e-07,
    2.3376784823057021e-07,
    1.9653395983062093e-07,
    1.3586084715360805e-07,
    1.0945750538168865e-07,
    8.767981702685997e-08,
    5.601486148316013e-08,
    4.9295668829734675e-08,
    2.752730828244283e-08,
    1.4012105135000861e-08,
    1.3003602876959679e-08,
    5.62056852666613e-09,
    3.990857176253607e-09,
    3.485846134329361e-09,
    2.3747136179361008e-09,
    2.1591770927618358e-09,
    1.6374951151812934e-09,
    1.1021786066430134e-09,
    1.039150293808717e-09,
    7.184721967984575e-10,
    4.806655058393928e-10,
    4.462791755268982e-10,
    3.2367043896981295e-10,
    2.5322340691847524e-10,
    2.0668365788269168e-10,
    1.3059297828676955e-10,
    1.0664480800540086e-10,
    5.6999955513759594e-11,
    2.6278864380332016e-11,
    2.3655491455073695e-11,
    1.1650885623947419e-11,
    8.733590053785099e-12,
    7.792618224624227e-12,
    7.292705673587822e-12,
    5.7129081111018865e-12,
    3.787999997023926e-12,
    3.4910139574499936e-12,
    2.3100999466059576e-12,
    1.7866940486836687e-12,
    1.5799634542291275e-12,
    1.0580579629720274e-12,
    8.432822067085886e-13,
    6.507718288520066e-13,
    4.347399975401248e-13,
    3.998492642115436e-13,
    2.912335045638081e-13,
    1.8893918696513096e-13,
    1.7126050118729943e-13,
    1.0046235350738038e-13,
    5.3713771524720716e-14,
    4.5034500016801963e-14,
    2.4038119741586827e-14,
    1.6285073836349322e-14,
    1.3562599472686928e-14,
    9.284579768220571e-15,
    8.745481069204317e-15,
    6.141932557042385e-15,
    4.593377401372845e-15,
    4.340901360880337e-15,
    3.0390755953595514e-15,
    2.1236430451083076e-15,
    1.943405085415347e-15,
    1.2482600059735535e-15,
    9.743646121543228e-16
  ],
  "exit_code": 0,
  "iters": 91,
  "mtx": "add20",
  "method": "max-lf_alt-o_m4",
  "x_id": "randn"
}