{
  "fre": [
    0.8701530359532418,
    0.6821429454439323,
    0.5529049400602731,
    0.3060329376443259,
    0.1930078928647601,
    0.13504903659358436,
    0.10176613362300388,
    0.09107108370625329,
    0.0653395537328025,
    0.05122991127450814,
    0.041273309311117216,
    0.02766709366057946,
    0.021067605696975408,
    0.014200465305625487,
    0.009996222853743082,
    0.007227850396848776,
    0.00505788848418528,
    0.0037897258170674786,
    0.0024328934459106593,
    0.001593484527334237,
    0.0014469409793020417,
    0.0011281389980047352,
    0.0009040000668914858,
    0.0006103376112688669,
    0.00043212542478067147,
    0.00030624753385912276,
    0.0001990843379953642,
    0.00015470498732738646,
    0.00010453476136093789,
    7.582796858357124e-05,
    5.0909646236280434e-05,
    3.4776160988306555e-05,
    2.2044506494742026e-05,
    1.2597825792170386e-05,
    7.493527580371241e-06,
    4.3079006469270385e-06,
    2.288287816117352e-06,
    1.8229411937472099e-06,
    1.3654369801979332e-06,
    8.62703690911514e-07,
    7.802061701882749e-07,
    5.956944958176435e-07,
    4.697427766323773e-07,
    3.106359994118847e-07,
    1.373333572155475e-07,
    9.903082137736068e-08,
    6.856091147957822e-08,
    4.775624015045412e-08,
    3.9680411924145315e-08,
    2.940426476924032e-08,
    2.3161941768697375e-08,
    1.725667611638243e-08,
    1.1847257971920278e-08,
    8.285803330194125e-09,
    4.776973502642856e-09,
    3.2933478120157105e-09,
    2.5180773050226767e-09,
    1.7602163073023908e-09,
    1.135661627456894e-09,
    6.78520273455402e-10,
    6.084595737596777e-10,
    4.72854408010442e-10,
    3.661190725554676e-10,
    2.899123142451596e-10,
    1.857385664484959e-10,
    1.388854448805547e-10,
    8.989645499736793e-11,
    6.421869474134629e-11,
    5.2818221440852414e-11,
    3.8641544143999816e-11,
    2.7959399668869877e-11,
    2.041138131199956e-11,
    1.0937756834124823e-11,
    7.133516076908708e-12,
    4.190822278396461e-12,
    2.399797625922166e-12,
    1.569207452146228e-12,
    1.1743174713186983e-12,
    9.15676169024095e-13,
    5.52436542109029e-13,
    4.999899756466602e-13,
    3.939198110711869e-13,
    2.9397752661329705e-13,
    2.1698015446951197e-13,
    1.0769808819188936e-13,
    8.376228590731298e-14,
    6.21196040703028e-14,
    4.209133934946499e-14,
    3.391482877908726e-14,
    2.522149185125873e-14
  ],
  "rk": [
    1.0,
    0.22463090444212508,
    0.0655576283261028,
    0.048561306196216784,
    0.02948171197971194,
    0.017535887649063196,
    0.010782923711529953,
    0.005395228946336471,
    0.00449584602957005,
    0.002923276119838037,
    0.002090656516732801,
    0.0016898993083074507,
    0.001118167510976723,
    0.0008224881557597741,
    0.0006030932732033687,
    0.000393123633842876,
    0.00029222880837398587,
    0.00020502976153958028,
    0.00015206311983928406,
    0.00010653457983509656,
    7.721399839662034e-05,
    6.23665048526899e-05,
    4.4962907473241985e-05,
    3.567192134099171e-05,
    2.50141350617097e-05,
    1.7336233937419703e-05,
    1.2884352443550412e-05,
    8.310344940624151e-06,
    6.27351863770392e-06,
    4.300580522249198e-06,
    3.1778035909912666e-06,
    2.2356748902552595e-06,
    1.608240331063339e-06,
    1.1500822214320654e-06,
    7.125880029752725e-07,
    4.825583367146546e-07,
    3.122007972871027e-07,
    1.5140594554781547e-07,
    1.0145109096917136e-07,
    7.528645239068111e-08,
    4.9458954904407946e-08,
    4.0446326154688394e-08,
    3.042079691545289e-08,
    2.3014560536368837e-08,
    1.7262549265366623e-08,
    8.460480681208857e-09,
    5.6156973371758574e-09,
    3.85716808500595e-09,
    2.1172875152142282e-09,
    1.6779813573565536e-09,
    1.1434007951136465e-09,
    8.742309596184236e-10,
    6.673816311916889e-10,
    4.787887875834055e-10,
    3.5400588328431644e-10,
    2.2355517507881673e-10,
    1.4418262609092322e-10,
    1.0706992818779379e-10,
    7.799642450852945e-11,
    5.525064075752897e-11,
    3.768329689722875e-11,
    2.8968661672346296e-11,
    2.1273983901923793e-11,
    1.5364089699718857e-11,
    1.245117029687429e-11,
    8.105375577765719e-12,
    6.07062234906031e-12,
    4.0705598788480906e-12,
    2.521420878526233e-12,
    2.0067917050735732e-12,
    1.4874041181383059e-12,
    1.0920220262973896e-12,
    8.546789891113152e-13,
    5.180920363737415e-13,
    3.575084792221123e-13,
    2.378772450886192e-13,
    1.4545454538286185e-13,
    9.043809286428907e-14,
    5.993066753950601e-14,
    4.689872486257259e-14,
    3.2262984492298126e-14,
    2.544242644497081e-14,
    2.000055726980137e-14,
    1.434989201611327e-14,
    1.134498885563709e-14,
    5.6439371315004265e-15,
    3.8507860468499935e-15,
    2.8677735203626033e-15,
    1.7482335672129775e-15,
    1.3554408168393695e-15,
    9.759416665301554e-16
  ],
  "exit_code": 0,
  "iters": 90,
  "mtx": "add32",
  "method": "max-lf_mos-d_m2",
  "x_id": "sine"
}