{
  "fre": [
    0.6111120402189159,
    0.5176348970827682,
    0.3530886840213218,
    0.17109351886628063,
    0.12992995798383286,
    0.08418659521213942,
    0.06404950410485037,
    0.04830945129353378,
    0.03807110743544663,
    0.02437508475958864,
    0.019025391469535198,
    0.010033418341794057,
    0.007593844780705516,
    0.005255875379964807,
    0.0037696200766843438,
    0.0022203516000025712,
    0.001200139398914634,
    0.0008937251180072424,
    0.0003595295185659482,
    0.00022859996628300675,
    0.00018720790454551106,
    0.00013393779826577625,
    0.00010410229515568391,
    6.518314855802999e-05,
    4.670862827986871e-05,
    3.0076195323144748e-05,
    2.100173117167538e-05,
    1.4989375120857262e-05,
    1.0407430783835216e-05,
    8.023147825974547e-06,
    5.433246757014493e-06,
    4.079107371548082e-06,
    2.223385936255969e-06,
    1.4942591124751062e-06,
    6.73989943468817e-07,
    4.291225343715882e-07,
    2.2843752668871664e-07,
    1.4675387871271483e-07,
    8.474738703088283e-08,
    4.3788140299014125e-08,
    3.7972811361319885e-08,
    2.4269897855956223e-08,
    1.757845409836265e-08,
    9.465657526846829e-09,
    6.329629741945105e-09,
    4.65450151573567e-09,
    3.3520488642637795e-09,
    2.6295032941038234e-09,
    1.7778287177651575e-09,
    1.288317587138754e-09,
    9.322343470278079e-10,
    6.205650623900021e-10,
    4.7452481733083e-10,
    2.597539366899115e-10,
    1.8846548281757933e-10,
    1.0523337363568843e-10,
    7.664875449793417e-11,
    4.409299987989177e-11,
    2.8993658315763633e-11,
    1.2804086298765865e-11,
    1.160581013384353e-11,
    7.694946254743114e-12,
    6.056472186996917e-12,
    4.2095119668662816e-12,
    2.730262086787382e-12,
    2.070062138714106e-12,
    1.3305212741276078e-12,
    1.0062298998575937e-12,
    7.023764758414502e-13,
    4.828932784034579e-13,
    3.6295417743352787e-13,
    2.1383097223179953e-13,
    1.6222698127829744e-13,
    7.662665996643289e-14,
    5.3633286016497735e-14,
    2.4142080741532333e-14,
    1.65173120400818e-14
  ],
  "rk": [
    1.0,
    0.1031927009538669,
    0.031836105558525715,
    0.022131848841650197,
    0.009748998770356381,
    0.007000953593208238,
    0.003444972101801543,
    0.0023618399713336968,
    0.0014795038305547331,
    0.0011587255786476443,
    0.0007368184385863239,
    0.0005670712580237829,
    0.00031883349279447285,
    0.0002266028931736776,
    0.00015781580569527816,
    0.00011685263609947932,
    7.766669104477792e-05,
    4.5558025143416754e-05,
    3.560431074228668e-05,
    1.827439554493877e-05,
    1.1274696269555411e-05,
    8.174622548285956e-06,
    4.863966219435136e-06,
    3.7222732400283344e-06,
    2.3022358555434325e-06,
    1.632751021039014e-06,
    1.0535607331286598e-06,
    6.99371062308048e-07,
    4.933330778385788e-07,
    3.015635621669733e-07,
    2.3044687630155987e-07,
    1.5412231868596373e-07,
    1.2033056627148283e-07,
    7.575061898662462e-08,
    5.4055129252669724e-08,
    3.019149049460551e-08,
    1.9451642648617914e-08,
    1.1582654793249749e-08,
    7.348729109274578e-09,
    4.700499896402762e-09,
    2.3359150679395697e-09,
    1.7898616483863977e-09,
    1.1129271863658873e-09,
    7.985130079376659e-10,
    4.537753395991954e-10,
    2.6912339619586124e-10,
    1.8313502110612336e-10,
    1.1500664966613289e-10,
    8.559460724597577e-11,
    5.666103709110314e-11,
    3.919276545758024e-11,
    2.8832149614921785e-11,
    1.8020505939243307e-11,
    1.4283492503525393e-11,
    8.270884653739017e-12,
    6.2286352149112614e-12,
    3.648207754679984e-12,
    2.684857357944187e-12,
    1.7281681604315737e-12,
    1.1976576405277246e-12,
    6.609767655134217e-13,
    4.796306538854107e-13,
    2.92908091060791e-13,
    2.0685851435659142e-13,
    1.4656827348005703e-13,
    9.126980098604229e-14,
    6.675016564709443e-14,
    4.235072819094303e-14,
    3.00856327856049e-14,
    2.13911084595872e-14,
    1.4407413382974956e-14,
    1.0960429783603283e-14,
    6.684508859991393e-15,
    5.2772648428208104e-15,
    2.9374769923965053e-15,
    2.180238333723565e-15,
    1.1246978868014624e-15,
    7.634932573145453e-16
  ],
  "exit_code": 0,
  "iters": 77,
  "mtx": "add32",
  "method": "ilu0",
  "x_id": "sine"
}