{
  "fre": [
    0.5634144537046601,
    0.3982900120892404,
    0.19363747955221317,
    0.061866321200268706,
    0.03406081279781583,
    0.017509955146574847,
    0.009105686298305877,
    0.005311017387523755,
    0.0035762185235739727,
    0.001679438310310532,
    0.0007768952110885146,
    0.0004381618575514051,
    0.0002959393049863186,
    0.00015828549670356836,
    8.84231795287183e-05,
    4.7298895169997326e-05,
    2.1683530850071917e-05,
    1.4315383140826394e-05,
    7.093763484038167e-06,
    3.5319083266190925e-06,
    1.7584041404032194e-06,
    1.1708722523538506e-06,
    8.845014234717746e-07,
    3.1576843559622524e-07,
    1.866168327555087e-07,
    9.553170322266825e-08,
    6.190681754172487e-08,
    3.7997777329519486e-08,
    2.4194163272539485e-08,
    1.0680302024568289e-08,
    5.211383561930732e-09,
    3.0496779486136473e-09,
    1.3583772285854327e-09,
    7.262640050947505e-10,
    4.027734464168614e-10,
    1.8721522362717575e-10,
    9.374976914059098e-11,
    5.102179643080153e-11,
    2.9483596334264396e-11,
    1.3772498895971696e-11,
    7.580885520147794e-12,
    3.903953345293535e-12,
    2.0574651874485037e-12,
    1.1851394582950233e-12,
    8.552435145915462e-13,
    4.4392114551095024e-13,
    2.3774896530066556e-13,
    1.3411240700908636e-13,
    8.036007598945798e-14,
    4.659393782253042e-14,
    2.882091891117911e-14,
    1.61459875221291e-14,
    7.432008064687614e-15,
    3.956592547505944e-15,
    2.2918822338181208e-15,
    1.7130522916744155e-15,
    1.176229571551322e-15,
    1.036797821168295e-15
  ],
  "rk": [
    1.0,
    0.7296484533645016,
    0.539785759474524,
    0.2747312354912018,
    0.1180091886026475,
    0.07427922850433215,
    0.035027632712680494,
    0.019384304408786527,
    0.012562956843476247,
    0.0070162994418732786,
    0.002712607766101346,
    0.0013054711513550774,
    0.0010003585140274944,
    0.00047647292393966916,
    0.000220524276967798,
    0.0001503591226895827,
    8.139024303099434e-05,
    3.911687271101895e-05,
    2.0610206960693315e-05,
    1.1047424570398005e-05,
    5.171263786212069e-06,
    3.62012269222857e-06,
    2.7620328349366553e-06,
    1.7556998366146715e-06,
    6.237523113669036e-07,
    3.1311056130085647e-07,
    1.6722594389175922e-07,
    7.575497747419466e-08,
    4.6969491401224316e-08,
    3.3218560376820136e-08,
    1.91126678063526e-08,
    9.357428408414855e-09,
    5.175108062306623e-09,
    2.3179181340709052e-09,
    1.1318895911197874e-09,
    6.389430951024548e-10,
    3.480560630411571e-10,
    1.8180160360479872e-10,
    1.030222751909698e-10,
    4.707867624728733e-11,
    2.584553234848692e-11,
    1.623830056555144e-11,
    7.852176866839477e-12,
    5.342951717422497e-12,
    3.104955365696975e-12,
    2.0564515432511403e-12,
    8.323736525583898e-13,
    3.8692319437839787e-13,
    2.222908702268089e-13,
    1.0041703425084105e-13,
    6.55966092857412e-14,
    4.655448649061049e-14,
    2.8326793235308803e-14,
    1.1306818926539579e-14,
    5.5257860747401375e-15,
    3.0670495152484708e-15,
    1.5398536889919948e-15,
    1.0382969191608452e-15,
    9.96912012125982e-16
  ],
  "exit_code": -1,
  "iters": 58,
  "mtx": "add32",
  "method": "max-lf_mos-a_m3",
  "x_id": "ones"
}