{
  "fre": [
    0.46264467577411744,
    0.32305976729387065,
    0.16305332514682808,
    0.13596969205668438,
    0.11851754312857858,
    0.07254032177098493,
    0.03536295157745221,
    0.023940367403439928,
    0.010456761997897137,
    0.007381071124159696,
    0.006049633151937741,
    0.0018647818843469243,
    0.0009074937360836036,
    0.0007573691221428977,
    0.0004674568421639062,
    0.0002939625523077904,
    0.00021886785905196122,
    7.467671986204152e-05,
    4.5406197589724915e-05,
    3.829465554297716e-05,
    2.9118148840923305e-05,
    1.5807981685633164e-05,
    1.068212745961797e-05,
    2.954910806953134e-06,
    1.8769033766655548e-06,
    1.6256298444025268e-06,
    9.855608521993981e-07,
    4.763296538526415e-07,
    2.645670439348182e-07,
    1.0361678224227015e-07,
    6.69270547275965e-08,
    5.2453742498305716e-08,
    2.940580062663284e-08,
    1.2269111823668279e-08,
    6.4273062283657514e-09,
    2.6771546253330496e-09,
    1.7696940107909503e-09,
    1.460879748936877e-09,
    7.302372895450818e-10,
    2.699775760583084e-10,
    2.3080117536630784e-10,
    1.3822099388330625e-10,
    9.596276799023612e-11,
    7.772757051609546e-11,
    2.5396207857547614e-11,
    1.1406768396610125e-11,
    8.733056395658194e-12,
    4.985538406265801e-12,
    2.989764046212084e-12,
    2.2017474254627297e-12,
    7.399263200971081e-13,
    3.20255079814492e-13,
    2.447608135127458e-13,
    1.3824528967247128e-13,
    8.762916527732234e-14,
    6.493516730864948e-14,
    2.136184584382606e-14,
    9.05446999573403e-15,
    7.237224651743388e-15
  ],
  "rk": [
    1.0,
    0.29338096465430347,
    0.06512026156730683,
    0.019460701998884677,
    0.012224918726985088,
    0.009041760584697882,
    0.00564833766812879,
    0.003568711452849853,
    0.001861338636935306,
    0.0009279680977245211,
    0.0006029799716170348,
    0.0004348992763038933,
    0.00019810334514844567,
    9.645438661781155e-05,
    5.5965503972696925e-05,
    3.626573625840507e-05,
    2.5139736817899945e-05,
    1.5646883204907883e-05,
    7.094855709524637e-06,
    3.976904871852694e-06,
    2.746388064975888e-06,
    2.1494824351496354e-06,
    1.4847025297982158e-06,
    8.560058034687001e-07,
    3.1862476486050114e-07,
    1.8136055515630178e-07,
    1.2039828511848233e-07,
    7.626626987662396e-08,
    4.979702367313926e-08,
    2.253734131657078e-08,
    9.899744411269458e-09,
    6.157432098135787e-09,
    3.6331618113462607e-09,
    2.252726577260566e-09,
    1.3609362840099262e-09,
    5.617504393039622e-10,
    2.5168066752768726e-10,
    1.5940500332654005e-10,
    1.0320498835578556e-10,
    5.986626463692418e-11,
    3.269143944532546e-11,
    1.824977990335653e-11,
    1.1235781674098218e-11,
    7.569980753479234e-12,
    4.9840999923914055e-12,
    2.2939990997700163e-12,
    1.1849869853543864e-12,
    7.06368605304854e-13,
    4.083061332699618e-13,
    2.685077470026019e-13,
    1.649439487899865e-13,
    7.403431023018318e-14,
    3.67852904756475e-14,
    1.795341303169119e-14,
    1.0641811568631558e-14,
    7.511295030183336e-15,
    4.671224386485525e-15,
    2.159279778496045e-15,
    1.047885738598099e-15,
    5.660000885683954e-16
  ],
  "exit_code": 0,
  "iters": 59,
  "mtx": "add32",
  "method": "max-lf_alt-i_m3",
  "x_id": "randn"
}