{
  "fre": [
    0.6136601816981943,
    0.4591800185935891,
    0.3616419068185226,
    0.1998041605814417,
    0.13657206221088117,
    0.10490771625759028,
    0.07885714172763504,
    0.07039309581313036,
    0.04958130659889658,
    0.0381324367420752,
    0.029459185085974927,
    0.020956717717325952,
    0.015957992874673758,
    0.01130456482463264,
    0.007742353277176172,
    0.005452851701639091,
    0.003942770410949077,
    0.0027516000694561386,
    0.001797591563938881,
    0.001079428191230497,
    0.0009774422587523596,
    0.0007516999840578263,
    0.0006070879528531327,
    0.00042487468816669474,
    0.0003139371601639646,
    0.0002278542055497535,
    0.00015460562942770846,
    0.00011255643021991512,
    8.415918852095332e-05,
    5.339758965660742e-05,
    3.782765767304174e-05,
    2.541660816158446e-05,
    1.6732508684944558e-05,
    1.0460558834247691e-05,
    6.383651851722864e-06,
    3.6298168247419822e-06,
    1.6285650648977485e-06,
    1.3036805415298906e-06,
    1.0262480646753147e-06,
    7.069661456603184e-07,
    6.312562063612677e-07,
    4.836097149134854e-07,
    3.450039815378139e-07,
    2.029461909605655e-07,
    1.0321362727180928e-07,
    7.73347884738446e-08,
    5.3374701045131974e-08,
    3.920929260461043e-08,
    3.122160305247397e-08,
    2.4816551529179852e-08,
    1.8297883236515387e-08,
    1.4049631666396317e-08,
    8.971637920075534e-09,
    6.107751924924956e-09,
    3.6335984968300452e-09,
    2.5244718660469853e-09,
    1.9582074847627496e-09,
    1.3742518697747628e-09,
    8.697346010061882e-10,
    4.287158355001461e-10,
    3.8664458130499286e-10,
    3.035742730707055e-10,
    2.490211031496504e-10,
    1.8300902449812416e-10,
    1.3392082359925744e-10,
    8.795777919269999e-11,
    6.423753541374246e-11,
    4.338832654645741e-11,
    3.536471308300594e-11,
    2.588192313072623e-11,
    1.8870759540768046e-11,
    1.4297782928605093e-11,
    7.857324719427767e-12,
    5.405304797085469e-12,
    3.1631260528460504e-12,
    1.923391022279313e-12,
    1.158929816126273e-12,
    7.734780770015732e-13,
    6.201896322997218e-13,
    4.2669683778035474e-13,
    3.830829989400454e-13,
    2.9579242369019613e-13,
    1.8965961719205975e-13,
    1.2474899559739516e-13,
    7.764988519537587e-14,
    5.901481432659895e-14,
    4.212514112734918e-14,
    2.9460033233242367e-14,
    2.3830249077700487e-14,
    2.167179318817858e-14
  ],
  "rk": [
    1.0,
    0.2049335561932668,
    0.059207660875127806,
    0.04223526519138361,
    0.023027945686991083,
    0.01270193870554961,
    0.00861216426153844,
    0.004522490293374449,
    0.003676848015818853,
    0.002419848723852719,
    0.0017285341114839316,
    0.001307152946685084,
    0.0009033593536149149,
    0.0006604867004289262,
    0.0004951676138488252,
    0.000327164631020908,
    0.00023422577940506662,
    0.0001718729691746002,
    0.0001227305485978715,
    8.813203816489743e-05,
    5.9566732641930845e-05,
    4.676456610554482e-05,
    3.357256238627385e-05,
    2.6296478041591643e-05,
    1.8423902724626536e-05,
    1.3542383618653752e-05,
    9.87533872994524e-06,
    6.868929871585708e-06,
    4.817275013351983e-06,
    3.7277021280008907e-06,
    2.439476830999497e-06,
    1.8112794681254227e-06,
    1.251653538177723e-06,
    8.814028885254025e-07,
    6.084287769652563e-07,
    4.1838688293830095e-07,
    2.812853867862334e-07,
    1.2507300408644475e-07,
    7.966697542583759e-08,
    5.927658775377329e-08,
    4.027570561960828e-08,
    3.256344613322898e-08,
    2.5138150889794024e-08,
    1.87403955765826e-08,
    1.2946466004809017e-08,
    6.751848714328107e-09,
    4.538461507509063e-09,
    3.0746420511316595e-09,
    1.919935183087792e-09,
    1.3795039285583644e-09,
    1.045096301890303e-09,
    7.401218411372658e-10,
    5.753122633048302e-10,
    3.963059290744723e-10,
    2.8484782811835576e-10,
    1.8079588734472964e-10,
    1.2015562489902914e-10,
    9.051400042056967e-11,
    6.712866752283012e-11,
    4.742900963687348e-11,
    2.8575523102240406e-11,
    2.1167093152932914e-11,
    1.516396851501569e-11,
    1.1671863899438889e-11,
    8.591444497227e-12,
    6.331995313477201e-12,
    4.121332326107517e-12,
    3.0142383611484197e-12,
    1.8412456714569697e-12,
    1.4593990228072745e-12,
    1.0763852668040943e-12,
    7.917130131298148e-13,
    6.230634825324199e-13,
    3.8576719827619774e-13,
    2.787979295472408e-13,
    1.8593205890500543e-13,
    1.2320563149648588e-13,
    7.861975798908407e-14,
    4.448869728221795e-14,
    3.364966181429444e-14,
    2.4403149378040394e-14,
    1.9478869400876425e-14,
    1.5287617210459595e-14,
    1.04362061870015e-14,
    7.36947164290574e-15,
    4.4115161138352795e-15,
    3.0516001273802423e-15,
    2.171211998749026e-15,
    1.3425660956398886e-15,
    1.010011510100846e-15,
    8.327884587002507e-16
  ],
  "exit_code": 0,
  "iters": 90,
  "mtx": "add32",
  "method": "max-lf_mos-d_m4",
  "x_id": "randn"
}