{
  "fre": [
    0.45777999939866765,
    0.3252242017763716,
    0.26465897186297865,
    0.14197279486648046,
    0.11177568329020895,
    0.07983584143852336,
    0.05700369158162668,
    0.04533729200681132,
    0.03224394710117107,
    0.025637773714411106,
    0.015170025361825167,
    0.01152269557078094,
    0.00666603604003462,
    0.005081080344677081,
    0.003271613706709336,
    0.00231140305193174,
    0.001091164323404467,
    0.000623088143747645,
    0.00037747677736817506,
    0.0002212384385993705,
    0.00019367883432181132,
    0.0001396683891073998,
    9.671322335554042e-05,
    7.261225692599663e-05,
    4.6660313452364064e-05,
    3.6116326893587595e-05,
    1.977749612661384e-05,
    1.4628943639840832e-05,
    1.0639129472199254e-05,
    8.069304964635103e-06,
    6.091663726389138e-06,
    3.938596675300984e-06,
    2.6002989947921328e-06,
    1.3033511633846526e-06,
    8.554111238216637e-07,
    4.1834196181039093e-07,
    2.7382545884429814e-07,
    1.2882742650518498e-07,
    8.80517706154577e-08,
    5.1103993295466685e-08,
    4.6119921239562494e-08,
    2.8500903799226726e-08,
    1.4404677013861818e-08,
    1.0357321224172045e-08,
    6.8146840277628394e-09,
    5.2276250574995984e-09,
    3.644492681724153e-09,
    2.676484414601013e-09,
    2.0634126576916353e-09,
    1.3768070476896149e-09,
    1.062870958609941e-09,
    5.986174066193508e-10,
    4.494082152785305e-10,
    2.3369981260746774e-10,
    1.7762118037571124e-10,
    1.0399080696537926e-10,
    6.572276326839143e-11,
    3.950568703779459e-11,
    2.4284142781758722e-11,
    1.5820979990025398e-11,
    1.4090075903570286e-11,
    9.677326996998193e-12,
    6.755194654402893e-12,
    4.807182967656211e-12,
    3.497526933877756e-12,
    2.5641171283911818e-12,
    1.4953805522662553e-12,
    1.124392687491377e-12,
    7.910030263291049e-13,
    5.792054399568333e-13,
    4.294112347823951e-13,
    2.760527435199052e-13,
    1.8546589670479999e-13,
    1.0015428606905774e-13,
    6.804991065063218e-14,
    3.439862220511464e-14,
    2.2303355481626867e-14,
    1.0039074438594228e-14
  ],
  "rk": [
    1.0,
    0.1903496379316651,
    0.030629290554655624,
    0.01918192351479148,
    0.009189870515821652,
    0.005914162215742975,
    0.0038625893956347676,
    0.002215424097879146,
    0.001628465018950616,
    0.0010269787176698077,
    0.0008175741168624859,
    0.00047693436217801125,
    0.000369750428599085,
    0.0002188278132308521,
    0.00016338088438149986,
    0.00011063587595633012,
    8.21376484447927e-05,
    4.886597173174203e-05,
    2.924980508289347e-05,
    1.9408372750762966e-05,
    1.1609264282067527e-05,
    8.67666717513033e-06,
    5.935562965733274e-06,
    3.8105656853556597e-06,
    2.7799834201174094e-06,
    1.6998137541904885e-06,
    1.311279268708636e-06,
    7.524473337488137e-07,
    5.118863631720664e-07,
    3.5035743292593467e-07,
    2.4142904192110987e-07,
    1.8536306048810617e-07,
    1.2263737782507855e-07,
    9.071876975270348e-08,
    5.125388568714916e-08,
    3.706847752210897e-08,
    2.072163478234757e-08,
    1.4378799874047359e-08,
    7.637355122541793e-09,
    4.800090705157705e-09,
    2.7736473519966554e-09,
    2.1264665335397904e-09,
    1.4516163349621705e-09,
    7.56976584114703e-10,
    4.790044485378946e-10,
    2.9520055006138657e-10,
    1.9874079150558378e-10,
    1.3439199286481144e-10,
    8.72666081202142e-11,
    6.59005479306918e-11,
    4.306597600103898e-11,
    3.3470244223794407e-11,
    2.0213202947583837e-11,
    1.535138482522004e-11,
    8.510979944746765e-12,
    6.269539604732088e-12,
    4.11659490642608e-12,
    2.756340737133405e-12,
    1.7825006707903944e-12,
    1.119050153800911e-12,
    8.183116640214911e-13,
    6.224854003651522e-13,
    4.127706829353331e-13,
    2.714900121374132e-13,
    1.8269249696374703e-13,
    1.2333474261129125e-13,
    9.243843117118455e-14,
    5.3981901629776614e-14,
    3.8128717051916225e-14,
    2.623621732980393e-14,
    1.7618989669716507e-14,
    1.3390331403627074e-14,
    8.802660931947814e-15,
    6.501590823885829e-15,
    3.858387765967058e-15,
    2.816941512594909e-15,
    1.6272911653519381e-15,
    1.1191470192623728e-15,
    5.674460441369682e-16
  ],
  "exit_code": 0,
  "iters": 78,
  "mtx": "add32",
  "method": "ilu0",
  "x_id": "randn"
}