{
  "fre": [
    0.7246477215676366,
    0.26325776073809193,
    0.15880083416988888,
    0.07620062982322665,
    0.04111505180317186,
    0.019533826896753502,
    0.010421365240821245,
    0.0055820547672155545,
    0.0037861959106374136,
    0.0019017510512089242,
    0.0009354742886089677,
    0.0004950739086164606,
    0.0002986298975536877,
    0.00016213255392906573,
    8.232539529723542e-05,
    4.632558825809885e-05,
    2.606874255780214e-05,
    1.332228720877518e-05,
    6.6972689683942145e-06,
    3.7851761564847253e-06,
    1.9740324742740756e-06,
    1.187398898022462e-06,
    6.519851937438873e-07,
    4.1473429806057676e-07,
    2.046739779188568e-07,
    9.602655198699393e-08,
    6.507932627154275e-08,
    3.3190886734480783e-08,
    2.0593569738272455e-08,
    1.1160703110333676e-08,
    6.629994241302659e-09,
    3.5635013446628764e-09,
    1.717747909076831e-09,
    8.07658068247288e-10,
    4.436167089451799e-10,
    2.23029688289012e-10,
    1.0994494389291514e-10,
    5.5312442239693743e-11,
    2.9320744212816044e-11,
    1.5265295380997035e-11,
    8.686390096907816e-12,
    4.793224184058998e-12,
    2.1691998663911004e-12,
    1.2508498339403615e-12,
    8.749362120769126e-13,
    4.1133515757674103e-13,
    2.1454946237575256e-13,
    1.2362456589295668e-13,
    7.434822059023073e-14,
    4.1573550897434045e-14,
    2.399569623196059e-14,
    1.4040919902872248e-14,
    7.738919234896061e-15,
    3.6323045780031274e-15,
    2.510635907838288e-15,
    1.8832776030047627e-15
  ],
  "rk": [
    1.0,
    0.4337819481731563,
    0.20803043192305654,
    0.12114853405237071,
    0.056082407732749924,
    0.028434951568924415,
    0.013946356779945934,
    0.008075670046623068,
    0.004854920391791127,
    0.0026092524819757877,
    0.0012800651482470198,
    0.0006061905548573395,
    0.0004035517034902785,
    0.0002109347566618092,
    9.995603861609955e-05,
    5.3363737613559245e-05,
    3.5348198712394413e-05,
    1.66371451670925e-05,
    8.400163427064602e-06,
    4.888684018692081e-06,
    2.349946823035392e-06,
    1.5695879190674076e-06,
    9.605134300395945e-07,
    6.776770225822365e-07,
    2.707759148029334e-07,
    1.3335815752718935e-07,
    6.786784138194056e-08,
    3.7152398627817514e-08,
    2.0075789260954654e-08,
    1.2845851343789192e-08,
    8.556789145082702e-09,
    4.1347238456012636e-09,
    2.0511604901366665e-09,
    1.0520030742702814e-09,
    5.216985442488487e-10,
    2.880120077225468e-10,
    1.6365853895827253e-10,
    7.17044793654792e-11,
    4.151034812507716e-11,
    2.1104693124635793e-11,
    1.0891382997737475e-11,
    6.514466831585026e-12,
    3.2249770464180185e-12,
    1.8991970380697216e-12,
    1.127354037554288e-12,
    6.687599195368708e-13,
    2.779709577711531e-13,
    1.4109200461848202e-13,
    8.898622613156128e-14,
    4.375422398265479e-14,
    2.560429704225724e-14,
    1.6041235154934123e-14,
    9.992963532387338e-15,
    4.11436703451101e-15,
    2.124178132528211e-15,
    1.1801206387347328e-15,
    6.726935555212543e-16
  ],
  "exit_code": 0,
  "iters": 56,
  "mtx": "add32",
  "method": "max-lf_mos-a_m3",
  "x_id": "sine"
}