{
  "fre": [
    0.5664724698382864,
    0.5004593152132192,
    0.3940239790489082,
    0.13905121594505454,
    0.07226705363650979,
    0.06213238772439561,
    0.051177480387816186,
    0.02983147964739914,
    0.011972254123585132,
    0.007503486532637397,
    0.006658656082784624,
    0.004017062299903186,
    0.0015683107406593753,
    0.0011212454883509483,
    0.0008441685448898598,
    0.000293423994166813,
    0.0001438156418595545,
    0.00012335355085721502,
    0.00011121595404856878,
    6.326126781249617e-05,
    5.755808917883326e-05,
    4.760168346225913e-05,
    3.876661191620553e-05,
    2.159230683958584e-05,
    1.5223921034589032e-05,
    1.1463880033885625e-05,
    9.957202411905247e-06,
    4.480284257281926e-06,
    2.0276575878440193e-06,
    1.7632708945127861e-06,
    1.4238852737015674e-06,
    6.865395220647e-07,
    3.484657589408515e-07,
    2.7585776172315963e-07,
    1.93048874679533e-07,
    6.920425068706679e-08,
    3.0752314201345016e-08,
    2.429540263307443e-08,
    1.9802671072128703e-08,
    8.08778084291382e-09,
    6.985079888879244e-09,
    5.699186930020067e-09,
    4.256521312591358e-09,
    1.4706704190442408e-09,
    9.53165940251697e-10,
    7.979338962369598e-10,
    7.130392040715108e-10,
    3.969064102043502e-10,
    2.1077119505236801e-10,
    1.7852877740084644e-10,
    1.4729444666334005e-10,
    7.171047228444846e-11,
    3.959984371984127e-11,
    3.275271766702006e-11,
    2.579526260697312e-11,
    1.2358578826125333e-11,
    6.168646506575038e-12,
    5.039690270260835e-12,
    4.039797714587994e-12,
    1.8384631476448734e-12,
    1.6146833174834052e-12,
    1.3253115229131154e-12,
    1.0030185451114733e-12,
    4.3100762309450175e-13,
    2.9929663229480764e-13,
    2.52501058232059e-13,
    2.207903913476556e-13,
    8.679403326327662e-14,
    4.521371041333656e-14,
    3.790856739156253e-14,
    3.290362859615532e-14,
    1.9340634235737954e-14,
    9.879550257170763e-15,
    7.875616123233997e-15,
    6.206563211506376e-15,
    2.351185870812409e-15
  ],
  "rk": [
    1.0,
    0.14475069960604867,
    0.10520278779893841,
    0.09551758398526745,
    0.046482930741705814,
    0.02114029278725532,
    0.012406155681067774,
    0.010047002092220016,
    0.006373058894682256,
    0.003567561445764619,
    0.0016159133496585355,
    0.0013975288021303126,
    0.0008120735500444301,
    0.00041434183087144883,
    0.0002525905949699495,
    0.00020896706820846043,
    9.077436374540993e-05,
    3.865292928890331e-05,
    2.2703218186032812e-05,
    2.0854046136897668e-05,
    1.2823865223809498e-05,
    1.031937892070772e-05,
    8.53366587650999e-06,
    7.550315607772064e-06,
    4.1710695180871685e-06,
    3.1817549077365872e-06,
    2.2484367654999157e-06,
    2.031051085329239e-06,
    1.0551116244195931e-06,
    4.5504806209957216e-07,
    3.3573779804679324e-07,
    2.8786548415691044e-07,
    1.5021303957205493e-07,
    8.159261408560676e-08,
    5.3895177084971117e-08,
    4.314091276440706e-08,
    1.857138200084264e-08,
    7.782428055647982e-09,
    5.250617935719453e-09,
    4.627127542835692e-09,
    2.098979555787025e-09,
    1.4297032842270342e-09,
    1.1505519816169322e-09,
    9.890193691497421e-10,
    4.008541237780511e-10,
    2.0813762318989528e-10,
    1.6030884517565055e-10,
    1.4866874231259553e-10,
    8.497762357634058e-11,
    5.142459522500703e-11,
    3.741574844055423e-11,
    3.306396301903523e-11,
    1.6406202555405863e-11,
    9.161008803130004e-12,
    6.375830563859792e-12,
    5.4413250998591105e-12,
    2.870920702549759e-12,
    1.4487735338792492e-12,
    1.0488148462597894e-12,
    8.715737155206928e-13,
    4.3338110799196275e-13,
    3.0417804398028953e-13,
    2.4675363506924587e-13,
    2.1109280024561454e-13,
    9.634744220279888e-14,
    6.011071608323825e-14,
    4.939249418969501e-14,
    4.5889119445653124e-14,
    2.148076916126551e-14,
    1.1360441733399666e-14,
    7.515764607553395e-15,
    6.71735914464652e-15,
    4.0208750970585594e-15,
    2.1436316223254087e-15,
    1.5386652262940615e-15,
    1.3199489091302774e-15,
    6.625399773871086e-16
  ],
  "exit_code": 0,
  "iters": 76,
  "mtx": "add32",
  "method": "max-lf_alt-i_m4",
  "x_id": "ones"
}