{
  "fre": [
    0.6533162840388835,
    0.22435145080137353,
    0.12979177308497877,
    0.05380143914836509,
    0.03162673534924904,
    0.014048892791689343,
    0.007940666465442463,
    0.004926059104028311,
    0.0031607906982068427,
    0.0018848338576756313,
    0.0008837897793004212,
    0.0004711883269956829,
    0.00025893426272149327,
    0.00013938307699029498,
    6.477214458300236e-05,
    3.08828735888006e-05,
    1.6852012371601997e-05,
    9.05891745563642e-06,
    5.860543582609007e-06,
    2.3766814554268413e-06,
    1.290821916586661e-06,
    5.853878870329317e-07,
    4.5314736468383127e-07,
    2.54666437413485e-07,
    1.220268742825392e-07,
    6.329631112915074e-08,
    3.678453764472783e-08,
    2.0853780535787315e-08,
    1.2231228248309262e-08,
    8.181032915004232e-09,
    4.444755350761256e-09,
    2.1611255480906184e-09,
    1.053334172189957e-09,
    5.718943148932604e-10,
    2.611663188868121e-10,
    1.4028108174993477e-10,
    8.21365507273656e-11,
    3.1138788331437455e-11,
    2.040674422736584e-11,
    9.132813008065079e-12,
    5.210108558775628e-12,
    2.319114628580776e-12,
    1.742720843043896e-12,
    1.0046413547869942e-12,
    4.256501716558701e-13,
    2.881722340086209e-13,
    1.399586763321713e-13,
    8.257663323781138e-14,
    5.575978227849985e-14,
    3.1618872010663875e-14,
    1.5674770475905847e-14,
    7.388973600143401e-15,
    3.980256955491319e-15,
    2.4439563020959477e-15,
    1.751938215436568e-15
  ],
  "rk": [
    1.0,
    0.43390629222995836,
    0.19201939458833533,
    0.09270594637273957,
    0.04482990614526191,
    0.02151094339631431,
    0.012612865706834986,
    0.006715501395054213,
    0.00430285193680781,
    0.002393009296966849,
    0.0011598557181085932,
    0.0005852680620961577,
    0.000350331336028458,
    0.00018701214421351663,
    8.517091923995629e-05,
    5.041385246629601e-05,
    2.16516471909206e-05,
    1.3503085883992134e-05,
    7.68967206082199e-06,
    3.859881465167268e-06,
    1.6768406235426284e-06,
    9.818289853613992e-07,
    6.107271169389943e-07,
    3.580916337705157e-07,
    1.8741786944797436e-07,
    8.320346150387302e-08,
    4.517500041022302e-08,
    2.266602881815688e-08,
    1.2478501015375556e-08,
    8.772113620815887e-09,
    5.642483496271567e-09,
    2.7794695377794292e-09,
    1.4237771534620254e-09,
    7.954602886465863e-10,
    3.594676202259409e-10,
    1.9426601190308958e-10,
    9.942671266571471e-11,
    5.563119455646586e-11,
    2.4090959608241232e-11,
    1.3273148191508705e-11,
    6.684367467521663e-12,
    3.866533483434853e-12,
    2.155029803543192e-12,
    1.4346732294516072e-12,
    7.339805782857346e-13,
    3.052725279884284e-13,
    1.6869100706905518e-13,
    8.29719264616879e-14,
    4.9189223793592617e-14,
    2.9479311751520915e-14,
    1.9978734767920152e-14,
    9.939953244494474e-15,
    4.381573286506469e-15,
    2.6583735726777363e-15,
    1.2145358195532933e-15,
    6.644214998989598e-16
  ],
  "exit_code": 0,
  "iters": 55,
  "mtx": "add32",
  "method": "max-lf_mos-a_m4",
  "x_id": "sine"
}