{
  "fre": [
    0.6962667817229605,
    0.20281197051624839,
    0.127418244399896,
    0.044214929966157744,
    0.026026970188624658,
    0.009551693070776367,
    0.004037522204694845,
    0.0021882969036073974,
    0.000761721429217968,
    0.0004004227168456494,
    0.00017334617921024815,
    9.29270942300231e-05,
    3.0352083647135937e-05,
    1.8251820799811736e-05,
    8.338255862582332e-06,
    3.3707278976751637e-06,
    1.7134026371347442e-06,
    8.193966363622728e-07,
    4.0004452480603293e-07,
    1.5040076064537312e-07,
    1.0929916310599654e-07,
    3.7519475595475646e-08,
    2.2231770864029136e-08,
    7.591937077882725e-09,
    5.605498116470222e-09,
    2.0295510919814053e-09,
    1.0382970364422086e-09,
    6.136418786816659e-10,
    2.432237828808329e-10,
    1.3695381455655738e-10,
    5.034061985098398e-11,
    3.449165347848511e-11,
    9.22537534894641e-12,
    4.479459225635151e-12,
    2.0358371427681076e-12,
    1.0472524103721796e-12,
    4.1594327918138196e-13,
    1.6463434230117507e-13,
    9.31047960983949e-14,
    3.5599346784521323e-14,
    2.1806535505773865e-14,
    9.447912268961596e-15,
    5.88879216499953e-15,
    2.8675172021665996e-15,
    1.7322994822286021e-15
  ],
  "rk": [
    1.0,
    0.4545687017676509,
    0.19574451719374722,
    0.09518984216227275,
    0.04483181375134398,
    0.018949550618264727,
    0.008253950953600125,
    0.0034303724811389426,
    0.0016741930713778772,
    0.000665284090425115,
    0.0003274411897687284,
    0.000155771068398832,
    6.35940221798055e-05,
    3.084781516138317e-05,
    1.3921466716517082e-05,
    7.189794706186215e-06,
    2.6582638323910947e-06,
    1.6024247147773266e-06,
    6.157735694885677e-07,
    3.015896649167205e-07,
    1.4703682708119703e-07,
    8.703473023232602e-08,
    3.1971367952506823e-08,
    1.5634016646955204e-08,
    8.664102874422138e-09,
    3.639960015065155e-09,
    1.694507867192393e-09,
    8.62597673776045e-10,
    4.5126937936310765e-10,
    1.9189834811733516e-10,
    1.006053683988152e-10,
    5.110184432339814e-11,
    2.1366982501326293e-11,
    6.49237957245768e-12,
    3.456376280333457e-12,
    1.8288147931715482e-12,
    6.965600405143953e-13,
    3.3975311210705677e-13,
    1.380797533303475e-13,
    6.715426749027054e-14,
    3.219909129615653e-14,
    1.9742891477319952e-14,
    1.076656526661698e-14,
    4.004444948706289e-15,
    1.794776077605755e-15,
    8.137054411130256e-16
  ],
  "exit_code": 0,
  "iters": 45,
  "mtx": "add32",
  "method": "max-st_mos-a_m2",
  "x_id": "randn"
}