{
  "fre": [
    0.7584927445816465,
    0.2676104759324803,
    0.15319386248106578,
    0.09190395970345254,
    0.050803644574535234,
    0.024220774428367963,
    0.011694937916585995,
    0.005988918776256666,
    0.003660020010451333,
    0.0017485598379633016,
    0.0010492055326809743,
    0.0004910111252352319,
    0.00026648477972080544,
    0.0001410064278610181,
    7.631134723416344e-05,
    4.597010471537627e-05,
    2.581378394152113e-05,
    1.5439299820350075e-05,
    6.790778945953213e-06,
    4.217391198437531e-06,
    1.986157298502466e-06,
    1.3270846370856226e-06,
    7.205712427636412e-07,
    4.419600182919828e-07,
    3.193202818750949e-07,
    1.2467456017014604e-07,
    7.747722951966842e-08,
    3.564662760006244e-08,
    2.2845614083051896e-08,
    1.1383607423172858e-08,
    6.430631221788878e-09,
    3.999115269463564e-09,
    1.924646297065364e-09,
    7.82453976451869e-10,
    4.728376277374695e-10,
    2.163893347293385e-10,
    1.2241381729984774e-10,
    5.3721962950098344e-11,
    2.8037089796498126e-11,
    1.3669681376615262e-11,
    7.472271080005137e-12,
    4.07906990594508e-12,
    2.3113079780209406e-12,
    1.248692066676049e-12,
    7.564017587674814e-13,
    3.732991180198486e-13,
    2.1352453176496862e-13,
    1.0239015116763986e-13,
    6.301810633949859e-14,
    3.618246145074516e-14,
    2.3840125108964163e-14,
    1.432334390345758e-14,
    6.76738930587104e-15,
    3.882005683996402e-15,
    2.2751728425558984e-15,
    1.7481099337242582e-15
  ],
  "rk": [
    1.0,
    0.4673172322718711,
    0.2016243189717489,
    0.13332696402993233,
    0.06606730927461146,
    0.0350747332535154,
    0.015432380651505179,
    0.008781003004420598,
    0.005146755810647779,
    0.002579920444424852,
    0.0015356945706000802,
    0.0007494525769544213,
    0.0003818354952501373,
    0.00018888355386198754,
    0.00010337940080306404,
    5.878475558141733e-05,
    3.6469437522258975e-05,
    2.09322210203658e-05,
    1.0636847385125918e-05,
    5.477453253976946e-06,
    2.4858781687543483e-06,
    1.6708343726983106e-06,
    9.065401394427279e-07,
    6.817945984726629e-07,
    4.161411052035477e-07,
    2.1941258423702592e-07,
    9.105709109547744e-08,
    4.321549611652464e-08,
    2.5265553651355772e-08,
    1.5225027694537193e-08,
    7.982162426424199e-09,
    5.135557385918834e-09,
    2.7826682376164223e-09,
    1.1977660340531114e-09,
    5.746112347649187e-10,
    3.383563382582785e-10,
    1.831935082887752e-10,
    8.14869979035833e-11,
    4.251688091015675e-11,
    2.1493045910070742e-11,
    1.064064891718016e-11,
    6.220816660027381e-12,
    3.2648242038534554e-12,
    2.13715981331932e-12,
    1.0329770638533293e-12,
    5.966593305676913e-13,
    2.8567655703808227e-13,
    1.3654741682431607e-13,
    7.96095063905824e-14,
    4.376867015171266e-14,
    3.2275798299172597e-14,
    1.8265756353930622e-14,
    9.222369383518208e-15,
    4.253438945571729e-15,
    2.1243331976945293e-15,
    1.1451237495222282e-15,
    7.099799148282532e-16
  ],
  "exit_code": 0,
  "iters": 56,
  "mtx": "add32",
  "method": "max-lf_mos-a_m3",
  "x_id": "randn"
}