{
  "fre": [
    0.8759043475945898,
    0.6851299676889578,
    0.5523975013321044,
    0.304998820610453,
    0.19259774453945247,
    0.13479090914215971,
    0.10189924282250344,
    0.09128164132681722,
    0.0640611681878956,
    0.05143796771725817,
    0.04025834200322635,
    0.027706128010616952,
    0.02106557720873102,
    0.014277754454662674,
    0.009992921003596512,
    0.007105401998921907,
    0.005030582412588455,
    0.003750034536550719,
    0.002430218892885486,
    0.0015932543703580549,
    0.0014444008341609504,
    0.0011327622078246143,
    0.0009084871428479212,
    0.0006142322545312799,
    0.00043212636959765827,
    0.0003061074548018005,
    0.000197779240914371,
    0.00015393322077530413,
    0.0001063527662034799,
    7.553599830846724e-05,
    5.2632839795094265e-05,
    3.413634625019263e-05,
    2.3327006501531415e-05,
    1.2728383712019089e-05,
    7.73405572786738e-06,
    4.48390423678762e-06,
    2.3483291175958793e-06,
    1.8424816466337755e-06,
    1.392420198511124e-06,
    8.731356883325833e-07,
    7.948087551529174e-07,
    6.037284603957167e-07,
    4.828110987621623e-07,
    3.2112036086880237e-07,
    1.3623861093215854e-07,
    1.0094887348000035e-07,
    6.61823923926727e-08,
    4.723331539639339e-08,
    3.953527578227687e-08,
    2.8429933306728754e-08,
    2.3382978571287596e-08,
    1.669412614495364e-08,
    1.195738654547646e-08,
    8.229309472361384e-09,
    4.609797558371765e-09,
    3.308229625336847e-09,
    2.486418320293638e-09,
    1.781625880785718e-09,
    1.1402740699223794e-09,
    6.663849834439565e-10,
    5.963464098144196e-10,
    4.664321884151539e-10,
    3.621622704855516e-10,
    2.891243305044231e-10,
    1.857033567238402e-10,
    1.3760129552329071e-10,
    8.858000125431097e-11,
    6.336675512700369e-11,
    5.1961526399479635e-11,
    3.8502648528061123e-11,
    2.7982203521239806e-11,
    2.0308166288449912e-11,
    1.07348016531782e-11,
    7.077108723999873e-12,
    4.223508489167731e-12,
    2.401939541153302e-12,
    1.5389131433665852e-12,
    1.1389343044004635e-12,
    8.989720724740016e-13,
    5.504635467705262e-13,
    5.003945840275805e-13,
    3.932984695506422e-13,
    2.93469909117374e-13,
    2.1658248388859618e-13,
    1.0306412617818162e-13,
    8.241596140227165e-14,
    5.841481249057836e-14,
    4.061933278614966e-14,
    3.2667110402923384e-14,
    2.4512289050069692e-14
  ],
  "rk": [
    1.0,
    0.2263152360619142,
    0.06575536017950877,
    0.04863906670636744,
    0.02939709668569705,
    0.01753099597183577,
    0.010777058700437268,
    0.00539465463338353,
    0.004497749090900869,
    0.002842448169505621,
    0.002100065622761554,
    0.0016571698186401637,
    0.001117524799659879,
    0.000822944675152789,
    0.0006061218502053984,
    0.00039299928919320123,
    0.00028765030926171734,
    0.00020279798524814528,
    0.00015078136400840757,
    0.00010659704429393694,
    7.725548846265986e-05,
    6.239597546783558e-05,
    4.522494509329135e-05,
    3.580851371139642e-05,
    2.5212478761134268e-05,
    1.7320740440081976e-05,
    1.2916220737841688e-05,
    8.256629436087543e-06,
    6.242369937066434e-06,
    4.3559973939856665e-06,
    3.1698820023949724e-06,
    2.3040140591815066e-06,
    1.5842717966436146e-06,
    1.1910354203372018e-06,
    7.151625598805775e-07,
    4.969220346509938e-07,
    3.206377105899237e-07,
    1.5817106017093885e-07,
    1.0303547843921398e-07,
    7.652929732900294e-08,
    4.9851933920126435e-08,
    4.1592733890851495e-08,
    3.134184793353767e-08,
    2.353363452518292e-08,
    1.7782348254404958e-08,
    8.21616062358785e-09,
    5.715006444670457e-09,
    3.720238859644695e-09,
    2.0897612886780762e-09,
    1.6708221519993678e-09,
    1.0971852286685679e-09,
    8.808477914446057e-10,
    6.479897813084546e-10,
    4.836542548270399e-10,
    3.5246142819615256e-10,
    2.158679113168815e-10,
    1.4450494022892037e-10,
    1.0587108811724247e-10,
    7.840392490924356e-11,
    5.568949259560157e-11,
    3.720717722748624e-11,
    2.8724268913763527e-11,
    2.1167903742825294e-11,
    1.517497318900114e-11,
    1.2342307883348275e-11,
    8.097872624454743e-12,
    6.03199645741356e-12,
    4.033846617545627e-12,
    2.5040648694412164e-12,
    1.979504772494401e-12,
    1.4790317131386729e-12,
    1.084606940714799e-12,
    8.48687626692065e-13,
    5.095014678491004e-13,
    3.522717439262736e-13,
    2.3862712270935313e-13,
    1.4597026326453108e-13,
    9.094056120438819e-14,
    5.840891754214162e-14,
    4.600598614172569e-14,
    3.182640419718972e-14,
    2.5420928432875003e-14,
    2.0115460690096205e-14,
    1.4324545722988575e-14,
    1.1374820264803277e-14,
    5.303212559078011e-15,
    3.783109910410934e-15,
    2.705308249567265e-15,
    1.679524090929945e-15,
    1.2977611307381967e-15,
    9.389276886468983e-16
  ],
  "exit_code": 0,
  "iters": 90,
  "mtx": "add32",
  "method": "max-lf_mos-d_m3",
  "x_id": "sine"
}