{
  "fre": [
    0.5828383012047568,
    0.3783200689019452,
    0.14181051749679785,
    0.036434855105677094,
    0.021357780830817415,
    0.008726471458154212,
    0.003873857615050674,
    0.0020429847167000694,
    0.0010454997758941203,
    0.00040595842843137874,
    0.0001477668290648214,
    9.035576603504284e-05,
    3.4426719657459844e-05,
    1.5199448096291522e-05,
    8.105287195212432e-06,
    4.107344578369356e-06,
    1.9604548129745293e-06,
    7.081101583979931e-07,
    4.797544365009425e-07,
    1.554529198901644e-07,
    8.048627147869674e-08,
    3.773700453077465e-08,
    2.5280456856569895e-08,
    9.795750552245557e-09,
    4.691699968325972e-09,
    2.6367572663095924e-09,
    9.495585739141022e-10,
    5.077927826706607e-10,
    2.9591987266750997e-10,
    1.6884744012872788e-10,
    7.27237567098129e-11,
    3.3536131119214004e-11,
    1.372280770278794e-11,
    4.146550074657123e-12,
    1.9323663421726808e-12,
    9.290524864443974e-13,
    5.564018132849427e-13,
    1.6187420226283675e-13,
    8.60007858084282e-14,
    3.470003211467546e-14,
    1.7381053497460547e-14,
    8.65501939864639e-15,
    6.612377608181265e-15,
    2.811792314231943e-15,
    1.3229843606520888e-15,
    9.669529380120933e-16,
    7.824732021863332e-16
  ],
  "rk": [
    1.0,
    0.7680480983798395,
    0.5237218394060671,
    0.21142874229317865,
    0.07945918785624895,
    0.04086274588988773,
    0.021270123158492117,
    0.00821150085144514,
    0.004827324696640538,
    0.0018829058685816012,
    0.0007867454947389973,
    0.0003232141835156183,
    0.0001764183415746495,
    7.368443748747452e-05,
    3.096693269487569e-05,
    1.960558387493583e-05,
    8.321296097807948e-06,
    3.4872415357834397e-06,
    1.736962768935576e-06,
    8.451337222914887e-07,
    2.940938465012243e-07,
    1.8578221367447695e-07,
    1.1376260128616544e-07,
    4.629463452307123e-08,
    2.0099233282308036e-08,
    1.1320711464238324e-08,
    5.1314523417607716e-09,
    1.791299167199851e-09,
    1.3307877329621134e-09,
    7.070178203879157e-10,
    3.2010262278581557e-10,
    1.4049578790375938e-10,
    7.160033036702924e-11,
    2.420589754617959e-11,
    7.50681067836989e-12,
    4.206096143374613e-12,
    2.1829524178178548e-12,
    1.0330284457807591e-12,
    3.717424480693836e-13,
    1.615271554935748e-13,
    6.927838391999167e-14,
    4.216638349418122e-14,
    2.9873183624238973e-14,
    1.2716687278111126e-14,
    5.85652677123748e-15,
    2.532517925062684e-15,
    1.2371211089034272e-15,
    4.904369761212118e-16
  ],
  "exit_code": -1,
  "iters": 47,
  "mtx": "add32",
  "method": "max-st_mos-a_m2",
  "x_id": "ones"
}