{
  "fre": [
    0.43507816995468696,
    0.2984691061963717,
    0.2585041436331633,
    0.13987051453750612,
    0.10033852579854557,
    0.07911232759234409,
    0.06533234194519708,
    0.022718627768049962,
    0.013133859013323592,
    0.010746862739402587,
    0.009306082826593256,
    0.004704957738266881,
    0.002177808840175411,
    0.0017409858296158843,
    0.0014545809008537523,
    0.0007782109115987744,
    0.00030512528551699677,
    0.0002495446865298224,
    0.00021185396456652522,
    0.00011444054407829424,
    0.00010126825570226865,
    7.818848822683426e-05,
    5.958579847403745e-05,
    2.9395970341400884e-05,
    2.1519182504763806e-05,
    1.7328594608344584e-05,
    1.575150697787461e-05,
    7.66342774587386e-06,
    2.680311607317886e-06,
    2.2408255373960734e-06,
    1.8206846362819236e-06,
    8.955917755821851e-07,
    4.4046288466076394e-07,
    3.3776792684982e-07,
    2.708814470381119e-07,
    1.3338347746501442e-07,
    5.816392189170095e-08,
    4.4009724216490874e-08,
    3.809223764410596e-08,
    1.7935647813934962e-08,
    1.5972967865466468e-08,
    1.3323966142069527e-08,
    1.0350392095926727e-08,
    3.7036120294379936e-09,
    2.5175371652546137e-09,
    2.1273248211210386e-09,
    1.8816514998942674e-09,
    9.921610982645103e-10,
    5.033223444158862e-10,
    4.3177832960234516e-10,
    3.6684834359043336e-10,
    2.034436901345169e-10,
    1.0250767705912165e-10,
    7.848112529997563e-11,
    6.182583416582719e-11,
    2.948937093398007e-11,
    1.1740300003232433e-11,
    9.077410902900445e-12,
    7.745040507018373e-12,
    3.836134673040329e-12,
    3.3393661378721565e-12,
    2.703235675409531e-12,
    2.0492853748816823e-12,
    8.69581907173661e-13,
    6.58310000555594e-13,
    5.501902890500321e-13,
    4.917660651324634e-13,
    2.314184485979142e-13,
    1.1695570219645256e-13,
    1.0037084430510504e-13,
    8.303256711428228e-14,
    3.8382309836135986e-14,
    2.113300347082104e-14,
    1.6896310857556757e-14,
    1.3312741513481429e-14,
    6.0534802301528835e-15
  ],
  "rk": [
    1.0,
    0.27549469844340857,
    0.08895291402110143,
    0.028113910093257696,
    0.013727568585908395,
    0.00953329183390664,
    0.006122048587570345,
    0.005278292220707822,
    0.002358532745604069,
    0.0011254339002964638,
    0.0007656225545622472,
    0.0006889200881542489,
    0.0003659100075238897,
    0.00018862487293674226,
    0.00012967163849842412,
    0.00010776803192300915,
    6.253962053662452e-05,
    2.979943106547857e-05,
    1.931316296464417e-05,
    1.639448521362609e-05,
    8.701194249760647e-06,
    6.903023578557381e-06,
    5.358772192520859e-06,
    4.583441693585324e-06,
    2.239349470224788e-06,
    1.6432882254108632e-06,
    1.1987918416553435e-06,
    1.1207295579708822e-06,
    6.018201686568616e-07,
    2.6694593334805665e-07,
    1.766767699919831e-07,
    1.5266080714920468e-07,
    8.23755090680778e-08,
    4.130393701637273e-08,
    2.498128431943003e-08,
    2.1145029018380642e-08,
    1.1329891925509486e-08,
    5.504462168390069e-09,
    3.2690520363409996e-09,
    2.9347645415121133e-09,
    1.4944286865017007e-09,
    1.1069749136943478e-09,
    9.265691748391532e-10,
    8.098345464231067e-10,
    3.2308221618588503e-10,
    2.0764276173844554e-10,
    1.4397074833135934e-10,
    1.343564146113457e-10,
    7.714111500775547e-11,
    4.179597020414735e-11,
    3.0547748690310274e-11,
    2.6972700154867022e-11,
    1.602231457952647e-11,
    8.949613821200762e-12,
    5.88853242586767e-12,
    5.033817481815445e-12,
    2.534881858333645e-12,
    1.1628250312978967e-12,
    7.237212696855334e-13,
    6.273093771049285e-13,
    3.2675326040330153e-13,
    2.362765430622281e-13,
    1.9377504290461753e-13,
    1.666136185672452e-13,
    7.086031846138685e-14,
    5.01671272499791e-14,
    3.8826288091061417e-14,
    3.637995183761168e-14,
    1.8699773376638362e-14,
    1.000649371966505e-14,
    7.847722293593775e-15,
    6.827498121221733e-15,
    3.576530037711139e-15,
    1.8739810755960656e-15,
    1.2916253502794046e-15,
    1.1142557329197522e-15,
    5.436174366752008e-16
  ],
  "exit_code": 0,
  "iters": 76,
  "mtx": "add32",
  "method": "max-lf_alt-i_m4",
  "x_id": "randn"
}