{
  "fre": [
    0.39551279970916486,
    0.3468743477115878,
    0.32472589023762355,
    0.15617690805439596,
    0.06489813701841077,
    0.05538134996117846,
    0.03597948160625246,
    0.018644523172034293,
    0.014808312740563954,
    0.003115163098520007,
    0.00157524561281047,
    0.0011517503209548896,
    0.00046381087091894253,
    0.00027447949206332254,
    0.0002310739282812241,
    0.00011697254341690459,
    4.663365613427723e-05,
    3.3666467300719393e-05,
    1.4208637967964728e-05,
    9.775072096060533e-06,
    8.924847764776985e-06,
    6.638927203130441e-06,
    2.4163321880208374e-06,
    1.313952493708418e-06,
    6.301965183982084e-07,
    4.338564743707589e-07,
    3.378539182958704e-07,
    1.1969993820399558e-07,
    4.5624735423336246e-08,
    3.249839097832521e-08,
    1.5554294507436907e-08,
    1.141341676306194e-08,
    9.432622037069056e-09,
    2.948597114523456e-09,
    1.1181658906291143e-09,
    8.348550565941008e-10,
    3.9094027819172957e-10,
    2.665699740432988e-10,
    2.1194306656173351e-10,
    8.167466319521551e-11,
    7.434415523680687e-11,
    6.630392776783448e-11,
    3.797158801942963e-11,
    1.7984927444280788e-11,
    1.2042363828363374e-11,
    7.085688044489627e-12,
    4.34646559459135e-12,
    3.2573811393725485e-12,
    9.034872410449807e-13,
    3.422807293272476e-13,
    2.757783447974585e-13,
    1.510847040595929e-13,
    9.922480291399521e-14,
    7.735345291568441e-14,
    2.8856561072531756e-14,
    1.2984111824922981e-14,
    9.595272142632633e-15,
    5.31379027281397e-15,
    3.4763145841923782e-15
  ],
  "rk": [
    1.0,
    0.0997705808836106,
    0.07026975459312444,
    0.06883415989852427,
    0.03747630727439779,
    0.016687213836205528,
    0.011394940083368265,
    0.007849957181071227,
    0.0043523888513938595,
    0.0028936880758435417,
    0.001019147329946301,
    0.000500149349282365,
    0.0002992430640985678,
    0.0001319962685929601,
    7.484119172018409e-05,
    4.653444820431083e-05,
    2.691805224196703e-05,
    1.4599766106219323e-05,
    7.449166484284485e-06,
    3.4576564762244862e-06,
    2.2502284184869788e-06,
    1.5630467204700836e-06,
    1.2387765070591677e-06,
    6.562573127547207e-07,
    2.9011956821703073e-07,
    1.479246055672615e-07,
    1.0339852009562863e-07,
    7.007640031035226e-08,
    3.2762880066118474e-08,
    1.4901006542863013e-08,
    7.646181466818364e-09,
    3.754052510847878e-09,
    2.693825698426725e-09,
    1.888968183540586e-09,
    8.096216743518591e-10,
    3.541877422331456e-10,
    2.020336851036986e-10,
    1.0757944022165597e-10,
    6.484359389800148e-11,
    3.875377291613661e-11,
    2.0371004887708977e-11,
    1.4851527395581365e-11,
    1.2170978545842882e-11,
    7.564621033023596e-12,
    4.699840857330647e-12,
    2.3674461511763584e-12,
    1.54906264138651e-12,
    1.0577810052392781e-12,
    6.328083375476375e-13,
    2.698126331517673e-13,
    1.1767938431219742e-13,
    6.543202538510127e-14,
    3.6787643156133075e-14,
    2.5221408669034973e-14,
    1.4849302829638372e-14,
    7.266136764900333e-15,
    3.70610816098022e-15,
    1.9738436922132596e-15,
    1.1144271080829717e-15,
    8.21958186765518e-16
  ],
  "exit_code": 0,
  "iters": 59,
  "mtx": "add32",
  "method": "max-lf_alt-i_m3",
  "x_id": "ones"
}