{
  "fre": [
    0.6138242982664326,
    0.45931118542148636,
    0.36179644956466583,
    0.19974152576066573,
    0.1367033930032155,
    0.10487447627335825,
    0.07889863731130609,
    0.07043271349144398,
    0.049616089882976305,
    0.038133685818321626,
    0.029455294981013933,
    0.02082925646833066,
    0.015968551256693254,
    0.011185949608749761,
    0.007774454234654153,
    0.0054087153232744165,
    0.003949027017809074,
    0.002743006831468953,
    0.0017924318382141426,
    0.0010809633456297678,
    0.000976757266104225,
    0.000752644311178109,
    0.0006050001226970681,
    0.00042282281628634104,
    0.0003125101873830932,
    0.00022609928891197958,
    0.00015268759744702838,
    0.00011228711784979938,
    8.305463959314769e-05,
    5.426726906172792e-05,
    3.6938447773607924e-05,
    2.5859892379969718e-05,
    1.6418064282482106e-05,
    1.0381632553857593e-05,
    6.396874108858452e-06,
    3.380562967749972e-06,
    1.642603395422546e-06,
    1.3045963763316923e-06,
    1.0190217998145762e-06,
    7.131211005017955e-07,
    6.349116256411779e-07,
    4.828817120558442e-07,
    3.1938729915857865e-07,
    1.842279543063515e-07,
    1.0227064578114564e-07,
    7.55180645539773e-08,
    5.228216340860327e-08,
    3.8686411111912476e-08,
    3.0988575415112974e-08,
    2.3933123138919954e-08,
    1.8326697879342445e-08,
    1.3373293987360271e-08,
    9.398281460180948e-09,
    5.940607906925717e-09,
    3.5413400643502086e-09,
    2.613778538155311e-09,
    1.9192270383607624e-09,
    1.390218231594181e-09,
    8.91343138526703e-10,
    4.3367788759525356e-10,
    3.893676412903231e-10,
    3.0597275409867624e-10,
    2.447537997331004e-10,
    1.9165513889471653e-10,
    1.2644244250579887e-10,
    9.358563493546039e-11,
    6.30346374390427e-11,
    4.4709253101454066e-11,
    3.486901490213656e-11,
    2.6048639951710802e-11,
    1.8914467640259555e-11,
    1.3963105001019484e-11,
    7.859683264374736e-12,
    5.41497941599851e-12,
    3.0969224525722513e-12,
    1.9189300241326735e-12,
    1.1200997347878154e-12,
    7.843906490435217e-13,
    6.250029754088405e-13,
    4.158086120388088e-13,
    3.7307363028344947e-13,
    2.868984055764469e-13,
    1.8011604548607972e-13,
    1.1770359434041798e-13,
    7.220670181562375e-14,
    5.576895165224072e-14,
    3.9154837773816415e-14,
    2.7716977497508533e-14,
    2.262330560328495e-14
  ],
  "rk": [
    1.0,
    0.20501630762791512,
    0.05920192146334091,
    0.04224738138863979,
    0.023018004811380003,
    0.012719782140402744,
    0.008617905264739241,
    0.004523775474307025,
    0.0036829854641006994,
    0.0024211712714523204,
    0.0017274285996431214,
    0.001307153338596998,
    0.0008968685510955116,
    0.0006613972528920421,
    0.0004899350384355255,
    0.00032862485902714956,
    0.00023239716473128928,
    0.0001719387914327049,
    0.00012249467235974984,
    8.79563029398006e-05,
    5.958413202396988e-05,
    4.676385125045865e-05,
    3.3579354507311823e-05,
    2.6244239076996134e-05,
    1.8312466756615058e-05,
    1.3465265703849468e-05,
    9.811486783601925e-06,
    6.777036725633812e-06,
    4.810059414045464e-06,
    3.6783445605151166e-06,
    2.482352275018793e-06,
    1.7766643933339878e-06,
    1.2656384388260404e-06,
    8.712454662669155e-07,
    6.020889064750726e-07,
    4.209694798237097e-07,
    2.6811109528233814e-07,
    1.2505891775004058e-07,
    8.041507908836187e-08,
    5.863646533922259e-08,
    4.064649776736579e-08,
    3.25153132064311e-08,
    2.5008969340558314e-08,
    1.78831978269137e-08,
    1.1998111113270154e-08,
    6.575166157346443e-09,
    4.459683206749072e-09,
    2.9644417640734866e-09,
    1.8711124593554124e-09,
    1.3617571930389494e-09,
    1.0014359606585681e-09,
    7.433357937835109e-10,
    5.512623143855478e-10,
    4.0890579305501034e-10,
    2.827762248872559e-10,
    1.7340950510771891e-10,
    1.246317287878587e-10,
    8.972579845119511e-11,
    6.753755480014489e-11,
    4.829042076759365e-11,
    2.881834977125531e-11,
    2.1261822917791897e-11,
    1.5367722381514793e-11,
    1.1353303110201614e-11,
    9.024555393127461e-12,
    6.0149309458905266e-12,
    4.3709953189396455e-12,
    2.9811351294556402e-12,
    1.8934750195128284e-12,
    1.4460980808267868e-12,
    1.0694346171695291e-12,
    7.978292346972125e-13,
    6.142076109471049e-13,
    3.8653751988732403e-13,
    2.8075033388778106e-13,
    1.8303853666783003e-13,
    1.2331616346497692e-13,
    7.497307894078846e-14,
    4.47332893042219e-14,
    3.4033845743190936e-14,
    2.4053161524003016e-14,
    1.9000541816529742e-14,
    1.473698610409004e-14,
    9.956054026935392e-15,
    7.01901822118617e-15,
    4.058561839090333e-15,
    2.874707584418717e-15,
    1.981276214393802e-15,
    1.2320823238407092e-15,
    9.646451748888742e-16
  ],
  "exit_code": 0,
  "iters": 89,
  "mtx": "add32",
  "method": "max-lf_mos-d_m3",
  "x_id": "randn"
}