{
  "fre": [
    0.6135357653337215,
    0.4582190601256562,
    0.36082485418150934,
    0.19916557344377864,
    0.13670141404573663,
    0.10463101035953333,
    0.07902182974773564,
    0.07028937580494514,
    0.05020982600849976,
    0.03812142553752714,
    0.029763508011094758,
    0.02080916876862268,
    0.016012292152987852,
    0.011237587531935012,
    0.007787027358694054,
    0.005520542045033527,
    0.003960461235927226,
    0.0027916290278083224,
    0.0017780614599724705,
    0.0010823852477699284,
    0.000977336800202633,
    0.0007501799776241409,
    0.0005958247068409762,
    0.00042483893618391297,
    0.00030517791963170034,
    0.0002230919200514713,
    0.0001499723257470604,
    0.00011240953236957971,
    8.148643089133541e-05,
    5.3106828261955254e-05,
    3.696856798650227e-05,
    2.572027836844227e-05,
    1.5920032593906534e-05,
    1.0356947244017386e-05,
    6.516764175974494e-06,
    3.3607594145626603e-06,
    1.6588240315481834e-06,
    1.3005086167602612e-06,
    1.0136806388667671e-06,
    7.004654276733159e-07,
    6.280055121717741e-07,
    4.704603337888002e-07,
    3.090345297647314e-07,
    1.8153972862064763e-07,
    9.92519992708002e-08,
    7.395500920034149e-08,
    4.97174912295066e-08,
    3.729823578670695e-08,
    2.976734139590496e-08,
    2.2848174052682302e-08,
    1.7592837588502572e-08,
    1.2341917558292995e-08,
    8.947898622855822e-09,
    5.5788569037194984e-09,
    3.4966490890558807e-09,
    2.474406919327607e-09,
    1.8539284224463672e-09,
    1.3607784189859247e-09,
    8.727064544554136e-10,
    4.129460129659575e-10,
    3.7094751531379664e-10,
    2.9344713867344997e-10,
    2.3501324136851724e-10,
    1.8242514572420634e-10,
    1.206564271071502e-10,
    8.825095782458022e-11,
    6.131496534101137e-11,
    4.31551113237546e-11,
    3.412844298596123e-11,
    2.5004651349061715e-11,
    1.841303723241854e-11,
    1.3678617782797146e-11,
    7.702905666100323e-12,
    5.208716420801015e-12,
    2.958780102592916e-12,
    1.9150097476911283e-12,
    1.072396241186873e-12,
    7.388110759906838e-13,
    5.868904220761837e-13,
    4.033276152452785e-13,
    3.6206473136617493e-13,
    2.7221335669557214e-13,
    1.6257288001108994e-13,
    1.0891804445408143e-13,
    7.02423360371902e-14,
    5.2937983273575684e-14,
    3.766426376846913e-14,
    2.6720651398445857e-14,
    2.1975993143615047e-14
  ],
  "rk": [
    1.0,
    0.20510817877387622,
    0.059166533972421526,
    0.042215358730820766,
    0.022964978341315122,
    0.012741604873123535,
    0.00857575767013946,
    0.0045353516468248185,
    0.0036786799661177845,
    0.0024562022485946472,
    0.0017248733924616782,
    0.0013225928475411543,
    0.0008940605754944787,
    0.0006631674604737383,
    0.0004912582311903678,
    0.00032975858108272353,
    0.00023672200351937528,
    0.00017319223700674476,
    0.0001242152528801619,
    8.747763990305017e-05,
    5.961806820317172e-05,
    4.676038013744528e-05,
    3.3434766469679906e-05,
    2.5825101516888548e-05,
    1.843962435671503e-05,
    1.3153069542147993e-05,
    9.701900147327032e-06,
    6.60527565024243e-06,
    4.831673228527654e-06,
    3.6274002286721577e-06,
    2.4269016320312034e-06,
    1.7664946294459716e-06,
    1.262998914729142e-06,
    8.562745715596501e-07,
    5.979710401614421e-07,
    4.263805207066814e-07,
    2.6632654132713585e-07,
    1.267367884395943e-07,
    8.054569911531766e-08,
    5.801812433355933e-08,
    4.002740577056773e-08,
    3.201535392947897e-08,
    2.4429751409057255e-08,
    1.7421353710947613e-08,
    1.1801292998645536e-08,
    6.3904032460146306e-09,
    4.346231351120615e-09,
    2.809761150898914e-09,
    1.7659844981059664e-09,
    1.2939221349178365e-09,
    9.496280744467865e-10,
    7.147856073555264e-10,
    5.175895592894521e-10,
    3.905820449258777e-10,
    2.659400980942563e-10,
    1.7233891608537485e-10,
    1.1824257794773464e-10,
    8.65405126014745e-11,
    6.58817191668385e-11,
    4.758036732704211e-11,
    2.7784188117603057e-11,
    2.03242844666804e-11,
    1.4680940009168607e-11,
    1.0937257147551393e-11,
    8.608891155383934e-12,
    5.7444592699348136e-12,
    4.122621947126264e-12,
    2.8808736479693105e-12,
    1.8440540421488697e-12,
    1.422902160461423e-12,
    1.0359253459336295e-12,
    7.681592972761106e-13,
    5.953773180781e-13,
    3.7526803883261877e-13,
    2.705941820669622e-13,
    1.74151777354713e-13,
    1.217527708159759e-13,
    7.311144465592167e-14,
    4.2691825979233986e-14,
    3.185040662799006e-14,
    2.3001593702744198e-14,
    1.8330941913319667e-14,
    1.4105480711633056e-14,
    9.148005532114728e-15,
    6.448728745651941e-15,
    3.9669752756018185e-15,
    2.771543103904495e-15,
    1.924659858910436e-15,
    1.1967507456846887e-15,
    9.223291230452683e-16
  ],
  "exit_code": 0,
  "iters": 89,
  "mtx": "add32",
  "method": "max-lf_mos-d_m2",
  "x_id": "randn"
}