{
  "fre": [
    0.5249067904331315,
    0.4012242636114795,
    0.3619790041212466,
    0.22649557515893456,
    0.15140075199881428,
    0.1051063570240578,
    0.08409750289041792,
    0.020372193677298825,
    0.013737620382398617,
    0.0117418423975474,
    0.010276327029500107,
    0.0060568591981642675,
    0.0030204962377715985,
    0.0023030511910129108,
    0.0018539456207729654,
    0.000927533804403746,
    0.00045659282730238385,
    0.000372938213145134,
    0.00031475881102732564,
    0.00016511652340932975,
    0.0001468777046503651,
    0.00011842163310460041,
    9.812405345604842e-05,
    4.764727435292527e-05,
    3.1534758163752055e-05,
    2.5730259473055776e-05,
    2.293282697792939e-05,
    1.1311203943634286e-05,
    4.637733986695353e-06,
    3.802159358627984e-06,
    2.9736348224885094e-06,
    1.3365331235771939e-06,
    6.038657041478091e-07,
    4.5094093988380546e-07,
    3.7280883361884663e-07,
    1.8583651148617674e-07,
    8.487947124982259e-08,
    6.616418558237183e-08,
    5.609685574268285e-08,
    2.4384234770324506e-08,
    2.1734684853758975e-08,
    1.822966529658e-08,
    1.4559965543546824e-08,
    5.7063428986729435e-09,
    3.8903717888431226e-09,
    3.186853157121378e-09,
    2.743809273592001e-09,
    1.4670696164572255e-09,
    6.574500609407336e-10,
    5.501286835669397e-10,
    4.723196516726821e-10,
    2.2930872938696953e-10,
    1.1410100264707758e-10,
    8.880703421485445e-11,
    7.382442934976773e-11,
    3.4851135728731764e-11,
    1.6251414867031826e-11,
    1.3345140785603043e-11,
    1.1381982799349401e-11,
    5.241877910361916e-12,
    4.756837724072481e-12,
    3.988369954920502e-12,
    3.1640669202409396e-12,
    1.448330875042806e-12,
    1.0673567851562542e-12,
    8.409128073271312e-13,
    6.967573434903805e-13,
    2.6651441462844216e-13,
    1.1116685398174993e-13,
    9.288148208529702e-14,
    7.762437948857647e-14,
    3.766128913736711e-14,
    1.7586669082766766e-14,
    1.4473908017788476e-14
  ],
  "rk": [
    1.0,
    0.26231673393256866,
    0.08542752928549255,
    0.02946038721361091,
    0.017244490172958506,
    0.013256982676359032,
    0.008193710890255322,
    0.006920111824706342,
    0.0023584707126899033,
    0.0011396985183208931,
    0.0007707451700903049,
    0.0006941123535844092,
    0.0004179151548935751,
    0.00023037934235164889,
    0.00015945114815100577,
    0.00012768497830541062,
    6.96631791567146e-05,
    3.738051535641559e-05,
    2.5682107535732864e-05,
    2.261861733535696e-05,
    1.1421677978219467e-05,
    9.084946279390468e-06,
    7.130364549664584e-06,
    6.328725376618607e-06,
    3.3937767782869365e-06,
    2.373709207492159e-06,
    1.7704706711102316e-06,
    1.6316855414234855e-06,
    8.646607843978264e-07,
    3.8285030740845206e-07,
    2.780603957261139e-07,
    2.3848358970952646e-07,
    1.1712042579798757e-07,
    5.119813023419734e-08,
    3.202058500128857e-08,
    2.754314033112012e-08,
    1.4405176230295112e-08,
    7.184928594559224e-09,
    4.5524062527143655e-09,
    4.063314440283304e-09,
    1.964893245972767e-09,
    1.4027376686072766e-09,
    1.1658818882580553e-09,
    1.0314966182323895e-09,
    4.543355671960755e-10,
    3.0621885814162827e-10,
    2.1376280972201874e-10,
    1.924186183969422e-10,
    1.0912060582212248e-10,
    5.458831456260186e-11,
    3.967037785180142e-11,
    3.5631501843500865e-11,
    1.870617201914853e-11,
    9.342242776925764e-12,
    6.232825890704832e-12,
    5.574782651570697e-12,
    2.7024084112609362e-12,
    1.2544277191132252e-12,
    8.645314990887276e-13,
    7.7600146420733e-13,
    4.0056325887417013e-13,
    3.018655397496293e-13,
    2.449655161637536e-13,
    2.1854113880127937e-13,
    1.0301357812642115e-13,
    7.519327020592388e-14,
    5.653291452711695e-14,
    5.0273857031781095e-14,
    2.236882675197082e-14,
    9.921303563966728e-15,
    7.049507369355594e-15,
    6.14489881340298e-15,
    3.129136505309279e-15,
    1.5472410721763801e-15,
    9.451588620159253e-16
  ],
  "exit_code": 0,
  "iters": 74,
  "mtx": "add32",
  "method": "max-lf_alt-i_m4",
  "x_id": "sine"
}