{
  "fre": [
    0.8762359397912245,
    0.6852462666341729,
    0.5522455999274344,
    0.3048782841298423,
    0.19267908302254616,
    0.13475426689340858,
    0.10179975465317209,
    0.09130918037403514,
    0.06388669358317987,
    0.051411334097124915,
    0.04015497578981397,
    0.027734406536779582,
    0.02103214081959955,
    0.014290248520874117,
    0.009966276162015522,
    0.007042063812478521,
    0.005026162488520603,
    0.0037085891594854643,
    0.002436924888164302,
    0.0015789988782568978,
    0.0014329528045111902,
    0.0011245148938259476,
    0.0009086016968053702,
    0.0006218758905874791,
    0.0004297417019197672,
    0.00031536886514685564,
    0.0001992890107300039,
    0.0001546284145458205,
    0.0001074358914296878,
    7.662569666900274e-05,
    5.35762107395624e-05,
    3.562643380773131e-05,
    2.359163455025977e-05,
    1.3505926885005504e-05,
    7.774518072535911e-06,
    4.849378409630338e-06,
    2.358901215593907e-06,
    1.825271358620627e-06,
    1.4030809709776731e-06,
    8.571939918976307e-07,
    7.851077490735102e-07,
    6.000632617941925e-07,
    4.7507762827694723e-07,
    3.239497557010614e-07,
    1.3317639270180027e-07,
    9.901245541287007e-08,
    6.638267935549936e-08,
    4.6845012140687247e-08,
    3.915373724201165e-08,
    2.8498519226874018e-08,
    2.344100743149734e-08,
    1.661545053384964e-08,
    1.1944636301045863e-08,
    8.246193952667756e-09,
    4.982669404103376e-09,
    3.2446604646409864e-09,
    2.5282302366898667e-09,
    1.7630214330243211e-09,
    1.1512331611985578e-09,
    6.762242656483766e-10,
    6.04881798248564e-10,
    4.690055178102719e-10,
    3.6084664781942195e-10,
    2.885539879181087e-10,
    1.801218635091516e-10,
    1.3567219744259697e-10,
    8.921799890538426e-11,
    6.372156554446141e-11,
    5.2353034119064344e-11,
    3.84378650232204e-11,
    2.8117608140095727e-11,
    2.0366167545899768e-11,
    1.0693289948677322e-11,
    7.1417314837015945e-12,
    4.195431581343495e-12,
    2.31530207899025e-12,
    1.5678747362195062e-12,
    1.1530318465629307e-12,
    9.038445431037321e-13,
    5.582828504875841e-13,
    5.063907034398673e-13,
    3.996473647886767e-13,
    2.9393621238526115e-13,
    2.187506291718499e-13,
    1.0719101813295703e-13,
    8.534932447349375e-14,
    6.025072439774752e-14,
    4.1665831366164355e-14,
    3.4170333819300344e-14,
    2.5084115302423055e-14
  ],
  "rk": [
    1.0,
    0.2262844784290556,
    0.0657369738146519,
    0.04865132429104784,
    0.02935640497043248,
    0.017508775321756292,
    0.01077769204871113,
    0.005382008882644926,
    0.0044957705943117965,
    0.0028303265641585027,
    0.0020991911224475567,
    0.0016513836649863463,
    0.0011200149944665522,
    0.0008213232542486989,
    0.0006072859126036225,
    0.00039187592518816764,
    0.0002847669406427581,
    0.00020226599356729078,
    0.0001494741265371093,
    0.00010687546993899719,
    7.676554470534298e-05,
    6.203583557862293e-05,
    4.5066729132653626e-05,
    3.574341352520809e-05,
    2.5544745131418665e-05,
    1.723704301778129e-05,
    1.3181652642971172e-05,
    8.394998796674444e-06,
    6.259367669011773e-06,
    4.405829344138767e-06,
    3.216089703185892e-06,
    2.329956823594671e-06,
    1.6430854741321643e-06,
    1.1923731565719959e-06,
    7.485511287251052e-07,
    4.997054285471467e-07,
    3.3915626553162173e-07,
    1.6281816614143347e-07,
    1.0195426936359851e-07,
    7.703301422906259e-08,
    4.8984943666785147e-08,
    4.112828923227351e-08,
    3.1538193510640436e-08,
    2.3112487913944406e-08,
    1.776997741976237e-08,
    8.061206773163253e-09,
    5.598309264691278e-09,
    3.727347126870841e-09,
    2.123362917201652e-09,
    1.6620650780216636e-09,
    1.1055121325325797e-09,
    8.771723867014633e-10,
    6.486696848919221e-10,
    4.809482828780265e-10,
    3.5098054579696764e-10,
    2.335413655857855e-10,
    1.4305990993341523e-10,
    1.0695861530840064e-10,
    7.767551192958059e-11,
    5.5523920959020446e-11,
    3.713859874653331e-11,
    2.8823489059666206e-11,
    2.1129727103840638e-11,
    1.507822168150979e-11,
    1.2383613932524154e-11,
    7.907107754001498e-12,
    5.941955814627258e-12,
    4.035074110410558e-12,
    2.5104711375390957e-12,
    1.995856639440533e-12,
    1.4806461630957485e-12,
    1.093371567908828e-12,
    8.535040077085301e-13,
    5.09241769179113e-13,
    3.5483679777502446e-13,
    2.392017168626137e-13,
    1.4037038516251106e-13,
    9.115159285094253e-14,
    5.922839204657024e-14,
    4.641944610292482e-14,
    3.2429799873125675e-14,
    2.566716850270226e-14,
    2.03509685816261e-14,
    1.440389234763131e-14,
    1.1447108276985639e-14,
    5.485342234500891e-15,
    3.918087755489627e-15,
    2.795792057350418e-15,
    1.6930607215166313e-15,
    1.3422223443947566e-15,
    9.604056467413714e-16
  ],
  "exit_code": 0,
  "iters": 90,
  "mtx": "add32",
  "method": "max-lf_mos-d_m4",
  "x_id": "sine"
}