{
  "fre": [
    0.6345951786556558,
    0.428473679373079,
    0.19922895958508746,
    0.1470632008321473,
    0.09938595076693976,
    0.07768279819122609,
    0.057297504178676135,
    0.04728671025076196,
    0.030761560936257013,
    0.023839318916059973,
    0.012704337012310569,
    0.009082131514529093,
    0.006529516992781394,
    0.004603874070283005,
    0.002925060520485807,
    0.0015672050540244536,
    0.0010460374408981445,
    0.00047849366675558713,
    0.00026646318872426184,
    0.0001607176494888742,
    0.000144281907893992,
    0.00010367917231158825,
    6.951399674521943e-05,
    5.155230716653065e-05,
    2.4584686686515596e-05,
    1.8827266035759866e-05,
    1.2296442875947092e-05,
    9.021504271852383e-06,
    7.096655756064532e-06,
    4.8711918167849395e-06,
    3.7842974866188837e-06,
    2.423002608011169e-06,
    1.8062233270419616e-06,
    9.409374095419763e-07,
    5.632706871909349e-07,
    3.4891570782574544e-07,
    2.0074594526127888e-07,
    1.2057892330030965e-07,
    6.369051545048424e-08,
    3.558590000641168e-08,
    3.207978229656951e-08,
    2.222748261315262e-08,
    1.4732583687755098e-08,
    1.0222957226961128e-08,
    6.886501396483971e-09,
    5.311667433388303e-09,
    3.6673058811633254e-09,
    2.95996106241375e-09,
    1.9810946466544776e-09,
    1.334285067099366e-09,
    9.71481448945019e-10,
    5.794642349362549e-10,
    4.489531495877934e-10,
    2.0431010555390913e-10,
    1.3653237678378312e-10,
    7.431352157764903e-11,
    5.3403528857470305e-11,
    3.664585859542158e-11,
    2.158987333702959e-11,
    1.3675747547947801e-11,
    1.2458248640962677e-11,
    8.348626851008449e-12,
    6.139692122478726e-12,
    4.035274054409134e-12,
    2.4801667442173557e-12,
    1.823614907731683e-12,
    1.2142997747037093e-12,
    9.961392856424927e-13,
    6.591567075194185e-13,
    4.72391323561561e-13,
    3.4133404398643944e-13,
    2.053762182415325e-13,
    1.5466769104424642e-13,
    8.252328652330596e-14,
    5.4021521210093e-14,
    2.7353717406297235e-14,
    1.868083710504284e-14,
    1.0653705143507619e-14,
    7.154164374039341e-15,
    6.073220416702172e-15
  ],
  "rk": [
    1.0,
    0.12132538184590952,
    0.08714375589012865,
    0.03492426648300428,
    0.02454918338664419,
    0.012498634683446506,
    0.008813013932221501,
    0.005239989608429966,
    0.004188786375971928,
    0.0027132538184036917,
    0.002058953729674339,
    0.0012070282670280513,
    0.0008128996527278809,
    0.0005864710759561718,
    0.0004309719959137361,
    0.00030351705297171615,
    0.00018387047490405633,
    0.00012431650218969992,
    7.292418268168867e-05,
    3.9134450752291925e-05,
    2.3712351992744576e-05,
    1.7332417896106428e-05,
    1.2394441402684711e-05,
    7.437289219977849e-06,
    5.755127668485521e-06,
    2.8937455517675585e-06,
    2.114473000302575e-06,
    1.30854518465886e-06,
    8.566281788938628e-07,
    6.423276404794452e-07,
    4.1307755036605106e-07,
    3.1924870708771383e-07,
    2.0788190090765262e-07,
    1.610839478514827e-07,
    1.0019705458692406e-07,
    6.247549157649396e-08,
    4.319291548873697e-08,
    2.561587158930562e-08,
    1.733717745031056e-08,
    9.416257035600066e-09,
    5.911512857313073e-09,
    4.1850035375162855e-09,
    2.8995888616172185e-09,
    1.7615322045791514e-09,
    1.1881187310100311e-09,
    7.293678597643819e-10,
    5.327210436148841e-10,
    3.2807289927114653e-10,
    2.551767971669249e-10,
    1.753924945086362e-10,
    1.173500400462689e-10,
    8.834571978079195e-11,
    5.392233149395694e-11,
    4.3380386215340116e-11,
    2.3622639587847573e-11,
    1.6441362744156502e-11,
    9.387988764076409e-12,
    6.126666223665658e-12,
    4.441915491746743e-12,
    2.6481155968573402e-12,
    1.913958973310193e-12,
    1.4375443212172548e-12,
    9.407983262207027e-13,
    6.476316118204494e-13,
    4.466874848916889e-13,
    2.6816660585314336e-13,
    1.9182211699816843e-13,
    1.1086301273530995e-13,
    8.805836833305216e-14,
    5.871598432617402e-14,
    4.131136099537097e-14,
    3.0687797829072836e-14,
    1.8800803909776665e-14,
    1.465996073510451e-14,
    8.919234090421471e-15,
    6.327248050304867e-15,
    3.569582584798455e-15,
    2.3923055260694126e-15,
    1.4786584619627646e-15,
    1.0155484006274558e-15,
    8.276710837503617e-16
  ],
  "exit_code": -1,
  "iters": 80,
  "mtx": "add32",
  "method": "ilu0",
  "x_id": "ones"
}