{
  "fre": [
    0.7065124085645352,
    0.22153136015257588,
    0.12731826336421365,
    0.06570363109253624,
    0.038299745908934806,
    0.015205143963439489,
    0.0073748823867167785,
    0.004697760618158613,
    0.002245599741240576,
    0.0011401165685745768,
    0.0008260138015298664,
    0.0005436979146830318,
    0.00024571680388649274,
    0.00012404259237669692,
    7.697333377422198e-05,
    3.411873654862638e-05,
    1.8713709355018123e-05,
    8.189985587225923e-06,
    5.9503513157052976e-06,
    2.3673464375460847e-06,
    1.4322164127648505e-06,
    7.376432519796915e-07,
    5.509663941641682e-07,
    3.9193888510131e-07,
    1.7693474499582883e-07,
    1.000073096260259e-07,
    4.7557262356191527e-08,
    2.78151433087972e-08,
    1.5210878000799037e-08,
    8.988205767697229e-09,
    4.464610628974501e-09,
    2.8678515926822055e-09,
    1.4411707900500805e-09,
    7.511769644485671e-10,
    3.708086505124714e-10,
    1.7374805069908704e-10,
    9.076127329102456e-11,
    2.744187680674587e-11,
    1.8444536875869663e-11,
    7.609908637508956e-12,
    4.016624994649792e-12,
    2.2602377104823635e-12,
    1.468745345909498e-12,
    7.27947582488439e-13,
    3.501479326403383e-13,
    2.0532361530761672e-13,
    1.045127764046187e-13,
    5.796145674187527e-14,
    2.5792141845698853e-14,
    1.581626894272486e-14,
    9.298476932969784e-15,
    5.995168414717752e-15,
    3.3809432158171426e-15,
    2.1856187958903195e-15,
    1.7491195311293155e-15
  ],
  "rk": [
    1.0,
    0.461454645174154,
    0.1975652843948599,
    0.11352610674065908,
    0.05937511629162714,
    0.025568019164701854,
    0.011641356307078212,
    0.006400763608875921,
    0.0037020735082434445,
    0.0016169202124726408,
    0.0011425622577830184,
    0.0007722671047824629,
    0.0003528498471152253,
    0.00017404050239672227,
    0.00010012954650633044,
    5.3224300180086236e-05,
    2.3577160508725724e-05,
    1.3011630988750954e-05,
    7.68725906181793e-06,
    3.93871856409206e-06,
    1.8024141446084955e-06,
    1.1965387435580951e-06,
    7.992256825646028e-07,
    5.44232164409038e-07,
    2.88192118097102e-07,
    1.1934076889914648e-07,
    6.119900247058055e-08,
    3.023897578493414e-08,
    1.8299988599173827e-08,
    1.1405033412661837e-08,
    6.280687031525213e-09,
    3.8772900185563565e-09,
    1.8482633427258661e-09,
    1.1020926653270197e-09,
    4.5130407659418987e-10,
    2.832356009743288e-10,
    1.3854015899483624e-10,
    5.736854290865652e-11,
    2.2003976882771443e-11,
    1.2233792440690424e-11,
    6.060578849396259e-12,
    3.3738444471647696e-12,
    2.146437993705636e-12,
    1.053703038898734e-12,
    4.82087451620989e-13,
    2.821326311366603e-13,
    1.6600422717640864e-13,
    6.828733398284308e-14,
    3.856130508393916e-14,
    1.94669529045244e-14,
    1.1492534700340176e-14,
    8.112501340518317e-15,
    4.0119306527943966e-15,
    2.0664339389924397e-15,
    1.0090163706676757e-15,
    5.794832106356783e-16
  ],
  "exit_code": 0,
  "iters": 55,
  "mtx": "add32",
  "method": "max-lf_mos-a_m4",
  "x_id": "randn"
}