{
  "fre": [
    0.569748475957688,
    0.3946563620909891,
    0.16386675782660068,
    0.05147937476766771,
    0.02878782398106795,
    0.017550966618952158,
    0.008208299679615547,
    0.004219315640665572,
    0.0033891602445615147,
    0.0018951073892817852,
    0.0008931111555635723,
    0.00047653929390729276,
    0.00035187096992081527,
    0.00016661095250829108,
    8.747111507407981e-05,
    2.63456280486923e-05,
    1.8214204423953448e-05,
    8.770534356424815e-06,
    5.182396007029983e-06,
    3.0564954286681555e-06,
    1.3133319136049768e-06,
    9.130868401683906e-07,
    7.878110273512304e-07,
    3.43678223295975e-07,
    1.6481468740254369e-07,
    8.336009537057459e-08,
    6.237663917616556e-08,
    3.693394125868433e-08,
    2.0790941415291977e-08,
    1.0691767635167522e-08,
    5.033078790581752e-09,
    2.822305653543459e-09,
    1.5100370668320451e-09,
    8.101374802647447e-10,
    3.557718042520129e-10,
    1.553584038286697e-10,
    7.980928991152339e-11,
    3.494737330025348e-11,
    1.978342072362672e-11,
    1.0715349164331363e-11,
    6.1964594067606724e-12,
    5.090781050824881e-12,
    3.897205865449271e-12,
    1.902788600328237e-12,
    9.049628605226935e-13,
    4.648201838731111e-13,
    2.7555839247334934e-13,
    1.5403192200181215e-13,
    6.74621766832534e-14,
    3.365261293882484e-14,
    1.713744171573079e-14,
    1.1020563740940249e-14,
    4.98974299445656e-15,
    2.7895625205504315e-15,
    1.5691488534577111e-15,
    1.0022675332881048e-15
  ],
  "rk": [
    1.0,
    0.7452701404391211,
    0.5426716383726783,
    0.2567718712199012,
    0.10742578672950036,
    0.06183098757318049,
    0.037384637397544045,
    0.015456011666921395,
    0.01167756242741253,
    0.007013275965105532,
    0.002584896785214464,
    0.0013707505554195682,
    0.001042538489716114,
    0.0005147063747782933,
    0.0001965186174303809,
    0.00012066372949819626,
    6.457874180339343e-05,
    3.7020841374169346e-05,
    1.6976517109960268e-05,
    1.0975195034640938e-05,
    4.580794990466193e-06,
    3.151415449552447e-06,
    2.3577104750830167e-06,
    1.2143725838147342e-06,
    4.768286888035107e-07,
    2.7418042430787455e-07,
    1.9547548504507974e-07,
    7.190170449627772e-08,
    3.826958912076794e-08,
    2.986665926673737e-08,
    1.6974995095261805e-08,
    7.586316792405773e-09,
    3.8395673485507905e-09,
    2.0262165271035197e-09,
    1.0379824890262023e-09,
    5.031808404768307e-10,
    2.330298134891082e-10,
    1.324945420156986e-10,
    4.8993926588517255e-11,
    3.081327115674511e-11,
    1.6906296452881586e-11,
    1.3879653079998099e-11,
    1.2546231190356037e-11,
    5.9982836002165224e-12,
    2.4828897196302585e-12,
    1.5288423991355897e-12,
    7.909918284636521e-13,
    2.8434032657781805e-13,
    1.5679498707010093e-13,
    9.121576051891383e-14,
    5.51625500939454e-14,
    3.4681188732301936e-14,
    1.9435461260476166e-14,
    7.884043218193985e-15,
    4.362914205427827e-15,
    2.2494027417698656e-15,
    9.335922224463246e-16
  ],
  "exit_code": 0,
  "iters": 56,
  "mtx": "add32",
  "method": "max-lf_mos-a_m4",
  "x_id": "ones"
}