{
  "fre": [
    0.5658446729228758,
    0.2712508075494727,
    0.24206422752312834,
    0.21692841999622658,
    0.14951030263959533,
    0.07374306257939799,
    0.04908341495570462,
    0.02646131056039723,
    0.01437566427323653,
    0.010876588195964744,
    0.0037378589224551983,
    0.0026252051581164564,
    0.002323169070259921,
    0.0014419828460018936,
    0.0006629509617187457,
    0.00040269400448293333,
    0.00017965095694760262,
    0.00012416155073163027,
    0.00010366584294554421,
    4.3109443040905744e-05,
    3.9703061816415074e-05,
    3.51759989434835e-05,
    1.9895877982508604e-05,
    9.554964872249788e-06,
    6.515246439763476e-06,
    3.312929726518273e-06,
    2.053246940876141e-06,
    1.6088786382143796e-06,
    5.097654097255076e-07,
    2.1554764894819024e-07,
    1.6216265510177335e-07,
    6.400227542691331e-08,
    4.489938932973236e-08,
    3.8113508162995055e-08,
    2.045182792474099e-08,
    9.277250695157175e-09,
    6.446203628366135e-09,
    3.0208105048722665e-09,
    2.0095569399598357e-09,
    1.6403227508862153e-09,
    1.2469978848001645e-09,
    7.054909165058869e-10,
    5.118453182892764e-10,
    1.7161511108472074e-10,
    9.841834267324407e-11,
    8.010659673881329e-11,
    4.8662442125379156e-11,
    2.3093207578295386e-11,
    1.3076059043400748e-11,
    3.72229080036683e-12,
    2.3150733473418984e-12,
    1.916522037496144e-12,
    1.0529825305490586e-12,
    5.225516189403291e-13,
    3.516856042737595e-13,
    1.1291664325272711e-13,
    6.477685011132047e-14,
    5.332140541863818e-14,
    3.308013313708422e-14,
    1.3469142946746207e-14,
    1.210041228353392e-14
  ],
  "rk": [
    1.0,
    0.2679390024162809,
    0.03563249550769214,
    0.019241341312048372,
    0.01519291409363072,
    0.010333279742422503,
    0.006724119195335098,
    0.003176401217965054,
    0.002016145857854027,
    0.001262531711752434,
    0.0008415869669426908,
    0.0003473270058440863,
    0.00021035236716347413,
    0.00014708974604230146,
    9.599456920687425e-05,
    6.20188689204515e-05,
    3.0638807120103934e-05,
    1.4564325173132466e-05,
    9.495948088949515e-06,
    6.689838010794223e-06,
    3.600664813171473e-06,
    2.852501923521497e-06,
    2.302618706986894e-06,
    1.3510627016841563e-06,
    8.39728576147822e-07,
    4.4955525564994564e-07,
    2.512382241960237e-07,
    1.627781453624561e-07,
    1.0136851204876896e-07,
    4.6873511913310185e-08,
    2.3334480563043476e-08,
    1.3553673263122932e-08,
    5.9493143131983476e-09,
    3.7195142352800743e-09,
    2.4077943469608013e-09,
    1.4427153426273532e-09,
    8.232390251937825e-10,
    4.447808397771209e-10,
    2.354872066119727e-10,
    1.5387577188315979e-10,
    1.0546787830383134e-10,
    8.378832953461805e-11,
    5.809632221108169e-11,
    3.551096522286141e-11,
    1.5213968402943973e-11,
    8.833402619847955e-12,
    5.319013185337999e-12,
    3.4619861288134404e-12,
    2.196382218012492e-12,
    1.0762956545826613e-12,
    3.8561497656242513e-13,
    2.0957503628708237e-13,
    1.298189285641556e-13,
    7.863220767345505e-14,
    4.9229375139097686e-14,
    2.7930637394183766e-14,
    1.141380334926427e-14,
    6.250759512708714e-15,
    3.473376679348437e-15,
    2.3177657473160173e-15,
    1.3575806307977326e-15,
    7.714999599526922e-16
  ],
  "exit_code": 0,
  "iters": 61,
  "mtx": "add32",
  "method": "max-lf_alt-i_m3",
  "x_id": "sine"
}