{
  "fre": [
    0.6336424150663953,
    0.21227888939862505,
    0.11866353600951414,
    0.04267000422915194,
    0.02055574152310586,
    0.007993525046658347,
    0.00374653595094772,
    0.0022801177471964995,
    0.0008310120419707612,
    0.0004196879935051256,
    0.00020297996628356057,
    9.73268468246877e-05,
    3.839684485630616e-05,
    1.7144947325442457e-05,
    1.107163331964222e-05,
    3.6785154870957215e-06,
    2.0292555241677072e-06,
    1.0328184334201427e-06,
    5.181434392687231e-07,
    2.0761572791880664e-07,
    1.2515891164456016e-07,
    4.508622858367301e-08,
    2.657887236897377e-08,
    1.0129912927350015e-08,
    7.1019074833955296e-09,
    2.7853954874198664e-09,
    1.3466132117901872e-09,
    7.090763371682061e-10,
    3.204182116194073e-10,
    1.7602981463623809e-10,
    7.147941149402479e-11,
    4.438680881441301e-11,
    1.470662755077997e-11,
    6.110290041877411e-12,
    3.237546987800952e-12,
    1.3135457637211106e-12,
    7.685864513395413e-13,
    2.7043139132945504e-13,
    1.4301598233765096e-13,
    5.050284441588511e-14,
    2.9520374949620255e-14,
    1.0260347479343877e-14,
    7.41777339651681e-15,
    3.044989006032961e-15,
    1.990504970391433e-15,
    1.5127920647805946e-15
  ],
  "rk": [
    1.0,
    0.43454832879769906,
    0.18703382053470352,
    0.07851186115325678,
    0.03348387597581087,
    0.014881137556172852,
    0.0074020103406149,
    0.003281665639709843,
    0.0015300191362744543,
    0.0006751510333199567,
    0.0003367603044426725,
    0.00016111348818630835,
    6.403186606913761e-05,
    3.1205933689926146e-05,
    1.4550352101652362e-05,
    7.508766457063189e-06,
    2.6480821891238034e-06,
    1.7069373920061122e-06,
    7.335770300211273e-07,
    3.610994078791385e-07,
    1.6842024584326758e-07,
    1.0628046522915814e-07,
    3.914253415373864e-08,
    1.797576674689232e-08,
    1.0351352083542647e-08,
    4.564099156285639e-09,
    2.1049454898142916e-09,
    9.231249587506004e-10,
    5.348626223891915e-10,
    2.3046508508793727e-10,
    1.0884345603009857e-10,
    6.366445902917352e-11,
    2.7392328356544996e-11,
    1.0301872601038807e-11,
    4.387820487990567e-12,
    2.451086347406643e-12,
    9.586879799236763e-13,
    5.058648873530875e-13,
    2.2039388135339983e-13,
    9.245833975799568e-14,
    4.0337782498801664e-14,
    2.0989038761518314e-14,
    1.045550214930183e-14,
    5.008742439916475e-15,
    2.4637111514189428e-15,
    1.0438870253372089e-15,
    5.249546442497058e-16
  ],
  "exit_code": 0,
  "iters": 46,
  "mtx": "add32",
  "method": "max-st_mos-a_m2",
  "x_id": "sine"
}