{
  "fre": [
    1097.3046867308947,
    2695.723096272229,
    867.8906976553559,
    249.20777886452476,
    19.058824188607886,
    17.14829064029691,
    3.1170803431820358,
    1.4930419625076377,
    1.3975111922784247,
    0.8581047282408502,
    0.6022796288842461,
    0.5400023969277233,
    0.5140350638385036,
    0.5037327295319766,
    0.411905589337666,
    0.3864938948186745,
    0.3257815637114813,
    0.25703934529772465,
    0.13238505251775454,
    0.06044781299303332,
    0.06044780049481216,
    0.06041697514529433,
    0.059895074274121524,
    0.05914485330482347,
    0.04781001405531254,
    0.03284667968981431,
    0.02913769803139381,
    0.01942034801729229,
    0.006463969387163142,
    0.003119794462990961,
    0.002296105049344874,
    0.0023304459226402186,
    0.002182817822631117,
    0.0021754523776034273,
    0.0020752086398707664,
    0.001713578235298132,
    0.0012578519977717547,
    0.0010114092172912304,
    0.0005581024934859957,
    0.00016983145988148202,
    0.00016983145536601912,
    0.00016980665194761825,
    0.00016915249382499733,
    0.0001543183831808173,
    0.0001287705039187839,
    7.099503020747184e-05,
    6.731896780250584e-05,
    5.7364924783511916e-05,
    5.381562523101117e-05,
    2.453790927593871e-05,
    2.3193088946281553e-05,
    1.7900553445073758e-05,
    1.7699691419386434e-05,
    1.1587052129163422e-05,
    6.090913705943275e-06,
    3.1841636408533185e-06,
    1.7130448092933046e-06,
    3.517351478054603e-07,
    4.733348399757729e-07,
    1.630573693516818e-07,
    1.6305727956361594e-07,
    1.6305448145482146e-07,
    1.6265156333271782e-07,
    1.6167997003030922e-07,
    1.5842544940540964e-07,
    1.4842847013752498e-07,
    7.748693367248327e-08,
    7.62847317510374e-08,
    7.054660681646118e-08,
    6.974559530958318e-08,
    6.888773057770412e-08,
    6.241554316033037e-08,
    5.763443277555049e-08,
    2.259615531306948e-08,
    1.4795823695902664e-08,
    6.608021094759542e-09,
    2.7182850826658444e-09,
    3.0197670074698116e-09,
    1.3483352382428053e-09,
    6.423156233823288e-10,
    6.42307088739291e-10,
    6.421760738449385e-10,
    6.421652635144447e-10,
    6.306722553268505e-10,
    6.035129214306179e-10,
    5.306583412574065e-10,
    1.7786929754904126e-10,
    1.7273163553344325e-10,
    1.2929418846385168e-10,
    5.898150460297505e-11
  ],
  "rk": [
    1.0,
    0.28432977187426667,
    0.20031105190776993,
    0.019581428237778534,
    0.007320440623163325,
    0.002292520041511872,
    0.0011129567975728754,
    0.00024814933733465036,
    9.682868233542884e-05,
    7.17981007385639e-05,
    2.685594520265393e-05,
    3.871087829343361e-06,
    2.4264311213086985e-06,
    2.3501118062164677e-06,
    2.3410219963050177e-06,
    2.054134478965472e-06,
    2.0253729423286115e-06,
    1.8015943274116111e-06,
    1.3611428969010315e-06,
    6.333813135256168e-07,
    3.728554546508663e-07,
    3.728554530116488e-07,
    3.726974941116497e-07,
    3.693150487456014e-07,
    3.653902663866844e-07,
    3.092105720424138e-07,
    2.4405960923870335e-07,
    2.2746830416699673e-07,
    2.0256104002088163e-07,
    8.262177462797575e-08,
    5.237248925936863e-08,
    2.2707799292909773e-08,
    1.5723856214452516e-08,
    1.3804403999232258e-08,
    1.3802224680172139e-08,
    1.3584704085840657e-08,
    1.0103127137108793e-08,
    7.571040850448192e-09,
    5.439675873795415e-09,
    2.616422803030523e-09,
    1.0087015820751708e-09,
    1.0087015400412534e-09,
    1.0085757519630534e-09,
    1.0050645089145578e-09,
    9.199592651205838e-10,
    7.917532326460095e-10,
    5.567667458916344e-10,
    5.532214263718889e-10,
    5.208225882717964e-10,
    5.187930012431479e-10,
    2.1688066159433317e-10,
    2.0608572270930888e-10,
    1.2793296471354825e-10,
    1.2766693979188219e-10,
    1.1134740738985324e-10,
    5.109262149275906e-11,
    2.5516469664998124e-11,
    1.3796179671260634e-11,
    5.8256962504227446e-12,
    2.877793469332528e-12,
    1.6859833995775773e-12,
    1.685983386478342e-12,
    1.6859774953842498e-12,
    1.6815343770946597e-12,
    1.6720298470104091e-12,
    1.6451632243049422e-12,
    1.5758484052704157e-12,
    6.941486654810519e-13,
    6.005717357272986e-13,
    5.168621516120104e-13,
    5.160753315856503e-13,
    5.153363213273304e-13,
    4.714329253783947e-13,
    4.5075389454719683e-13,
    2.509616545695396e-13,
    1.027245383015942e-13,
    7.20047082595071e-14,
    3.8078863185541274e-14,
    1.8309225060988916e-14,
    9.081877738932405e-15,
    3.3596797804624064e-15,
    3.3594998497889516e-15,
    3.3574560396024637e-15,
    3.3468848170652343e-15,
    3.2695716886639336e-15,
    3.1888084836501345e-15,
    3.0010484352106113e-15,
    1.562880923376283e-15,
    1.5611465416155281e-15,
    1.0110818914465196e-15,
    6.826352679440305e-16
  ],
  "exit_code": 0,
  "iters": 90,
  "mtx": "bcsstk08",
  "method": "max-st_alt-o-repeat_m3",
  "x_id": "sine"
}