{
  "fre": [
    2.8288728984738047,
    2.0897570526446128,
    1.7139657339429126,
    1.8291795977235492,
    1.8084879963605636,
    1.845430757077796,
    1.8829809513476274,
    1.6258181833837917,
    1.6088528314722659,
    0.42963093199458174,
    0.3236920850784821,
    0.042632054999636626,
    0.021302031427751833,
    0.012403484436694706,
    0.0035390154046045703,
    0.001766730255933112,
    0.000594333249385953,
    0.0003452316684787589,
    0.00016930011840691312,
    0.0001123715027674477,
    0.00011201264089652264,
    6.095592345494639e-05,
    5.523109039599692e-05,
    5.5723342646389745e-05,
    5.355029359454747e-05,
    5.4303971336759654e-05,
    3.449902947118312e-05,
    3.017474715282963e-05,
    3.742392454986126e-05,
    2.931224498230979e-05,
    2.0116942258211633e-05,
    1.218959982631918e-05,
    7.39206141281009e-06,
    2.1541565167658553e-06,
    4.871229708942856e-07,
    2.60421586660368e-07,
    9.522922175895071e-08,
    3.272207230383851e-08,
    1.0894120653740872e-08,
    2.255609932001237e-09,
    2.238798473171091e-09,
    2.0214326186699864e-09,
    1.5915969782814315e-09,
    6.018086787420194e-10,
    1.2504767935217595e-10,
    9.319288830399842e-11,
    8.938232568585155e-11,
    7.06526499851445e-11,
    7.064270165207964e-11,
    6.989021477475158e-11,
    6.612612232851287e-11,
    7.025864853985494e-11,
    6.361932889179112e-11,
    6.359026284681406e-11,
    6.236287190463768e-11,
    6.264845372853438e-11,
    6.966196076710192e-11,
    4.156134276808152e-11,
    4.158092933408603e-11,
    3.807913810522391e-11,
    4.15698621172067e-11
  ],
  "rk": [
    1.0,
    0.03802798853982269,
    0.0006711708024302821,
    0.00027314544815525144,
    5.645756331918471e-05,
    5.081738051042152e-05,
    3.0307931298925923e-05,
    2.9483862654700866e-05,
    2.084239336826552e-05,
    2.0806592550720974e-05,
    1.5940619779034226e-05,
    4.015414767362367e-06,
    1.0944055216037995e-06,
    5.377540400312456e-07,
    1.5039609144579554e-07,
    6.501539710231623e-08,
    3.95798245327623e-08,
    2.0817869891948712e-08,
    7.232292407058824e-09,
    2.8257439159685065e-09,
    1.0877711882124317e-09,
    1.0847022472178118e-09,
    6.542730217819973e-10,
    5.851198896667937e-10,
    5.777267803182237e-10,
    5.642596714686674e-10,
    5.530723734290298e-10,
    4.596794742975824e-10,
    3.954669487884496e-10,
    1.255713501186708e-10,
    8.737519626535352e-11,
    5.833115460860258e-11,
    3.182348685419988e-11,
    2.29465306214863e-11,
    1.018249930831983e-11,
    4.121308495329029e-12,
    2.5227199752567244e-12,
    1.332199203900603e-12,
    4.901567791586945e-13,
    1.9433139845593316e-13,
    3.805511219397199e-14,
    3.775958299867553e-14,
    3.5526394556392104e-14,
    3.189465593105106e-14,
    2.3182442555678132e-14,
    2.7920294909972596e-15,
    1.0923493220920489e-15,
    1.0065916161572536e-15,
    1.1921928626609626e-15,
    1.190505862931277e-15,
    1.1535229719703477e-15,
    1.1264669794259283e-15,
    1.1015417039107048e-15,
    1.1652247961279364e-15,
    1.1586528679176895e-15,
    1.1123724905848296e-15,
    1.1113622806454964e-15,
    1.0392595060219444e-15,
    1.619166074280359e-15,
    1.6182986792051376e-15,
    1.1358468280489897e-15,
    9.186613489335596e-16
  ],
  "exit_code": 0,
  "iters": 61,
  "mtx": "bcsstk08",
  "method": "ilu0",
  "x_id": "sine"
}