{
  "fre": [
    600.4135043663043,
    385.5842890285665,
    661.6463330125392,
    123.25150939700036,
    132.49261045026017,
    89.66604462419845,
    19.712735154374407,
    65.67016829858619,
    21.089795379002982,
    3.9959594614999587,
    2.591695321728585,
    2.1724457031994806,
    0.5021894051795598,
    0.365520595862257,
    0.06929882637757256,
    0.055794296775316575,
    0.04028578008110216,
    0.033350053633854314,
    0.03145168138978561,
    0.026816894042491622,
    0.026816893183450752,
    0.026816909899964145,
    0.026816796783146173,
    0.026816131439375075,
    0.026815607751037262,
    0.02659616848998837,
    0.02659795401388557,
    0.026509129682715283,
    0.0265014144399215,
    0.02621229950867961,
    0.025751624872112047,
    0.01670082340211507,
    0.011557942695169875,
    0.008160844523228841,
    0.0006551442077111026,
    0.00024203486842417634,
    1.2066951076873518e-05,
    2.185150607358035e-05,
    1.7542027284505743e-06,
    4.747521217994982e-07,
    4.747507401160275e-07,
    4.747910768182377e-07,
    4.746444627651741e-07,
    4.70222235994281e-07,
    4.5776832453446054e-07,
    4.5772977426963566e-07,
    4.565054279353257e-07,
    3.9902782724342515e-07,
    3.0383014419651597e-07,
    2.1658840908899334e-07,
    1.0065731176285262e-07,
    9.419419847323006e-08,
    6.166993419707503e-08,
    5.76358936710539e-08,
    5.17539394242235e-08,
    4.815628445414442e-08,
    2.790113471159757e-08,
    3.0702750188016978e-09,
    7.608638826607203e-10,
    2.186514641282808e-10,
    2.1883759179806414e-10,
    2.1879022085653167e-10,
    2.186710957342637e-10,
    2.191860888165265e-10,
    2.1950669964958645e-10,
    2.169356593599644e-10,
    1.9175840261722277e-10,
    1.8238577388047026e-10,
    1.8231821452059497e-10,
    1.541150394317064e-10,
    1.4332931093237874e-10,
    1.31274815986237e-10,
    1.0036582194229039e-10,
    6.5391728623250476e-12
  ],
  "rk": [
    1.0,
    0.9937535234237596,
    0.6391052757045866,
    0.6363749993697856,
    0.07929396766528565,
    0.05750986641957925,
    0.047117603408660114,
    0.020743245688370906,
    0.0077217607271481,
    0.003084404303767814,
    0.0010975725071662031,
    0.00041876712448061116,
    0.0003351360788046299,
    0.0001289805181604102,
    4.159054553119378e-05,
    1.2223640718673043e-05,
    7.475366137014123e-06,
    2.4846127736222266e-06,
    6.34456040231195e-07,
    4.492861836345166e-07,
    3.746399527774554e-07,
    3.74639952649243e-07,
    3.7463984497573197e-07,
    3.7463641363939186e-07,
    3.746096482099483e-07,
    3.74506641440787e-07,
    3.732553638705e-07,
    3.732533929931697e-07,
    3.726585915419769e-07,
    3.7257948342925274e-07,
    3.7027174643780044e-07,
    3.6653875963003946e-07,
    2.800198023358689e-07,
    2.2452099964863178e-07,
    1.7255642268879192e-07,
    5.068723575573719e-08,
    1.8464176269070957e-08,
    2.0213390242198132e-09,
    1.5945891065522048e-09,
    3.161433053162202e-10,
    3.9450524491582616e-11,
    3.9450524430387077e-11,
    3.9449924465873806e-11,
    3.9448875856963755e-11,
    3.913353319781215e-11,
    3.834761637744535e-11,
    3.834748673854674e-11,
    3.832667658547618e-11,
    3.319014691180254e-11,
    3.0021550460443225e-11,
    2.3129378378401563e-11,
    6.807410378672256e-12,
    5.6965518948998405e-12,
    2.601571494947271e-12,
    1.067840796654595e-12,
    7.116638519474645e-13,
    6.607838903174682e-13,
    5.309406154785541e-13,
    1.4559520839807e-13,
    4.123820431123809e-14,
    1.3360276636059225e-14,
    1.3359823399397337e-14,
    1.335977808031814e-14,
    1.3352483131427722e-14,
    1.3343180403264363e-14,
    1.3343049725178406e-14,
    1.3221759215129079e-14,
    1.1920856334966137e-14,
    1.1034597834505573e-14,
    1.1032160163199242e-14,
    4.1362667557989515e-15,
    2.524922487365869e-15,
    2.1678478323188727e-15,
    1.9867099959508092e-15,
    8.404297906214996e-16
  ],
  "exit_code": 0,
  "iters": 74,
  "mtx": "bcsstk08",
  "method": "max-lf_alt-o-repeat_m4",
  "x_id": "randn"
}