{
  "fre": [
    3.875582419900211,
    2.8902310018694073,
    2.587439768157107,
    2.638863564685257,
    2.577142607949045,
    2.5845258277343928,
    2.5442036337625575,
    2.3355251301098607,
    2.0825851254265673,
    0.995158717718505,
    0.20599220326675097,
    0.09893724671039378,
    0.028930609460704616,
    0.012255727913996884,
    0.006082885611572068,
    0.004297827641089536,
    0.002990959338815173,
    0.0022656089400533556,
    0.0017845137249946532,
    0.00144297205053953,
    0.0014418030991774793,
    0.0013837059161500775,
    0.0009808078390768867,
    0.00019980268984123487,
    6.630133622862703e-05,
    5.328831780897778e-05,
    5.191678738274954e-05,
    5.3002157909694095e-05,
    4.157186608851888e-05,
    3.983611723971109e-05,
    3.364961673560097e-05,
    1.8853064170848897e-06,
    9.86127661673405e-07,
    5.961781991111782e-07,
    2.089701468175581e-07,
    7.289475526544475e-08,
    5.981251159923001e-08,
    2.3592012286174463e-08,
    9.077824387504657e-09,
    3.5199090896164243e-09,
    3.489958152043125e-09,
    2.8701639902763322e-09,
    6.724560023658553e-10,
    4.293233383323314e-10,
    2.0312243348558218e-10,
    1.7772765414507698e-10,
    1.5564629233738958e-10,
    1.115934654703913e-10,
    9.079410615440175e-11,
    1.2304597635826824e-10,
    1.7128402310662273e-10
  ],
  "rk": [
    1.0,
    0.07296976067308295,
    0.0016079027148009543,
    0.0011416224338872472,
    0.00012962438038299401,
    0.0001097374710952773,
    6.354416346600286e-05,
    6.316944079856841e-05,
    3.085905540982381e-05,
    2.704994155558602e-05,
    1.2922409267907393e-05,
    5.896998530686075e-06,
    3.153532256295524e-06,
    8.041554794340137e-07,
    3.568201803575792e-07,
    1.654973463216769e-07,
    9.040669048321423e-08,
    4.07494514741546e-08,
    1.3898553823754997e-08,
    7.623219702777117e-09,
    4.647626902198103e-09,
    4.643960035152149e-09,
    4.565105839045974e-09,
    3.73725680720034e-09,
    1.4977541325430013e-09,
    1.1456575036324203e-09,
    8.182985701006342e-10,
    8.101154967921046e-10,
    7.450539688221366e-10,
    5.649226448932623e-10,
    4.741630298579371e-10,
    4.5555693757166805e-10,
    7.657906605030256e-11,
    2.4276969408665868e-11,
    1.0681188543407196e-11,
    6.223846073312125e-12,
    1.8501423013753365e-12,
    1.0794236559867976e-12,
    4.2546804576071424e-13,
    2.0796069443803507e-13,
    7.211961999914609e-14,
    7.17172735773488e-14,
    6.466721464026966e-14,
    2.489509668595293e-14,
    1.711210472117924e-14,
    1.3293778455456831e-14,
    8.807104284866615e-15,
    5.44375821709166e-15,
    2.08675977886509e-15,
    1.903954988653945e-15,
    1.630228908772034e-15,
    9.99857505759937e-16
  ],
  "exit_code": 0,
  "iters": 51,
  "mtx": "bcsstk08",
  "method": "ilu0",
  "x_id": "ones"
}