{
  "fre": [
    1203.792414286305,
    3809.455550035156,
    1419.239201613675,
    1425.0334972726657,
    1342.2411402770006,
    889.2653566726053,
    314.80203853538575,
    233.36248426001382,
    75.42687059625369,
    59.51524994066061,
    2.8311074221283112,
    0.7962901459846735,
    0.6648003811624094,
    0.36606122364913884,
    0.1743488337897355,
    0.16148211307131302,
    0.14531286360230763,
    0.1320096393252158,
    0.12487468169818244,
    0.08134840190175277,
    0.08134840014584373,
    0.08134831685891486,
    0.08134793401146449,
    0.08132485680487167,
    0.08131506185792203,
    0.08055823539700299,
    0.07726471056548137,
    0.07728420590677869,
    0.06910874964278474,
    0.06865119487694576,
    0.06275770029625702,
    0.04794573487670667,
    0.027620348419848423,
    0.02133044464407469,
    0.0044086483470787,
    0.00044384428268761847,
    0.0002008193074444753,
    3.935521587074227e-05,
    2.1390015740972643e-05,
    7.531316711422525e-06,
    7.531320549732314e-06,
    7.530964018868069e-06,
    7.52989333464744e-06,
    7.4824417158625366e-06,
    7.252447565533288e-06,
    4.255743928549157e-06,
    3.342235799584049e-06,
    1.945923825628371e-06,
    1.9941519853448492e-06,
    2.2037090664840952e-06,
    1.246843650054766e-06,
    1.4785926163801274e-06,
    6.029949409122697e-07,
    1.6468989013130813e-07,
    1.1020408775051457e-07,
    1.0720649362093795e-07,
    9.537972216244683e-08,
    7.572852525343099e-08,
    4.8299692604559235e-08,
    5.585641345851577e-09,
    5.585805773067555e-09,
    5.585799038216417e-09,
    5.584613221132537e-09,
    5.581764300257643e-09,
    5.5831010410168105e-09,
    5.496117927498907e-09,
    5.455618776890044e-09,
    5.282523670144192e-09,
    5.110655169443892e-09,
    4.8697379856529e-09,
    4.58075105063541e-09,
    4.34755674648731e-09,
    1.5358457986158319e-09,
    5.177538911311743e-10,
    1.3976452389921447e-10,
    9.195015829643881e-11,
    5.006616682402249e-11,
    2.2080683274226616e-11,
    2.2532283985823687e-11,
    2.445149839933642e-11,
    2.32980003017258e-11,
    2.3584316813592586e-11,
    1.9987499615508103e-11
  ],
  "rk": [
    1.0,
    0.99321364558287,
    0.976773544254639,
    0.31636036473773765,
    0.3163580398368439,
    0.2937075935986062,
    0.22471528524048492,
    0.007355632275968049,
    0.004984693166689771,
    0.0027217950592253706,
    0.0015855815662327937,
    0.000279398122560186,
    8.022810764585864e-05,
    3.522927806929371e-05,
    2.039128090809903e-05,
    5.711056998411134e-06,
    1.7319281192341507e-06,
    1.0345876875053211e-06,
    6.599188926215801e-07,
    6.044221290473952e-07,
    4.873548053309408e-07,
    4.873548048881305e-07,
    4.873530386929888e-07,
    4.873495461613105e-07,
    4.870508666504463e-07,
    4.870077055855522e-07,
    4.820912870630427e-07,
    4.475264135955299e-07,
    4.463194693231601e-07,
    3.7309667948544644e-07,
    3.534209769820565e-07,
    3.2753799330824985e-07,
    2.8017959908799157e-07,
    2.388543687710396e-07,
    1.9960621849657785e-07,
    6.441106632864552e-08,
    1.7020614364321e-08,
    7.353625273868347e-09,
    1.867857055123636e-09,
    5.592520736668144e-10,
    1.5612091715829715e-10,
    1.5612091713577291e-10,
    1.5612066166072314e-10,
    1.5610650347949302e-10,
    1.5550931696290325e-10,
    1.5358509412524435e-10,
    1.2595381170092697e-10,
    1.1875623248269456e-10,
    1.0380716693714967e-10,
    1.0373324023987514e-10,
    1.0207747701474064e-10,
    6.059733179581972e-11,
    5.824926820690982e-11,
    1.609928318121834e-11,
    4.122006422188097e-12,
    1.1758667540179457e-12,
    7.046830082153644e-13,
    4.971436060402243e-13,
    4.1417803728274885e-13,
    3.242865492908845e-13,
    8.130472526802616e-14,
    8.130452549673634e-14,
    8.130452487405758e-14,
    8.128620103924984e-14,
    8.103464131342673e-14,
    8.099359558840598e-14,
    7.912244038468797e-14,
    7.590691593338433e-14,
    7.0816899825068e-14,
    6.609977881482462e-14,
    3.223260833921419e-14,
    2.521526828496694e-14,
    2.4807448961968813e-14,
    1.5430625888970394e-14,
    8.82379978944181e-15,
    5.1020548085984135e-15,
    3.3741638041755213e-15,
    1.9798890058227173e-15,
    1.7393139818517513e-15,
    1.7375473815987381e-15,
    1.185262075959432e-15,
    1.1682791297855325e-15,
    1.1488857937578902e-15,
    7.04877647678134e-16
  ],
  "exit_code": 0,
  "iters": 83,
  "mtx": "bcsstk08",
  "method": "max-lf_alt-o-repeat_m4",
  "x_id": "sine"
}