{
  "fre": [
    2.986473088124682,
    2.7970839338156175,
    3.5202415806271303,
    2.0154158166185923,
    0.4102867371684015,
    0.5156044943562242,
    0.3069842373715671,
    0.11615687620459623,
    0.10000598921085704,
    0.041947808933745064,
    0.018593706300842026,
    0.009775359657521314,
    0.008136854226792424,
    0.005224326737022327,
    0.001492480106539016,
    0.0012572462679518051,
    0.0004693442292117996,
    0.00031132832489508456,
    0.00010445240436337123,
    5.196078340878713e-05,
    2.1656060932911214e-05,
    1.6856168932836066e-05,
    1.3713034903721981e-05,
    5.553976119494437e-06,
    1.7924305948117513e-06,
    1.457608319135025e-06,
    1.0013544738275895e-06,
    4.3571111213159847e-07,
    1.9134671730627648e-07,
    1.0846086335687863e-07,
    4.631457130256633e-08,
    1.8516436570054886e-08,
    9.025516558326713e-09,
    5.504285996175195e-09,
    4.073394027239677e-09,
    2.3371138170646177e-09,
    9.635052497699725e-10,
    4.0473962412024066e-10,
    1.5440592074741252e-10,
    1.4819554132417314e-10,
    7.279063157174473e-11,
    6.448073212462623e-11,
    5.683062834081741e-11,
    1.5813927019454716e-11,
    4.0854253620664516e-12,
    3.4032505658751057e-12,
    1.736010881010686e-12,
    5.912586603541151e-13,
    7.313932461598845e-13,
    3.2087709061741873e-13,
    1.5110960683302417e-13,
    1.2529851345603874e-13,
    1.0967647066150635e-13
  ],
  "rk": [
    1.0,
    0.6284720230198723,
    0.35261188242742164,
    0.1772733013332396,
    0.0656388251474549,
    0.031657422086977645,
    0.016547413083766695,
    0.00930118660053402,
    0.0055777916804361895,
    0.002617623909373009,
    0.0016409244252459732,
    0.0008472167943621041,
    0.00034889558183081367,
    0.00014132884121384,
    6.081543112877143e-05,
    3.268887763197799e-05,
    1.6302290450766747e-05,
    8.122354117619333e-06,
    5.293926881298285e-06,
    2.5499847669824525e-06,
    1.2155159035144919e-06,
    8.642472377464042e-07,
    5.228590840454124e-07,
    2.4146957033493163e-07,
    1.3889911977733845e-07,
    7.782441486200713e-08,
    4.302850963541493e-08,
    2.079041898538432e-08,
    1.068698663611316e-08,
    4.718188128854752e-09,
    1.8165193551579294e-09,
    9.566841957651787e-10,
    4.888504639006066e-10,
    2.486224992244898e-10,
    1.4691021156141972e-10,
    7.26475254945967e-11,
    3.563157904513165e-11,
    1.706192845278956e-11,
    8.402542698883273e-12,
    4.756330811561239e-12,
    2.872825038228954e-12,
    2.275701573341481e-12,
    1.3441336185603395e-12,
    7.215374842180354e-13,
    3.3569942000929614e-13,
    1.5515053798926603e-13,
    7.604963978388517e-14,
    3.9058473058937556e-14,
    2.264951668185592e-14,
    1.1381782391757532e-14,
    5.410928193913002e-15,
    3.136779536587363e-15,
    1.231747910086382e-15,
    5.706937839364878e-16
  ],
  "exit_code": 0,
  "iters": 53,
  "mtx": "bcsstm12",
  "method": "tridiag",
  "x_id": "ones"
}