{
  "fre": [
    10.27033481088953,
    17.633491594598155,
    225.17521641858232,
    623.3800451068665,
    230.70040414015546,
    33.5335309011602,
    5.899316594421902,
    5.656179872502484,
    3.7289450962016817,
    2.012751377041675,
    1.7773162418047859,
    1.7685730560150354,
    1.3250517401003943,
    0.3671302766908266,
    0.127569354095407,
    0.02858432168460103,
    0.01488187151490312,
    0.002017605849947254,
    0.0008530977356589045,
    0.00025788752430350517,
    0.0002576127350545096,
    0.00025729548310004445,
    0.0002554082751780228,
    0.0002547853351012281,
    0.00024370014270026256,
    0.00023495373349721336,
    0.0001922467210871658,
    0.00018922362434013133,
    0.00016378172655987538,
    0.00010743088954745536,
    7.215491225395521e-05,
    3.6848599686306246e-06,
    2.637514312724252e-06,
    9.585178566381593e-07,
    2.447935472445808e-07,
    2.0365468497368933e-07,
    5.457679840435781e-08,
    1.3552148541056869e-08,
    1.362622451478521e-09,
    3.149488495538174e-10,
    3.1505455315209685e-10,
    3.1446245076509494e-10,
    3.0903808844325774e-10,
    3.095466732940338e-10,
    3.0676153415181044e-10,
    2.740734536445558e-10,
    1.37842139024649e-10,
    1.3800345148762162e-10,
    2.3475966609857935e-11,
    3.911107008859117e-12
  ],
  "rk": [
    1.0,
    0.271507269933147,
    0.2430171515910691,
    0.2052433846655679,
    0.06423273006790098,
    0.017343153251233902,
    0.0047303822819564495,
    0.0016521263669481208,
    0.0015379378516195401,
    0.000390183966975355,
    0.00013706726323258633,
    5.590804406595586e-05,
    5.5627064020981876e-05,
    4.337870962813202e-05,
    1.6570767056804676e-05,
    3.935469192246539e-06,
    1.448926157061449e-06,
    5.101890750076587e-07,
    1.9356534119938268e-07,
    6.8609006791462e-08,
    1.7405829444599847e-08,
    1.7389386667749125e-08,
    1.738310084406326e-08,
    1.7267313918145478e-08,
    1.7259061932554878e-08,
    1.5847431222775768e-08,
    1.2345668747154187e-08,
    8.585341036657677e-09,
    8.53159196150431e-09,
    8.000722686269982e-09,
    4.488398225641568e-09,
    3.2751104554386244e-09,
    5.359523864613483e-10,
    2.2545498205232908e-10,
    8.138215783167191e-11,
    2.9916729472175416e-11,
    8.846277072480005e-12,
    1.450725953226014e-12,
    4.113991009586606e-13,
    5.211559774928334e-14,
    7.63656346054045e-15,
    7.635119811850435e-15,
    7.599668124775083e-15,
    7.355153728860804e-15,
    7.354613200380519e-15,
    7.334758440932434e-15,
    6.876171470236738e-15,
    4.432345451737024e-15,
    4.2999801413337335e-15,
    1.2529714576452844e-15,
    3.8304289665184607e-16
  ],
  "exit_code": 0,
  "iters": 50,
  "mtx": "bcsstk08",
  "method": "max-st_alt-o_m4",
  "x_id": "randn"
}