{
  "fre": [
    1515.8230706392299,
    74.91133203049637,
    816.3673746446874,
    14.137696938392716,
    6.937864086637602,
    2.842964487698916,
    0.8740319114760043,
    333.6030194444423,
    15.940015022593931,
    9.134527698105753,
    0.4276323670801651,
    0.9317862740587782,
    1.1275298857341305,
    0.9196908444982347,
    190.17733262218917,
    40.50831351302521,
    0.13345006452230396,
    0.025819909238843683,
    0.006321034545829415,
    0.0007433674270451082,
    0.01860378109385521,
    0.0022337483072229656,
    0.044061754814564966,
    5.697366168315199e-05,
    1.5020916556497569e-05,
    2.5414714460829306e-06,
    1.1439212519980717e-06,
    0.0003917854188955272,
    1.002257044810496e-05,
    5.845721521890627e-06,
    6.049209804995795e-08,
    4.290319093869301e-08,
    7.07377923460778e-08,
    3.32556271721819e-07,
    8.859657889603211e-05,
    1.8888383886806064e-05,
    4.5474271039166723e-07,
    3.26032255555237e-08,
    1.2602406690890589e-08,
    2.2856580337928786e-09,
    9.912265423468845e-08,
    3.4583984768875156e-07,
    6.4309676672896925e-06,
    1.881927577281711e-08,
    1.1934911862753368e-08,
    2.656505466702624e-09,
    7.899609252021161e-10,
    2.2994336791497224e-08,
    1.266920059250105e-08,
    2.618150555682288e-07,
    5.03252841069357e-10,
    1.3661622246667038e-09,
    1.342774813914063e-09,
    3.636044325896324e-10,
    1.2209022873381314e-08,
    7.632309336146434e-10,
    1.7701272872740524e-08,
    3.128295055647663e-11,
    4.065778232125439e-12,
    9.631597563467975e-13,
    4.823708396015145e-13,
    1.2493144520107295e-10,
    9.479874053935086e-12,
    4.682500853075524e-13,
    1.9660873213524956e-14
  ],
  "rk": [
    1.0,
    0.9540616792327627,
    0.9523227491402445,
    0.9518208149268491,
    0.7147316712494797,
    0.37240930097059166,
    0.14062187131370596,
    0.102661015912749,
    0.09779191545824728,
    0.09696748607890641,
    0.09696320556824438,
    0.09432964358821604,
    0.08324047586605997,
    0.049301443981295094,
    0.016977372526668675,
    0.015112253114101233,
    0.003109204662654099,
    0.0027500501655916823,
    0.000867368464850061,
    0.00028899359309752945,
    3.5550086056499136e-05,
    8.388928984458293e-06,
    8.357292968873993e-06,
    8.190356195529694e-06,
    1.8209366421496666e-06,
    5.724004425019914e-07,
    1.2355403650147984e-07,
    3.685841136829447e-08,
    2.2217414644228695e-08,
    1.624586530567141e-08,
    1.6235134384589423e-08,
    1.3450953954728806e-08,
    1.3075090543711e-08,
    1.248827712046633e-08,
    1.0378130210170679e-08,
    9.85277211272309e-09,
    4.147078046870657e-09,
    4.0842331429667614e-09,
    1.7980944311844873e-09,
    1.3759178674081424e-09,
    1.2665750015972724e-09,
    1.2360072402956894e-09,
    1.235904437894522e-09,
    1.2102575424203759e-09,
    1.0659849742735317e-09,
    4.826859774255973e-10,
    1.5660306396337678e-10,
    1.297598991396185e-10,
    1.228206160612788e-10,
    1.228142926281615e-10,
    1.223805202992832e-10,
    1.1955700391648038e-10,
    1.0432688939197866e-10,
    5.0500667941792526e-11,
    1.6887170310062456e-11,
    3.3358257175651854e-12,
    3.3059723698907514e-12,
    3.234563296103792e-12,
    9.499128774511417e-13,
    2.0327737760561052e-13,
    4.609102131118688e-14,
    1.0974242624333332e-14,
    9.86559684830111e-15,
    2.404917497182786e-15,
    2.3761064676328313e-15,
    7.538026910261015e-16
  ],
  "exit_code": 0,
  "iters": 65,
  "mtx": "bcsstm11",
  "method": "max-st_mos-a_m2",
  "x_id": "sine"
}