{
  "fre": [
    23.60060226046214,
    103.9235565582757,
    190.92090125511416,
    163.94088587544084,
    112.95693247786572,
    21.959120623278114,
    6.156006743744057,
    9.445149056805194,
    4.511775254239567,
    4.441673977514304,
    4.355919779660947,
    3.7839664824994332,
    2.944680442437903,
    2.555615202444958,
    0.645461614472845,
    0.2546253402716408,
    0.10398234970937323,
    0.04561096674599426,
    0.011968908421124977,
    0.002441420263677007,
    0.002439483208750074,
    0.0024675808875877785,
    0.0024998887957279185,
    0.0024901651933184684,
    0.0023330956022784236,
    0.002205981959803002,
    0.0018978180467402231,
    0.001563737592754819,
    0.0015363981537967464,
    0.0011414002515328738,
    0.0009419098566456834,
    0.000835497648269292,
    0.00021298692146835572,
    5.431641510338047e-05,
    3.2506214079048146e-05,
    1.0640566459138385e-05,
    8.199615468657844e-06,
    3.372851997057114e-06,
    7.270444362402465e-07,
    2.0578823705582625e-07,
    2.057639835614508e-07,
    2.0581662800511687e-07,
    2.0576993724636308e-07,
    2.0610735289069634e-07,
    1.7283435956274503e-07,
    7.395403449126572e-08,
    3.6468360538096415e-08,
    1.1328685855137738e-08,
    1.432342309612738e-08,
    2.4190230880547236e-09,
    2.2471194668358897e-09,
    2.122213233011547e-09,
    1.9158129549086568e-09,
    1.776890861370491e-09,
    1.8680839332837436e-09,
    1.5606623953531185e-09,
    2.1963470752146084e-10,
    9.633259636005866e-11,
    4.327788736339138e-11,
    4.326163829476707e-11,
    4.23862481145978e-11,
    3.945370127102121e-11
  ],
  "rk": [
    1.0,
    0.21174918634044093,
    0.057391928829474984,
    0.00849435811892862,
    0.006230676735531558,
    0.005573059760842081,
    0.0032818789982769583,
    0.0005204814638574761,
    0.00036766889490966306,
    8.369404400836667e-05,
    5.4710723463141624e-05,
    4.99623773861221e-05,
    4.0431982761504906e-05,
    3.12766943349234e-05,
    3.023931240124567e-05,
    1.7884783760311883e-05,
    9.014704295696635e-06,
    1.3459807948628292e-06,
    4.333086642276267e-07,
    1.7944225133601652e-07,
    1.0656054270262601e-07,
    1.0653147524315624e-07,
    1.0439830633912774e-07,
    1.0352041912470244e-07,
    1.0305899901372938e-07,
    9.820742714485134e-08,
    9.364875341034594e-08,
    8.070834223001849e-08,
    3.4267862787919135e-08,
    3.3540391896336945e-08,
    1.697228893548531e-08,
    1.440295122805553e-08,
    1.3970961913748653e-08,
    7.247591472077299e-09,
    1.5614676297082468e-09,
    7.005019192357453e-10,
    2.424909252253994e-10,
    1.1081193742777525e-10,
    6.202895026186744e-11,
    2.45642382008211e-11,
    5.909970895144236e-12,
    5.909609200332853e-12,
    5.909403336117187e-12,
    5.9092768333612966e-12,
    5.845125459875598e-12,
    4.665219383035551e-12,
    3.0504569014377984e-12,
    1.7560778794992427e-12,
    8.002643954021088e-13,
    6.83091640485126e-13,
    6.218671960874194e-14,
    4.7530940880471235e-14,
    4.312887788626714e-14,
    2.664485619480013e-14,
    2.234200199004064e-14,
    2.1879308143821273e-14,
    2.0157223293047492e-14,
    1.3291589242746781e-14,
    3.785018084412972e-15,
    1.2243627484527104e-15,
    1.2235904795291715e-15,
    1.1053283522279523e-15,
    9.376662803914773e-16
  ],
  "exit_code": 0,
  "iters": 62,
  "mtx": "bcsstk08",
  "method": "max-st_alt-o_m3",
  "x_id": "ones"
}