{
  "fre": [
    1383.1623030009987,
    69.90517235122171,
    688.5117242604911,
    12.753212168214295,
    7.197267808171196,
    2.6399413555770135,
    0.8375495293598021,
    242.72766145418854,
    11.865036881155298,
    13.057082266280629,
    0.4584279347124399,
    0.9578278678764143,
    1.1729856502041125,
    0.5642375064029096,
    220.6336273285081,
    8.747033879845349,
    0.6805703615173616,
    0.028800181497163818,
    0.006753652525633909,
    0.0007817778994703256,
    0.030250549435025188,
    0.0015245168544038615,
    0.12610424394381986,
    6.34186454089713e-05,
    1.6599874740447843e-05,
    2.629900778001008e-06,
    1.2182136250912666e-06,
    0.0003451659947523885,
    1.892304260049826e-06,
    4.132117990298453e-05,
    6.860458719424384e-08,
    4.735607766009714e-08,
    8.013956138294779e-08,
    5.657111398903186e-07,
    5.308471412095542e-05,
    2.4746662788250224e-06,
    4.448560299308847e-06,
    3.862566485246837e-08,
    1.3612033540956049e-08,
    2.657761064161019e-09,
    1.6999378636528177e-07,
    3.1241913067981446e-07,
    3.628259005020273e-06,
    1.1764104985212067e-07,
    1.4009319337605775e-08,
    3.1748316257377057e-09,
    1.5045417029951472e-09,
    8.550165724753283e-08,
    5.224731770096183e-09,
    3.7462010035719347e-07,
    1.4153955950302876e-09,
    1.952025531082804e-09,
    1.7169784981529096e-09,
    4.252676881861689e-10,
    1.097318653559707e-07,
    2.5797014173780565e-10,
    4.739246319651571e-08,
    4.2256441582068016e-11,
    6.647187077655797e-12,
    1.5892492183510843e-12,
    5.521675709205723e-12,
    2.2403223071903735e-11,
    2.187524847772467e-11,
    5.612776561051197e-13,
    3.370960742730269e-14,
    5.705551618261874e-15
  ],
  "rk": [
    1.0,
    0.9561131533353017,
    0.9544902445586609,
    0.9540762769603852,
    0.7238172027105542,
    0.4021175425216219,
    0.15076260987415874,
    0.11254461510702034,
    0.10738771713286122,
    0.10695809704422565,
    0.10695386985795793,
    0.10419258695806242,
    0.09164005627457081,
    0.05244695192538151,
    0.018117007505563058,
    0.011792742273641785,
    0.0032517338323942453,
    0.0032333835045149674,
    0.0010273195812260728,
    0.00032208308340196543,
    4.052871542958244e-05,
    1.016588248975347e-05,
    1.0086752681895944e-05,
    5.946748002714097e-06,
    2.1092095270411366e-06,
    6.480536403487718e-07,
    1.347846664367558e-07,
    4.3275984334610305e-08,
    2.432056661363804e-08,
    1.921671536812693e-08,
    1.9151025027896297e-08,
    1.581588580910784e-08,
    1.5400278672979265e-08,
    1.4748856886997129e-08,
    1.2412050294208816e-08,
    1.2219857142596027e-08,
    4.831081472219598e-09,
    4.8245010185100645e-09,
    2.2924778307968396e-09,
    1.7729214119593011e-09,
    1.6457732643962326e-09,
    1.6035144213462807e-09,
    1.60339920838068e-09,
    1.3481709944925006e-09,
    1.3411023265732704e-09,
    6.213027956665703e-10,
    2.340275900301752e-10,
    1.8952618708346474e-10,
    1.7597277167294828e-10,
    1.7593557198436305e-10,
    1.7284919511718294e-10,
    1.7219318533075871e-10,
    1.4761855598636576e-10,
    6.460635357394033e-11,
    2.0868218698395616e-11,
    6.380077401384847e-12,
    4.535712456890547e-12,
    4.099850980271466e-12,
    1.448940429690281e-12,
    3.5947271838210515e-13,
    7.631130338755069e-14,
    1.6705721717141278e-14,
    1.666853661545308e-14,
    4.2175849364505015e-15,
    4.137646426316876e-15,
    1.3622065499043833e-15,
    3.0632878793382475e-16
  ],
  "exit_code": 0,
  "iters": 66,
  "mtx": "bcsstm11",
  "method": "max-st_mos-a_m4",
  "x_id": "randn"
}