{
  "fre": [
    4.756842866357459,
    7.935467570735722,
    11.918714980571309,
    2.83596342398928,
    1.3939334679421367,
    1.9257297056403815,
    0.8078615247795536,
    0.3855537973519271,
    0.23568982323571122,
    0.12054167409901974,
    0.05835823409078513,
    0.032155127771709764,
    0.027445970754383237,
    0.019693904986485752,
    0.00642484144495426,
    0.004284202460928339,
    0.0038481469243497528,
    0.0035604140988804538,
    0.0034481970357054643,
    0.003269682481661519,
    0.003269206528555594,
    0.0032689582648442643,
    0.003268783435025684,
    0.003268865349573449,
    0.0032713814203870224,
    0.0032670458828920235,
    0.003247212119988915,
    0.0032642654102501005,
    0.0032523065041868793,
    0.0029526666021734995,
    0.0024457870944949297,
    0.001988252160866388,
    0.0015436902138335352,
    0.00032402552016719797,
    0.0002549194521343587,
    6.999476696437675e-05,
    4.95106606222318e-05,
    8.754079289606315e-06,
    2.1881714950560745e-06,
    1.4281054810661183e-06,
    1.4266271430242782e-06,
    1.4112862461768143e-06,
    1.3921351456271755e-06,
    1.3907088899286599e-06,
    1.3771054495856186e-06,
    1.1989668132988513e-06,
    1.1456213004977005e-06,
    1.0887580105670411e-06,
    9.590970940059361e-07,
    9.170738581652603e-07,
    8.727496598608566e-07,
    8.617679975958008e-07,
    8.094275781944986e-07,
    4.2682429852731346e-07,
    1.4647165493797258e-07,
    8.468212526611212e-08,
    7.857320618156956e-08,
    2.8710042918130792e-08,
    1.3418899217085189e-08,
    1.3362815981689561e-08,
    1.3303542076602982e-08,
    1.3101470405685416e-08,
    1.3100798141493609e-08,
    1.3062249503310792e-08,
    1.2963407727498552e-08,
    1.2767593982013404e-08,
    1.2686331913140702e-08,
    1.1807138114567508e-08,
    1.1438137590270029e-08,
    1.1264536980861089e-08,
    1.0535233552397529e-08,
    9.899944027454645e-09,
    7.095540232593961e-09,
    3.820651417026031e-09,
    1.9503037001737436e-09,
    6.790942186468533e-10,
    2.770978159865399e-10,
    6.230290930308986e-11,
    3.23814344880939e-11,
    3.2456829710772676e-11,
    2.887302167456867e-11,
    2.875241200584745e-11
  ],
  "rk": [
    1.0,
    0.012082553681856836,
    0.007109739874703773,
    0.0020797927526386233,
    0.0014877667468193702,
    0.0002838227689506699,
    0.00021196799753925072,
    8.330040155210418e-05,
    3.6223788518125945e-05,
    2.486276565252365e-05,
    1.1573278597318008e-05,
    7.1423193651078544e-06,
    2.041093062846396e-06,
    8.354764452302893e-07,
    7.047334717871521e-07,
    2.489209777733109e-07,
    9.251596636075054e-08,
    6.449774316711074e-08,
    3.468028604987665e-08,
    2.393489808583778e-08,
    1.6608204610796005e-08,
    1.6595909747505113e-08,
    1.6588399338260405e-08,
    1.6585194392968335e-08,
    1.657101247033019e-08,
    1.6554879173727225e-08,
    1.654266685765046e-08,
    1.643466225599248e-08,
    1.640728421549096e-08,
    1.640347704751949e-08,
    1.537485466763468e-08,
    1.268439048149496e-08,
    1.0817221464216037e-08,
    9.421378949769072e-09,
    3.3086937913353472e-09,
    1.9149358542540533e-09,
    8.590456107211656e-10,
    6.776304007592856e-10,
    2.422684079109273e-10,
    7.359576093712555e-11,
    4.0928472638508584e-11,
    4.091966378673181e-11,
    4.0665410706966196e-11,
    4.0196836526000394e-11,
    4.018668141322929e-11,
    3.9723718409903013e-11,
    3.449763498185044e-11,
    3.201749555675353e-11,
    2.899379965737255e-11,
    1.2201998643147607e-11,
    8.002420809820181e-12,
    5.551688699466015e-12,
    5.355161866686118e-12,
    4.998681960360956e-12,
    3.6136324560369386e-12,
    2.1706848968299606e-12,
    1.3202517451895483e-12,
    9.902200004312424e-13,
    5.260934484716298e-13,
    2.362925374159092e-13,
    1.2529757935543335e-13,
    1.2357944856111395e-13,
    1.1721001540069067e-13,
    1.1718257489874374e-13,
    1.1351710276091974e-13,
    1.0635943725806053e-13,
    9.940384366218623e-14,
    9.890943397080373e-14,
    8.348232355615534e-14,
    8.105883942023513e-14,
    7.990617679730702e-14,
    6.30517118240647e-14,
    5.659962900211009e-14,
    5.038233957554158e-14,
    3.4666327694087684e-14,
    2.3140011721791905e-14,
    8.255498641327164e-15,
    5.4119352725406695e-15,
    2.0124588177777845e-15,
    1.0784326306712752e-15,
    1.0751793438889515e-15,
    1.0115054045724362e-15,
    7.444001044999365e-16
  ],
  "exit_code": 0,
  "iters": 82,
  "mtx": "bcsstk08",
  "method": "max-st_add_m4",
  "x_id": "sine"
}