{
  "fre": [
    2.9616708592090726,
    3.606742516709269,
    2.3978622552331754,
    1.2872916289607477,
    0.8848589463633539,
    0.5442291595655325,
    0.3100103600843232,
    0.1778834077205606,
    0.0913134293247434,
    0.04484273521841733,
    0.01585407385684197,
    0.00763442275467991,
    0.007249573179201288,
    0.004742083509871057,
    0.002242717766547542,
    0.0008484590869806711,
    0.0003347146207427337,
    0.0002603436887040462,
    0.00015941958160470122,
    6.625947841619948e-05,
    3.0816090562971115e-05,
    1.4024039394359045e-05,
    1.0056862511930167e-05,
    7.24923771320165e-06,
    2.304330294423643e-06,
    1.2342828287592625e-06,
    7.570133609454582e-07,
    4.06035520288345e-07,
    1.5770251135360496e-07,
    1.8613533889471447e-07,
    9.002009184081477e-08,
    3.322311569139857e-08,
    2.0378846665702418e-08,
    5.740378520153936e-09,
    2.99430504510226e-09,
    1.6100133661447174e-09,
    9.019525166829344e-10,
    4.2623187504865964e-10,
    2.545276340389752e-10,
    1.8173688846355783e-10,
    1.0352397785268145e-10,
    2.5218298038173427e-11,
    2.3043819448824184e-11,
    1.6702767287775675e-11,
    7.70937778804028e-12,
    3.1123067620658782e-12,
    3.015415564343201e-12,
    1.2558827634415049e-12,
    3.430634090559307e-13,
    2.5014802783308706e-13,
    1.9717010387285863e-13
  ],
  "rk": [
    1.0,
    0.16022985475377088,
    0.07329589195720428,
    0.043686634364182624,
    0.019307144765135197,
    0.00952816227660473,
    0.004491641155574893,
    0.0023554282613834046,
    0.0013275517939220298,
    0.0005973541633927587,
    0.00029580562911307756,
    0.00015234826367859617,
    8.935699384404943e-05,
    5.0446918548726404e-05,
    2.871156644974719e-05,
    1.3648888176015603e-05,
    5.91206686137974e-06,
    2.889581838492222e-06,
    1.3425448144645548e-06,
    7.191292221869952e-07,
    3.417184123497438e-07,
    2.3036481135191642e-07,
    1.4249989856097667e-07,
    6.610885142047726e-08,
    3.265977249897431e-08,
    1.4922343991358507e-08,
    7.440384543027989e-09,
    3.683706407657643e-09,
    2.020527581847144e-09,
    1.2074457658347777e-09,
    5.90490423441619e-10,
    3.8403751938844884e-10,
    1.8938471486873247e-10,
    9.835297775180224e-11,
    3.9112082021391215e-11,
    2.2913779141011765e-11,
    1.0784149778800125e-11,
    5.425047628786252e-12,
    3.0239984739776855e-12,
    1.7100724352208753e-12,
    7.642929992464042e-13,
    4.657258348861995e-13,
    2.6058160525188775e-13,
    1.3430569882357913e-13,
    6.924144095596322e-14,
    4.0198554617808494e-14,
    2.0879804116918213e-14,
    9.73719784688698e-15,
    4.691706227613751e-15,
    2.4853305093928856e-15,
    1.2613987210616865e-15,
    7.430038179771981e-16
  ],
  "exit_code": 0,
  "iters": 51,
  "mtx": "bcsstm12",
  "method": "tridiag",
  "x_id": "sine"
}