{
  "fre": [
    12.908637564628954,
    46.13983300103151,
    183.72348569732114,
    405.30967406800295,
    168.50152565262147,
    59.41355852434198,
    21.690486814317833,
    4.265260505239992,
    2.7725408313926847,
    2.491084362676266,
    2.4182741632998255,
    2.3414543468172706,
    1.8353365196279137,
    1.4612398909379714,
    0.46806853483176547,
    0.2653081633447693,
    0.07143128150059788,
    0.05481982821214884,
    0.026014879585855983,
    0.008686398060742557,
    0.008685313760680425,
    0.008685198503450864,
    0.008673146957719305,
    0.008666360726466512,
    0.008077064219822717,
    0.008092864623898962,
    0.0061679435704403264,
    0.003945721873569598,
    0.003969007106311502,
    0.0037666826537844215,
    0.0027976540766781344,
    0.0011080970174726834,
    0.000547853052951604,
    0.00032049557112982433,
    8.703481711456073e-05,
    5.411730489478407e-05,
    2.4561667690960766e-05,
    3.297093393986171e-06,
    1.932117669742124e-06,
    9.211803689170997e-07,
    9.21096276919993e-07,
    9.208442563298388e-07,
    9.208480337024091e-07,
    8.858206593210509e-07,
    6.031691208809587e-07,
    4.5585294183634844e-07,
    3.182210912876405e-07,
    3.0086557473376787e-07,
    2.7474888427634357e-07,
    1.6618411523872715e-07,
    1.2001463957102212e-07,
    9.295768940224819e-08,
    5.4850479309374604e-08,
    2.1411940314274625e-08,
    6.3715664034609334e-09,
    2.0724889611122317e-09,
    7.067265109865115e-10,
    3.4150783635043187e-10,
    1.167962494118391e-10,
    4.6494880550443285e-11,
    4.64173629200865e-11,
    4.639434068139779e-11,
    4.728071670684318e-11,
    4.494117296355196e-11,
    4.363694269654431e-11,
    3.8590030055127236e-11,
    3.8347372395716436e-11,
    3.815260685922142e-11,
    3.6418765062442546e-11
  ],
  "rk": [
    1.0,
    0.07948301244001438,
    0.027049827260656197,
    0.017306084831415824,
    0.013532777226822362,
    0.00848347126254246,
    0.0025571863046531538,
    0.0007277389190387174,
    0.00018389992260967877,
    3.702962993320323e-05,
    1.958554797648859e-05,
    1.801390721202297e-05,
    1.7699296837911576e-05,
    1.2890559733539924e-05,
    1.2365168238284475e-05,
    5.279952563351398e-06,
    3.6305069458278814e-06,
    2.571074509669036e-06,
    5.114685615947934e-07,
    2.054216749544224e-07,
    6.832444669500391e-08,
    6.831547888314561e-08,
    6.831376435890631e-08,
    6.81693030801406e-08,
    6.813109462878354e-08,
    6.540654486073263e-08,
    6.512117593437174e-08,
    5.448560370682161e-08,
    3.148752513144486e-08,
    3.145549461154078e-08,
    3.0643236743060395e-08,
    2.5318793218777443e-08,
    1.6974457883563077e-08,
    8.531522924690132e-09,
    4.136858523706012e-09,
    2.0754921995468933e-09,
    7.859005812940171e-10,
    1.8273378976777142e-10,
    4.518593467095482e-11,
    1.79246803063059e-11,
    1.0188367589494753e-11,
    1.0187366595285222e-11,
    1.018479570521426e-11,
    1.018479536536297e-11,
    9.674683838611183e-12,
    6.955985611861229e-12,
    5.485149036110711e-12,
    3.693640638279884e-12,
    3.666333755648182e-12,
    3.5469161963846648e-12,
    2.4927077317792796e-12,
    1.3068208335088145e-12,
    1.1150699501719994e-12,
    8.903342063580458e-13,
    4.3534416161286255e-13,
    1.2211108598072192e-13,
    2.540972801792343e-14,
    1.0971743410795282e-14,
    3.4978927530241496e-15,
    1.5605423775249675e-15,
    1.1968562412138485e-15,
    1.1823965625469657e-15,
    1.1811416355944331e-15,
    1.0932439009584848e-15,
    1.0465827039216587e-15,
    1.03274619578217e-15,
    1.0293390326408902e-15,
    1.0282166915390633e-15,
    1.0238772731609995e-15,
    9.858136512445978e-16
  ],
  "exit_code": 0,
  "iters": 69,
  "mtx": "bcsstk08",
  "method": "max-st_alt-o_m3",
  "x_id": "sine"
}