{
  "fre": [
    4.6934317146335065,
    9.43004740127143,
    67.92441892365447,
    25.169208584835072,
    27.169480032357704,
    4.066348931931259,
    2.494619862148237,
    2.6583979699645557,
    1.9114488151385574,
    1.8406557580428715,
    1.8469462653095792,
    1.6878181376765895,
    0.9161197270453585,
    0.2937410096237783,
    0.21087150319750592,
    0.14236959422655304,
    0.0497348598058965,
    0.023375768199415482,
    0.002033999238074899,
    0.0010986140162057673,
    0.0010966269828283255,
    0.001095437587060341,
    0.001095434388114117,
    0.0010944979974237652,
    0.0010526540131380218,
    0.0010426272583919805,
    0.000936825205739596,
    0.0007138233248861544,
    0.0006401266341301128,
    0.0005334447317289696,
    0.00043193402533659976,
    0.00021793538697070864,
    8.378332337656327e-05,
    6.958235238016675e-05,
    1.2427462604093451e-05,
    4.608662248834402e-06,
    1.1138285429228863e-06,
    6.700248755256116e-07,
    8.7034813501359e-08,
    3.1868236055077543e-08,
    3.185561633890107e-08,
    3.148984747896514e-08,
    3.0975677938517004e-08,
    3.0572868124113815e-08,
    3.0016816220682964e-08,
    1.9908136974934786e-08,
    1.3327340683845942e-08,
    1.0940472163280658e-08,
    1.0274487723972275e-08,
    1.0590545116065501e-08,
    8.063379300051713e-09,
    6.568089553345183e-09,
    2.503310514523591e-09,
    9.052639618160186e-10,
    6.305866301873684e-10,
    2.9389299377781517e-10,
    1.188264284332088e-10,
    5.238998773188942e-11,
    1.2133524911901464e-11
  ],
  "rk": [
    1.0,
    0.09173854502417142,
    0.04503064503238976,
    0.010338250038570907,
    0.0019443268102723146,
    0.001924289198112013,
    0.001364009863405112,
    0.0008409012117579189,
    0.00030853943943806193,
    0.00010982066726413184,
    6.742682375024682e-05,
    6.722458585421614e-05,
    6.482202703873189e-05,
    4.929599614645076e-05,
    2.803788996857356e-05,
    1.9608100076206348e-05,
    9.7334082636785e-06,
    2.6136219855695863e-06,
    8.084373543487073e-07,
    1.428527104640107e-07,
    2.127427611135928e-08,
    2.1215850086371842e-08,
    2.1175336282466963e-08,
    2.1175296361617865e-08,
    2.1154774489314285e-08,
    2.0489750769111763e-08,
    2.0250341838923466e-08,
    1.861760782791184e-08,
    1.4808616879828144e-08,
    1.3044953387411096e-08,
    1.0115457148425266e-08,
    9.164799468403134e-09,
    7.15952663801278e-09,
    2.19040558148807e-09,
    1.6010675483974554e-09,
    5.472388381075277e-10,
    1.228798285958741e-10,
    7.51916640964791e-11,
    2.1016171798939524e-11,
    4.160843911074174e-12,
    2.2841632088154816e-12,
    2.2837668177985877e-12,
    2.2691799288292378e-12,
    2.2496992429548546e-12,
    2.2354827075118917e-12,
    2.208118706207966e-12,
    1.3239974845838795e-12,
    9.852421629455763e-13,
    5.332744228092588e-13,
    3.594997572116109e-13,
    3.393381801404088e-13,
    2.260054712175504e-13,
    1.7372131066270894e-13,
    8.303455868894404e-14,
    3.6537763989595303e-14,
    2.394708772812623e-14,
    7.343581652732725e-15,
    3.799639481327219e-15,
    1.861441632862442e-15,
    7.231210254300309e-16
  ],
  "exit_code": 0,
  "iters": 59,
  "mtx": "bcsstk08",
  "method": "max-st_alt-o_m3",
  "x_id": "randn"
}