{
  "fre": [
    1.9037395029603073,
    0.975621250152906,
    0.6424680375401295,
    0.580940932534958,
    0.5345696896954494,
    0.563983723704234,
    0.5603288621986546,
    0.5204205470609234,
    0.4579784969431534,
    0.3666231253536078,
    0.1531427106540364,
    0.07177142822167494,
    0.04576822353304949,
    0.03415206912280618,
    0.027712507178953114,
    0.021440122248095616,
    0.015446788916085303,
    0.0051107664674351965,
    0.0016442980471422528,
    0.00045458290059692124,
    0.00045113869287257053,
    0.00044925703529335754,
    0.0004043179399384313,
    0.00038131241408239486,
    0.00024836909041075676,
    0.00015885481513714061,
    8.018697426223901e-05,
    9.129197734237697e-05,
    0.00016443320942442752,
    0.00015375134909313698,
    7.063818281807404e-05,
    3.784557857228474e-05,
    8.993873999580513e-06,
    4.1851274191789954e-06,
    1.6848008629658097e-06,
    5.131829410093654e-07,
    3.3455924112975406e-07,
    5.2710901097952206e-08,
    3.86849845326303e-08,
    1.9083525350068832e-08,
    1.8374113615037078e-08,
    1.837972717438497e-08,
    1.6682979798583322e-08,
    1.4274809238339038e-08,
    1.4743258187780085e-08,
    1.4599433555452884e-08,
    6.995424648265285e-09,
    5.150378938923549e-09,
    4.190946970949079e-09,
    2.965763503262204e-09,
    2.411919624182063e-09,
    1.657537742870818e-09,
    1.2438880570166782e-09,
    4.711618519005042e-10,
    1.6889481594730486e-10,
    5.102977795536604e-11,
    1.0936473799840026e-11
  ],
  "rk": [
    1.0,
    0.05037910420831734,
    0.004010245454508944,
    0.002632179687211307,
    0.0001752002098657926,
    9.809382680883742e-05,
    1.607660963646392e-05,
    1.4318379810105119e-05,
    1.3004233293746005e-05,
    1.0021795401853578e-05,
    6.891480413916605e-06,
    4.409024611926535e-06,
    2.1140398729050384e-06,
    9.165573056395518e-07,
    3.110662902789909e-07,
    2.1767113108330454e-07,
    1.314575129776539e-07,
    9.75256159047884e-08,
    4.7950997382718185e-08,
    2.2308923837178933e-08,
    1.0756062709227556e-08,
    1.0606690031696357e-08,
    1.0585892629025609e-08,
    8.911935517057917e-09,
    8.595738669567603e-09,
    4.457643880874976e-09,
    3.602410956278523e-09,
    2.262521692343374e-09,
    2.1616386900754973e-09,
    1.3365224367621475e-09,
    1.1542973518166686e-09,
    7.32881227972333e-10,
    4.0795068043413153e-10,
    1.9297960604225906e-10,
    9.888621137421427e-11,
    5.7760507044424205e-11,
    2.53319038748169e-11,
    1.2155014140465096e-11,
    3.2123709903825178e-12,
    1.4601102128322579e-12,
    7.569867981706231e-13,
    7.13354805421276e-13,
    7.131274090230234e-13,
    6.523928996824465e-13,
    5.408793550050517e-13,
    5.06878585158474e-13,
    5.001368001087905e-13,
    2.4899631532609724e-13,
    1.3694751388522257e-13,
    6.810205268228102e-14,
    2.8606400074958064e-14,
    1.777139347403802e-14,
    1.0203666159125905e-14,
    8.136487438679466e-15,
    4.225578276958151e-15,
    2.1152881076047458e-15,
    1.0297924938412535e-15,
    8.913776879567035e-16
  ],
  "exit_code": 0,
  "iters": 57,
  "mtx": "bcsstk08",
  "method": "ilu0",
  "x_id": "randn"
}