{
  "fre": [
    0.9553247170481426,
    0.9423907020759733,
    0.37046345000343556,
    0.207274376615326,
    0.18784153925936345,
    0.1838591593311313,
    0.18347525353629188,
    0.1833167264581459,
    0.18314342378904366,
    0.18297149175374142,
    0.18280816264133426,
    0.18254257718263045,
    0.1825337830433328,
    0.18077196403450235,
    0.11483222467397819,
    0.01580874005717415,
    0.0069181357535614725,
    0.006888873171960589,
    0.0068880417900194545,
    0.006879696826575824,
    0.00686362438053356,
    0.006862697613362472,
    0.005712806938966093,
    0.0022572285458600347,
    0.001527641922273479,
    0.00023466022898113736,
    0.00023248884180407286,
    0.00023217767410969788,
    0.00023177699526900737,
    0.00023176486903928284,
    0.0002293087164057745,
    0.00020861776572029232,
    0.00010127363853387995,
    1.48134331014616e-05,
    7.739037253780649e-07,
    8.940046206125713e-08,
    1.2126121483366149e-08,
    7.270983910734443e-09,
    3.2227692653306563e-10,
    8.295036555292239e-11,
    4.21432291216767e-11,
    2.3462175388377393e-11,
    2.10402776279497e-11,
    2.0956806523476645e-11,
    2.093749476266921e-11,
    2.0917023707080596e-11,
    2.089651563852219e-11
  ],
  "rk": [
    1.0,
    0.09336772213606472,
    0.04258274422575599,
    0.012595357367440628,
    0.002837028833798801,
    0.0011049439985441575,
    0.00031063097103519626,
    6.625994508391861e-05,
    2.2093503620992826e-05,
    8.603316380155666e-06,
    6.85533173070141e-06,
    6.69015454615099e-06,
    6.6700575182143825e-06,
    6.6695335852620945e-06,
    6.6331936301767295e-06,
    5.278955803808689e-06,
    1.8445802859078682e-06,
    3.46252318301687e-07,
    2.3899112507590596e-07,
    2.388847501874545e-07,
    2.378978086867544e-07,
    2.3745011482141358e-07,
    2.3742625739383684e-07,
    2.1643883904579255e-07,
    1.355487996522614e-07,
    1.1102857052088423e-07,
    1.4774480947900911e-08,
    8.680677828256093e-09,
    8.49035769250585e-09,
    8.469662264817796e-09,
    8.46936133191202e-09,
    8.42090714969558e-09,
    8.028546853412119e-09,
    5.591363739663851e-09,
    2.137466844539617e-09,
    4.882769537429191e-10,
    1.6573313056346899e-10,
    6.083549690184525e-11,
    4.687376769651969e-11,
    8.44171155752306e-12,
    2.541020367670896e-12,
    9.892559679587382e-13,
    3.162338880592177e-13,
    6.821384714318732e-14,
    1.544140423113161e-14,
    3.5318838202297134e-15,
    1.4014918281944829e-15,
    8.4170655790585755e-16
  ],
  "exit_code": 0,
  "iters": 47,
  "mtx": "bcsstm11",
  "method": "orig",
  "x_id": "ones"
}