{
  "fre": [
    1305.1771688899792,
    86.07248814359335,
    536.4404702455216,
    38.1016455557025,
    23.406356995959964,
    2.3681138491705194,
    1.9339960160303105,
    2.8728436849722345,
    2.925569562333697,
    2.8641514226310942,
    0.9020984457081015,
    0.4276377966200497,
    0.23147382800782937,
    0.10343501109570721,
    0.06443851437044007,
    0.04695849099707219,
    0.03966091618039533,
    0.036098887576871484,
    0.03554906861050622,
    0.033156311171262144,
    0.03315630742293734,
    0.03315623630183327,
    0.03315597004069547,
    0.03315182215168878,
    0.03315272689156312,
    0.032504955831773215,
    0.03203854143122245,
    0.029472301042533088,
    0.02187097094755519,
    0.01471158750309398,
    0.012252561969458555,
    0.010469654573570412,
    0.008755824353010568,
    0.0047565852760209125,
    0.0003080297101979726,
    0.0002828585372811255,
    0.00010332899200125603,
    7.733990760822871e-05,
    4.3572316105547535e-05,
    1.2797366265428581e-05,
    1.2796787201134203e-05,
    1.2787169711904177e-05,
    1.2773700458603901e-05,
    1.2766891875188172e-05,
    1.1633348976077184e-05,
    1.162857197070022e-05,
    1.013486759564589e-05,
    1.023734274736472e-05,
    9.873692571536267e-06,
    9.442428757261136e-06,
    6.998190855410145e-06,
    6.782955425631568e-06,
    6.05111858768179e-06,
    1.7803878757365893e-06,
    2.056892092866408e-07,
    2.8454553546989115e-07,
    2.0210094210903666e-07,
    1.5144272447950312e-07,
    9.995428189982925e-08,
    3.0454630840349604e-08,
    3.045317417049758e-08,
    3.0455820084995866e-08,
    3.0425953044284966e-08,
    3.033178339844428e-08,
    3.033194501870339e-08,
    2.8879021711050275e-08,
    2.984943264371556e-08,
    2.3301092806906506e-08,
    1.9914142361488176e-08,
    1.804266629693947e-08,
    1.69069642145823e-08,
    1.3536925669890368e-08,
    1.0761537785184235e-08,
    1.1169830205835262e-08,
    1.0874972281773784e-08,
    8.383028827078403e-09,
    2.6098513671184644e-09,
    9.5259978541164e-10,
    3.9830981332413973e-10,
    1.133211646959326e-10,
    1.1332292126821148e-10,
    1.1338925277110108e-10,
    1.1340423211334895e-10,
    1.1279230102745786e-10,
    9.871301123951691e-11,
    9.867105856381255e-11,
    7.192879821473975e-11,
    3.1644944574833345e-11,
    3.070970995047536e-11
  ],
  "rk": [
    1.0,
    0.42982031144543753,
    0.33555551875502526,
    0.32070774815269865,
    0.024792403462762996,
    0.02180113288557272,
    0.005065289627286492,
    0.0006238832139804286,
    0.0004717380296213192,
    0.00047066297986181083,
    0.0003892099416747352,
    0.00012441747169487276,
    8.687523947144151e-05,
    4.907938364808314e-05,
    1.708204599851912e-05,
    6.342038701444245e-06,
    3.1371860958461155e-06,
    1.3231141757792643e-06,
    7.252639501831882e-07,
    6.34969327852896e-07,
    4.664374060627962e-07,
    4.664374020651843e-07,
    4.664360357109223e-07,
    4.664212869215258e-07,
    4.6627468369743147e-07,
    4.662715403613717e-07,
    4.594536761187997e-07,
    4.5458966670937585e-07,
    4.3668381862547115e-07,
    3.660154147337117e-07,
    2.982995620046735e-07,
    2.7130704480513667e-07,
    2.4223009889706994e-07,
    2.2458857961882126e-07,
    1.5807030233792268e-07,
    5.688442665951893e-08,
    3.223984427437489e-08,
    1.807048393525327e-08,
    9.021729359936598e-09,
    6.481169979936455e-09,
    1.0732961571461908e-09,
    1.0732950175348795e-09,
    1.0729931780840424e-09,
    1.0714119885558182e-09,
    1.0701980664215356e-09,
    7.768021996174983e-10,
    7.748961287992754e-10,
    2.791701779422864e-10,
    2.642153980724707e-10,
    1.975008975957112e-10,
    1.9005039682178877e-10,
    1.1906740425494586e-10,
    1.080700114882631e-10,
    1.0347910711456269e-10,
    5.897023481948453e-11,
    2.050212168404247e-11,
    1.5831739217069296e-11,
    1.3046395367975886e-11,
    8.302262707227882e-12,
    6.449928474114128e-12,
    2.833588369026757e-12,
    2.8335847431372666e-12,
    2.833006621865318e-12,
    2.8319005746917537e-12,
    2.822822848519089e-12,
    2.8228200798104942e-12,
    2.6625917945532844e-12,
    2.6413328834356e-12,
    1.663910183159445e-12,
    7.016532887449823e-13,
    5.253988238283257e-13,
    4.662931392037406e-13,
    3.689958775744102e-13,
    2.4986239299891634e-13,
    1.9051567216942625e-13,
    1.710806743940134e-13,
    1.5488252510118173e-13,
    8.2819304374283e-14,
    4.2053253602552996e-14,
    1.730289387831682e-14,
    6.9146152142381446e-15,
    6.914613178112451e-15,
    6.910230029347911e-15,
    6.907861275571308e-15,
    6.8772296798295745e-15,
    6.335134328705152e-15,
    6.32677100160141e-15,
    5.275009372144431e-15,
    1.5943427864154928e-15,
    7.351264982421576e-16
  ],
  "exit_code": 0,
  "iters": 89,
  "mtx": "bcsstk08",
  "method": "max-lf_alt-o-repeat_m3",
  "x_id": "randn"
}