{
  "fre": [
    1300.0369847134502,
    1779.3542711055297,
    346.9441218954613,
    64.4423619927405,
    100.16214403606145,
    6.903348714558702,
    2.7485874243233432,
    1.7174551026958718,
    1.4853958366769664,
    1.4214402279899816,
    1.3386826134616694,
    1.3123843238303299,
    1.2702446535077778,
    1.211699095866717,
    0.850928860578876,
    0.46085234166892725,
    0.372707377928416,
    0.2613616168422333,
    0.16927464492724564,
    0.024802289609141482,
    0.024802269955602127,
    0.024794577588941134,
    0.02479325615905038,
    0.024656148051663673,
    0.02328030933588293,
    0.01897614850599824,
    0.014806387996431905,
    0.004494837043870378,
    0.0018721251160894983,
    0.0019940089794627807,
    0.002292731772880551,
    0.0017939295360916007,
    0.0015711892455081938,
    0.0015342552327206928,
    0.001247733465543633,
    0.0011574390720143122,
    0.0007686535435960567,
    0.0003397697421214415,
    6.181044299901154e-05,
    1.1105794562624916e-05,
    1.1105812162480444e-05,
    1.1104771221417135e-05,
    1.1104645290927952e-05,
    1.1002991947804464e-05,
    1.0545215594802675e-05,
    8.83362628536303e-06,
    1.81417746581162e-06,
    1.671109205908914e-06,
    1.5662274785734736e-06,
    8.478424068825519e-07,
    4.801304601156206e-07,
    6.070669136807149e-07,
    5.422929265251004e-07,
    5.741392366810952e-07,
    4.597129680104492e-07,
    3.8086068341189637e-07,
    3.16907067741826e-07,
    2.555491193376575e-07,
    1.9936225577896105e-07,
    5.8706124305440553e-08,
    5.870610965615632e-08,
    5.870589200367044e-08,
    5.833891685819304e-08,
    5.782236476213838e-08,
    5.6911084439572724e-08,
    5.6841368271280894e-08,
    5.599057317108456e-08,
    5.609046748274736e-08,
    5.5196527141461245e-08,
    4.9572579692781383e-08,
    4.8096528771661976e-08,
    1.4636897749048953e-08,
    7.93512692304201e-09,
    5.9131594805434846e-09,
    2.7656622141721855e-09,
    1.5278625039175258e-09,
    8.734963878183062e-10,
    6.55285157728833e-10,
    3.5792238675446855e-10,
    1.7664260769556388e-10,
    1.766860104366824e-10,
    1.7674147007175294e-10,
    1.7595254985057588e-10,
    1.759713986440932e-10,
    1.6728136050687932e-10,
    1.551304373160985e-10,
    1.0497435665930367e-10,
    5.125709949285795e-11
  ],
  "rk": [
    1.0,
    0.4606288564500085,
    0.4286765084524367,
    0.06495315785542612,
    0.019949832851860645,
    0.00696664111370261,
    0.0005239863633985092,
    0.00033292349706865625,
    0.000246112631394746,
    0.00010896312481458627,
    4.396606120565018e-05,
    2.3013002805443e-05,
    2.1871898970800664e-05,
    2.0961310339731575e-05,
    1.982977963408027e-05,
    1.5721955981236603e-05,
    7.552694038135532e-06,
    3.668450170712801e-06,
    2.3340723739376683e-06,
    1.8591565998165331e-06,
    7.135778204601302e-07,
    7.135777870252221e-07,
    7.130898753116726e-07,
    7.13047356938334e-07,
    7.037977470131987e-07,
    6.724870376328294e-07,
    5.769114657531192e-07,
    4.787320773572317e-07,
    2.7916528193158405e-07,
    1.2022678075964528e-07,
    6.512773371792246e-08,
    5.7961724100642494e-08,
    3.584603503156305e-08,
    2.7110722454503362e-08,
    2.592346421606057e-08,
    2.2438452656147505e-08,
    1.7070432087481436e-08,
    9.328888903910425e-09,
    4.732045730355993e-09,
    1.1207824026678896e-09,
    4.3704232997953825e-10,
    4.370422361809404e-10,
    4.3701538028642266e-10,
    4.370020217203885e-10,
    4.334490027626739e-10,
    4.220409971397321e-10,
    3.966530269311223e-10,
    2.0121963644761165e-10,
    4.041950371316312e-11,
    3.6367211651343714e-11,
    2.0702306675720514e-11,
    1.7224648531025245e-11,
    1.346633681709373e-11,
    8.029741521859986e-12,
    7.883149489135671e-12,
    7.029651922227497e-12,
    6.0927591604065984e-12,
    5.195507284813455e-12,
    4.640656833883392e-12,
    3.916408863871825e-12,
    1.5676289478031697e-12,
    1.5676288700527331e-12,
    1.5675770037416828e-12,
    1.5456771788336024e-12,
    1.5165071180741893e-12,
    1.5002234372312416e-12,
    1.500057080537091e-12,
    1.3102812059040968e-12,
    1.3102241152400229e-12,
    1.2373200213297619e-12,
    1.045978768291444e-12,
    1.0059879268898751e-12,
    4.887304223793352e-13,
    2.803915566685704e-13,
    2.3264796488664943e-13,
    1.2306630839951807e-13,
    4.542261393932328e-14,
    3.633326159778479e-14,
    1.3136358576043892e-14,
    5.5121839774022476e-15,
    1.8890096376752746e-15,
    1.7888835061486428e-15,
    1.7868978573975478e-15,
    1.7374570533633731e-15,
    1.737453808792027e-15,
    1.633542952873274e-15,
    1.6176242837257836e-15,
    1.4473867372903709e-15,
    9.61638560497733e-16
  ],
  "exit_code": 0,
  "iters": 88,
  "mtx": "bcsstk08",
  "method": "max-st_alt-o-repeat_m3",
  "x_id": "randn"
}