{
  "fre": [
    31.37057793693139,
    323.67874140840695,
    162.2893980244942,
    48.18668987556649,
    585.4745511260882,
    37.08666449384499,
    6.95875104988244,
    1.6042448876299575,
    2.610317491575425,
    0.879978075041499,
    0.8580572439886539,
    0.7963226999408548,
    0.4105204874986396,
    0.14840210513537994,
    0.11590809791221297,
    0.005811376928315169,
    0.0028182216799029283,
    0.0015210097938493108,
    0.0004554633470100526,
    0.0001554079832009696,
    0.0001553699409717344,
    0.00015537479139366502,
    0.00015511228136049022,
    0.00015535603961642317,
    0.0001397998558655359,
    0.0001264083820791847,
    0.00011278834210180488,
    8.703004317769873e-05,
    8.09838214725826e-05,
    6.380913679295278e-05,
    3.714635547853656e-05,
    2.018191903233476e-05,
    5.165257978737764e-06,
    1.2914993017121226e-06,
    2.459452607367479e-07,
    8.177077152593701e-08,
    2.0977979644339843e-08,
    2.475672467918268e-09,
    7.695885280403558e-10,
    5.155222893405805e-10,
    5.152126265582219e-10,
    5.149165504234625e-10,
    5.142061011385783e-10,
    5.136955961570026e-10,
    5.112078626575127e-10,
    5.071533951273873e-10,
    4.685348119951799e-10,
    4.160018504389665e-10,
    3.348956996456801e-10,
    2.9173648175770276e-10,
    5.291780194854998e-11,
    1.1171843433478237e-11,
    1.0431011535880837e-11,
    1.5206696200163556e-11,
    1.7434978390781304e-11,
    1.4612892612307473e-11
  ],
  "rk": [
    1.0,
    0.15381050048612688,
    0.06044960894047741,
    0.049877553563417706,
    0.049377633493690676,
    0.01286991490267162,
    0.00311345737185491,
    0.0017598194034420022,
    0.00040357269312204456,
    9.13649254905037e-05,
    1.46699081504261e-05,
    1.0506823048331797e-05,
    8.478368304703122e-06,
    4.911168790765604e-06,
    3.120233742488622e-06,
    1.2310906756540595e-06,
    3.0249902200371404e-07,
    1.0731442581500926e-07,
    3.5614773282479336e-08,
    7.675254882206357e-09,
    3.4460486448713554e-09,
    3.445681516953978e-09,
    3.4456214162106414e-09,
    3.4365066227380146e-09,
    3.436083928222296e-09,
    3.069209392648003e-09,
    2.2056988671550687e-09,
    2.000153564426248e-09,
    1.2482284422467777e-09,
    1.1987700339481278e-09,
    1.0787727045998331e-09,
    8.561386460287139e-10,
    3.996337920451615e-10,
    1.6176920651502012e-10,
    4.031700499640583e-11,
    1.3277450371192635e-11,
    2.503350307777121e-12,
    2.3808244348502435e-13,
    7.209378643199682e-14,
    2.906528630640077e-14,
    7.436967356892886e-15,
    7.432167955014897e-15,
    7.42581271200182e-15,
    7.373436443832054e-15,
    7.356539770456488e-15,
    6.648481010102762e-15,
    6.614047233121891e-15,
    5.641927882529012e-15,
    5.296619436601498e-15,
    4.80562458940968e-15,
    3.5444746709953146e-15,
    1.3182762803137934e-15,
    2.822570517281548e-15,
    2.784707474542084e-15,
    2.2438688161251777e-15,
    1.6387702621897049e-15,
    6.245291909953134e-16
  ],
  "exit_code": 0,
  "iters": 56,
  "mtx": "bcsstk08",
  "method": "max-st_alt-o_m4",
  "x_id": "sine"
}