{
  "fre": [
    2.9326879638389207,
    3.2371782174090247,
    1.8103935350274405,
    1.5540735678810615,
    0.8944757843295575,
    0.4419328907404222,
    0.2637874740533916,
    0.1238522399028184,
    0.07874316774661869,
    0.041412451788941027,
    0.01601384214670837,
    0.008376598615537112,
    0.006673302697030396,
    0.004800130140744323,
    0.0016000196518121588,
    0.0008019063482692684,
    0.00037542762285186336,
    0.00028691272952103663,
    0.00013287574968328845,
    4.6905198704285325e-05,
    2.7869222112176806e-05,
    1.0331418948921714e-05,
    1.061908146544588e-05,
    5.169881706663323e-06,
    2.1375314245630113e-06,
    9.842882910122737e-07,
    5.409392926350717e-07,
    2.9573938850316015e-07,
    2.076974552573942e-07,
    1.518615450476791e-07,
    5.665300857311651e-08,
    2.280965474425849e-08,
    1.3119257754106219e-08,
    6.5433415086806235e-09,
    2.650819481047727e-09,
    1.8185878058848325e-09,
    9.249341110692614e-10,
    4.147020817355231e-10,
    1.770181150320925e-10,
    8.796115202984016e-11,
    5.0730252109809666e-11,
    2.4174985401657545e-11,
    1.7064817517316583e-11,
    7.634434727283037e-12,
    4.04336899989537e-12,
    2.867667497964494e-12,
    1.4311032664898309e-12,
    8.506170312291265e-13,
    3.779173180840664e-13,
    1.7341447118048012e-13,
    1.1903493082949391e-13
  ],
  "rk": [
    1.0,
    0.1635178459877128,
    0.06858450533964094,
    0.0444387953750574,
    0.020901721086888793,
    0.010158878374249858,
    0.004826626944058347,
    0.0024434704288868155,
    0.0014691433797609744,
    0.0008511192244875526,
    0.0004301886781833537,
    0.00019846932765701917,
    0.00010353392122143458,
    5.3537792153368094e-05,
    2.9149506579609862e-05,
    1.2651913166598415e-05,
    5.518271223213087e-06,
    2.934254148157027e-06,
    1.6319805700821218e-06,
    8.346181263979525e-07,
    3.4431686793638785e-07,
    2.7292991442240215e-07,
    1.9279406416774724e-07,
    7.91233932898819e-08,
    4.219767487844384e-08,
    2.2144440569503996e-08,
    1.0400270058877249e-08,
    7.051112949063702e-09,
    3.548696259823915e-09,
    1.8029390797279172e-09,
    8.066845196042083e-10,
    3.946722863233789e-10,
    1.7832377087840295e-10,
    9.263506302952693e-11,
    4.4990705652174176e-11,
    2.3724585972122444e-11,
    1.3252357137859627e-11,
    5.947030429117631e-12,
    3.0314294687914604e-12,
    1.6600436765848917e-12,
    8.507843389541958e-13,
    6.157438609369492e-13,
    3.4033081855494844e-13,
    1.3973300446593527e-13,
    7.646409837966545e-14,
    4.7046521342998445e-14,
    2.425072745064165e-14,
    1.4859257424592443e-14,
    6.830191512797393e-15,
    3.0005331044230406e-15,
    1.5464367216399256e-15,
    8.270238814585407e-16
  ],
  "exit_code": 0,
  "iters": 51,
  "mtx": "bcsstm12",
  "method": "tridiag",
  "x_id": "randn"
}