{
  "fre": [
    8.113415028023374,
    14.161885458430623,
    61.92373081751408,
    28.97398073105121,
    6.1603010500112,
    5.260132809391762,
    7.505318619465625,
    7.512016784065339,
    1.428356193701941,
    1.9565237800710567,
    0.8915252444595979,
    0.4084403495948207,
    0.16433388229392898,
    0.06613059010654938,
    0.019580555408200934,
    0.008076184725908644,
    0.0037475485367770914,
    0.0029592461188119156,
    0.0013468526505442426,
    0.0007386323517039646,
    0.0007367710636068318,
    0.0007377838533933602,
    0.0007371151713622496,
    0.0007275919132838003,
    0.0007264418844112936,
    0.0006566528729524377,
    0.0005918113716663615,
    0.0003796869813152797,
    0.0001669353476763601,
    0.00015145404178884783,
    0.00010732545867356338,
    0.00010245772364855004,
    9.253453525301267e-05,
    8.73015507483106e-05,
    8.499000866992271e-05,
    7.921830486853709e-05,
    5.221033603014419e-05,
    3.5043146879497676e-05,
    1.6494011236752206e-05,
    1.6770772439138028e-06,
    1.6764677338136312e-06,
    1.674006484384617e-06,
    1.6679325316509117e-06,
    1.6412528432601774e-06,
    1.6260924059574033e-06,
    1.625887426515208e-06,
    1.5723496098938839e-06,
    1.075618108666377e-06,
    6.283486582759415e-07,
    5.54649379084044e-07,
    4.5541292929040753e-07,
    4.4086839450095683e-07,
    4.224084657191107e-07,
    3.9868615624211596e-07,
    3.3503145571300966e-07,
    2.323376041392637e-07,
    4.866460845769979e-08,
    2.0282891405893866e-08,
    1.2337613581386206e-08,
    5.177191665254121e-09,
    5.177142338855235e-09,
    5.173880524221958e-09,
    5.167322612554123e-09,
    5.0546822282108244e-09,
    5.014201556991532e-09,
    4.929112557513188e-09,
    3.6219360028270494e-09,
    3.625563362781374e-09,
    3.6606688815276255e-09,
    3.765096305985557e-09,
    1.562311869276879e-09,
    4.1787389583349883e-10,
    5.757216797152191e-10,
    5.5324522233895e-10,
    5.532233514518937e-10,
    2.547619594916403e-10,
    8.177409327963346e-11,
    5.1903622685129216e-11,
    2.191468283711123e-11,
    2.179299047822813e-11,
    2.1773220723947167e-11,
    2.1373942079270457e-11
  ],
  "rk": [
    1.0,
    0.5544227069128921,
    0.10578263785528885,
    0.017735922734195903,
    0.016405424598809146,
    0.002658191801594334,
    0.0026254264368333357,
    0.002336311424183972,
    0.001898333222801391,
    0.00014363724787032117,
    0.00012879061905353594,
    6.580744372649022e-05,
    4.335980707075443e-05,
    1.6571843286136746e-05,
    1.0440225697173756e-05,
    2.5170575119758033e-06,
    1.2466576950854485e-06,
    3.3455748836891175e-07,
    2.540319482434633e-07,
    8.078301620372796e-08,
    2.643984623747616e-08,
    2.6403000707109217e-08,
    2.6396666567182173e-08,
    2.6392798563434602e-08,
    2.6299035767253284e-08,
    2.628746019963108e-08,
    2.4942189105594777e-08,
    2.3962795338629166e-08,
    1.286362370831688e-08,
    8.398525573334141e-09,
    4.59899734346238e-09,
    2.078127327486491e-09,
    1.8115080266291335e-09,
    8.046398414053e-10,
    7.068908299675631e-10,
    6.79249248136511e-10,
    6.636859784729035e-10,
    5.343393927778587e-10,
    3.9615317706035186e-10,
    2.650903228433399e-10,
    6.682239975731944e-11,
    6.680779619803965e-11,
    6.670638437167098e-11,
    6.663863182603806e-11,
    6.596951598952929e-11,
    6.558501241278535e-11,
    6.553289403194914e-11,
    5.745785948276655e-11,
    4.91937793824807e-11,
    1.5931511172208467e-11,
    1.3744559367818447e-11,
    5.154823823346859e-12,
    4.6850604812803055e-12,
    3.468606904691016e-12,
    3.2047051375653178e-12,
    2.8745271123370965e-12,
    2.2586339883629096e-12,
    9.996149941310918e-13,
    4.809867415561185e-13,
    3.340840664950308e-13,
    1.3490863980471938e-13,
    1.3490351266797138e-13,
    1.347237205605484e-13,
    1.3400192781411235e-13,
    1.2590232039113974e-13,
    1.2517898257801436e-13,
    1.2327269262808697e-13,
    6.372736358303678e-14,
    5.585188865979192e-14,
    5.5771567134285173e-14,
    5.5695360857799896e-14,
    4.7642075246131006e-14,
    2.7525414930152317e-14,
    2.716576839081833e-14,
    2.348779255002717e-14,
    2.346327906727292e-14,
    6.641131395023404e-15,
    3.1840835522026807e-15,
    2.7863000238588294e-15,
    1.0285594923340343e-15,
    1.077292193607215e-15,
    1.0765824448322418e-15,
    9.194998009882787e-16
  ],
  "exit_code": 0,
  "iters": 82,
  "mtx": "bcsstk08",
  "method": "max-lf_alt-o_m3",
  "x_id": "ones"
}