{
  "fre": [
    36.02106542638857,
    223.98480389633684,
    304.1220296472253,
    1475.1416754093455,
    190.63071317073815,
    44.47215889783038,
    38.28106680673714,
    6.413609411247295,
    0.777172650009876,
    0.5784469489310233,
    0.4646974399572453,
    0.45485582338792824,
    0.4563248514464477,
    0.3471935540647658,
    0.22475848430056358,
    0.04586217552355745,
    0.015753610142168924,
    0.009575198877915022,
    0.0018013325441383929,
    9.987329208224707e-05,
    9.975898403169208e-05,
    9.969077829001699e-05,
    9.869163684074543e-05,
    9.959577486141796e-05,
    0.00010312943027283058,
    6.827743887461106e-05,
    6.62768252748325e-05,
    5.466316161323689e-05,
    3.4756948750124366e-05,
    2.8864976876142847e-05,
    2.2167114950850992e-05,
    6.008396664396631e-06,
    2.195212933716862e-06,
    1.9359649273752645e-06,
    2.972924817981343e-07,
    6.461982833884198e-08,
    2.216711043127949e-08,
    6.847153133795461e-09,
    3.0024750802603003e-09,
    4.889692414762093e-10,
    4.88973992807262e-10,
    4.889673941610266e-10,
    4.883974323053496e-10,
    4.880292447786044e-10,
    4.857619278326949e-10,
    4.809874567503398e-10,
    4.763578504883034e-10,
    4.4340260238522135e-10,
    4.4341859159024825e-10,
    1.4834621513861875e-10,
    1.4696733759204774e-11,
    1.4193354820899122e-11,
    1.4359613075211202e-11,
    1.6074607765037053e-11,
    1.4677247375989957e-11,
    1.1689164203382354e-11
  ],
  "rk": [
    1.0,
    0.30219769073350444,
    0.19463691132924496,
    0.19458258255685545,
    0.07039729481305791,
    0.011975799406747879,
    0.007444933388571492,
    0.0025269567434400182,
    0.0007537340300012667,
    0.00013580342957836958,
    5.079463211681798e-05,
    1.162295551671689e-05,
    5.441815784535825e-06,
    5.436820064262571e-06,
    3.916299427071256e-06,
    3.230016966512524e-06,
    1.8254726765793133e-06,
    4.994307969130712e-07,
    1.761820155259425e-07,
    2.9561855433692635e-08,
    5.963952871525795e-09,
    5.958998126976092e-09,
    5.95743191069868e-09,
    5.9117810135900215e-09,
    5.843812941034676e-09,
    5.263652984554156e-09,
    2.6117238642365565e-09,
    2.3909376892125467e-09,
    1.3872737406106818e-09,
    1.0514256815127983e-09,
    9.881961951018053e-10,
    6.856412765746414e-10,
    1.9868641977601688e-10,
    1.627291880274846e-10,
    4.666776762781839e-11,
    1.427249978064066e-11,
    2.6238969676861793e-12,
    9.33876513022429e-13,
    2.547340307082111e-13,
    3.005941319144911e-14,
    5.893654016019407e-15,
    5.893637752833351e-15,
    5.892938143164949e-15,
    5.846249154467108e-15,
    5.843022765046675e-15,
    5.7182857526818976e-15,
    5.648042513112607e-15,
    5.540670871913699e-15,
    5.0437393100596966e-15,
    5.043738992151298e-15,
    3.216408997201305e-15,
    3.065921329664764e-15,
    2.828889584589794e-15,
    2.760613094263466e-15,
    1.5203916529688983e-15,
    1.516437490161215e-15,
    8.393275203001585e-16
  ],
  "exit_code": 0,
  "iters": 56,
  "mtx": "bcsstk08",
  "method": "max-st_alt-o_m4",
  "x_id": "ones"
}