{
  "fre": [
    281.4381251948089,
    2524.705236844251,
    303.4154164083791,
    44.989851305364304,
    111.06580061763923,
    42.47456848437606,
    4.43748848822744,
    3.8454291373156324,
    16.440791736580685,
    20.590850364270928,
    2.939153906637789,
    2.6758597410232605,
    0.7553459897339885,
    0.1855224172046647,
    0.09365171645807112,
    0.06714509761864675,
    0.06567747057845925,
    0.060137102581869606,
    0.0526427720149935,
    0.03796247327037015,
    0.03796247520968566,
    0.03796255575957426,
    0.037962318993637216,
    0.037959658637991625,
    0.037951170496757766,
    0.03796119401684643,
    0.03825394752845258,
    0.03829429473886681,
    0.034479478868764055,
    0.03384749795986935,
    0.028167255069075782,
    0.02624134954467468,
    0.002986307473393568,
    0.0008705639361118403,
    0.0009098703833258978,
    0.0003519319288293251,
    0.0002352687243680381,
    1.4378926530917778e-05,
    2.9991716766563842e-06,
    9.469545622047621e-07,
    9.469554055938262e-07,
    9.469228039281118e-07,
    9.46217109737495e-07,
    9.291661978001571e-07,
    9.235505314716993e-07,
    8.931238159263007e-07,
    8.942869835757907e-07,
    8.944386999024196e-07,
    9.226931382893223e-07,
    4.978941536754229e-07,
    4.072697817833186e-07,
    3.17875907757984e-07,
    2.720219206428684e-07,
    2.2724444222403387e-07,
    1.5963262638409781e-07,
    5.907739152843737e-08,
    1.2644513752361809e-08,
    2.592495606909539e-09,
    2.9488146911574956e-09,
    6.281672561516614e-10,
    6.280367637243149e-10,
    6.276406871140305e-10,
    6.276702188003409e-10,
    6.235932147461785e-10,
    6.082079601024302e-10,
    6.0639839042748e-10,
    5.918844955670272e-10,
    5.764746187147614e-10,
    5.403010509720653e-10,
    5.606902988801259e-10,
    4.63588946411297e-10,
    4.4879024688959864e-10,
    1.1698077009060863e-10,
    7.999091918595013e-11,
    5.132351883127663e-11
  ],
  "rk": [
    1.0,
    0.9845772749921072,
    0.9681473685018195,
    0.160134653671453,
    0.05617496822454764,
    0.052603878900613736,
    0.017686226242297355,
    0.003182838540467988,
    0.00317868124723812,
    0.000773754223918691,
    0.0007370452879547178,
    0.00042750246945122346,
    0.0002675874704314502,
    6.902206143534863e-05,
    1.9538557060875084e-05,
    7.005132966193821e-06,
    1.5496544788969062e-06,
    7.183824114293901e-07,
    5.589034611236017e-07,
    4.0145078325559676e-07,
    3.463200057167284e-07,
    3.463200054872032e-07,
    3.4631777719677087e-07,
    3.463131474746958e-07,
    3.4620178413693037e-07,
    3.453377435128433e-07,
    3.4528277175509967e-07,
    3.397019258411062e-07,
    3.265141144365776e-07,
    3.0701693026672764e-07,
    3.02175855728402e-07,
    2.6139356181322393e-07,
    2.553346433319037e-07,
    8.32669213108014e-08,
    5.891647391576998e-08,
    3.2940801774252677e-08,
    9.445701487054885e-09,
    5.30782415610258e-09,
    7.811647158773112e-10,
    1.666497826886275e-10,
    3.6551369696434675e-11,
    3.655136968204348e-11,
    3.655134011013872e-11,
    3.653465352537994e-11,
    3.62314963637591e-11,
    3.611622310330376e-11,
    3.549303945290143e-11,
    3.5417210677158604e-11,
    3.541696575976288e-11,
    3.2932505890125336e-11,
    1.047878260346249e-11,
    7.423901271121676e-12,
    5.342548474673763e-12,
    3.521903944648583e-12,
    2.0124924411747202e-12,
    1.4111124215787992e-12,
    8.989244120773732e-13,
    2.546856139925252e-13,
    1.1734779268351833e-13,
    5.056663518135089e-14,
    1.856832218501986e-14,
    1.8567988780952233e-14,
    1.8563761540455857e-14,
    1.855859532523461e-14,
    1.8418024220590593e-14,
    1.7646100088454813e-14,
    1.7480038679328876e-14,
    1.6209213682881325e-14,
    1.1446120606215811e-14,
    7.079129354664939e-15,
    6.2008354395001115e-15,
    4.318280812416202e-15,
    4.209819928678192e-15,
    1.7583013163854738e-15,
    1.3343457168980152e-15,
    8.435891043544199e-16
  ],
  "exit_code": 0,
  "iters": 75,
  "mtx": "bcsstk08",
  "method": "max-lf_alt-o-repeat_m4",
  "x_id": "ones"
}