{
  "fre": [
    3.810554875896193,
    5.05449134425628,
    19.918488383797868,
    95.19302800620117,
    1.835198254780339,
    5.027664578051161,
    4.428846284314712,
    2.997076332401662,
    2.562652536600017,
    0.8179725852768588,
    0.4293093942768393,
    0.333574958605722,
    0.25070924848195,
    0.1404034667997594,
    0.14046819140002748,
    0.13175554159914163,
    0.12647651114444503,
    0.11862581619402306,
    0.11016822019824209,
    0.10755721767265816,
    0.10755719272343933,
    0.10755693530226945,
    0.10755417517102958,
    0.10754044600253795,
    0.10751639500699559,
    0.10749606562840644,
    0.10718550171276377,
    0.10727021669480037,
    0.1018534193585589,
    0.10184247374790849,
    0.05844138964893481,
    0.019371131532192803,
    0.01132296877648261,
    0.004937712172172423,
    0.0014236574884186897,
    0.0004828602021034099,
    0.00011575957565927933,
    4.0560867041872406e-05,
    2.024512607583729e-05,
    1.1818125191944748e-05,
    1.1810985177818902e-05,
    1.1736144077961082e-05,
    1.1674252065791902e-05,
    1.1674694201719567e-05,
    1.115176088111893e-05,
    1.0926723607579604e-05,
    5.262214576788236e-06,
    5.437597008555929e-06,
    5.439655853853286e-06,
    4.610820647459732e-06,
    3.3801174666801616e-06,
    2.610351438383269e-06,
    2.076103510852239e-06,
    1.9302809733794944e-06,
    1.9131602353321487e-06,
    1.205190222396349e-06,
    3.934103179110538e-07,
    1.3706782944174516e-07,
    4.3973200417752445e-08,
    2.3576985980839025e-08,
    2.3576212418884408e-08,
    2.3560720686974467e-08,
    2.324553271194119e-08,
    2.308614704236461e-08,
    2.3049279105304347e-08,
    1.6416261431567045e-08,
    1.0085209923028807e-08,
    6.047951985229267e-09,
    6.242208064819101e-09,
    3.384001526973745e-09,
    3.047588280987571e-09,
    2.860685399933582e-09,
    2.3023143075929855e-09,
    2.250951346085904e-09,
    2.0497869062336005e-09,
    1.855326408299918e-09,
    1.149407224729176e-09,
    5.573157287213357e-10,
    1.1199691547578977e-10,
    1.8623786371276335e-11,
    1.8550147495834704e-11,
    1.85636150421036e-11,
    1.836507353459651e-11,
    1.8350344413965538e-11,
    1.7015691170796143e-11,
    1.7123347551885603e-11,
    1.2035164284350567e-11,
    1.2248516181957743e-11,
    6.828012290344424e-12
  ],
  "rk": [
    1.0,
    0.4816279545303355,
    0.18399041585492087,
    0.03645910014133663,
    0.015978812978864467,
    0.0032451291140882183,
    0.00253663531403988,
    0.0019384283735069952,
    0.0010046145336795606,
    0.00021017550598717412,
    0.00015186064579317192,
    8.811029767162031e-05,
    5.894306327333329e-05,
    3.601102590132425e-05,
    7.839941230273325e-06,
    3.954535200713071e-06,
    2.5235600917149183e-06,
    1.9993247087409526e-06,
    1.653765992365545e-06,
    1.560504775006966e-06,
    1.5582258063087223e-06,
    1.5582256038521647e-06,
    1.5582230181259418e-06,
    1.5581975008994418e-06,
    1.5580340466577202e-06,
    1.5577361883481074e-06,
    1.557574030933803e-06,
    1.5553569720313082e-06,
    1.5548224397713346e-06,
    1.5233668978647075e-06,
    1.5233661380367484e-06,
    1.0707660369288225e-06,
    6.558118290428446e-07,
    3.0940081701912145e-07,
    1.5867195407072283e-07,
    6.327171775001332e-08,
    2.8074800555742963e-08,
    9.334123804160503e-09,
    3.545785200161519e-09,
    1.9106464386284424e-09,
    5.98728113343756e-10,
    5.98273217860389e-10,
    5.925839302644729e-10,
    5.904468430624187e-10,
    5.904086757755937e-10,
    5.748543245553504e-10,
    5.720911612288368e-10,
    2.9479899162285666e-10,
    2.7170737353648343e-10,
    2.717072364050592e-10,
    1.702644287870104e-10,
    8.67283959435513e-11,
    7.416587722251919e-11,
    3.214863806398166e-11,
    3.04465195026327e-11,
    2.7714771433252966e-11,
    2.3028880647578266e-11,
    9.60876879165812e-12,
    4.91348229688629e-12,
    1.911463546897867e-12,
    1.1075772563499873e-12,
    1.1075567123110235e-12,
    1.1070749368743042e-12,
    1.0988693258499226e-12,
    1.0942792229573298e-12,
    1.0917536677193907e-12,
    9.225902505777563e-13,
    7.929895566569485e-13,
    4.952651230697003e-13,
    4.2148080152561427e-13,
    1.105697263960261e-13,
    5.259381909687728e-14,
    5.023143635070557e-14,
    3.5977224570147076e-14,
    3.54665656188137e-14,
    3.314672023173396e-14,
    3.22209524669938e-14,
    2.3029218201932475e-14,
    1.0869523469671373e-14,
    5.134765218644168e-15,
    1.6857904163529387e-15,
    1.662537751935626e-15,
    1.655957506350761e-15,
    1.6539214321835715e-15,
    1.653623564583782e-15,
    1.568232760484411e-15,
    1.5680465724593624e-15,
    1.1295686122560731e-15,
    1.1283566211166212e-15,
    8.194936315496631e-16
  ],
  "exit_code": 0,
  "iters": 89,
  "mtx": "bcsstk08",
  "method": "max-lf_alt-o_m3",
  "x_id": "randn"
}