{
  "fre": [
    12.403448907026709,
    11.249806013979159,
    50.875961314492926,
    84.39187849495148,
    18.581757301114934,
    9.082135618090685,
    2.4451062806826944,
    2.4014953870783473,
    1.8681048159715594,
    1.6908456699480279,
    1.6896911481457844,
    1.6081357204252893,
    0.7329756528837471,
    0.696242776496057,
    0.6404648296816553,
    0.6111617725191401,
    0.6022695453187799,
    0.44997187231936386,
    0.3042953144584038,
    0.15914621113675861,
    0.15914585347740767,
    0.15913031451489465,
    0.15907095748882077,
    0.15854721499719474,
    0.15861548060751743,
    0.15351080523142543,
    0.15311156202449666,
    0.1530738477610695,
    0.1563024668628381,
    0.16372324057579027,
    0.1671584911902722,
    0.1773564372621804,
    0.05893974386372043,
    0.005769302009223421,
    0.003092533686393991,
    0.0012597298597797992,
    0.0007013337205446057,
    0.00021573202869775815,
    0.00018329119261722727,
    3.20354514422975e-05,
    3.203412994478764e-05,
    3.1776841388944345e-05,
    3.153558799363096e-05,
    2.900261116578049e-05,
    2.4752166075754853e-05,
    2.0069153184451273e-05,
    1.878749835337087e-05,
    1.930553928541675e-05,
    1.1690942990444362e-05,
    1.1468870541076797e-05,
    7.0862634514568835e-06,
    1.1675637345701818e-05,
    1.9000963744818186e-06,
    3.660276579867464e-06,
    5.513002197447385e-06,
    1.7949481169078448e-06,
    8.469398397000227e-07,
    4.0605672945213403e-07,
    3.6144116942652767e-07,
    1.1279188574192265e-07,
    1.1278663562997578e-07,
    1.1272480958934425e-07,
    1.1266867114884494e-07,
    1.1263935568328119e-07,
    1.123494174078079e-07,
    1.1162840926534476e-07,
    1.1250970522486562e-07,
    8.081877915245715e-08,
    8.650681420864451e-08,
    3.098553175514128e-08,
    1.0756863410834414e-08,
    9.870909469191707e-09,
    8.819045413201269e-09,
    7.245300706409918e-09,
    6.092297125532125e-09,
    3.843461975265473e-09,
    3.4244001365773984e-09,
    2.402749029017343e-09,
    1.3359353981968888e-09,
    1.6420025993178625e-10,
    1.6423739406285474e-10,
    1.6438133269082338e-10,
    1.6288488733899355e-10,
    1.5343869778189072e-10,
    1.5286574472646324e-10,
    1.3636860811514322e-10,
    1.340881767047946e-10,
    6.414557490490927e-11,
    4.330023858787305e-11
  ],
  "rk": [
    1.0,
    0.270346203715791,
    0.05442507178622175,
    0.016189652042129802,
    0.01430218297263593,
    0.004382532967964529,
    0.0007972233360268174,
    0.0001963822973071533,
    9.90649714087319e-05,
    9.273809136311138e-05,
    6.823139337173494e-05,
    6.683848225824763e-05,
    6.638408235402783e-05,
    1.9340579879763003e-05,
    7.932534482689684e-06,
    4.558886411142857e-06,
    3.389403542650034e-06,
    3.364531022511435e-06,
    2.942932848421566e-06,
    1.8566209833723632e-06,
    1.4861008180078728e-06,
    1.486088188405408e-06,
    1.4849696735456251e-06,
    1.4841506369770106e-06,
    1.4697603240419806e-06,
    1.469225487549775e-06,
    1.3875329659939719e-06,
    1.37338387107678e-06,
    1.37212231887125e-06,
    1.2876837617451972e-06,
    1.264522079601157e-06,
    1.1635412679999963e-06,
    1.0533468417478351e-06,
    6.369334999697977e-07,
    2.4975052252755193e-07,
    1.0731457478458879e-07,
    7.26278326786583e-08,
    1.4340222076361065e-08,
    6.724271175711839e-09,
    2.8538958248373814e-09,
    9.296131683611376e-10,
    9.295765143815818e-10,
    9.21746207663747e-10,
    9.162383005018854e-10,
    8.547821464458437e-10,
    6.925765688347581e-10,
    5.42084306823292e-10,
    5.104718957205164e-10,
    5.100051597490463e-10,
    2.0615844945380226e-10,
    2.0250324762853424e-10,
    1.5508722775543134e-10,
    1.432929699799143e-10,
    1.028226852607711e-10,
    8.913831292397971e-11,
    7.77945510642936e-11,
    3.145928404201936e-11,
    1.9142571220177325e-11,
    1.3902537493207207e-11,
    5.334068408513052e-12,
    1.6172674638888166e-12,
    1.616494918901072e-12,
    1.6140809289094941e-12,
    1.6055741777931728e-12,
    1.6029449772032055e-12,
    1.590561343553874e-12,
    1.5740450436745467e-12,
    1.54849784415371e-12,
    9.871443166039256e-13,
    9.714214110905272e-13,
    5.534742978578144e-13,
    3.458077722902021e-13,
    1.9507077155237246e-13,
    1.1177439589117845e-13,
    6.838852678237234e-14,
    4.9061379796681577e-14,
    3.137730334096815e-14,
    2.5069516048837523e-14,
    2.043264573807358e-14,
    1.2119635843056919e-14,
    3.713499136906382e-15,
    3.713104390686808e-15,
    3.710343633235531e-15,
    3.687706440805651e-15,
    3.4646166572037008e-15,
    3.429243218023464e-15,
    3.3434845635842972e-15,
    3.326064102673881e-15,
    1.4436903743623477e-15,
    6.056668737650417e-16
  ],
  "exit_code": 0,
  "iters": 89,
  "mtx": "bcsstk08",
  "method": "max-lf_alt-o_m3",
  "x_id": "sine"
}