{
  "fre": [
    0.002351920781090847,
    0.00030168486763205516,
    0.0004580324303463404,
    0.0002730031205067292,
    0.0005564051414228201,
    0.00017602196543345416,
    0.00015090597101270024,
    1.573972907545287e-05,
    1.907255884849212e-05,
    3.318145607906236e-06,
    6.576078472528051e-08,
    1.0887384934176608e-07,
    1.558620650402477e-09,
    6.124166193255147e-10,
    1.090795877035625e-11,
    1.1793877899898492e-11,
    8.754563080653421e-12,
    3.966570351567084e-12,
    2.9505561232892072e-12,
    2.448576611442994e-13,
    7.028463767968474e-13,
    4.3156553640767417e-13,
    6.639737931995546e-13,
    6.488023153511658e-13,
    1.0112330191822314e-12,
    9.110892012182664e-13,
    6.621894157035147e-13,
    9.286416920775876e-13,
    9.313514671817426e-13,
    8.250444302884076e-13,
    6.946793612710705e-13,
    9.42599001477511e-13,
    9.750953439620786e-13,
    6.59314012907473e-13,
    9.29273223376236e-13,
    9.140135242367446e-13,
    6.544218238207486e-13,
    8.945923895122302e-13,
    8.84898884719141e-13,
    6.782578563324167e-13,
    8.870783807613203e-13,
    9.10381739570604e-13,
    7.823526361988875e-13,
    7.93976532546685e-13,
    1.1098132234577623e-12,
    1.128651054642131e-12,
    5.939691775846725e-13,
    4.875114954454066e-13,
    7.078555717880827e-13,
    6.656713116466769e-13,
    9.50560638132699e-13,
    9.322242810578432e-13,
    7.526518305334921e-13,
    7.368662069997962e-13,
    1.0340275153748345e-12,
    9.747887669819148e-13,
    7.711393320972255e-13,
    1.039498028139361e-12,
    1.0060605491771314e-12,
    9.595140654354523e-13,
    8.838093392484875e-13,
    1.2465783639194934e-12,
    1.2553526842050622e-12,
    9.919326036912178e-13,
    1.019823681105452e-12,
    2.8976846354085005e-13
  ],
  "rk": [
    1.0,
    4.01878976203412e-05,
    2.0820344186121956e-05,
    3.962523040446389e-06,
    3.175535194586134e-06,
    2.2630883998098532e-06,
    1.4221416735652134e-06,
    1.104857926232183e-06,
    7.082262981469555e-08,
    2.5849546835667615e-08,
    1.1882157604549299e-08,
    7.848455237665431e-10,
    5.275103571560386e-10,
    3.323448240089432e-11,
    9.580660887854678e-12,
    2.2363065383903042e-13,
    1.4102086677376516e-14,
    1.3027127411503072e-14,
    4.780934631729287e-15,
    4.424080039377269e-15,
    1.3907950818495005e-14,
    2.6307228991452244e-15,
    6.836025937872879e-15,
    1.2918988547237523e-15,
    6.866494583354542e-15,
    3.2768110699830544e-15,
    1.7923884010561603e-15,
    6.86545354361439e-15,
    1.719555920967607e-15,
    1.1787993886233482e-15,
    1.1391182231786726e-15,
    6.726335191448692e-15,
    1.817200005351184e-15,
    1.3653204202688854e-15,
    6.6436132342018385e-15,
    2.582406727501546e-15,
    1.348372510264807e-15,
    6.899377784046528e-15,
    1.3063932826998298e-15,
    1.3025594065529048e-15,
    6.468525314972297e-15,
    1.5054999654052019e-15,
    1.3882938344267492e-15,
    1.2119102329941614e-15,
    6.554008858744659e-15,
    1.7066851178680287e-15,
    1.5355287286909947e-15,
    1.0162623098388728e-15,
    6.749869913599016e-15,
    1.7709967599548105e-15,
    6.479642764346986e-15,
    2.409273864800749e-15,
    1.1487050667742487e-15,
    1.0337627697155937e-15,
    6.822333038362624e-15,
    2.6913105627354638e-15,
    1.0851601128457375e-15,
    6.817688275748539e-15,
    2.066683609211343e-15,
    1.230617264937751e-15,
    1.2122499732169603e-15,
    6.8488182495997e-15,
    2.515079486990692e-15,
    1.6460518547492695e-15,
    1.366689490886225e-15,
    1.1033813799981718e-15,
    6.6460568846529954e-15
  ],
  "exit_code": 52,
  "iters": 66,
  "mtx": "bwm2000",
  "method": "max-st_alt-o-repeat_m2",
  "x_id": "sine"
}