{
  "fre": [
    197.51425519570367,
    1275.651418729134,
    1076.2892035684101,
    32.2589746280684,
    33.90800034856401,
    29.20547246516624,
    19.957295976930187,
    21.22246332676671,
    22.523599158099593,
    8.255566288884118,
    3.749382753906414,
    0.7737630089631523,
    0.608720027820995,
    0.575207491902776,
    0.6276235955070935,
    0.6875126353929872,
    0.5718080428901716,
    0.00755864079223827,
    0.001851417889588853,
    0.0001735296180291582,
    0.00012204535301780114,
    7.447146723796732e-05,
    6.338533831634718e-05,
    3.894483629970777e-05,
    3.8038780750800055e-05,
    4.302425936587272e-05,
    4.6650331975142385e-05,
    4.0273924065364665e-05,
    3.659887399101371e-05,
    3.718366402136887e-05,
    3.8195385248325885e-05,
    1.4162854312912289e-05,
    6.403510435031638e-06,
    4.847497435020357e-06,
    5.079486212369681e-06,
    3.709600809086711e-06,
    1.6142834783161448e-06,
    3.034937973918833e-08,
    6.657973830893506e-09,
    7.985896412651152e-11,
    4.4891754056942995e-11,
    9.971812502233706e-11,
    8.437783334602232e-11,
    1.8350889954987943e-11,
    1.7333335370318546e-11
  ],
  "rk": [
    1.0,
    0.3193384608543228,
    0.12443488841133661,
    0.05007055605021784,
    0.0029627015579590734,
    0.0006784183200303579,
    0.0006384210967277867,
    0.0005050155962271412,
    0.00032483352802111946,
    0.0003160563200681385,
    0.00020178449862009635,
    0.00014122633173315778,
    5.8789777508297934e-05,
    3.0121276127312105e-05,
    1.5758746198871384e-05,
    6.6832584173105395e-06,
    6.187208741240268e-06,
    5.8042154577727565e-06,
    7.072171759126473e-07,
    3.071904273039617e-07,
    3.926609252711628e-08,
    2.378244355569671e-08,
    6.8383819894728015e-09,
    3.0647714587471326e-09,
    2.420218273173893e-09,
    1.4688996065202138e-09,
    7.612460938762195e-10,
    6.751283014864195e-10,
    5.944690316167549e-10,
    4.791365698464042e-10,
    3.502874444413783e-10,
    3.461422115181256e-10,
    2.1996876428004298e-10,
    1.4082711809398227e-10,
    7.241918898033454e-11,
    6.54032040775255e-11,
    5.937916326066834e-11,
    4.1131692022826765e-11,
    5.579446613718567e-12,
    1.95937799026066e-12,
    5.333344555768458e-14,
    1.7926145831336864e-14,
    9.957122078129562e-15,
    4.055126286334091e-15,
    1.617501729842726e-15,
    6.874256152638335e-16
  ],
  "exit_code": 0,
  "iters": 45,
  "mtx": "bwm2000",
  "method": "max-st_mos-a_m3",
  "x_id": "randn"
}