{
  "fre": [
    0.9707562527458986,
    1.1762469483433513,
    1.4156516625424682,
    1.4599321109135237,
    1.4455822624709382,
    1.2558188811285946,
    1.2366724194277363,
    1.2766209423127324,
    1.2392201141822992,
    0.15827350770735635,
    0.013229397301283674,
    0.004177387948596448,
    0.00389815754914575,
    0.0013345340479737505,
    0.001385612992976946,
    0.00024627610100219437,
    0.00028040408799346575,
    2.7105130899684296e-05,
    8.998866855729799e-06,
    3.8830942619828635e-06,
    4.349096647993076e-06,
    5.045071114301751e-06,
    6.159677667974154e-06,
    6.076620994583478e-06,
    5.77420911132129e-06,
    3.6270993177334402e-06,
    1.0607717863289995e-06,
    9.094394909829236e-07,
    1.0211841229806055e-06,
    9.759274910595256e-07,
    2.1691254658820374e-07,
    6.2687826419981e-08,
    6.932855329860953e-08,
    2.323057223538015e-08,
    9.023838566472844e-10,
    8.344054288841936e-10,
    1.0652147841357795e-09,
    1.113761216545495e-09,
    8.167406757457872e-10,
    1.0236660327555047e-10,
    1.0279250060849333e-10,
    1.0930500556583471e-10,
    1.2874242327309913e-10,
    1.2974939100971013e-10,
    1.2990876918866744e-10,
    1.359344714083721e-10,
    4.434944528527014e-11,
    1.7056118738032523e-11,
    8.854754937596739e-12,
    8.422236743190465e-12,
    1.0678345223106496e-11,
    1.1045417874789021e-11,
    9.953509424600856e-12,
    9.591112522829232e-12,
    1.055213367074911e-11,
    1.1127373303178206e-11,
    4.371889211466381e-12,
    1.7562784871274723e-12,
    4.191903695885074e-13,
    3.6564582017585957e-13,
    3.5028179164500954e-13,
    3.200111433973392e-13
  ],
  "rk": [
    1.0,
    0.35166505428323674,
    0.14154231241579593,
    0.0012434504584544256,
    0.0011333745872681847,
    0.0011273305107738732,
    0.0008555465330621409,
    0.0006859120747361725,
    0.0006325023401931918,
    0.0006302699444394818,
    0.0002349917039049811,
    6.304119109921937e-05,
    2.854562047145766e-05,
    2.509962276273407e-05,
    1.3726257770028921e-05,
    5.319029021583156e-06,
    3.738924993901368e-06,
    1.2179032110659848e-06,
    3.9208975420664985e-07,
    6.015840998745066e-08,
    9.295834077630731e-09,
    6.48987234524855e-09,
    5.8866745220941626e-09,
    5.539225632837834e-09,
    5.4898085225444015e-09,
    5.087579174786903e-09,
    4.3410604490735445e-09,
    2.1765686231766367e-09,
    1.423768507295011e-09,
    1.3727972698299508e-09,
    1.3501333258667678e-09,
    7.173203499502704e-10,
    4.1270493863295806e-10,
    3.2101684206597176e-10,
    1.6531547213904772e-10,
    4.735157057949279e-12,
    1.9038374738779924e-12,
    5.687102939041371e-13,
    5.483713941274205e-13,
    4.919757442134501e-13,
    1.73419694232689e-13,
    1.6734671091574969e-13,
    1.2340379073734823e-13,
    7.310441625277312e-14,
    7.121191821799341e-14,
    7.113781341091553e-14,
    6.850415888879116e-14,
    4.1211162264865894e-14,
    2.7627242893786277e-14,
    2.0016611418429536e-14,
    1.6843606148180805e-14,
    1.2687776345600403e-14,
    1.2631126211656914e-14,
    1.2103184050695508e-14,
    1.0465543994897699e-14,
    8.876928967253663e-15,
    8.710794388684201e-15,
    5.742522719307178e-15,
    3.840516492909838e-15,
    1.076023144653361e-15,
    4.28834384369017e-15,
    1.7598961226943871e-15,
    3.979756912749831e-15
  ],
  "exit_code": -1,
  "iters": 62,
  "mtx": "bwm2000",
  "method": "max-st_alt-i_m4",
  "x_id": "ones"
}