{
  "fre": [
    0.0023519201877326935,
    0.00030182531519729923,
    0.0004580728165030819,
    0.00027548151628425737,
    0.0005897532575470253,
    0.00018719711429557184,
    0.00015382437145744347,
    1.5737062776080834e-05,
    1.9018868265710625e-05,
    2.3523635153219107e-06,
    5.246064897733023e-08,
    8.271819842696016e-08,
    1.5170415706440684e-09,
    5.938297106515858e-10,
    1.66055174109463e-11,
    2.1028129574240594e-11,
    7.748206236149957e-12,
    6.141768678368867e-12,
    3.7264827201340705e-12,
    1.4350312235958668e-13,
    3.258193559738883e-13,
    2.834615416681806e-13,
    7.097205273078631e-13,
    7.306411322292502e-13,
    1.4629115026768114e-13,
    5.865898206175807e-13,
    1.4879069636841025e-13,
    6.692613932055336e-13,
    3.508668375566418e-13,
    1.8197137218586819e-13,
    7.078247496231267e-13,
    2.56739701376437e-13,
    7.012137647754134e-13,
    5.236134552663476e-13,
    3.7161504885347214e-13,
    2.4518079117359056e-13,
    4.592925923763341e-13,
    3.946353247434275e-13,
    2.609178859098598e-13,
    4.079336995799183e-13,
    3.7093573416539897e-13,
    5.29899180041806e-13,
    5.439828270364738e-13,
    3.3689549751923105e-13,
    4.724717560830388e-13,
    4.584345091096999e-13,
    6.469041902885008e-13,
    6.485975471114486e-13,
    4.18068888907669e-13,
    4.446996150732729e-13,
    8.732683184685882e-13,
    8.514047340754566e-13,
    3.951933672769307e-13,
    5.033214302068433e-13,
    5.089676367838096e-13,
    5.174588590100153e-13,
    4.0056783226330417e-13,
    6.0154785282796e-13,
    5.373633928094618e-13,
    3.992444652133248e-13
  ],
  "rk": [
    1.0,
    4.0293587960396816e-05,
    2.0929793105476762e-05,
    3.947652681883395e-06,
    3.161288451262186e-06,
    2.2082591508230335e-06,
    1.4148573186877789e-06,
    1.1032570683079494e-06,
    7.227168697161609e-08,
    3.1504406497394e-08,
    1.2148870074028263e-08,
    7.781107786277466e-10,
    4.952443326592261e-10,
    3.323095789741364e-11,
    9.584728876929284e-12,
    2.2470821942213043e-13,
    2.483242509385736e-14,
    1.53886777318745e-14,
    6.026541179720954e-15,
    5.02474684883197e-15,
    1.1892706579018358e-14,
    1.2410684965829555e-15,
    6.911595800096618e-15,
    2.0362984152100144e-15,
    1.950687045921465e-15,
    6.826076926872132e-15,
    2.628288389000985e-15,
    6.846110292467863e-15,
    3.0735609771827714e-15,
    1.3533640457856016e-15,
    6.812419158538607e-15,
    3.3317986136261736e-15,
    6.723328518823808e-15,
    3.0112441374154693e-15,
    1.453594909461501e-15,
    1.3078586783686859e-15,
    6.749276110641002e-15,
    1.5541047034108222e-15,
    1.0010930637444165e-15,
    6.637804116367705e-15,
    1.2227626493734897e-15,
    6.854600565682185e-15,
    1.4561552837633904e-15,
    1.3379898165081324e-15,
    6.73493471198082e-15,
    1.3430887513502296e-15,
    6.8328442159565365e-15,
    1.5101004470932668e-15,
    1.509973552793715e-15,
    1.1789664934958866e-15,
    6.7454127194336724e-15,
    2.7030299626665866e-15,
    2.0626801047972894e-15,
    6.848011527460697e-15,
    1.6189279690851012e-15,
    1.21125061374972e-15,
    1.2092272629070667e-15,
    6.834000820048954e-15,
    1.274215073597203e-15,
    1.1841722122669917e-15,
    6.742124707560948e-15
  ],
  "exit_code": 46,
  "iters": 60,
  "mtx": "bwm2000",
  "method": "max-lf_alt-o-repeat_m2",
  "x_id": "sine"
}