{
  "fre": [
    0.5138322852520049,
    0.6294497369446035,
    0.9459316143132098,
    0.8126849794640149,
    0.7230383094646953,
    0.37198565422035307,
    0.1883007660676622,
    0.2006353232278199,
    0.19698122904416365,
    0.17056410156711962,
    0.09939601837039364,
    0.09636957780448215,
    0.10657740122444911,
    0.11229922351802862,
    0.073908543345326,
    0.04281697061067154,
    0.01270897711867126,
    0.013552484941691192,
    0.014968829483025357,
    0.01103699603517737,
    0.011121381862779344,
    0.011626656693354425,
    0.01089031072220127,
    0.010965886670786993,
    0.010939947571351218,
    0.006956319042064591,
    0.0016220384127869352,
    0.001517879493886223,
    0.0013638445272190064,
    0.0006492271067578257,
    0.0004633920689160488,
    0.0004824360267612349,
    0.0005005047772164244,
    0.0004748546575664591,
    0.0001540355720521772,
    3.08699217571898e-05,
    1.4107812337759567e-05,
    9.116160483879915e-07,
    2.0635499888520212e-07,
    5.29211317450574e-08,
    5.123491201562475e-08,
    4.559686064566758e-08,
    6.961355928776132e-08,
    4.978201009331398e-08,
    3.505422609285687e-08,
    3.814218301561524e-08,
    4.3518444712752796e-08,
    4.416911634332751e-08,
    3.9181416445710436e-08,
    3.667141616628613e-08,
    3.527653066455547e-08,
    3.622209160488224e-08,
    3.521369138319942e-08,
    2.2771019660081158e-08,
    1.5443071469952875e-08,
    1.5990104773798803e-08,
    1.495957160618088e-08,
    9.62118122844743e-09,
    2.15980020964605e-10,
    1.315189725350472e-11,
    1.0703770320061192e-11,
    1.0767039477139328e-11,
    2.0107588713324128e-11,
    9.296125197464634e-12
  ],
  "rk": [
    1.0,
    0.26587800729521516,
    0.06967286266277076,
    4.603193667792967e-05,
    4.303252655103505e-05,
    4.0824336659285906e-05,
    2.866971794022843e-05,
    5.297393845590539e-06,
    4.9731928469188255e-06,
    4.943985464631324e-06,
    4.614452657297885e-06,
    2.2185789184225943e-06,
    1.8662178594214333e-06,
    1.7279332626539105e-06,
    1.7004909570680243e-06,
    1.5018518359382538e-06,
    1.2085941337068934e-06,
    2.6618604100660793e-07,
    1.582786863848603e-07,
    1.3432282451958131e-07,
    1.2077081592813549e-07,
    1.1852317531686392e-07,
    1.1118563885863045e-07,
    1.097740019318772e-07,
    1.0963935507917342e-07,
    1.095815639454337e-07,
    9.072993896350156e-08,
    3.8551287052133264e-08,
    3.3876927145711815e-08,
    2.995118276259826e-08,
    1.7996086973521005e-08,
    8.238950833964186e-09,
    7.2814836401185636e-09,
    7.2112178816670885e-09,
    7.159066170687563e-09,
    3.9412378208540315e-09,
    1.8484732549341507e-09,
    5.398751382610591e-10,
    1.392871820373629e-10,
    2.8024433127511986e-11,
    8.619839218909133e-12,
    8.012018257181692e-12,
    5.911468262537187e-12,
    3.497162609976685e-12,
    2.930044154683106e-12,
    1.3005912401899034e-12,
    8.261913885517064e-13,
    5.742975745921431e-13,
    5.726475174845381e-13,
    5.395196589193253e-13,
    4.867736638214536e-13,
    4.2655647673903115e-13,
    4.224910148706192e-13,
    4.190605393960935e-13,
    3.130025610214414e-13,
    1.7089897079341146e-13,
    1.4849953304105924e-13,
    1.4611782074422155e-13,
    1.2002153340547922e-13,
    1.3649343082087255e-14,
    2.757283896432234e-15,
    2.0723087949617925e-15,
    1.6628684903834117e-15,
    1.1274964135680056e-15,
    7.088839293762638e-16
  ],
  "exit_code": 0,
  "iters": 64,
  "mtx": "bwm2000",
  "method": "max-st_alt-i_m4",
  "x_id": "randn"
}