{
  "fre": [
    12.793268472461634,
    74.65509652572993,
    60.93834972023301,
    5.124885760546127,
    4.969094711640244,
    5.475348935568635,
    6.629568674836637,
    5.457036742862427,
    3.4340077268905653,
    3.490359686343236,
    3.7409204643820795,
    3.6248895525713203,
    2.8928190284385082,
    1.0653670912935929,
    0.7228047573554941,
    0.7559863505959682,
    0.38350862018842496,
    0.0045640332094096705,
    0.0007893501479648725,
    8.138876779870058e-05,
    4.6614487902569994e-05,
    5.86153654398237e-06,
    1.1302733253267635e-05,
    9.466094489783035e-06,
    5.547320709083183e-06,
    6.080708933925274e-06,
    6.393049792897802e-06,
    4.528156844890782e-06,
    4.264924246983623e-06,
    4.474583424572977e-06,
    3.88405156097478e-06,
    2.0819368723035506e-06,
    1.715263990113537e-06,
    1.6915610176962892e-06,
    1.6732918390429527e-06,
    1.333501101310274e-06,
    5.044587441439053e-07,
    3.21804161805586e-08,
    3.828942267966437e-09,
    1.1584788853229045e-10,
    5.887190007051154e-11,
    4.036243540738447e-11,
    3.890757155009037e-11,
    2.307943150406388e-11,
    2.22227101421702e-11
  ],
  "rk": [
    1.0,
    0.31831081684164103,
    0.007139847988833065,
    0.0027933186088986576,
    0.0005330319118745593,
    0.00021086825795454744,
    0.00018510682587768944,
    0.00015178190020233623,
    0.00013694809401986152,
    8.438992391272113e-05,
    5.606663075147634e-05,
    3.536507582756551e-05,
    3.5248468937826265e-05,
    3.2396896302497506e-05,
    1.785386567947163e-05,
    9.38507085092612e-06,
    9.311254480905784e-06,
    6.9464082768978075e-06,
    7.857472935264106e-07,
    2.226823891108515e-07,
    2.5844487358948604e-08,
    1.1741405258575299e-08,
    1.1018033858379056e-09,
    8.899268979932881e-10,
    5.144737425299558e-10,
    2.5932012730429764e-10,
    9.06785505417086e-11,
    8.87770298036509e-11,
    6.887687007796586e-11,
    5.879327538704614e-11,
    5.741023192593959e-11,
    5.4608503159887784e-11,
    3.65472551812107e-11,
    2.4955818849508372e-11,
    1.587870900027226e-11,
    1.5863059040340082e-11,
    1.4874439074260217e-11,
    9.259033788296104e-12,
    2.4181859687879026e-12,
    7.327262681034515e-13,
    6.48299581765724e-14,
    1.9010751353292505e-14,
    3.892896199090581e-15,
    1.9129989994254417e-15,
    1.4476408380577213e-15,
    9.79223671842508e-16
  ],
  "exit_code": 0,
  "iters": 45,
  "mtx": "bwm2000",
  "method": "max-lf_mos-a_m4",
  "x_id": "randn"
}