{
  "fre": [
    0.0023519278978549165,
    0.0003020133668489152,
    0.00045831247465956924,
    0.00027315877954427794,
    0.0005571949206919448,
    0.00017623340597742621,
    0.0001509813858502132,
    1.575197317094731e-05,
    1.908716690719866e-05,
    3.3071429603688893e-06,
    6.551960279938926e-08,
    1.0840457262374963e-07,
    1.5582811918660025e-09,
    6.118514534562777e-10,
    1.1129627039112102e-11,
    1.2057349432714339e-11,
    9.033324793881922e-12,
    4.353657674066452e-12,
    3.3317524370250546e-12,
    1.6483145848214663e-13,
    2.577466920871662e-13,
    1.589124207118415e-13,
    2.86812222812703e-13,
    3.0422018200398315e-13,
    1.3004019744842424e-13,
    3.6120596716428555e-13,
    3.1791004537938584e-13,
    9.544974325031207e-14,
    2.1975834077457925e-13,
    9.478977755906803e-14,
    3.852663947325894e-13,
    1.0639065675297698e-13,
    5.261998710368685e-13,
    2.1438674407281942e-13,
    3.67396424010756e-13,
    3.6470328683992934e-13,
    2.535683686903275e-13,
    2.856029963434966e-13,
    4.881700013129963e-13,
    4.31575690256716e-13,
    2.946365583054091e-13,
    5.907601261138223e-13,
    4.266965967165246e-13,
    4.301212850724054e-13,
    3.455671121225171e-13,
    7.357337929498904e-13,
    6.465073478400016e-13,
    2.941267298941316e-13,
    4.526779369269591e-13,
    4.717235434524264e-13,
    4.427970416353594e-13,
    2.941701627667311e-13,
    5.641600409902094e-13,
    6.052338467214421e-13,
    2.443493575845829e-13,
    4.641257998102561e-13,
    4.080172981474974e-13,
    3.0676449716472705e-13,
    1.9827950798041618e-13,
    5.036235519454142e-13,
    4.91439076097149e-13,
    1.0378332795517062e-13
  ],
  "rk": [
    1.0,
    4.0254932536673645e-05,
    2.093072822187718e-05,
    3.9625111428699136e-06,
    3.1757160958400614e-06,
    2.2626125323530216e-06,
    1.422221159542778e-06,
    1.1049711717366331e-06,
    7.084568859952872e-08,
    2.5922877275726334e-08,
    1.1891154059107157e-08,
    7.849780664528804e-10,
    5.27347971931369e-10,
    3.3253623450255383e-11,
    9.588119361022936e-12,
    2.2384389653044644e-13,
    1.4122936026090917e-14,
    1.3043432032892072e-14,
    4.789735071387501e-15,
    4.430296421101279e-15,
    1.1779848271757668e-14,
    1.055937712314522e-15,
    6.519006928723818e-15,
    1.2027926277648872e-15,
    1.0441856551527541e-15,
    6.763720338139524e-15,
    1.6870866462081517e-15,
    1.3171122814355604e-15,
    6.513629843275468e-15,
    1.3193160979145944e-15,
    6.391348207275224e-15,
    1.94303905132862e-15,
    6.587435315394628e-15,
    2.615421690595696e-15,
    6.755902286210408e-15,
    1.603242014008314e-15,
    1.5556674624923857e-15,
    1.0715700666042632e-15,
    6.909954918115742e-15,
    2.028398434884753e-15,
    1.1087930097945592e-15,
    6.820604008897278e-15,
    2.271090665515597e-15,
    1.2353319353518846e-15,
    1.235156625001081e-15,
    6.928690623894885e-15,
    2.9805285041124197e-15,
    1.3762822956827206e-15,
    6.825250590407768e-15,
    1.6613649796880354e-15,
    1.0196770511312823e-15,
    1.0146875249947501e-15,
    6.650962322844212e-15,
    1.8398756451282643e-15,
    1.4669481149704598e-15,
    6.723672565213485e-15,
    1.8948115256631045e-15,
    1.1402428302351654e-15,
    1.089931898882712e-15,
    6.653684623479735e-15,
    1.5094312007921356e-15,
    1.2490055019690688e-15,
    6.582529569661819e-15
  ],
  "exit_code": 48,
  "iters": 62,
  "mtx": "bwm2000",
  "method": "max-lf_alt-o_m2",
  "x_id": "sine"
}