{
  "fre": [
    145.61998314531434,
    895.0485877925033,
    752.8858866413889,
    130.8784845089307,
    116.35843951584702,
    36.43365309814528,
    17.024195183287006,
    17.071423746030597,
    18.88155079730962,
    20.162906710970557,
    21.17527502753755,
    16.208618522079874,
    6.910052074492656,
    7.318858460594487,
    7.245408165616626,
    0.29788685047045554,
    0.1072451543728775,
    0.010802129140293042,
    0.004373440743433067,
    0.00021429108701427903,
    0.00014020387106537072,
    5.334661768859907e-05,
    4.9131712737762284e-05,
    4.902808961306614e-05,
    5.847951172947347e-05,
    6.938215985734402e-05,
    7.069919250969878e-05,
    1.9240182780113675e-05,
    1.7629675012292823e-05,
    1.822778114157362e-05,
    1.965760817418562e-05,
    2.032974278091302e-05,
    1.9355992498557362e-05,
    5.1630183852943554e-06,
    3.7476419189382657e-06,
    4.099022673056521e-06,
    3.3585561699303548e-06,
    2.0077597566557653e-07,
    3.8355708752292434e-08,
    4.695221309560465e-10,
    2.286730256547078e-10,
    2.2742120504245292e-10,
    2.139063269243068e-10,
    1.6508621906782423e-10,
    1.3976596787220044e-10,
    1.7217360663093303e-10,
    1.411521097657684e-10,
    9.267318750498532e-11,
    9.433588147808157e-11,
    9.70947566963192e-11,
    7.03875726594679e-11,
    4.5673775685439205e-11
  ],
  "rk": [
    1.0,
    0.3188235932732419,
    0.08448641713279159,
    0.034520561593167694,
    0.010611740885169594,
    0.0028390454702013953,
    0.001666119221783412,
    0.0008511895960770348,
    0.0005380086947279051,
    0.00027233378214882773,
    0.00024845028948688503,
    0.00024322628200824825,
    0.00021346445548326714,
    9.590796581635323e-05,
    6.896092653582201e-05,
    6.892145267872583e-05,
    1.4755818963443438e-05,
    8.771586027865753e-06,
    1.806256859423102e-06,
    8.90971286166926e-07,
    7.532110351147143e-08,
    3.4684308264181285e-08,
    5.84945695478449e-09,
    3.242314088195488e-09,
    3.2418564773280774e-09,
    2.5772505213830987e-09,
    2.0383547907238138e-09,
    2.03724522233503e-09,
    9.494796487987208e-10,
    5.574422631815729e-10,
    2.630154541547984e-10,
    1.931441757070394e-10,
    1.9020831637115032e-10,
    1.8844624748134919e-10,
    8.766341769189574e-11,
    5.502507083451305e-11,
    4.8882533108977574e-11,
    4.579349618677671e-11,
    1.2053989369225337e-11,
    5.150214757696927e-12,
    2.617451054266039e-13,
    6.355761263573654e-14,
    2.1621300769651252e-14,
    9.463805754922389e-15,
    8.175770380714305e-15,
    4.7416538975065954e-15,
    3.989285619952584e-15,
    3.764469102262653e-15,
    1.7417158457618903e-15,
    1.1705424104274013e-15,
    1.1659528580720595e-15,
    1.0019035749929386e-15,
    7.793135029920488e-16
  ],
  "exit_code": 0,
  "iters": 52,
  "mtx": "bwm2000",
  "method": "max-st_mos-a_m2",
  "x_id": "randn"
}