{
  "fre": [
    205.72994666435997,
    592.3615819600552,
    479.53346370636655,
    194.67273773578725,
    167.40403921484156,
    174.90209758583362,
    187.79480407965033,
    111.34317241693384,
    55.924661190373136,
    60.55975532507938,
    48.181213961839774,
    4.410611759102823,
    4.241856861002674,
    4.854676675795597,
    4.866019962417577,
    1.1255520313430187,
    0.29608226080830685,
    0.010338608660214134,
    0.003698858146465305,
    0.0005754873403685231,
    0.00039515276470920494,
    0.00022923630038585655,
    0.0001643596071930602,
    9.678813440779735e-05,
    0.00010768732743140535,
    0.00013177655828704385,
    0.00013468325500490963,
    4.7152650673410414e-05,
    4.377352726899445e-05,
    4.531418564331086e-05,
    4.778525472845664e-05,
    5.098267750235769e-05,
    4.766735040463427e-05,
    1.0998703906912781e-05,
    6.851346366418452e-06,
    7.31521525791105e-06,
    4.521716125939322e-06,
    6.487884823649446e-08,
    9.933021620120158e-09,
    8.443679599361912e-10,
    5.19304287174601e-10,
    6.11427429510173e-10,
    8.121991623993685e-10,
    2.2225519499600204e-10,
    2.217308681914791e-10,
    2.7878512922724223e-10,
    2.8960506634741883e-10,
    1.5396961818110454e-10,
    1.573512233072221e-10,
    1.6328200519156197e-10,
    1.4814305054635391e-10,
    7.470065052589368e-11,
    2.1949777378639266e-11
  ],
  "rk": [
    1.0,
    0.31907045626807345,
    0.05582142335378026,
    0.021230446361141957,
    0.012391144641039098,
    0.0028296789060075073,
    0.0027784192346072163,
    0.0027001443692188497,
    0.0021013062351520726,
    0.0013669533904705643,
    0.0012446703262314494,
    0.001166324470838222,
    0.0002645332150629534,
    7.229005626111458e-05,
    4.424149234831124e-05,
    4.423991617610902e-05,
    2.2525528251316742e-05,
    1.1974065998461203e-05,
    1.9089496199869e-06,
    8.281003416350517e-07,
    1.4062392848282213e-07,
    8.136365037423391e-08,
    2.184199358842226e-08,
    1.1123233063954585e-08,
    1.000051786810945e-08,
    5.652620908148983e-09,
    3.727061857215375e-09,
    3.7241642005652346e-09,
    1.8211465044748535e-09,
    1.2527111908372547e-09,
    5.904354762481659e-10,
    4.871556627923552e-10,
    4.688914558719562e-10,
    4.6076069954702523e-10,
    2.1057036026102613e-10,
    1.3234663156225396e-10,
    9.120883070564516e-11,
    7.540705489316545e-11,
    9.569256085411692e-12,
    2.5310230929144283e-12,
    3.627518684230535e-13,
    1.0371826741467598e-13,
    8.913766354722354e-14,
    4.240895826804618e-14,
    1.985247567397346e-14,
    8.963428039517366e-15,
    6.962971821329214e-15,
    6.941226746586672e-15,
    3.533388340066914e-15,
    2.3377629900736475e-15,
    2.314372073805901e-15,
    2.26681914480274e-15,
    1.650124349290464e-15,
    6.660252602036013e-16
  ],
  "exit_code": 0,
  "iters": 53,
  "mtx": "bwm2000",
  "method": "max-st_mos-a_m4",
  "x_id": "randn"
}