{
  "fre": [
    0.022728507829295606,
    0.0004143207858060829,
    0.00047361057829028595,
    0.0002840397418553077,
    0.00016627420401669118,
    8.648100809199585e-05,
    9.388453295305507e-05,
    0.00014844723783517656,
    1.047320742805643e-05,
    5.653653997112583e-07,
    3.727987817560613e-09,
    9.362185983292197e-10,
    1.557574629439573e-09,
    4.836333484295017e-10,
    3.7802062626066306e-10,
    1.9688336355995993e-12,
    2.2607463290543512e-13,
    2.2385214973158633e-13,
    1.0131515412504477e-12,
    4.4280300956550555e-13,
    6.387678036063073e-13,
    1.1737210831297661e-12,
    4.976859240541644e-13,
    6.045988746735805e-13,
    9.17490991260128e-13,
    6.534497081308978e-13,
    1.2317997314903157e-12,
    1.2068738138794914e-12,
    6.810986496106488e-13,
    3.289499715456224e-13,
    4.161242833014625e-13,
    5.810530760660556e-13,
    3.913430809521112e-13,
    4.221847162470034e-13,
    8.977156870718805e-13,
    4.825190073558797e-13,
    7.186754770514738e-13,
    1.0553208004366403e-12,
    4.099088560663417e-13,
    4.805871187280665e-13,
    6.299021226121284e-13,
    7.471671962367511e-13,
    5.94903463062899e-13,
    6.779250214461758e-13,
    1.0254715977368696e-12,
    6.338167300526198e-13,
    6.661211029496431e-13,
    1.0587212533888494e-12,
    8.419344760004917e-13,
    9.161028087663857e-13,
    1.5540724254476576e-12,
    1.0743172613467152e-12,
    3.4487484804934973e-13,
    7.033891930613653e-13,
    5.365513747662014e-13,
    9.601180387201803e-13,
    9.096582183267705e-13,
    5.895375260299603e-13,
    9.581431128918392e-13,
    9.84119193321269e-13,
    7.350310009636662e-13
  ],
  "rk": [
    1.0,
    0.0003210055986535206,
    3.8095981830046335e-06,
    2.338058392758084e-06,
    2.061994575425139e-06,
    1.933359309645225e-06,
    7.177957372036042e-07,
    2.993499136280204e-07,
    2.172668548478163e-07,
    4.0491496247905865e-08,
    9.969992453757702e-09,
    1.0561393598020992e-10,
    1.0415964028503096e-11,
    2.1246245815948058e-12,
    1.483879794011122e-12,
    3.96971380864025e-13,
    2.2614185031527478e-14,
    1.0460213397553274e-15,
    1.2191720544330071e-14,
    4.589245304632431e-15,
    6.939223853486252e-15,
    6.2183783754611675e-15,
    2.501322443279934e-15,
    6.589607428190962e-15,
    6.282320268705225e-15,
    1.7962580986562816e-15,
    6.760732271671584e-15,
    3.0268069897411902e-15,
    1.7214087745120918e-15,
    1.0833871073691203e-15,
    6.917124710537825e-15,
    6.830367893896441e-15,
    1.1999559333192546e-15,
    6.82126229565688e-15,
    6.806736925771913e-15,
    3.1321135585471017e-15,
    6.680686504213275e-15,
    5.6651615980934585e-15,
    1.84294850975927e-15,
    1.0559669677575558e-15,
    6.7263417359675624e-15,
    6.561860087218228e-15,
    1.667204496813125e-15,
    6.831802073913347e-15,
    6.354029462442779e-15,
    1.39571380569729e-15,
    6.402972306003577e-15,
    6.257166695097272e-15,
    2.377531287866523e-15,
    6.6813754325392704e-15,
    6.506845263427691e-15,
    2.2360510230720357e-15,
    1.405214572578466e-15,
    6.852877973221737e-15,
    6.344245357948975e-15,
    7.117750902457521e-15,
    2.460741609657993e-15,
    1.9546217996442836e-15,
    6.7123073965900794e-15,
    5.6532037070763535e-15,
    1.787676047407793e-15,
    6.894681520343952e-15
  ],
  "exit_code": 46,
  "iters": 61,
  "mtx": "bwm2000",
  "method": "max-st_alt-o-repeat_m4",
  "x_id": "sine"
}