{
  "fre": [
    1.0455820305435648,
    1.245239452249815,
    1.298312725564956,
    1.2975540107274268,
    1.270793750388797,
    1.253089425061688,
    0.9822507781956871,
    1.023640475394929,
    1.109284189441592,
    1.1222600512083818,
    0.5535585744926286,
    0.047976192375719984,
    0.04690344570272642,
    0.046253464848145714,
    0.05466174471571878,
    0.05329152492008475,
    0.0008371969259593552,
    0.00012765989668453358,
    4.167750613881227e-05,
    8.341220917676319e-06,
    8.230598306207418e-06,
    8.370477565087178e-06,
    9.136270173094168e-06,
    1.0924542667935867e-05,
    1.03709525270635e-05,
    5.329006185493136e-06,
    7.0398694297445836e-06,
    7.043965661173413e-06,
    6.811555141222172e-06,
    6.453252717102253e-06,
    7.715999768364375e-06,
    8.362138166060685e-06,
    4.422304136803925e-06,
    2.1480543264313942e-06,
    1.8478704506495647e-07,
    1.1216488080704047e-07,
    1.0037392926431305e-07,
    7.091701347834421e-08,
    7.614132356567648e-08,
    7.770563422769407e-08,
    7.56481663483633e-08,
    4.78013521621319e-08,
    4.782254261488168e-08,
    4.0539321618430755e-08,
    3.265088891147725e-08,
    2.2110469051449646e-08,
    2.228135360996993e-08,
    1.1783262351309245e-08,
    3.853323294057534e-09,
    2.0395231993277447e-09,
    2.0731266493102166e-09,
    1.8777113601531173e-09,
    2.0093982802081462e-09,
    1.7060820543100316e-09,
    1.8560562404726593e-10,
    1.939279476834465e-11,
    2.2581150726976184e-12,
    8.919235314616611e-13,
    5.87248941915433e-13,
    6.122675684183679e-13
  ],
  "rk": [
    1.0,
    0.14764487943834417,
    0.0016783023624919273,
    0.0015315025982349448,
    0.0015311676756118917,
    0.0015000205388571882,
    0.0014713037653509252,
    0.0007612331730528765,
    0.0006045101195975342,
    0.0005563021509948998,
    0.0005544870065281396,
    0.00040729145454770194,
    0.00011065302693260579,
    0.00010824444663971846,
    0.00010771400583012617,
    4.546695099435474e-05,
    4.5339905362453634e-05,
    6.396427453304725e-06,
    1.127110173818552e-06,
    2.0973898503719824e-07,
    4.8757855583941155e-08,
    3.17387067197232e-08,
    3.036345340402978e-08,
    2.9077464176551956e-08,
    2.7725484063742853e-08,
    2.7330002934573205e-08,
    2.3830389346851132e-08,
    1.587326269929252e-08,
    1.58703614007354e-08,
    1.5348074568432412e-08,
    1.4689243486465312e-08,
    9.593409412938683e-09,
    9.50085961905569e-09,
    7.058990703467029e-09,
    4.829119507309557e-09,
    1.2359704096185626e-09,
    4.544302453017743e-10,
    4.153295898220145e-10,
    1.4094534177754045e-10,
    3.976936862638609e-11,
    3.7681348232048113e-11,
    3.738367133628463e-11,
    3.101208805692195e-11,
    3.100312070074206e-11,
    2.911435962809922e-11,
    2.562544689391566e-11,
    2.020960891598013e-11,
    2.016648218203289e-11,
    1.4519399463574904e-11,
    8.796095922279208e-12,
    4.32560917866419e-12,
    2.6139879106000843e-12,
    1.821332496420815e-12,
    1.5368837983414613e-12,
    1.4534127606333215e-12,
    4.0849202591815954e-13,
    8.606038128936486e-14,
    1.2969024036873367e-14,
    4.391493461456216e-15,
    4.285207535862594e-15,
    4.268772252331442e-15
  ],
  "exit_code": -1,
  "iters": 60,
  "mtx": "bwm2000",
  "method": "max-st_alt-i_m3",
  "x_id": "ones"
}