{
  "fre": [
    0.4778712529247376,
    0.26469948479511823,
    0.2033438261542727,
    0.3153006695458676,
    0.22648997513870894,
    0.1535412793636697,
    0.15692197332703722,
    0.11713982589731783,
    0.12726673262583552,
    0.16788464426231575,
    0.1799139044891748,
    0.19576345139054052,
    0.20007051548281884,
    0.153271192113196,
    0.09183524953847104,
    0.07913862992614396,
    0.08189294613129808,
    0.047039505615955615,
    0.002106337968794968,
    0.0002047114215291687,
    0.00018376987959338895,
    0.00019349221807941062,
    0.00016317237220187932,
    0.00013148239467316274,
    0.00018348545283223454,
    0.0001378841710412884,
    0.0001862865612625018,
    0.00019352038085260074,
    0.0002012130547642172,
    0.00025287799028883107,
    0.00029763257333849976,
    0.0003756581227336493,
    0.00040128327938245196,
    0.00033845319932239995,
    0.00012592817820646768,
    0.00010730269180420353,
    0.00010837684542598999,
    9.438476091157903e-05,
    2.8421106719286638e-05,
    1.3679508324648576e-06,
    1.6072961637759586e-06,
    1.833515512024517e-06,
    1.7477336226482218e-06,
    1.8167232090498055e-06,
    1.736201526843106e-06,
    1.7371223412509296e-06,
    1.7214447623672888e-06,
    1.6682353082961887e-06,
    1.6707440513392845e-06,
    1.6812069952137485e-06,
    1.1056551527591802e-06,
    9.767324776029607e-07,
    2.7796422063460226e-07,
    2.1925214187302872e-07,
    2.112596646900404e-07,
    1.9172852110511543e-07,
    7.724632552101946e-08,
    2.5910846050684774e-08,
    4.4197272576284934e-10,
    4.3986615655959077e-10,
    4.6410367731601014e-10,
    5.327772745009879e-10,
    5.52902634827195e-10,
    5.452952182122649e-10,
    5.469646166791485e-10,
    5.459775934955549e-10,
    4.695945737074225e-10,
    4.807570347352228e-10,
    4.898863242340502e-10,
    4.766224054879585e-10,
    3.92120875276096e-10,
    1.8722978290770238e-10,
    1.5991749571186632e-10,
    7.809332228578659e-11,
    5.108431899323204e-11
  ],
  "rk": [
    1.0,
    0.26631552849328827,
    3.3623770071425836e-05,
    3.249162474484216e-05,
    2.379030827091984e-05,
    2.12709236798213e-05,
    8.041749018942205e-06,
    8.026771282355162e-06,
    7.757009429525742e-06,
    7.751864729597504e-06,
    4.330381587756812e-06,
    2.238263958057243e-06,
    1.9728871310065825e-06,
    1.958638505813892e-06,
    1.7440948967620659e-06,
    1.2356196848007425e-06,
    9.297073249360286e-07,
    9.033135683329635e-07,
    7.087573676787072e-07,
    1.2931054974538186e-07,
    2.416315015834374e-08,
    2.3610716968030665e-08,
    2.3478439945742982e-08,
    2.3075505355078007e-08,
    2.2130258063803726e-08,
    1.4527067286883162e-08,
    1.2660497606210525e-08,
    1.0750774617738499e-08,
    1.0603251465488028e-08,
    1.0404390286933445e-08,
    7.605454463566734e-09,
    5.743816147304927e-09,
    4.7908424418329405e-09,
    4.414854099811424e-09,
    3.865950192057471e-09,
    1.9478352779115884e-09,
    1.1261610478594492e-09,
    1.119594283361047e-09,
    1.0541393354427758e-09,
    5.502893520748239e-10,
    1.3142724048070065e-10,
    5.301251676625092e-11,
    3.4308139620251224e-11,
    2.8810747337358243e-11,
    2.5177088792572248e-11,
    2.457866576704889e-11,
    2.4577527835916488e-11,
    2.346522694617166e-11,
    2.0639434111869385e-11,
    2.015125352792839e-11,
    2.0130172236597522e-11,
    1.4617643518969853e-11,
    1.3822522260930968e-11,
    6.197570983920953e-12,
    3.0975929625657504e-12,
    2.236494552436365e-12,
    2.172607951372449e-12,
    1.2894054077530472e-12,
    7.008691530889899e-13,
    1.1004312504137966e-13,
    2.256102350136476e-14,
    1.3612823537750485e-14,
    7.493795441452816e-15,
    7.134823219019745e-15,
    6.883487735640012e-15,
    6.882031744770989e-15,
    6.876479205214535e-15,
    5.715070190884528e-15,
    5.136344853584358e-15,
    4.749874348913171e-15,
    4.631666916793774e-15,
    3.999212449401845e-15,
    2.3149745932496953e-15,
    2.1005208294287617e-15,
    1.346565760558551e-15,
    8.189524297484588e-16
  ],
  "exit_code": 0,
  "iters": 75,
  "mtx": "bwm2000",
  "method": "max-st_alt-i_m3",
  "x_id": "randn"
}