{
  "fre": [
    0.019054434806391393,
    0.000377967212180995,
    0.0007047821114403239,
    0.00041276736300314087,
    0.00024754543170737927,
    0.0002663838365887852,
    1.4766268972614559e-05,
    1.7789114285829097e-05,
    2.6308791967747247e-06,
    2.0940018203082737e-08,
    2.8422167594486985e-10,
    5.6430194811192326e-12,
    3.781306655081719e-13,
    3.710043883250243e-13,
    5.448419768275775e-13,
    7.026941963379816e-13,
    3.834137540087383e-13,
    3.039062866426168e-13,
    3.716971455688605e-13,
    2.848022765736718e-13,
    4.336145418459456e-13,
    4.556779796898406e-13,
    4.2939088041096477e-13,
    3.6509018412555725e-13,
    4.055324693611663e-13,
    3.256404396971726e-13,
    2.8550275505486257e-13,
    4.804447215152047e-13,
    4.68024625932472e-13,
    4.195864782982391e-13,
    3.149541772506406e-13,
    4.750784091729216e-13,
    4.4602908692820125e-13,
    3.441838431005134e-13,
    3.535005094315818e-13,
    3.784376102327414e-13,
    4.643972153960713e-13,
    3.258247492746596e-13,
    5.502569933090051e-13,
    5.353020740982264e-13,
    4.312998644600953e-13,
    3.2061803066559147e-13,
    5.229197728583777e-13,
    4.78040112442753e-13,
    3.084658763709242e-13,
    4.0211970742778007e-13,
    3.772011783589606e-13,
    4.586151418899156e-13,
    4.673933966219369e-13,
    3.7824430304270686e-13,
    4.967112922516636e-13,
    4.716308442036871e-13,
    5.712307842060275e-13,
    5.770655508930179e-13,
    5.915562851836667e-13,
    3.592664635055405e-13,
    4.3967339151566493e-13,
    4.277875360389861e-13,
    3.6193596609152503e-13
  ],
  "rk": [
    1.0,
    0.00018637153561631005,
    2.7060192054425567e-05,
    3.257808458978335e-06,
    2.7015406348285974e-06,
    6.38053268797391e-07,
    6.308995092106114e-07,
    5.6509287481868714e-08,
    2.294690532879963e-08,
    9.723416320545561e-09,
    5.463858271933449e-10,
    1.0476312082064412e-11,
    1.8114996325348706e-13,
    3.4717325701721413e-15,
    1.1331493186290825e-14,
    1.0692719607643344e-14,
    1.8744998194336697e-15,
    1.0156075954015095e-15,
    6.722743155013503e-15,
    2.8958837316263264e-15,
    6.622664687055151e-15,
    5.604015140358198e-15,
    1.113460342572409e-15,
    1.1004619921751818e-15,
    6.709574683191615e-15,
    6.4982540910168515e-15,
    1.0752294990936343e-15,
    6.766074755756668e-15,
    3.856732331581169e-15,
    1.791265550910781e-15,
    1.7411648218717843e-15,
    6.8070727556090226e-15,
    5.174841779198423e-15,
    1.4846199542886867e-15,
    1.1331756439184267e-15,
    6.553775133276789e-15,
    6.451511719340762e-15,
    1.4383500292230318e-15,
    6.8842754016987125e-15,
    2.796451305649797e-15,
    1.4009368276572999e-15,
    1.3072324055946805e-15,
    7.038046484553229e-15,
    5.455633779999931e-15,
    1.421208578441376e-15,
    6.727004537282974e-15,
    6.203774755515751e-15,
    6.882588637234409e-15,
    6.398353891507907e-15,
    1.087469815482586e-15,
    6.737390180450058e-15,
    2.555370400456986e-15,
    6.903850277167416e-15,
    5.993961131414447e-15,
    1.0336702107961826e-15,
    1.0290573994320971e-15,
    6.6597245225952475e-15,
    6.176221750609807e-15,
    1.2466074271906064e-15,
    6.78238789628892e-15
  ],
  "exit_code": 44,
  "iters": 59,
  "mtx": "bwm2000",
  "method": "max-st_alt-o_m3",
  "x_id": "sine"
}