{
  "fre": [
    0.0115833964405603,
    0.0023512758495684146,
    0.0027389516657014925,
    0.0018574549391472907,
    0.00035953273803794616,
    0.0003273584980266115,
    0.00035896847069759644,
    0.0003376357345664212,
    0.00017903091966161154,
    4.227784657195524e-05,
    3.6999731142421e-05,
    3.433134578019752e-05,
    3.776994226702777e-05,
    3.8871089055177886e-05,
    1.7118617692540025e-05,
    2.544005934758009e-06,
    1.7323023708704918e-06,
    1.967730549591651e-06,
    1.3195494154082286e-06,
    1.3864868742078407e-07,
    1.592135838254736e-07,
    1.8559276461159453e-07,
    1.7076000984379295e-07,
    5.29216149946734e-08,
    1.9913248175177965e-08,
    2.101084950567193e-08,
    2.057397487316435e-08,
    2.1164327020162063e-08,
    2.125460848339364e-08,
    1.673828549189934e-08,
    2.769517572389501e-09,
    2.9800328832975197e-10,
    2.9019318419052744e-10,
    3.613108573410405e-10,
    3.5669568811266413e-10,
    1.513926486526581e-10,
    4.2204101730865876e-11,
    7.422873238073616e-12,
    7.876413945333051e-13,
    2.9951713880934677e-13,
    4.2966448450403475e-13,
    5.302988919483649e-13,
    3.186401635143019e-13,
    4.4253993674413177e-13,
    6.785171522545488e-13,
    3.285153886652859e-13,
    4.549937590796746e-13,
    7.861416388308575e-13,
    4.1369597187816154e-13,
    3.911757178661782e-13,
    5.286901743929052e-13,
    6.231458553939613e-13,
    5.190604049756663e-13,
    5.670532074743595e-13,
    3.379569338976693e-13,
    3.991480825717148e-13,
    4.3035237880413824e-13,
    5.744967592863809e-13,
    5.808257693749696e-13,
    7.088446805557101e-13,
    7.486798106690517e-13,
    3.3935228807630227e-13,
    3.9859170231856185e-13,
    4.2506341386986644e-13,
    4.0935291983753454e-13,
    4.847484163150157e-13,
    5.322298753884783e-13,
    4.416314950039924e-13,
    5.609153148596927e-13,
    7.454478763130837e-13,
    4.985313269671159e-13,
    5.859051163099735e-13,
    5.910155327652708e-13,
    6.877491919217293e-13,
    9.012584184617275e-13,
    6.924532796106082e-13,
    7.622199970840165e-13,
    6.956921823688449e-13,
    7.855333774511427e-13,
    8.484569349943233e-13,
    8.106358196723153e-13,
    8.405250532664064e-13,
    6.90246818975227e-13,
    7.873513561143658e-13,
    8.652719540433695e-13,
    8.55638990711012e-13,
    8.834816201436153e-13,
    8.448272585359885e-13,
    7.468225359010899e-13
  ],
  "rk": [
    1.0,
    0.007633888694555078,
    4.0164494623810284e-05,
    3.257705493221225e-05,
    1.8775345524120894e-05,
    3.5389529405746385e-06,
    1.2202515176716092e-06,
    1.1842350881251631e-06,
    1.180505713346469e-06,
    6.611575926704421e-07,
    3.5715001522873176e-07,
    1.865048569060568e-07,
    4.83065865409385e-08,
    3.412320360355409e-08,
    3.396897244711918e-08,
    2.1605668100726715e-08,
    9.379212667295311e-09,
    3.1230669096233645e-09,
    2.545397163356811e-09,
    2.217633969563091e-09,
    7.730119437763346e-10,
    3.3828369840034714e-10,
    2.3805756391922444e-10,
    2.2980582147694308e-10,
    1.437520625815806e-10,
    5.1573980921035064e-11,
    2.7132047845485493e-11,
    2.4644010622746847e-11,
    1.854552210727914e-11,
    1.8542039261578655e-11,
    1.7295904848313053e-11,
    7.078066824289678e-12,
    1.9202548941626256e-12,
    1.429933897713255e-12,
    9.532215869118604e-13,
    9.526724574831294e-13,
    7.193127458905259e-13,
    3.609369140514162e-13,
    1.2774171796455758e-13,
    2.6083953070978346e-14,
    7.265095616356816e-15,
    3.57278087578074e-15,
    2.0147933454016173e-15,
    6.629511974235636e-15,
    4.801119815680883e-15,
    3.1246617227442245e-15,
    6.841312804893814e-15,
    5.527323835242118e-15,
    3.62645495005087e-15,
    1.4059531663588535e-15,
    6.627203080916343e-15,
    3.0869178637995226e-15,
    1.7434311174735676e-15,
    1.2314363710651616e-15,
    1.1632199223757315e-15,
    6.910109180637076e-15,
    1.1086008010365372e-15,
    6.606780830879748e-15,
    2.3462595993133483e-15,
    2.3446447047944277e-15,
    2.0819922252710393e-15,
    1.833275191430905e-15,
    6.722355479595529e-15,
    1.2740252466726476e-15,
    1.2371082607366642e-15,
    6.68153473565523e-15,
    2.350953991410055e-15,
    1.328297612010916e-15,
    6.665482327545906e-15,
    4.626552805471615e-15,
    2.729844969378592e-15,
    6.657114016580804e-15,
    1.8946610075514023e-15,
    6.730053358693288e-15,
    4.8701354665218546e-15,
    3.1667575951938754e-15,
    1.3456362190623219e-15,
    1.0427524598329421e-15,
    6.586274582027994e-15,
    2.329273772617902e-15,
    1.448080731834869e-15,
    1.2401997982082343e-15,
    1.168496069767246e-15,
    6.642709594499502e-15,
    1.5510038008720235e-15,
    1.2362575772568641e-15,
    1.2320929159875128e-15,
    1.194403065999573e-15,
    1.0923775873401983e-15,
    6.826671473260045e-15
  ],
  "exit_code": 76,
  "iters": 89,
  "mtx": "bwm2000",
  "method": "max-st",
  "x_id": "sine"
}