{
  "fre": [
    1.700698916199011,
    1.2655036842043308,
    0.5068788378779638,
    0.5388065823795004,
    0.5586095161770901,
    0.6040041553707242,
    0.5850547362583104,
    0.5248410311153111,
    0.45676211656503196,
    0.47136144421637377,
    0.4379599545522272,
    0.018084347202281328,
    0.004055971251664307,
    0.0002366573438181639,
    6.954057095282351e-05,
    7.726349980548306e-05,
    8.621338822463516e-05,
    5.1337056108949985e-05,
    1.5646242344497574e-05,
    1.082472336918472e-06,
    1.0305861597654378e-06,
    1.1153782122728171e-06,
    1.247614759522787e-06,
    1.1498332624099533e-06,
    1.0680382766287275e-06,
    5.757917370870791e-07,
    2.833230028784817e-07,
    2.142709942691955e-08,
    2.5265430125398996e-08,
    2.4941619879544954e-08,
    1.695725143830518e-08,
    5.5331985839351105e-09,
    3.102934124246576e-09,
    2.8110649466125224e-09,
    2.999672701556059e-09,
    2.9685623962682093e-09,
    2.046793916949485e-09,
    5.263419814557561e-11,
    1.5538664404358702e-11,
    5.545809917894989e-13,
    6.501489334096932e-13,
    7.07976132453111e-13,
    6.64860736858615e-13,
    6.120184400773483e-13
  ],
  "rk": [
    1.0,
    0.3164171610376517,
    0.010437487935879898,
    0.0009828719079634997,
    0.0005401986436875681,
    0.00046119198655585617,
    0.00037427677513834657,
    0.00036382376317853414,
    0.0003210515593598248,
    0.00024520344861980384,
    0.00024280514321089216,
    0.00023946958638645732,
    5.1259143743279024e-05,
    2.5052783209122452e-05,
    2.197913912286338e-06,
    9.508047210412257e-07,
    3.225991104941188e-07,
    6.432409221434563e-08,
    5.3673662179841406e-08,
    3.1983064785203125e-08,
    7.806073649565955e-09,
    3.847034956638248e-09,
    1.19275527544366e-09,
    9.917641831609145e-10,
    9.814517066236222e-10,
    9.403625704350266e-10,
    6.98009111391621e-10,
    5.059153029605555e-10,
    7.002152037935886e-11,
    4.197351040420128e-11,
    4.1962450558078625e-11,
    3.8578537493652484e-11,
    2.1503975160732415e-11,
    1.178872848535296e-11,
    1.8759032494498724e-12,
    1.529749280421566e-12,
    1.5291836701271075e-12,
    1.3193298716205218e-12,
    2.177374210874424e-13,
    1.1159862869559327e-13,
    5.846256258261651e-15,
    2.7765232539478092e-15,
    1.2752479192278964e-15,
    1.2390395427833527e-15,
    4.239021092443105e-15
  ],
  "exit_code": -1,
  "iters": 44,
  "mtx": "bwm2000",
  "method": "max-lf_mos-a_m3",
  "x_id": "ones"
}