{
  "fre": [
    0.02272852581937108,
    0.0004142786983546657,
    0.0004951660067037814,
    0.00029763509613374683,
    0.00017174794170556675,
    8.647882714205416e-05,
    9.27104308380861e-05,
    0.00013746799609298075,
    7.427712103404582e-06,
    5.379694209978903e-07,
    3.7239918628159835e-09,
    1.0033159829820844e-09,
    3.3371468975248325e-09,
    3.5303558653668174e-10,
    4.726859876743721e-10,
    1.9678310678845333e-12,
    2.3370674204919086e-13,
    2.31104623813806e-13,
    5.836909409164174e-13,
    5.116110747449822e-13,
    3.133016524116751e-13,
    4.987807272587648e-13,
    4.485210856734135e-13,
    3.883965138771762e-13,
    5.366742622977073e-13,
    7.460088610185678e-13,
    5.616440992597966e-13,
    7.374771349674086e-13,
    1.187819825618177e-12,
    7.585994784071927e-13,
    1.3242685374427468e-12,
    1.4211240909849346e-12,
    1.0020523626681248e-12,
    3.9840267624057056e-13,
    7.80452436788598e-13,
    6.909811032397597e-13,
    4.488950156283454e-13,
    9.822551102460666e-13,
    1.0073628910255796e-12,
    5.588235318006971e-13,
    6.630150738675886e-13,
    9.45550951984938e-13,
    5.60937800084838e-13,
    7.642967077467618e-13,
    8.80808463372017e-13,
    7.465776395626052e-13,
    3.6422600320046066e-13,
    4.5148093637222107e-13,
    4.662261786538212e-13,
    5.883303627798526e-13,
    8.022138911747884e-13,
    6.063207256870156e-13,
    3.8208742423048203e-13,
    3.871859123620647e-13,
    6.18606077972989e-13,
    7.173870270159228e-13,
    7.813258050040082e-13,
    7.245297573742459e-13,
    7.965972983803804e-13,
    1.0706608772637507e-12,
    8.941434427315029e-13
  ],
  "rk": [
    1.0,
    0.000321471458151947,
    3.79682921073148e-06,
    2.2983510892952234e-06,
    2.051043524265067e-06,
    1.926980704996544e-06,
    7.05752056679998e-07,
    3.102727704841991e-07,
    2.552808940800185e-07,
    3.8046844346900636e-08,
    9.957765564656115e-09,
    1.0549983444808744e-10,
    1.0446358102229717e-11,
    4.595631537856962e-12,
    1.5638661495600797e-12,
    4.5341286618598095e-13,
    2.2606378147744967e-14,
    1.0469369403963223e-15,
    1.1594516183321023e-14,
    6.5175719094245334e-15,
    1.2663994854780938e-15,
    6.586151054152417e-15,
    6.304178521438644e-15,
    1.5027088785570477e-15,
    6.5846632775200495e-15,
    5.8903616711170336e-15,
    1.5096545152251693e-15,
    6.7644571063893466e-15,
    6.5101164330394385e-15,
    2.432667147566997e-15,
    6.692923988850186e-15,
    4.837250313054648e-15,
    2.2095058777567303e-15,
    1.06432544716377e-15,
    6.402752209306743e-15,
    5.360980383118388e-15,
    1.5322156638428113e-15,
    6.667549572587977e-15,
    4.624007245807303e-15,
    2.2378773980910967e-15,
    6.683447566947974e-15,
    6.042403840629572e-15,
    1.5416365846470387e-15,
    6.569485832771161e-15,
    5.510977957655297e-15,
    3.1172866144726374e-15,
    1.0624561838351554e-15,
    6.788824304939626e-15,
    5.6000106796409215e-15,
    6.838955335416257e-15,
    6.658288376229875e-15,
    2.2631893548816666e-15,
    1.2027420722240722e-15,
    7.115274281539244e-15,
    7.112665157311938e-15,
    6.791724817159084e-15,
    6.6214156296294454e-15,
    1.2614802643902347e-15,
    6.837563100857725e-15,
    6.7286246334614325e-15,
    1.3335931500498896e-15,
    6.684205219009454e-15
  ],
  "exit_code": 46,
  "iters": 61,
  "mtx": "bwm2000",
  "method": "max-lf_alt-o-repeat_m4",
  "x_id": "sine"
}