{
  "fre": [
    0.011582469020779373,
    0.0023512433044554164,
    0.00275365316553368,
    0.0018609239655816509,
    0.0003562214134344641,
    0.0003260202737631999,
    0.00035912597751236615,
    0.000332243984240799,
    0.0001699498405474312,
    4.1844329430553916e-05,
    3.733574993983279e-05,
    3.455350032030975e-05,
    3.799842975771721e-05,
    3.9123591198358746e-05,
    2.049251635013664e-05,
    4.596789502207625e-06,
    4.365423066336119e-06,
    4.334447257207545e-06,
    1.0738575747222157e-06,
    7.07439787889436e-08,
    7.462749598637592e-08,
    8.613905818040705e-08,
    8.664053291498697e-08,
    6.973664414722787e-08,
    2.2852669579427648e-08,
    2.1415701967183785e-08,
    2.1195038414534375e-08,
    2.1499663826839578e-08,
    2.1587710133528833e-08,
    1.7142420334074993e-08,
    3.038958132971279e-09,
    4.478289224192599e-10,
    4.5825811974389385e-10,
    5.761616707818099e-10,
    4.604024093642642e-10,
    1.40471620284392e-10,
    4.1082775760979094e-11,
    7.370179616584738e-12,
    8.190968230819861e-13,
    3.328717420453067e-13,
    3.925336137313053e-13,
    4.4025665611298965e-13,
    4.2614238833336084e-13,
    5.056219129916156e-13,
    8.623513047969829e-13,
    4.600644938262209e-13,
    5.42262283796508e-13,
    6.324193362738154e-13,
    5.193353503989262e-13,
    6.118667840817131e-13,
    7.936069747313708e-13,
    5.727387952696864e-13,
    5.809407500059842e-13,
    6.884781028447787e-13,
    7.682950490377139e-13,
    6.523722789288198e-13,
    7.56002943922942e-13,
    8.580228102375532e-13,
    7.34159348570081e-13,
    8.204873618185781e-13,
    9.35452835775473e-13,
    8.149763825757295e-13,
    8.424964880389584e-13,
    9.192492648014803e-13,
    9.541786461194137e-13,
    1.0455685420021247e-12,
    1.2386725401594552e-12,
    1.114581053077198e-12,
    1.1987542531507545e-12,
    1.0131981020077064e-12,
    8.861015610452247e-13,
    1.006967105087152e-12,
    1.0881036300467239e-12,
    1.0875717336742684e-12,
    1.135616318653105e-12,
    1.1270565121471926e-12,
    1.036061318083902e-12,
    8.605975833608988e-13,
    9.621004384792687e-13,
    1.0113436606558298e-12,
    1.1218033337406237e-12,
    1.22826919539086e-12,
    1.156147378681892e-12,
    1.1970656182490227e-12,
    9.852376664748472e-13,
    1.1242190724303924e-12,
    1.26499674888712e-12,
    1.1738139047443952e-12,
    1.2282925182821113e-12,
    9.076704070660633e-13
  ],
  "rk": [
    1.0,
    0.0076348607864034305,
    4.026786360748292e-05,
    3.267391470042296e-05,
    1.8891552099671752e-05,
    3.5132802720187397e-06,
    1.2242426599493007e-06,
    1.1851586641770691e-06,
    1.1791317371955266e-06,
    6.396970157016391e-07,
    3.5683309220301886e-07,
    1.857559031516802e-07,
    4.84468843014139e-08,
    3.457556346565115e-08,
    3.441753123487038e-08,
    2.385369525085615e-08,
    1.0201169467792005e-08,
    5.6023061826729066e-09,
    5.601468220173344e-09,
    2.9970080093937475e-09,
    7.883743759241613e-10,
    2.7621972918382e-10,
    1.1250337429534796e-10,
    1.124652481879705e-10,
    1.0716250691125559e-10,
    4.534933613071291e-11,
    2.4513568987134333e-11,
    2.146863668050492e-11,
    1.902205024420489e-11,
    1.9018907304736787e-11,
    1.7805929826348375e-11,
    7.510740629698076e-12,
    2.252134684545892e-12,
    1.818848472635911e-12,
    1.5003447482822833e-12,
    1.318239056687293e-12,
    9.037470219168725e-13,
    4.032868276521159e-13,
    1.3423485126305314e-13,
    2.7176004129113114e-14,
    7.441381842994563e-15,
    1.312371121445055e-15,
    1.1166312159941814e-15,
    6.906060739445743e-15,
    5.7886019742410605e-15,
    4.448329328141935e-15,
    6.89657764892599e-15,
    3.1571706923710006e-15,
    2.335804730619217e-15,
    6.764569505437262e-15,
    4.554373094379019e-15,
    3.0147081843018498e-15,
    1.0395558829525756e-15,
    6.8281470610259295e-15,
    2.863262081944448e-15,
    1.6088530736675821e-15,
    6.907049203374031e-15,
    3.4033114045056874e-15,
    2.0718072153209525e-15,
    6.868732090319975e-15,
    3.8082631239717225e-15,
    2.3873749822837167e-15,
    1.1050928017694054e-15,
    6.652682981738221e-15,
    1.4947092041238841e-15,
    6.751812663742596e-15,
    4.617299993342273e-15,
    3.738031867045742e-15,
    1.6292652800082641e-15,
    1.4040048143520506e-15,
    1.1933816569444555e-15,
    6.842035674019776e-15,
    2.1999795534598978e-15,
    1.4513393526829388e-15,
    1.4512237908577719e-15,
    1.361497665130895e-15,
    1.358799956114929e-15,
    1.2946478890927179e-15,
    6.6275897956390555e-15,
    1.3718103154250413e-15,
    6.930439007524797e-15,
    3.6054034827436006e-15,
    1.952305283211369e-15,
    1.1824710759106394e-15,
    1.0351591734933244e-15,
    6.760898962928346e-15,
    3.1777031712037625e-15,
    2.200018143174381e-15,
    1.415105318487747e-15,
    1.3120926362873813e-15,
    6.7256944973255026e-15
  ],
  "exit_code": 77,
  "iters": 90,
  "mtx": "bwm2000",
  "method": "max-lf",
  "x_id": "sine"
}