{
  "fre": [
    9.078720065269781,
    44.85774664723233,
    43.79982675021577,
    4.564604855073258,
    4.2352381445366865,
    4.633785771140072,
    5.481210342639178,
    4.564097498203732,
    3.0022801064962676,
    3.1491595813255087,
    3.4035636623457584,
    2.692431741985357,
    1.816528250149582,
    1.2307146498611115,
    1.2346458047648055,
    0.9513111862765673,
    0.27337211031675657,
    0.0022616346968384105,
    0.0005054605331078756,
    5.015442308488379e-05,
    2.385910746702728e-05,
    4.949640145751431e-06,
    6.118280251799472e-06,
    5.802243937654637e-06,
    2.622447083058918e-06,
    2.878443447867046e-06,
    2.8638033877636473e-06,
    2.207565182675535e-06,
    2.164786232258211e-06,
    2.320229773331767e-06,
    2.2154693136338794e-06,
    1.56619910481206e-06,
    1.0638170633590092e-06,
    8.44430707618016e-07,
    8.696366066194356e-07,
    8.577193453081661e-07,
    4.5042174602535907e-07,
    3.451472176294748e-08,
    4.663469559127261e-09,
    1.1334249354484833e-10,
    6.521885971401029e-11,
    3.622895717733597e-11,
    3.736579305473522e-11,
    3.589554405262761e-11,
    3.482869027491054e-11,
    3.8377144329079544e-11
  ],
  "rk": [
    1.0,
    0.3182033273070908,
    0.004545572259715546,
    0.0020131183711155575,
    0.000446596645497687,
    0.00015487194502903672,
    0.00013959845397621564,
    0.00012150163996328882,
    0.00010831393297573048,
    6.389296227015722e-05,
    4.659761929643966e-05,
    3.5389494362491464e-05,
    3.2364376966093395e-05,
    2.615529814015119e-05,
    1.5381604145394343e-05,
    1.1942901730873805e-05,
    1.1003246316984865e-05,
    6.145898107034693e-06,
    5.123323770688326e-07,
    1.5911669017355162e-07,
    1.7746598217479313e-08,
    6.429074218440296e-09,
    9.092961683479046e-10,
    8.790483257257304e-10,
    5.627657947117512e-10,
    1.96537700571869e-10,
    5.0550436266717095e-11,
    5.0545465009376185e-11,
    3.7635085327476376e-11,
    2.925627250825708e-11,
    2.615783865141908e-11,
    2.5873905016500307e-11,
    2.2100256744453636e-11,
    1.639929440724234e-11,
    8.692226850410735e-12,
    8.596301401807736e-12,
    8.590888274165725e-12,
    6.264736731424784e-12,
    1.866592552575331e-12,
    6.517181106452298e-13,
    5.837246207861059e-14,
    1.8657269370449654e-14,
    2.9596327716954674e-15,
    2.9507981598282816e-15,
    1.4280316683903699e-15,
    1.0192262594287372e-15,
    4.689287771666999e-16
  ],
  "exit_code": 0,
  "iters": 46,
  "mtx": "bwm2000",
  "method": "max-lf_mos-a_m3",
  "x_id": "randn"
}