{
  "fre": [
    0.011582469020779373,
    0.0023512215532825943,
    0.0027597426570340794,
    0.001842866788871278,
    0.0003561147755752388,
    0.00032585465669458943,
    0.00035904051776533823,
    0.00033242853212638333,
    0.00017038206352467227,
    4.1868288718750133e-05,
    3.731865259802009e-05,
    3.453352398569757e-05,
    3.799283750007007e-05,
    3.9119097664185085e-05,
    2.0679622782688653e-05,
    4.7206235346057685e-06,
    4.376644765989621e-06,
    4.345830016479404e-06,
    1.1776519828708406e-06,
    7.117145908804367e-08,
    7.51700083346018e-08,
    8.675907869515072e-08,
    8.717684019748098e-08,
    7.503082444642585e-08,
    7.483579533634647e-08,
    6.347359557417864e-08,
    2.158948983894759e-08,
    2.1696338194987037e-08,
    2.1791216466764582e-08,
    1.7306440946548705e-08,
    2.9700524480514384e-09,
    4.662764828238534e-10,
    1.253031666169559e-10,
    8.085380480092055e-11,
    8.331941271176031e-11,
    1.0035422915816856e-10,
    8.362540940794871e-11,
    1.6236304662341788e-11,
    9.174990851216998e-13,
    3.2668899299547685e-13,
    3.4574247270441756e-13,
    4.117104269899225e-13,
    4.13046921723509e-13,
    3.7630596552108607e-13,
    4.977414637382688e-13,
    6.643573244239769e-13,
    4.1314030819947893e-13,
    4.710217794543552e-13,
    4.936243057476589e-13,
    4.603907746976378e-13,
    5.848192103397558e-13,
    7.459045621287978e-13,
    5.181673132036098e-13,
    6.236553861741218e-13,
    6.733885355546173e-13,
    5.799270049972136e-13,
    6.423630980007526e-13,
    9.413610105065074e-13,
    6.599793688315835e-13,
    6.879136668933993e-13,
    8.282036567714782e-13,
    9.21606002027104e-13,
    9.086339405023301e-13,
    9.420345949990554e-13,
    7.372169627929252e-13,
    6.838149365169647e-13,
    7.613726755855795e-13,
    8.05188208712783e-13,
    7.964073175371307e-13,
    8.482071789166269e-13,
    9.487716696212358e-13,
    1.1183076935800188e-12,
    9.49316064435445e-13,
    9.741233466263786e-13,
    1.1045291225219208e-12,
    1.2304392433697265e-12,
    1.1431951115141362e-12,
    1.1890337984863189e-12,
    1.1504277646409945e-12,
    1.0387141841666448e-12,
    5.386617001233811e-13,
    6.371544780490606e-13,
    6.72445263526417e-13,
    6.730555295703889e-13,
    7.391431922392601e-13,
    8.393955227845082e-13,
    8.131615911805498e-13,
    8.713375692979232e-13
  ],
  "rk": [
    1.0,
    0.0076348607864034305,
    4.0185623205171275e-05,
    3.253134311838598e-05,
    1.878448043669598e-05,
    3.515392370032048e-06,
    1.2244694318881262e-06,
    1.1851076608017984e-06,
    1.1792025579739114e-06,
    6.414179974841206e-07,
    3.5810825790792233e-07,
    1.8593184563784275e-07,
    4.898935476099176e-08,
    3.457469920948218e-08,
    3.441620406792167e-08,
    2.402089018701478e-08,
    1.0591798863037228e-08,
    5.616328374865049e-09,
    5.615501046609335e-09,
    3.1420772609127113e-09,
    7.919622876937669e-10,
    2.7756735895774367e-10,
    1.1329424029772215e-10,
    1.132606794347772e-10,
    1.0980147039903507e-10,
    1.0972836123080401e-10,
    1.0395236231446768e-10,
    3.9098224099216406e-11,
    1.9193948602456767e-11,
    1.9190327118792602e-11,
    1.7964807862894783e-11,
    7.526754660569941e-12,
    2.7832925560439472e-12,
    1.3358991916086872e-12,
    8.748811102011012e-13,
    3.2901880520920925e-13,
    2.670404555855566e-13,
    2.587975730065684e-13,
    1.3183329767534287e-13,
    2.7009929605657938e-14,
    7.173378907059384e-15,
    6.9288065690974655e-15,
    2.5621337942548903e-15,
    2.5620502019950137e-15,
    6.9748821889553366e-15,
    4.304123882436933e-15,
    2.7454073690228418e-15,
    6.898278492394823e-15,
    2.3707092380858526e-15,
    1.2833001380643181e-15,
    6.701984919081208e-15,
    4.1072049283493654e-15,
    2.4930464259366473e-15,
    6.784316865734137e-15,
    3.554392867864208e-15,
    1.7250726294854905e-15,
    6.807775282097575e-15,
    5.705936468877535e-15,
    4.065906908820138e-15,
    1.2049117273075507e-15,
    7.1000354722473576e-15,
    2.055759934836812e-15,
    1.4517901384989975e-15,
    1.428068885084778e-15,
    1.391085724973736e-15,
    1.1437052888543701e-15,
    6.635544933602355e-15,
    1.3736442431976855e-15,
    1.0434086029501704e-15,
    1.0205259125508334e-15,
    6.661886304786217e-15,
    4.3168534243580606e-15,
    3.031448949979226e-15,
    1.0616515467360288e-15,
    6.85823154354263e-15,
    3.2510427223779293e-15,
    1.9632914601011905e-15,
    1.2670046834667958e-15,
    1.1629268519169402e-15,
    1.1580532724147588e-15,
    1.1104381356474666e-15,
    6.686942843683432e-15,
    1.198453581448256e-15,
    1.0047902216729599e-15,
    1.0041794495873754e-15,
    6.746549415901699e-15,
    1.8009258218251743e-15,
    1.7709746393858036e-15,
    6.793095391129902e-15
  ],
  "exit_code": 75,
  "iters": 88,
  "mtx": "bwm2000",
  "method": "max-st_alt-i_m2",
  "x_id": "sine"
}