{
  "fre": [
    0.002351908889000123,
    0.00030148987521844194,
    0.00045778937591857893,
    0.00027533158281840933,
    0.0005890961446649176,
    0.00018703002783337488,
    0.00015374257471636495,
    1.5724751136786102e-05,
    1.9004370082667673e-05,
    2.358609567686646e-06,
    5.271030720866238e-08,
    8.325425023545347e-08,
    1.518139195337865e-09,
    5.944453728873808e-10,
    1.6675984220035225e-11,
    2.1099368283413795e-11,
    7.838982613746137e-12,
    6.2207346027605866e-12,
    3.8148544992577114e-12,
    2.079943520107896e-13,
    3.236932124184411e-13,
    3.164426010720201e-13,
    5.911747542653972e-13,
    6.194800314449234e-13,
    2.454118758011804e-13,
    3.3946258983464673e-13,
    3.570822973612673e-13,
    7.634872297327998e-13,
    4.827414628757491e-13,
    3.749862139572504e-13,
    6.717743385369613e-13,
    5.751229159053445e-13,
    4.2040641986397447e-13,
    6.472496620733369e-13,
    6.441424053480411e-13,
    4.933751740096591e-13,
    4.617504573924634e-13,
    7.521633673978881e-13,
    7.229421018359831e-13,
    4.537414686972585e-13,
    6.163440864403452e-13,
    6.32185569381646e-13,
    6.986306404536096e-13,
    3.268171807917205e-13,
    4.792412391775794e-13,
    5.000122710429898e-13,
    9.725478939679798e-13,
    1.0246402042162925e-12,
    3.8645024271936504e-13,
    4.455119031004846e-13,
    6.033735556932075e-13,
    6.17752388055508e-13,
    4.864676465490799e-13,
    7.400696288611939e-13,
    7.428465105468797e-13,
    6.895250442839186e-13,
    4.930913454978047e-13,
    3.412711877687615e-13,
    4.878525413309376e-13,
    3.8204460618659127e-13,
    4.495342514710143e-13,
    4.3999000599059995e-13
  ],
  "rk": [
    1.0,
    4.0225063695624745e-05,
    2.0816990938523033e-05,
    3.947573338464093e-06,
    3.1610356890234697e-06,
    2.2084594689866676e-06,
    1.4147581860870747e-06,
    1.1032087724101434e-06,
    7.224340000131349e-08,
    3.142761614361752e-08,
    1.2140938234281957e-08,
    7.780164006139348e-10,
    4.957528882944531e-10,
    3.321580593023198e-11,
    9.580127369705744e-12,
    2.2448583518598115e-13,
    2.4825635638861412e-14,
    1.5379342180403775e-14,
    6.018261441933573e-15,
    5.021763761420898e-15,
    1.2062941182616893e-14,
    1.0386499016832472e-15,
    6.74824635319926e-15,
    2.0833998511743862e-15,
    1.755067419014088e-15,
    6.666328262835598e-15,
    1.0759678072725617e-15,
    6.915828400945558e-15,
    3.419976437627537e-15,
    1.161701915723631e-15,
    6.723293296767628e-15,
    3.2685864310390252e-15,
    1.2247042641807352e-15,
    6.677623221351415e-15,
    2.3029879425243687e-15,
    1.3909130796932552e-15,
    1.1778909881717349e-15,
    6.893225599712463e-15,
    2.2491913748799554e-15,
    1.4927757786944176e-15,
    6.707341678241217e-15,
    1.3131716024937083e-15,
    1.0638704161644845e-15,
    1.0045756207481942e-15,
    6.436897273539632e-15,
    1.5827567188998797e-15,
    6.927394475050491e-15,
    2.6159901930449602e-15,
    2.552277952722718e-15,
    1.1540536827770564e-15,
    6.697725005512349e-15,
    1.4904290591767483e-15,
    1.1998943906031278e-15,
    6.869509720936219e-15,
    1.9472327779464745e-15,
    1.7021429216492024e-15,
    1.6860712626828493e-15,
    1.0188601583420685e-15,
    6.541917892062145e-15,
    1.7363872410005114e-15,
    6.880779100203446e-15,
    1.609698536609995e-15,
    6.664913011556916e-15
  ],
  "exit_code": 48,
  "iters": 62,
  "mtx": "bwm2000",
  "method": "max-st_alt-o_m2",
  "x_id": "sine"
}