{
  "fre": [
    0.38106469907201307,
    0.01834513311210799,
    0.007477783159730804,
    0.012251660797758688,
    0.013720353584786632,
    0.006852296859189967,
    0.010698980039469487,
    5.99954463983463e-05,
    2.9537952671263086e-07,
    7.185134461311984e-10,
    8.776549054315589e-13,
    2.3172746268963834e-13,
    3.223962910377073e-13,
    6.83680876874297e-13,
    2.3096920567775835e-13,
    2.5150508320453004e-13,
    4.304860581666937e-13,
    4.463206402367455e-13,
    8.106580298031406e-13,
    5.44082095403169e-13,
    1.193374641801792e-13,
    4.749031774280728e-13,
    4.29898237762286e-13,
    1.6912902430076248e-13,
    2.798307900284534e-13,
    4.23924173809145e-13,
    2.904128252432333e-13,
    4.2726439768029416e-13,
    6.367938304583691e-13,
    4.2667338592101846e-13,
    5.043955511339379e-13,
    8.621889499438723e-13,
    6.893763162758586e-13,
    3.885722789891386e-13,
    5.587309906415762e-13,
    6.4455285365404e-13,
    4.024218022210219e-13,
    5.852654588259653e-13,
    5.569231507548917e-13,
    8.82025479178792e-13,
    9.361079747580852e-13,
    7.11384411129513e-13,
    2.8653750776705635e-13,
    3.365686905975836e-13,
    3.571931025488038e-13,
    3.191185168428212e-13,
    3.5757949004474965e-13,
    4.4996367637689356e-13,
    5.560183576259024e-13,
    7.908839109439563e-13,
    3.7987464516120383e-13,
    6.225064830968869e-13,
    6.158457992878577e-13,
    4.3279438056839946e-13
  ],
  "rk": [
    1.0,
    0.0036751033996982032,
    0.00011264600386067867,
    8.802008757363221e-05,
    6.64949457043903e-05,
    6.638148013788232e-05,
    2.16679454530211e-05,
    1.4523959473452311e-05,
    1.0894484597742908e-06,
    7.808053919647695e-09,
    2.166565450843865e-11,
    2.7942256362324836e-14,
    1.3670144920445122e-14,
    1.3572527118701674e-14,
    2.9871134973448203e-15,
    6.613167648261955e-15,
    6.588670258061808e-15,
    6.612782193609765e-15,
    6.573226377750137e-15,
    1.8224292243260225e-15,
    1.1107191864492799e-15,
    6.7845242616745135e-15,
    4.406320392704783e-15,
    1.804076693963198e-15,
    6.8444863524596525e-15,
    6.570233936335907e-15,
    1.0224340686693747e-15,
    6.689858725096858e-15,
    6.097389393964401e-15,
    2.077347758459351e-15,
    6.731185900898386e-15,
    6.459647984589286e-15,
    2.390335953143401e-15,
    1.4366002686497532e-15,
    6.459313258599343e-15,
    5.250129398490214e-15,
    2.4148369784815987e-15,
    6.767913668179074e-15,
    2.19041331477578e-15,
    6.939624447680813e-15,
    4.190389184566351e-15,
    1.6769196940691006e-15,
    1.0792748565248135e-15,
    6.666621016286553e-15,
    6.4398013636144116e-15,
    1.317164700795999e-15,
    6.978006475142948e-15,
    6.848016215187442e-15,
    6.679942412390398e-15,
    6.2051680188088305e-15,
    1.6579322555569844e-15,
    6.576077921367514e-15,
    3.914827671077453e-15,
    1.4147789013703235e-15,
    6.820794297441058e-15
  ],
  "exit_code": 39,
  "iters": 54,
  "mtx": "bwm2000",
  "method": "max-st_alt-o_m4",
  "x_id": "sine"
}