{
  "fre": [
    1.1340538046367084,
    0.20537487269993518,
    0.21878970174864168,
    0.20233636528443083,
    0.22843990184762447,
    0.26674473500316737,
    0.2758337893343519,
    0.1456686674360657,
    0.0925654532872871,
    0.09576208238001313,
    0.1041418894286845,
    0.09863610956673814,
    0.02356072781126527,
    0.0046039110797327235,
    0.0048809150367420595,
    0.005094571686759744,
    0.0030082735633624436,
    0.00019266494988225572,
    9.846465202385726e-06,
    1.7281905759871168e-06,
    1.8488291329342166e-06,
    2.2581759026247413e-06,
    2.2280171793854375e-06,
    2.2776676006491716e-06,
    1.952315737419252e-06,
    1.5088707963299719e-06,
    1.5428730543765804e-06,
    1.633262779033249e-06,
    1.6532113286343636e-06,
    1.2733156050160995e-06,
    5.244413901330293e-07,
    5.480640615554621e-07,
    3.992133306008505e-07,
    1.2124601076709208e-07,
    1.895744746213671e-08,
    2.6174362518088277e-09,
    5.846839626490425e-10,
    2.485790119342675e-10,
    2.4114672640567242e-11,
    5.951004967505687e-13,
    7.755958246507631e-13,
    8.789292577995752e-13,
    7.571471409716593e-13,
    7.158586757991431e-13,
    7.576447903231052e-13,
    5.283406325142929e-13,
    4.598899808460909e-13,
    6.312059633078578e-13,
    7.727553321572071e-13,
    7.384272680316825e-13,
    7.759926184317175e-13
  ],
  "rk": [
    1.0,
    0.009852838179310472,
    0.0012764021211459414,
    0.0009239001398860532,
    0.0007496344062949294,
    0.0006994259517427092,
    0.0004159577655094205,
    0.00040218352051361964,
    0.0003120485074307282,
    0.00013074753562869042,
    7.093060235450003e-05,
    5.618309517459027e-05,
    5.5701110323035586e-05,
    2.4506522762951737e-05,
    8.406302856729091e-06,
    4.181040984599621e-06,
    4.135809595189774e-06,
    3.4179513357844214e-06,
    7.910880446348522e-07,
    1.1552000612313465e-07,
    1.6526575617451542e-08,
    5.071488255221334e-09,
    3.108053157666009e-09,
    2.736570680197098e-09,
    2.6389399298549157e-09,
    2.197380097115159e-09,
    1.6472274100302185e-09,
    1.2431537591962203e-09,
    1.078955557108483e-09,
    1.0776372420149896e-09,
    9.911567560802152e-10,
    3.9608154431848393e-10,
    3.2240140301857104e-10,
    2.864783530833466e-10,
    1.8396264763045128e-10,
    6.693731993216953e-11,
    2.1565301338409077e-11,
    5.2150558908267866e-12,
    2.0514065359037434e-12,
    3.25554071734753e-13,
    2.0131364438558495e-14,
    4.132858751497678e-15,
    1.994613394662448e-15,
    1.5716595577935253e-15,
    1.3018323459035249e-15,
    1.2867883790868344e-15,
    1.1782635690624572e-15,
    3.906693774322206e-15,
    1.758006541009399e-15,
    1.2015722310474368e-15,
    1.0679874042194151e-15,
    3.908210908144184e-15
  ],
  "exit_code": -1,
  "iters": 51,
  "mtx": "bwm2000",
  "method": "ilu0",
  "x_id": "ones"
}