{
  "fre": [
    0.002365671285749065,
    0.00030231594136612475,
    0.00046103915410259484,
    0.0002759635817899566,
    0.000454400215448243,
    0.0005175647065920375,
    0.00011740312799143639,
    1.5872726170438424e-05,
    1.928841067475497e-05,
    9.997962542529823e-06,
    9.67746393208899e-06,
    3.3940163417462154e-07,
    3.273309483989842e-07,
    4.133056081929069e-07,
    8.174144827118505e-09,
    9.943817915838187e-09,
    6.611096230235256e-09,
    3.563862671037674e-11,
    5.329250704060802e-13,
    3.4667688496794664e-13,
    6.985891100539396e-13,
    5.402417441788714e-13,
    3.7652461548553503e-13,
    6.063018651826064e-13,
    6.390631340079063e-13,
    7.183195866359089e-13,
    3.2140677696396527e-13,
    4.890666195075203e-13,
    4.860046005995068e-13,
    3.351536542532708e-13,
    5.619518953044767e-13,
    3.7286077080457647e-13,
    5.456700738844609e-13,
    5.351049921364485e-13,
    3.9473812973501363e-13,
    4.1906356101581273e-13,
    6.319380562780242e-13,
    5.67065063435687e-13,
    4.1556616961490384e-13,
    8.715401850382377e-13,
    5.88394865516467e-13,
    8.645330508548173e-13,
    8.751732910666325e-13,
    5.831573697143168e-13,
    8.941977261129862e-13,
    9.306014089309595e-13,
    5.699542897357486e-13,
    6.064591889232809e-13,
    1.035876766966573e-13,
    4.4146836250911454e-13,
    1.820763926728651e-13,
    3.5120798424156464e-13,
    3.4238070005738217e-13,
    7.180769515581297e-13,
    7.525480482091934e-13,
    2.5025812991859825e-13,
    3.8750148300737006e-13,
    3.712549811933731e-13,
    3.6596840058494366e-13,
    2.653810776780191e-13,
    4.315720246071579e-13,
    4.146613721481958e-13
  ],
  "rk": [
    1.0,
    4.0183515060812304e-05,
    2.0504576613345916e-05,
    4.007247020442091e-06,
    3.2214384823345024e-06,
    2.6336915944083445e-06,
    2.4585784828636337e-06,
    1.250508444778559e-06,
    6.989564708609123e-08,
    2.0708537674929397e-08,
    1.41602023797256e-08,
    1.4115709068089932e-08,
    2.1020125084231597e-09,
    6.664079648743462e-10,
    5.453745594742155e-10,
    4.615348941924727e-11,
    1.37316453789499e-11,
    1.1955569328655237e-11,
    8.322485546249724e-13,
    1.807594042153469e-14,
    1.1747244491984979e-14,
    2.542508721103205e-15,
    1.2083453818306553e-15,
    6.940142220047462e-15,
    2.0035954767162956e-15,
    1.377030600110479e-15,
    1.338097036538854e-15,
    6.69071043369399e-15,
    1.3252479195867094e-15,
    1.3230452858028955e-15,
    6.52990406923546e-15,
    2.1257902518119205e-15,
    6.7738866416281615e-15,
    1.9796711417378167e-15,
    1.911606235390428e-15,
    1.0783461164455422e-15,
    6.988231451963893e-15,
    1.6406147053519558e-15,
    1.064789958784049e-15,
    6.78969520807918e-15,
    3.3926681906061724e-15,
    6.54104685625707e-15,
    2.0895618160486557e-15,
    1.7715858175240678e-15,
    6.502354083971376e-15,
    1.7505935100827029e-15,
    1.6455558710434455e-15,
    1.2024862903983265e-15,
    1.01120087896342e-15,
    6.687352467522742e-15,
    2.190479820606624e-15,
    6.578784187039874e-15,
    1.1368635734415333e-15,
    6.841966949479947e-15,
    2.9431503247914087e-15,
    2.229292921958099e-15,
    6.588065467000546e-15,
    1.323493811563548e-15,
    1.0640229307685286e-15,
    1.0637036756110744e-15,
    6.891866732518986e-15,
    1.1144376691359295e-15,
    6.9062302206345e-15
  ],
  "exit_code": 48,
  "iters": 62,
  "mtx": "bwm2000",
  "method": "max-lf_alt-o_m3",
  "x_id": "sine"
}