{
  "fre": [
    0.0115833964405603,
    0.002351293822109067,
    0.0027328349047221583,
    0.0018753006146238873,
    0.0003596563415344346,
    0.0003275398372011109,
    0.00035925239240849834,
    0.0003375952307309637,
    0.0001788527831469868,
    4.226779907973378e-05,
    3.702406502349435e-05,
    3.436358979885039e-05,
    3.781836027149577e-05,
    3.891172643736709e-05,
    1.7480841360040376e-05,
    2.6820720761125783e-06,
    1.7320290584505223e-06,
    1.967358974502341e-06,
    1.386546224324589e-06,
    1.395267430156843e-07,
    1.6028204396124565e-07,
    1.868153883995092e-07,
    1.7266277276739386e-07,
    6.218144108556973e-08,
    6.02889453652954e-08,
    4.3196930881166764e-08,
    1.9423768276020444e-08,
    2.1266566568296806e-08,
    2.135924513353558e-08,
    1.6847439664912174e-08,
    3.2804887759396082e-09,
    1.2678956059590711e-09,
    1.195908997781583e-09,
    9.306820454048968e-10,
    5.401030765841235e-10,
    8.296502907786735e-11,
    2.8685352657676896e-11,
    7.555841112359763e-12,
    7.847323831783297e-13,
    3.0674282433504744e-13,
    3.218766928312515e-13,
    4.593692682142489e-13,
    4.628424428150232e-13,
    3.7915480326352074e-13,
    4.4990583577946904e-13,
    8.178421725848693e-13,
    4.1927091961615687e-13,
    5.832164856338065e-13,
    8.139873483534289e-13,
    5.7804371557318e-13,
    6.150660771730656e-13,
    3.700923630579312e-13,
    4.619951428360586e-13,
    5.525694366943833e-13,
    3.981674481763296e-13,
    5.242075513118736e-13,
    6.930596544605808e-13,
    4.893086423058072e-13,
    5.086034465637778e-13,
    6.151673011653812e-13,
    6.940330923658315e-13,
    6.154892500833323e-13,
    7.450650333908316e-13,
    8.083128566062194e-13,
    8.045873037461786e-13,
    7.2807098964524e-13,
    5.448840338053053e-13,
    6.037865901109414e-13,
    6.92647273334839e-13,
    6.728461232449624e-13,
    6.658221678562171e-13,
    7.50944974915963e-13,
    8.64815016969143e-13,
    7.176070517221938e-13,
    8.349109128861722e-13,
    9.096226847125726e-13,
    8.217759190830942e-13,
    9.37943385803544e-13,
    1.1184303263122016e-12,
    9.93317007778727e-13,
    1.056961839868499e-12,
    6.13300957901484e-13
  ],
  "rk": [
    1.0,
    0.007633888694555078,
    4.024541049729223e-05,
    3.271777389908696e-05,
    1.8879229280405327e-05,
    3.5384428699637734e-06,
    1.2212898693181727e-06,
    1.1851030773917192e-06,
    1.1812629043271833e-06,
    6.614839579582494e-07,
    3.58217833079163e-07,
    1.8655808197669344e-07,
    4.883674140339408e-08,
    3.4162511311899156e-08,
    3.40110928524283e-08,
    2.192728571808828e-08,
    9.776573197478891e-09,
    3.1298932975979536e-09,
    2.5515847041717504e-09,
    2.2733057032981368e-09,
    7.756506673743509e-10,
    3.3977299238989843e-10,
    2.396470241097249e-10,
    2.3176599865404785e-10,
    1.5270657782226245e-10,
    1.506017810864953e-10,
    1.293157927290002e-10,
    3.7996544501836525e-11,
    1.86419115931543e-11,
    1.8638264313519236e-11,
    1.739569173987041e-11,
    7.543068884251004e-12,
    3.1917364144118832e-12,
    3.1448974050186718e-12,
    3.0217397450175647e-12,
    2.2660291754166503e-12,
    7.774411914289253e-13,
    3.8443475363708253e-13,
    1.294540956054033e-13,
    2.5964428915055462e-14,
    7.465641117604969e-15,
    6.857608370236203e-15,
    2.6218710920484737e-15,
    1.2264958566242986e-15,
    6.9251412841854894e-15,
    5.8760857019712865e-15,
    4.251260288239153e-15,
    6.8697843336390676e-15,
    4.358579719999239e-15,
    3.120092924330517e-15,
    1.681009908842454e-15,
    1.639782306914054e-15,
    6.7992468430103965e-15,
    2.9575433573333718e-15,
    1.886301243494527e-15,
    6.738839669809909e-15,
    4.274143704364891e-15,
    2.6173051328106053e-15,
    1.194430667752629e-15,
    6.4681500248057414e-15,
    1.8857685163399427e-15,
    1.3526603284404669e-15,
    6.6240589519712096e-15,
    1.8315267469171677e-15,
    1.6486139112562542e-15,
    1.6464046718283712e-15,
    1.5412253855331984e-15,
    6.47155189415234e-15,
    6.746634941703424e-15,
    4.340868308738999e-15,
    4.331219401611151e-15,
    6.668012764155723e-15,
    4.301248413172358e-15,
    2.395637054288378e-15,
    6.855509709152726e-15,
    3.319811775872011e-15,
    1.67367578503761e-15,
    6.483043004053511e-15,
    4.278557703665158e-15,
    2.6964707770684005e-15,
    1.417954601861299e-15,
    1.143290235787798e-15,
    6.5826915915941784e-15
  ],
  "exit_code": 69,
  "iters": 82,
  "mtx": "bwm2000",
  "method": "max-lf_alt-i_m2",
  "x_id": "sine"
}