{
  "fre": [
    1.113717534797737,
    0.5980156323666811,
    0.32553648171894844,
    0.269316993301735,
    0.17903624183427128,
    0.11190835870749948,
    0.04660605661450161,
    0.04042894430827918,
    0.015943528244940598,
    0.011274922402194965,
    0.004682636801150184,
    0.005627379315034216,
    0.003278227958336507,
    0.0012969373947062485,
    0.0005858452593950612,
    0.0003817365088284177,
    0.0001339498350441136,
    8.863115165892961e-05,
    3.215123963968254e-05,
    1.5996476627944903e-05,
    1.0581612046919355e-05,
    3.0448139558385054e-06,
    2.5698006135845446e-06,
    1.6887070515743193e-06,
    7.184074728627335e-07,
    4.293513634446078e-07,
    4.1460410533295423e-07,
    1.7051774317999258e-07,
    1.5608738268625e-07,
    1.0023347046583084e-07,
    6.77364430415785e-08,
    3.762644610521685e-08,
    2.2551414248977008e-08,
    1.6166296539454663e-08,
    6.077258307246692e-09,
    2.275478042954827e-09,
    1.1619257801898445e-09,
    5.743452517912521e-10,
    3.604107224110816e-10,
    1.1219629429332792e-10,
    8.672817429300633e-11,
    5.873422031997235e-11,
    2.318293161678777e-11,
    1.0268261939301072e-11
  ],
  "rk": [
    1.0,
    6.646985856825672e-05,
    2.0242837939866017e-05,
    7.794878570772927e-06,
    6.431257562321216e-06,
    3.762326276022413e-06,
    2.6721263596995914e-06,
    1.5674033334077493e-06,
    9.849648426303274e-07,
    7.196402822914299e-07,
    3.166841837687815e-07,
    1.8751710807382746e-07,
    8.21187405650199e-08,
    5.495775095364337e-08,
    2.3758911113225312e-08,
    1.0970800007431747e-08,
    7.160478873957869e-09,
    3.2824381473381406e-09,
    2.273138439512341e-09,
    1.0084662128910417e-09,
    4.268079140936497e-10,
    3.4407284832878586e-10,
    1.6522427328934577e-10,
    1.420184496210392e-10,
    4.366414441266077e-11,
    3.5347137425183295e-11,
    1.8128270074231113e-11,
    1.299449284620256e-11,
    6.7883531706777705e-12,
    3.158557317466601e-12,
    2.074942814886369e-12,
    1.0447805967309807e-12,
    7.610263697069046e-13,
    3.967347547977317e-13,
    1.9353425362541877e-13,
    9.759926014926063e-14,
    4.2296183794007326e-14,
    1.9138410275035364e-14,
    1.1088736214818724e-14,
    5.590856851345357e-15,
    2.841621150575686e-15,
    2.567177683518637e-15,
    1.3033406470470507e-15,
    1.1519752986947335e-15,
    5.662145391338091e-16
  ],
  "exit_code": 0,
  "iters": 44,
  "mtx": "c-18",
  "method": "max-st_add_m4",
  "x_id": "sine"
}