{
  "fre": [
    3.672899253642583,
    1.935376772141841,
    1.7155629688723655,
    0.8418112608083351,
    0.6003541576822696,
    0.48577932725595796,
    0.33154769232486025,
    0.24581465040012898,
    0.15792267574283125,
    0.13521362939388443,
    0.06940903185638315,
    0.04159935237527434,
    0.023638313015527577,
    0.018082036965396193,
    0.015487207200254184,
    0.013528115142008301,
    0.006297419953486289,
    0.003965264904880782,
    0.002682462839625402,
    0.001103246309637088,
    0.0010157683130943757,
    0.0006013295127725701,
    0.0005261258665494619,
    0.0005433686466891793,
    0.000466871458237848,
    0.00016167466607319546,
    0.00016439165943374722,
    0.00010859543868729748,
    7.965924505277869e-05,
    3.718700994055461e-05,
    3.319472110124161e-05,
    2.006761750006454e-05,
    1.0035548364273987e-05,
    8.083011277610373e-06,
    4.091298786231414e-06,
    2.327904877900566e-06,
    1.93548846784436e-06,
    1.0217640201953756e-06,
    5.715269769807263e-07,
    2.796065355956561e-07,
    2.6597993911951846e-07,
    2.6062930335485115e-07,
    2.2156879296860476e-07,
    1.5866872440218745e-07,
    1.1587568371866415e-07,
    5.3390569789613745e-08,
    4.504492186762129e-08,
    2.4953943754346835e-08,
    2.069314402856397e-08,
    1.882490311891375e-08,
    1.0906168704843324e-08,
    9.665096164765803e-09,
    9.005899187744483e-09,
    5.755828488584521e-09,
    2.910157533077819e-09,
    1.1530904904806175e-09,
    9.337476119492068e-10,
    5.063886804210951e-10,
    2.0612036623024404e-10,
    9.049608675156838e-11,
    7.879291667139081e-11,
    5.372778419485623e-11,
    5.131192448299673e-11,
    6.157480896851946e-11,
    4.449072239206977e-11,
    5.1568841934976754e-11,
    3.7251593942095254e-11,
    1.1497599732025953e-11,
    1.0034662404330201e-11
  ],
  "rk": [
    1.0,
    0.00037739847199912846,
    6.39622068830233e-05,
    5.8707959344208164e-05,
    4.506239089865736e-05,
    3.29670746002461e-05,
    1.9196712058938506e-05,
    1.5093671556871408e-05,
    1.0189153441125029e-05,
    7.021229176093548e-06,
    5.849839859125735e-06,
    3.9935966317483125e-06,
    2.2336798717280026e-06,
    1.8148804235196911e-06,
    1.4220574152187608e-06,
    9.42647582323812e-07,
    5.217533894198398e-07,
    4.2277744687357544e-07,
    1.885237331367905e-07,
    1.2562161746508647e-07,
    7.003924178698588e-08,
    6.91285410053511e-08,
    5.6515859378555395e-08,
    4.6614096624463414e-08,
    3.329619669237798e-08,
    2.675052274755274e-08,
    2.181776135439681e-08,
    1.2109226812143803e-08,
    8.915618172117324e-09,
    3.748172754031835e-09,
    2.201182598129084e-09,
    1.6436169307064573e-09,
    1.0935604901097309e-09,
    8.984083491741855e-10,
    6.203613996154841e-10,
    3.766036464412376e-10,
    2.5756250710171377e-10,
    1.4024171872590237e-10,
    8.745076703894557e-11,
    4.116669431156427e-11,
    2.1260562490436953e-11,
    2.0981924971880523e-11,
    1.493167473082359e-11,
    1.3189150687378902e-11,
    9.319422273746398e-12,
    7.59451922674539e-12,
    5.5853912651724075e-12,
    4.455727619587612e-12,
    2.7608029733554775e-12,
    1.535674677231031e-12,
    1.0548720620547239e-12,
    8.460274066433002e-13,
    5.902288660495899e-13,
    3.9244891062565385e-13,
    2.500948181079117e-13,
    1.587588533678288e-13,
    8.078254117622212e-14,
    4.669443347510494e-14,
    2.0906471742063973e-14,
    1.317254514286626e-14,
    6.971692140451569e-15,
    6.5722981846779336e-15,
    4.845743202697989e-15,
    4.833934323736804e-15,
    3.679758598507561e-15,
    3.5357169942640886e-15,
    2.0214300588560178e-15,
    1.6284727807960193e-15,
    1.194487587650739e-15,
    8.996139247302067e-16
  ],
  "exit_code": 0,
  "iters": 69,
  "mtx": "c-18",
  "method": "max-st_add_m3",
  "x_id": "randn"
}