{
  "fre": [
    2.5782059301841502,
    1.8421485071693513,
    1.3058721722891107,
    2.0469657950205518,
    0.8962614095708209,
    1.0400854762858067,
    0.6275040029392616,
    0.43104335403586597,
    0.33298794658739184,
    0.23400296956712147,
    0.1522893349363104,
    0.10011986140567558,
    0.10434639402500483,
    0.07789730684652922,
    0.05951895545458997,
    0.027745398566124246,
    0.011803630412290655,
    0.005880409977708844,
    0.002975097968651531,
    0.0016970727861017252,
    0.0015189815436631494,
    0.0010688171448406819,
    0.0008818213913657866,
    0.0008234064955327371,
    0.0008604482181155959,
    0.0005081586849361349,
    0.00029438516775768636,
    0.00013297783532231154,
    9.543848924887706e-05,
    7.733848591070634e-05,
    5.976257805923156e-05,
    7.125818473989351e-05,
    3.8880808696627344e-05,
    3.082180234165851e-05,
    1.1201440845896206e-05,
    7.4570140520621736e-06,
    5.876034320901922e-06,
    3.6174138426925417e-06,
    2.504824272816804e-06,
    9.24396151099409e-07,
    7.438948842539416e-07,
    4.1601203380366337e-07,
    4.060848820246028e-07,
    2.1095219981258325e-07,
    1.9499164139413525e-07,
    2.1712744302198752e-07,
    1.4713126654555588e-07,
    9.708709366866513e-08,
    4.628436502082482e-08,
    3.820416116142113e-08,
    1.878083319811586e-08,
    2.4692675790265352e-08,
    1.1648262476468841e-08,
    1.2276365045296964e-08,
    5.031686322345141e-09,
    3.329944504782804e-09,
    1.5238987727471472e-09,
    9.487623011265785e-10,
    6.319469803675284e-10,
    2.888539743987447e-10,
    2.7067784865216966e-10,
    2.4862950695989906e-10,
    2.0211491564530147e-10,
    1.395836402762473e-10,
    1.3218870888236138e-10,
    6.517227013668001e-11,
    4.711396274220208e-11,
    7.304335799445094e-11,
    3.189350944465043e-11
  ],
  "rk": [
    1.0,
    0.00022599427227788205,
    0.00013869401274925995,
    0.00011330908007726397,
    8.686233793170769e-05,
    4.518951437494462e-05,
    3.439504743921351e-05,
    2.1074958699371556e-05,
    1.7751921054131595e-05,
    9.902040254811707e-06,
    7.66912698031787e-06,
    6.186729926947732e-06,
    4.531240124841348e-06,
    3.6087635133833427e-06,
    2.0911365558774337e-06,
    1.4114692647801286e-06,
    6.877859226905234e-07,
    3.580007484119199e-07,
    2.2526681360863863e-07,
    1.20981413341511e-07,
    7.229359341141405e-08,
    6.985872826759903e-08,
    5.112085830254564e-08,
    4.651238987187341e-08,
    3.914162775995688e-08,
    3.1667305521180745e-08,
    2.3209797083398135e-08,
    1.6400343687082473e-08,
    9.343854591188752e-09,
    5.335073788178834e-09,
    3.5881849516538805e-09,
    2.680915663846229e-09,
    1.746516896590606e-09,
    1.331775943810097e-09,
    6.448563431316365e-10,
    3.81056203997625e-10,
    2.4113816111725107e-10,
    1.4440380666070227e-10,
    1.1088316434970085e-10,
    7.093151589050874e-11,
    3.1778811142649963e-11,
    2.7580827103432476e-11,
    1.6885845796311206e-11,
    1.6855510070490548e-11,
    1.0498783363620858e-11,
    1.0183051733037828e-11,
    4.930936081453076e-12,
    4.641333949282536e-12,
    3.0095712447401584e-12,
    1.7138761283378993e-12,
    1.2801933584649178e-12,
    9.689572695784292e-13,
    7.921730738314157e-13,
    6.910291085525494e-13,
    4.072030186939474e-13,
    2.692223889604414e-13,
    1.3323546940885277e-13,
    8.01584135747157e-14,
    3.058731638552147e-14,
    2.0604291896305817e-14,
    1.1451919551826796e-14,
    1.1299703056867676e-14,
    8.664937638323583e-15,
    7.278735755127237e-15,
    5.912553905350058e-15,
    5.721947284961888e-15,
    4.134191806526332e-15,
    2.7425690755384284e-15,
    1.497114741034744e-15,
    7.850658209386536e-16
  ],
  "exit_code": 0,
  "iters": 69,
  "mtx": "c-18",
  "method": "max-st_add_m3",
  "x_id": "ones"
}