{
  "fre": [
    1.2968766631933228,
    0.7065959675291941,
    0.4949843187338183,
    0.24879400097098997,
    0.10037685939231436,
    0.08887807428564834,
    0.05494864765755626,
    0.018900935862619508,
    0.015275871771576842,
    0.005742398928000503,
    0.008456985705231313,
    0.0027471872373591192,
    0.0019013785358175488,
    0.0010076886919404067,
    0.00023721136094156277,
    0.00013319860525686468,
    8.07428784754859e-05,
    5.1072556808250455e-05,
    2.121577887210343e-05,
    1.0755775611217426e-05,
    8.578780781543287e-06,
    2.302301100647771e-06,
    2.527860317918621e-06,
    1.1389968800665367e-06,
    8.058644892348588e-07,
    3.868875861997835e-07,
    2.9128883701741396e-07,
    1.2525768260386427e-07,
    6.869193737719309e-08,
    4.6630463293665343e-08,
    2.887563556818487e-08,
    2.2660515192578302e-08,
    1.0479065973056261e-08,
    1.0493325210569741e-08,
    3.03297554143446e-09,
    1.5803466307018494e-09,
    6.26537729489335e-10,
    3.083810635577306e-10,
    1.0876835378450346e-10,
    4.0086639295091474e-11,
    3.134452220965748e-11,
    1.6862627148492916e-11,
    1.3518283839936524e-11,
    1.0523256261276784e-11
  ],
  "rk": [
    1.0,
    0.00010171393344670233,
    2.363461023336601e-05,
    2.1175413551847115e-05,
    1.156399812636148e-05,
    6.280187911359553e-06,
    4.457798452335901e-06,
    3.2439808354968185e-06,
    1.4043175966548688e-06,
    7.310942971629575e-07,
    4.321199874486357e-07,
    2.0411819878186166e-07,
    1.2796244676578874e-07,
    6.761124866795753e-08,
    4.220221120013417e-08,
    1.5514588718142814e-08,
    9.177241758401919e-09,
    4.536389070913153e-09,
    2.243055838737001e-09,
    1.3847818902121503e-09,
    5.611991807726726e-10,
    5.184029115118207e-10,
    2.7689098998116146e-10,
    1.8001859703582504e-10,
    9.842017752696587e-11,
    5.619268073740902e-11,
    2.596386681687321e-11,
    1.4315185228578843e-11,
    6.609549644017324e-12,
    4.174927306840806e-12,
    2.444936582826573e-12,
    1.4323825584247774e-12,
    7.622996107196588e-13,
    4.4320233658945267e-13,
    2.1012937345068259e-13,
    8.46954725202472e-14,
    5.162120013390586e-14,
    2.4375650978786385e-14,
    1.1237786945784834e-14,
    4.709738646670445e-15,
    2.2146560797809265e-15,
    1.9470554351414425e-15,
    1.277726648879032e-15,
    1.1655015256501033e-15,
    3.810067975089374e-16
  ],
  "exit_code": 0,
  "iters": 44,
  "mtx": "c-18",
  "method": "max-st_add_m4",
  "x_id": "randn"
}