{
  "fre": [
    1.5855735033976228,
    0.8803102782012093,
    0.7058432349917099,
    0.6754159945560462,
    0.426128982122358,
    0.3509928023749277,
    0.23764768851953824,
    0.18628469713827664,
    0.1662587833415813,
    0.1168377362584941,
    0.06823699839226523,
    0.06840480217887941,
    0.039894044451057556,
    0.03149782405429588,
    0.033344199522379665,
    0.015714062378806504,
    0.00998056985215187,
    0.0032421562861198964,
    0.0017331513665874228,
    0.00142301563158244,
    0.001372524657170039,
    0.0009701733032847862,
    0.0008668519417912216,
    0.0006048738905328959,
    0.0006039434339686605,
    0.00035132244965710614,
    0.00019951787821575445,
    0.00011180537475125304,
    8.279891715444728e-05,
    4.9616336742426384e-05,
    3.198722432679183e-05,
    3.703939636284618e-05,
    3.224502410637573e-05,
    3.0117471043831266e-05,
    1.6102159770006052e-05,
    5.519183563200754e-06,
    3.816662685193508e-06,
    2.0189823399751616e-06,
    1.834610081256517e-06,
    6.907764410676959e-07,
    6.479286245981415e-07,
    5.83652067182491e-07,
    5.313515484288756e-07,
    2.6516818953625654e-07,
    1.2206014227512097e-07,
    7.773228809649161e-08,
    7.527042616500912e-08,
    5.5660781234825026e-08,
    3.8679007895696423e-08,
    3.8121830480819636e-08,
    1.9659277163406013e-08,
    1.3815693236799137e-08,
    1.3204373215475188e-08,
    1.2549554264320117e-08,
    6.6951369236526336e-09,
    3.0999574716440502e-09,
    1.9741135943559654e-09,
    9.842036173152693e-10,
    7.51701786587454e-10,
    3.590248671785579e-10,
    3.037875306714037e-10,
    1.393818225899928e-10,
    9.518019792169466e-11,
    1.0164505629262462e-10,
    1.174065477710936e-10,
    7.797894347454745e-11,
    7.791646007521522e-11,
    4.525093739476451e-11,
    2.1850416862341526e-11
  ],
  "rk": [
    1.0,
    9.190469743280897e-05,
    3.44067722359481e-05,
    2.5874281306006375e-05,
    1.806351695740619e-05,
    1.1230326730228692e-05,
    1.0264565198527556e-05,
    7.610603617989672e-06,
    6.340129332100787e-06,
    4.596631387171255e-06,
    3.5636460054552116e-06,
    2.4025078339700164e-06,
    2.1293569824887396e-06,
    1.4895554745719882e-06,
    9.767979393434271e-07,
    6.71630606396367e-07,
    4.246600566240799e-07,
    2.57930165212487e-07,
    1.3400590903931877e-07,
    7.477141083111015e-08,
    3.970787593972302e-08,
    3.9475866764972646e-08,
    3.4396920219217654e-08,
    2.7856453321225132e-08,
    2.0473135843375913e-08,
    1.944166117637408e-08,
    1.3177757108893926e-08,
    1.031035786250689e-08,
    6.653354773562253e-09,
    3.2095356297906532e-09,
    2.174919988874837e-09,
    1.6714425774112484e-09,
    1.3443922638579368e-09,
    7.470440438479022e-10,
    6.188803622968725e-10,
    3.0829158692176334e-10,
    1.929287899260674e-10,
    1.1179708286284549e-10,
    6.417260153333267e-11,
    4.1186163110287045e-11,
    2.533659734731887e-11,
    2.5034254135854505e-11,
    1.974895229677954e-11,
    1.522546297378962e-11,
    1.1028953167801894e-11,
    9.000282648769224e-12,
    5.7788901818411665e-12,
    3.2702880216977515e-12,
    1.9531393250218047e-12,
    1.5066247433422347e-12,
    1.1222176286425465e-12,
    1.022480668816521e-12,
    7.465614341424905e-13,
    3.658285522877853e-13,
    2.592269597596227e-13,
    1.6132364506269875e-13,
    8.297499622770642e-14,
    4.957204240535607e-14,
    3.077028220565234e-14,
    2.5005940879057896e-14,
    1.3120288674994675e-14,
    1.237830285186127e-14,
    8.06661243183663e-15,
    6.3049844211164915e-15,
    5.463626902725439e-15,
    3.3645342943597982e-15,
    3.3043680696218327e-15,
    1.651963708879605e-15,
    1.39845191243495e-15,
    9.152044743531407e-16
  ],
  "exit_code": 0,
  "iters": 69,
  "mtx": "c-18",
  "method": "max-st_add_m3",
  "x_id": "sine"
}