{
  "fre": [
    2.0628780295939855,
    1.1212629965013041,
    0.4397028014579616,
    0.245923546262337,
    0.2526096419509291,
    0.0969523456071172,
    0.13005052831343702,
    0.062499316379504524,
    0.055371446198239326,
    0.02089674481553031,
    0.007680576848405384,
    0.005575663155500435,
    0.0028537830215008123,
    0.0014464291147780705,
    0.0007592149513068435,
    0.00038449803039993695,
    0.0002088235151281335,
    8.539545398178122e-05,
    6.595576677527229e-05,
    3.0669666843191716e-05,
    2.5829877302372367e-05,
    7.705923434121605e-06,
    7.331982952811621e-06,
    3.219255988787802e-06,
    2.40437152783318e-06,
    1.0699174574427693e-06,
    8.155372095567984e-07,
    5.374849395647481e-07,
    2.148344010841442e-07,
    2.549262193907526e-07,
    1.0948360150671784e-07,
    8.238833059110904e-08,
    2.1780777633589843e-08,
    1.599283681695833e-08,
    6.021974897040488e-09,
    3.0060496885750665e-09,
    1.3240969175140112e-09,
    9.251187651786287e-10,
    3.1527030421563886e-10,
    7.380784921336303e-11,
    5.765245547740811e-11,
    3.277977354047511e-11,
    1.9831758247655007e-11,
    1.3557801474040304e-11
  ],
  "rk": [
    1.0,
    0.0001378765875867542,
    7.797529689983508e-05,
    3.217364304541374e-05,
    1.8044757294767658e-05,
    7.2311738184007745e-06,
    5.50578073312938e-06,
    2.8839226528675007e-06,
    2.1882399851481284e-06,
    1.2428971774331858e-06,
    4.306005987410695e-07,
    2.3044780862934468e-07,
    1.291762796537629e-07,
    7.890766225527895e-08,
    4.170291973052781e-08,
    2.4580696815324258e-08,
    1.1195204771931932e-08,
    6.358570544232525e-09,
    3.3856266078821137e-09,
    2.192124384809085e-09,
    8.406908472623991e-10,
    7.828638052496861e-10,
    4.359648401554588e-10,
    3.1866087073680354e-10,
    1.5862382794853063e-10,
    1.0967861508092686e-10,
    5.1237430985231626e-11,
    2.5555501546120048e-11,
    1.5322687686591198e-11,
    7.714995535431367e-12,
    4.298699438582289e-12,
    2.543244798713426e-12,
    1.2084654741996218e-12,
    8.908744180308392e-13,
    3.627266420986597e-13,
    1.4130836796890318e-13,
    6.607983370205463e-14,
    2.0889845651244867e-14,
    1.1106403480576967e-14,
    5.768202282376424e-15,
    2.4281337169526848e-15,
    2.176852147954216e-15,
    1.205869527705385e-15,
    1.0895714498242718e-15,
    6.139460872962369e-16
  ],
  "exit_code": 0,
  "iters": 44,
  "mtx": "c-18",
  "method": "max-st_add_m4",
  "x_id": "ones"
}