{
  "fre": [
    42.447846078526545,
    223.60072254860063,
    10.822846096590348,
    5.967439261078916,
    3.1569598883138377,
    1.924182705144665,
    1.394633117074889,
    1.0265857209807705,
    0.6410430491135337,
    0.4368179915130011,
    0.2865519043787602,
    0.22410710898707106,
    0.12828760301184094,
    0.08117769181640297,
    0.04301046682064586,
    0.024992668985900645,
    0.011645649029690393,
    0.007482106536162022,
    0.004687821545342079,
    0.003013414185347186,
    0.0030052489499932363,
    0.00296846800305888,
    0.002251418556067214,
    0.0015598123584465542,
    0.001157751807905256,
    0.0008059161134080736,
    0.0005856735377854821,
    0.0004211754969194793,
    0.000274560854730947,
    0.0001869948970422488,
    0.000136239050175708,
    9.20225412295984e-05,
    6.379191825209204e-05,
    3.6166666490180705e-05,
    2.3416464547604978e-05,
    1.2942032051601688e-05,
    7.272688849441378e-06,
    4.823812979392542e-06,
    3.1663282869309675e-06,
    1.6578489666527653e-06,
    1.472654856048251e-06,
    1.4657296007728278e-06,
    1.2879399498875768e-06,
    6.908104341769748e-07,
    5.363419809830949e-07,
    3.335581810329648e-07,
    2.7889436407793013e-07,
    2.220197505269724e-07,
    1.6601223899755267e-07,
    1.2616956529576427e-07,
    8.545588679126858e-08,
    6.161624251955216e-08,
    3.68661007238645e-08,
    2.1233579292977455e-08,
    1.4511125627476077e-08,
    9.163418990929836e-09,
    5.215311789697526e-09,
    3.1700097065663617e-09,
    1.8211677058914195e-09,
    9.497793656251957e-10,
    9.475284696286794e-10,
    9.555742969043915e-10,
    6.250474846013549e-10,
    4.1869470155222616e-10,
    3.3711868475404974e-10,
    2.2903818351685384e-10,
    1.5679341997414713e-10,
    1.0470973826943647e-10,
    6.96369515737851e-11,
    4.664109078074093e-11,
    3.6985847160610583e-11,
    2.4216141580307318e-11,
    1.486186275340525e-11,
    9.697187572070235e-12,
    6.297327539196364e-12,
    4.10125855376855e-12,
    2.5884245355562364e-12,
    1.591280441790593e-12,
    1.0575889784392194e-12,
    7.253126518106915e-13,
    6.962794350289349e-13,
    6.636239751331085e-13
  ],
  "rk": [
    1.0,
    0.69366252423977,
    0.2842597399631758,
    0.02626865378764229,
    0.01584577942155748,
    0.006360548706235181,
    0.004567338098709549,
    0.002538380265240719,
    0.0019712584462099098,
    0.001360578891317705,
    0.0009584856078162339,
    0.0006358440462159772,
    0.00040653812268225185,
    0.00022810026360419182,
    0.00014923445831862905,
    8.880883900459504e-05,
    5.165064658742895e-05,
    2.3259666641121193e-05,
    1.3284310237106518e-05,
    9.268872238939748e-06,
    5.235434538837877e-06,
    5.226796751145181e-06,
    5.155153516859878e-06,
    3.973672269348865e-06,
    2.8359574459694205e-06,
    2.1291247637718742e-06,
    1.6458379906750642e-06,
    1.0391284339996893e-06,
    7.703103086448018e-07,
    4.7226307365636133e-07,
    3.1006459326828826e-07,
    2.2474534644417593e-07,
    1.3982058703469278e-07,
    1.0440795958931844e-07,
    6.608701744684486e-08,
    4.323226644076313e-08,
    2.4735514826338507e-08,
    1.334900818560986e-08,
    9.190532975096045e-09,
    5.788810973781092e-09,
    3.35551820470531e-09,
    3.1392175873166568e-09,
    1.9273584961159265e-09,
    1.873684305703271e-09,
    1.3595746482896642e-09,
    1.0384412976341327e-09,
    8.025386520940407e-10,
    5.715631312198532e-10,
    4.5013234081117126e-10,
    3.232076891847474e-10,
    2.388933757197887e-10,
    1.5647845490895635e-10,
    1.1011403546773763e-10,
    6.946603338459799e-11,
    3.8732908787410535e-11,
    2.514560299744999e-11,
    1.465070048145101e-11,
    8.819419758631337e-12,
    5.348040694576553e-12,
    2.961759496490477e-12,
    1.8049292936823623e-12,
    1.8024954400056242e-12,
    1.7748045718024381e-12,
    1.2779181131385614e-12,
    8.941798909518717e-13,
    6.846043466088655e-13,
    4.3474301408845637e-13,
    3.440080223294172e-13,
    2.331026164450264e-13,
    1.5772887875475994e-13,
    1.1011959993065718e-13,
    7.596942960679455e-14,
    4.43583403248069e-14,
    3.0829205418000264e-14,
    1.7628940739370784e-14,
    1.1906402492927883e-14,
    7.546483523484333e-15,
    4.776443757748149e-15,
    2.5540692721951662e-15,
    1.5586632226011185e-15,
    1.081396309010077e-15,
    1.0460274481678301e-15,
    8.235889845087593e-16
  ],
  "exit_code": 0,
  "iters": 82,
  "mtx": "c-19",
  "method": "max-lf_add_m4",
  "x_id": "ones"
}