{
  "fre": [
    3.3853078293808605,
    9.041682697539013,
    2.2138737180353,
    1.1438941573867045,
    0.9148599945152125,
    0.454630229424089,
    0.23382545153264184,
    0.10777325044722258,
    0.046299958895690996,
    0.022987348957655848,
    0.010086499937447082,
    0.006545214436561191,
    0.004163954743989928,
    0.0026237019606934284,
    0.0012022591745635496,
    0.0005442613841075079,
    0.0002681168429415205,
    0.00011905253047197148,
    4.547673619933035e-05,
    2.345165326483907e-05,
    2.3446038585896114e-05,
    2.3373792057632143e-05,
    1.6524160329430115e-05,
    1.1485800265348229e-05,
    8.199214577392964e-06,
    4.33689687515999e-06,
    2.917322608735004e-06,
    1.0991808555678842e-06,
    7.437627653593173e-07,
    3.523316188934718e-07,
    2.45370014370076e-07,
    1.1861430041605376e-07,
    5.279823724980775e-08,
    2.671240703601189e-08,
    1.468229621109443e-08,
    5.496855590307333e-09,
    3.0389288533992983e-09,
    1.3422141358532074e-09,
    5.917647716338353e-10,
    2.668854214688297e-10,
    2.6618495166533003e-10,
    2.5733805700113533e-10,
    1.4839447710042692e-10,
    5.714396398588593e-11,
    3.309042496850293e-11,
    1.8877253933375605e-11,
    1.7818344857505047e-11,
    7.215684671324733e-12,
    4.6117267592792555e-12,
    2.409212528280977e-12,
    1.1293514672043154e-12,
    5.126892155453392e-13,
    2.706655860226815e-13
  ],
  "rk": [
    1.0,
    0.05555022582727591,
    0.016241450618662442,
    0.007801487512202375,
    0.0045210028842371085,
    0.0027737094574185415,
    0.0015117968105680364,
    0.000693091912184931,
    0.0003243586990832692,
    0.00011513415887051043,
    6.618721401634258e-05,
    2.9191133783017795e-05,
    1.6112641917104616e-05,
    1.0580409180438288e-05,
    6.439199472430302e-06,
    3.3440591252625164e-06,
    1.2754261981050974e-06,
    4.759620239923903e-07,
    2.1699294595730266e-07,
    9.44581237653181e-08,
    4.403812514205327e-08,
    4.403141517356855e-08,
    4.3971326443022976e-08,
    3.390700351625678e-08,
    2.6111657718058065e-08,
    2.330109374403862e-08,
    1.3185239611032494e-08,
    7.829805639669965e-09,
    3.4959961671054506e-09,
    1.8220409885326911e-09,
    8.182877146016904e-10,
    4.362692892332456e-10,
    2.213237017340904e-10,
    1.1648782551527824e-10,
    5.212532332805823e-11,
    3.5662200081981844e-11,
    1.497436361697199e-11,
    5.718711614305925e-12,
    1.9934584125642646e-12,
    1.0224192735050356e-12,
    3.760594593413442e-13,
    3.757145302615979e-13,
    3.690343172477302e-13,
    2.9670973087881446e-13,
    1.1247153583242035e-13,
    8.347960326030194e-14,
    4.83617037701511e-14,
    3.72014346148909e-14,
    1.3713610959350115e-14,
    7.801128271901307e-15,
    4.0600333191074e-15,
    2.1612066664830535e-15,
    1.1882317474335267e-15,
    7.893007143614279e-16
  ],
  "exit_code": 0,
  "iters": 53,
  "mtx": "c-19",
  "method": "max-st_add_m4",
  "x_id": "randn"
}