{
  "fre": [
    3.7504959017726676,
    5.5804885650422,
    4.1618884299583225,
    2.0153185401470664,
    1.2486536367170267,
    0.8836637609434185,
    0.5664977578689455,
    0.3737971840822024,
    0.2028866733414424,
    0.13720809177738508,
    0.09150626279600622,
    0.06133815463336274,
    0.0354405590858958,
    0.020050295655840187,
    0.011765298349407349,
    0.007221557135853905,
    0.004309576496870683,
    0.002567826686692973,
    0.0015319873107837584,
    0.0009019859243885859,
    0.0009012077012934011,
    0.0008972589756058615,
    0.0006861831059204775,
    0.00040905687289013716,
    0.0003010277435281207,
    0.0002906649992573185,
    0.0002207405344441867,
    0.00014943643187528168,
    0.00010175912613517747,
    7.341387346908402e-05,
    5.5323841119180516e-05,
    3.0486247142725595e-05,
    1.882094234987832e-05,
    1.2597060142264405e-05,
    7.993619763742733e-06,
    4.879922649813456e-06,
    2.8442976931361877e-06,
    1.4829855076518053e-06,
    9.280369188030241e-07,
    5.475070201733471e-07,
    5.452437803049089e-07,
    5.056157017726877e-07,
    3.505705835344071e-07,
    2.476718011630468e-07,
    1.6409591231775622e-07,
    1.3126328214973342e-07,
    9.060454021744283e-08,
    5.937338767073549e-08,
    4.4235964837059745e-08,
    3.015988149922265e-08,
    2.4075903689774298e-08,
    1.6016973370267054e-08,
    1.0517012351396093e-08,
    8.110008999786322e-09,
    5.755486813216407e-09,
    3.29407804247111e-09,
    2.1545687675200584e-09,
    1.4146622086655257e-09,
    9.886370471472384e-10,
    5.268342924205602e-10,
    5.262202450058122e-10,
    5.243591203207018e-10,
    4.164298017632116e-10,
    2.801308272961822e-10,
    2.0811239479791451e-10,
    1.5561875604155934e-10,
    1.081890599253963e-10,
    5.7726728883545173e-11,
    3.6824019887024915e-11,
    2.5258001606106142e-11,
    1.590179097045237e-11,
    1.0149759075293676e-11,
    5.248122924189167e-12,
    3.3414775262906116e-12,
    2.07117103623097e-12,
    1.4108116067833966e-12,
    9.758681125354273e-13,
    5.306345675655574e-13,
    3.2051866151437317e-13
  ],
  "rk": [
    1.0,
    0.027626440041738115,
    0.010870012612318744,
    0.009605776904230156,
    0.007033341749940808,
    0.0041268444407294306,
    0.0030438086878187324,
    0.0019980996701133343,
    0.0013120811793596217,
    0.0007114711416476176,
    0.00046113310193468104,
    0.000329401758241748,
    0.00020100430533442762,
    0.00010088455138522561,
    5.532189123504227e-05,
    2.8934297075906743e-05,
    1.6838446830478075e-05,
    9.998222699255262e-06,
    5.995811648180236e-06,
    3.5090459619819195e-06,
    2.1133110219440794e-06,
    2.1124465162956044e-06,
    2.1006741401530282e-06,
    1.8087213937564586e-06,
    1.350573835463785e-06,
    1.0022135726529466e-06,
    7.438089248409541e-07,
    6.210315876401456e-07,
    4.1157566180507567e-07,
    2.9104168159673545e-07,
    2.0217869887107734e-07,
    1.4062478040617493e-07,
    8.834030530322294e-08,
    5.175837138017264e-08,
    3.217694742620745e-08,
    1.7600254552023846e-08,
    1.145305502921792e-08,
    7.31398430399257e-09,
    4.109103172215794e-09,
    2.311528288343304e-09,
    1.3282131534305441e-09,
    1.3245823382771723e-09,
    1.3073836484787233e-09,
    8.862428093821033e-10,
    6.119154759192204e-10,
    3.7343834695467806e-10,
    3.0812246584673815e-10,
    2.0553088025666885e-10,
    1.5199540024131412e-10,
    1.2396404555199862e-10,
    8.736439227720215e-11,
    6.743670837816543e-11,
    4.52535417671875e-11,
    2.953645465037944e-11,
    1.979876155285389e-11,
    1.4265211506769193e-11,
    8.753569687992236e-12,
    5.3832273398910285e-12,
    3.1472044875714275e-12,
    1.9109038462601525e-12,
    1.174842302565176e-12,
    1.173911478396879e-12,
    1.16212960723458e-12,
    9.095742768416926e-13,
    6.685417988064758e-13,
    4.964007935713398e-13,
    3.5304164827208217e-13,
    2.622434409463015e-13,
    1.4744446258565462e-13,
    1.0056293408873681e-13,
    6.405273889661586e-14,
    4.051178310450308e-14,
    2.771554807647075e-14,
    1.565784646082256e-14,
    8.5642662034458e-15,
    5.412707589083501e-15,
    3.478195658569483e-15,
    2.399172821279406e-15,
    1.399859619349824e-15,
    9.359849375772046e-16
  ],
  "exit_code": 0,
  "iters": 79,
  "mtx": "c-19",
  "method": "max-lf_add_m4",
  "x_id": "randn"
}