{
  "fre": [
    28.414310502320454,
    299.02707234914953,
    8.103290615608907,
    4.757692743542692,
    1.564725230115978,
    1.1514899340305087,
    0.8800507815511333,
    0.36684810999297135,
    0.18180065736017578,
    0.1108368507077808,
    0.0635590446074356,
    0.03941149621110358,
    0.020416181501632807,
    0.012288936182451525,
    0.005150811845947477,
    0.002148182219878048,
    0.0008414038991598981,
    0.00040675325679258854,
    0.00017598216328994215,
    8.760497768286591e-05,
    8.729345337712441e-05,
    8.74048686498046e-05,
    5.9243067587567814e-05,
    3.316383184366039e-05,
    3.009410469310674e-05,
    1.7421692166211643e-05,
    1.2486025647110395e-05,
    4.9868162946094625e-06,
    3.05087033180192e-06,
    1.3358804362616442e-06,
    5.754716244674105e-07,
    3.0514026766777887e-07,
    1.727714481850352e-07,
    9.595281011201343e-08,
    5.2533110567886205e-08,
    3.1130407150979754e-08,
    1.6240202797319922e-08,
    5.8170115994680026e-09,
    3.047199499603573e-09,
    9.145787739973428e-10,
    9.03476256264219e-10,
    8.546648212680296e-10,
    4.792340070354637e-10,
    3.2447480331681693e-10,
    1.787103612489686e-10,
    1.6204849861428802e-10,
    1.3011572780919128e-10,
    6.212582415625442e-11,
    2.6532939112080183e-11,
    1.636835616365426e-11,
    8.64447833531942e-12,
    5.547181345849258e-12,
    2.2216359608525526e-12,
    8.605710871265326e-13,
    5.169879753520664e-13
  ],
  "rk": [
    1.0,
    0.8611226318154478,
    0.42210681273226086,
    0.01705033236871681,
    0.008124053790130457,
    0.0038208035990020617,
    0.0023697216383504736,
    0.0014537254433702198,
    0.0007020749769226551,
    0.0003451480286061961,
    0.0001979811061648653,
    0.00011099799977391308,
    5.293034840795366e-05,
    3.566991175554912e-05,
    2.1840179953217015e-05,
    7.837525510439561e-06,
    2.92941157320974e-06,
    1.1988934130577795e-06,
    5.537963468388781e-07,
    2.4011027682929443e-07,
    1.4358061467839782e-07,
    1.433431398498355e-07,
    1.3652759387747134e-07,
    1.1309093704768237e-07,
    7.345523883067744e-08,
    5.681973235446408e-08,
    3.086051153332855e-08,
    1.5390301499174668e-08,
    6.181353116815156e-09,
    4.023528185058898e-09,
    2.2049544107576167e-09,
    1.2631377013515508e-09,
    5.610114433410365e-10,
    2.6683911838517986e-10,
    1.5089925539352749e-10,
    1.1086991653309533e-10,
    5.270601365819219e-11,
    2.15957742214293e-11,
    7.61779347483499e-12,
    3.177825233908534e-12,
    1.5049560087517575e-12,
    1.4939023250566694e-12,
    1.4852436593472582e-12,
    7.666038106377584e-13,
    6.115004153901654e-13,
    4.5313628445438445e-13,
    3.6949236296907313e-13,
    1.9329692540239498e-13,
    1.2052770811529943e-13,
    6.007173702545838e-14,
    3.126049193632988e-14,
    1.5431206125388994e-14,
    6.914920418363883e-15,
    3.595942980848219e-15,
    1.7130629478920754e-15,
    7.789683321875874e-16
  ],
  "exit_code": 0,
  "iters": 55,
  "mtx": "c-19",
  "method": "max-st_add_m4",
  "x_id": "ones"
}