{
  "fre": [
    7.273180813985283,
    23.631774447057992,
    3.552713317019783,
    2.262235029060044,
    1.2149598036619722,
    0.7222499576911896,
    0.48770149703003285,
    0.3470419300611946,
    0.16688224073453511,
    0.10004763486761051,
    0.04396824787938111,
    0.027932021545795344,
    0.013402323339613288,
    0.0077400397656453455,
    0.0031596837554053367,
    0.001139106894394842,
    0.000441392943071595,
    0.0002458870931664419,
    9.954136705479044e-05,
    3.505584476387332e-05,
    3.054258389612691e-05,
    1.996816578500503e-05,
    2.1062778792628445e-05,
    1.2464705810212205e-05,
    1.0441443362034578e-05,
    6.510842764346023e-06,
    4.384206362934312e-06,
    1.910169116100581e-06,
    8.880555430332687e-07,
    4.503217918152199e-07,
    2.2523897421729104e-07,
    1.1190750257167394e-07,
    7.14150123254979e-08,
    2.8634886193690926e-08,
    1.3832287893348657e-08,
    7.10821221777466e-09,
    5.988980627230866e-09,
    2.1735595596011114e-09,
    1.0941302612424283e-09,
    4.1394444859107127e-10,
    4.135854350184755e-10,
    4.0500661244007173e-10,
    2.2727804524742158e-10,
    1.4165711767417245e-10,
    1.1942860990620677e-10,
    6.030753525068708e-11,
    5.40607874442754e-11,
    2.0772072589882125e-11,
    1.3309698999860872e-11,
    5.8975500869957e-12,
    3.6357917376944084e-12,
    1.62162718749493e-12,
    7.744084583975648e-13,
    4.439833257927039e-13
  ],
  "rk": [
    1.0,
    0.11873544303596156,
    0.03474953638983919,
    0.010868593066599281,
    0.005677136309911231,
    0.003078484237850329,
    0.001856899642116144,
    0.0010162453479685316,
    0.0007999774115867357,
    0.00035952004626577143,
    0.00021010656601596665,
    0.00010264083765037802,
    6.44597018030032e-05,
    3.684694039839664e-05,
    1.6266249318731065e-05,
    5.399147721555601e-06,
    1.734141659669211e-06,
    7.453339246740276e-07,
    4.0160324198322335e-07,
    1.73771485306848e-07,
    7.279075973882624e-08,
    6.838442647195636e-08,
    4.5452676061078883e-08,
    4.523863559117605e-08,
    2.641985283594726e-08,
    2.243568849069857e-08,
    1.0843376154932149e-08,
    6.005819860115618e-09,
    2.6303320836604e-09,
    1.2991669967579883e-09,
    7.565819857015654e-10,
    4.6352431026906824e-10,
    2.2509262460785965e-10,
    1.0990757530398805e-10,
    4.718386712822525e-11,
    2.397552677912707e-11,
    1.6506143065391105e-11,
    8.950276798811135e-12,
    3.659647255058024e-12,
    1.430047791918328e-12,
    6.605445124919366e-13,
    6.60221512717694e-13,
    6.598203451032671e-13,
    4.43827206688461e-13,
    2.553874642361468e-13,
    2.2273240535296375e-13,
    1.66800182339382e-13,
    1.30237442666141e-13,
    5.986546843467582e-14,
    3.271466069195556e-14,
    1.5663612569329507e-14,
    6.78358948375849e-15,
    2.807213834557312e-15,
    1.5407201531399047e-15,
    8.614483240744607e-16
  ],
  "exit_code": 0,
  "iters": 54,
  "mtx": "c-19",
  "method": "max-st_add_m4",
  "x_id": "sine"
}