{
  "fre": [
    4.124570296118348,
    9.439193659645094,
    3.533379278662383,
    2.0659564300734137,
    1.6968188848355936,
    1.2049796126227426,
    0.7914976663685036,
    0.4046696606257886,
    0.29194199850109576,
    0.17441317360171832,
    0.1333131312962488,
    0.08048853554304886,
    0.04433309130148512,
    0.03998982410447696,
    0.01922504106732107,
    0.011868669667094213,
    0.006975938148887865,
    0.0041808661464594644,
    0.0036751448364700113,
    0.002060813119675722,
    0.0020592573848414696,
    0.0021065411404562868,
    0.001832228577000839,
    0.0010535733765531408,
    0.0009741258210700386,
    0.0008184036751687374,
    0.0006094638310097209,
    0.0003872646560468477,
    0.00029359288204901983,
    0.00016110424585916467,
    0.00011579990403481929,
    9.396125471687383e-05,
    4.691103797706963e-05,
    4.1029551099695666e-05,
    2.3075368009623858e-05,
    1.6176617099618268e-05,
    1.2258822491697353e-05,
    7.274435761444372e-06,
    4.715202258814392e-06,
    2.9331677846483768e-06,
    2.9177438611626183e-06,
    2.654248774352881e-06,
    2.377240813709697e-06,
    1.886095956558689e-06,
    1.3862709195934527e-06,
    1.025046209827405e-06,
    7.239330850614191e-07,
    5.117248035116511e-07,
    3.6279054965275627e-07,
    2.2482061225026197e-07,
    1.4946956698032448e-07,
    1.0150074722284827e-07,
    6.59866728218542e-08,
    4.303213022481019e-08,
    3.693151832192497e-08,
    2.1306678818034255e-08,
    1.561010636991117e-08,
    8.98989181548997e-09,
    7.035914433135148e-09,
    3.7700636292470844e-09,
    3.762156572926097e-09,
    3.642467988056804e-09,
    2.763063226048857e-09,
    1.538300865270692e-09,
    1.1702548626407699e-09,
    1.0308994576176581e-09,
    7.392903314732074e-10,
    5.616191690091204e-10,
    3.527563779328076e-10,
    2.249461077641821e-10,
    1.748664191728034e-10,
    1.134448345939767e-10,
    7.783522934323082e-11,
    4.8919713145141194e-11,
    3.022510421013226e-11,
    2.7559214581638185e-11,
    1.55121333475081e-11,
    9.748306874457621e-12,
    6.0421241029912475e-12,
    3.217147035784641e-12,
    3.2152647878334092e-12,
    3.2576590533464795e-12,
    2.472155544057157e-12,
    1.6186922428397398e-12,
    1.4521149420414833e-12,
    1.2974058375893378e-12,
    8.830115120136545e-13,
    6.529370369331655e-13,
    5.693418119849349e-13,
    4.112078147438464e-13,
    2.3588597947375284e-13
  ],
  "rk": [
    1.0,
    0.06377667272889082,
    0.01653726802324234,
    0.010492932177839474,
    0.007435916742690997,
    0.00649230208621059,
    0.00359209215238131,
    0.0027198463100845155,
    0.0014741672101353646,
    0.0008268760811304433,
    0.0005377581273261852,
    0.0003192266458941367,
    0.00022559328909972894,
    0.00014103182561895668,
    8.879282942093147e-05,
    4.6790733127484045e-05,
    2.7957180844689908e-05,
    1.8056623112496864e-05,
    1.1370966661455198e-05,
    6.647330054714066e-06,
    4.904367695579481e-06,
    4.902495406304451e-06,
    4.839902012953119e-06,
    4.253088496244836e-06,
    3.3501000296308463e-06,
    2.6453794843708266e-06,
    2.332606392271653e-06,
    1.5413722598217078e-06,
    1.0592164579914508e-06,
    6.265239437548118e-07,
    4.3221655368230344e-07,
    3.265097180386082e-07,
    2.1415864554100552e-07,
    1.3250445720237197e-07,
    8.544532380602966e-08,
    5.7193663340379506e-08,
    4.0970095424347336e-08,
    2.5205469699270214e-08,
    1.5713545618584672e-08,
    8.71588046835744e-09,
    5.468468901991592e-09,
    5.459787080998339e-09,
    5.232908720647723e-09,
    5.090155876872914e-09,
    4.625433666601268e-09,
    3.813224751292297e-09,
    2.803497941493825e-09,
    1.6298282244783969e-09,
    1.14184233697005e-09,
    7.500739113152786e-10,
    4.1693063675404834e-10,
    3.629138161598294e-10,
    2.3837672806015447e-10,
    1.6179284973947005e-10,
    1.0015467380916636e-10,
    6.417707776136311e-11,
    4.1957683371354694e-11,
    3.3234911514357645e-11,
    2.2797564419959145e-11,
    1.3024013901553037e-11,
    8.122203345550971e-12,
    8.11460904397623e-12,
    8.034959709921694e-12,
    6.82242929261631e-12,
    4.319631246855438e-12,
    3.311986452841955e-12,
    2.7893665496964093e-12,
    2.065078958695486e-12,
    1.214519177146674e-12,
    7.474315121830053e-13,
    5.177174205945297e-13,
    2.623407972667335e-13,
    2.005954983148793e-13,
    1.5515485678045948e-13,
    1.0558855824758237e-13,
    6.244863050437806e-14,
    4.6304695293841406e-14,
    3.157790076447996e-14,
    2.482076483162251e-14,
    1.3502462200072893e-14,
    9.529975288876168e-15,
    9.527069690334156e-15,
    9.485951349560364e-15,
    7.39219000182413e-15,
    4.70940825609178e-15,
    4.409592520805205e-15,
    4.129570741343327e-15,
    3.362104403723449e-15,
    2.6612115608223538e-15,
    1.6036882328993935e-15,
    1.2836795894991495e-15,
    7.899443915102873e-16
  ],
  "exit_code": 0,
  "iters": 91,
  "mtx": "c-19",
  "method": "max-st_add_m3",
  "x_id": "randn"
}