{
  "fre": [
    7.532015398349482,
    13.737113916848436,
    7.044561930540694,
    3.823465532900691,
    2.4108644916114215,
    1.6360976883081677,
    1.0927836196756455,
    0.8118324949978883,
    0.44975514398966354,
    0.29555146925854814,
    0.171353557750783,
    0.11264053869603369,
    0.06385777383064044,
    0.03607206355210842,
    0.019967493658321955,
    0.012187425965731044,
    0.007019502951470061,
    0.004072791746901309,
    0.002793831256164607,
    0.0021819834076727755,
    0.002175699313984868,
    0.002122501415115934,
    0.0014038413910802028,
    0.0009257179559383769,
    0.0006114711235271294,
    0.0005171598857716577,
    0.0003472294203775234,
    0.00023638117776046298,
    0.00016624766400673445,
    0.00010706343785826241,
    7.92609747602505e-05,
    5.182335761015137e-05,
    3.389249552122191e-05,
    1.8387287753731188e-05,
    1.0363943560759404e-05,
    6.486579422960592e-06,
    4.037057898763901e-06,
    2.7834106314415486e-06,
    1.6291079813391345e-06,
    9.221373435440324e-07,
    9.203974174065187e-07,
    9.10945135990474e-07,
    6.282934002839295e-07,
    3.6475447028036647e-07,
    2.9938254221579925e-07,
    2.4169703949369454e-07,
    1.7801490030500339e-07,
    1.415853241017909e-07,
    9.198387905296423e-08,
    6.814531410547468e-08,
    5.247883106745206e-08,
    3.2869968072903364e-08,
    2.1010626709710813e-08,
    1.4323880355100856e-08,
    9.06381425039986e-09,
    6.173823216242803e-09,
    3.6772567519595052e-09,
    2.244076039326999e-09,
    1.4662689902860335e-09,
    8.883880829190933e-10,
    8.734407493067821e-10,
    9.38978886179117e-10,
    5.190281645551182e-10,
    3.496337710940841e-10,
    2.6476857034767533e-10,
    1.8183615223901993e-10,
    1.2241686594011824e-10,
    7.459397552116787e-11,
    5.5868155034611626e-11,
    3.8787863515488156e-11,
    3.082146480784684e-11,
    2.2444399475092372e-11,
    1.3022859917101903e-11,
    8.518209578380204e-12,
    6.569110941164252e-12,
    4.269394345292152e-12,
    2.8136041115441136e-12,
    1.8192167072500536e-12,
    1.0410336060782206e-12,
    6.970291796978561e-13,
    6.965540804484933e-13,
    7.111257262340799e-13,
    5.699916346902171e-13,
    4.104803419631246e-13
  ],
  "rk": [
    1.0,
    0.07863902996381911,
    0.02015623006868535,
    0.015487660934044533,
    0.011062773741272538,
    0.007048610757867603,
    0.0045197947622942465,
    0.0025857550587144824,
    0.0020559112452594903,
    0.0011412756718263677,
    0.0008282950231943242,
    0.00040160737945316605,
    0.00025920799929366275,
    0.00014429412365839561,
    8.29287833853642e-05,
    4.9006902425914064e-05,
    2.825512253829133e-05,
    1.5256085982454996e-05,
    1.0404158221325709e-05,
    6.905817629978248e-06,
    4.578826742175268e-06,
    4.570488637597546e-06,
    4.5648256327299846e-06,
    3.1226408506001658e-06,
    2.238248349723653e-06,
    1.4114250909121203e-06,
    1.1458938313936387e-06,
    7.276315060549744e-07,
    4.7647107012764865e-07,
    3.2509684988919504e-07,
    2.186425511218101e-07,
    1.496555026952023e-07,
    1.0188625848403351e-07,
    6.627886538411801e-08,
    4.2352444190460265e-08,
    2.5931342911798587e-08,
    1.4824513069085295e-08,
    9.06570005187716e-09,
    5.703611512987963e-09,
    3.1594858067111853e-09,
    1.7567727132683885e-09,
    1.7551874942939254e-09,
    1.7429403737451349e-09,
    1.4137188444231599e-09,
    9.784625551516334e-10,
    7.728499850412274e-10,
    6.079108568182433e-10,
    4.5683470509783084e-10,
    3.2397521981602046e-10,
    2.2212463757656093e-10,
    1.56462689100956e-10,
    1.1024383361771082e-10,
    7.102777482378345e-11,
    4.5574679148029435e-11,
    3.0244116575048144e-11,
    1.715080738381202e-11,
    1.0932458983289112e-11,
    7.252137889278132e-12,
    4.493838152125287e-12,
    2.9593424611063368e-12,
    1.900317982425622e-12,
    1.878281223102349e-12,
    1.862122864729355e-12,
    1.2242540482907069e-12,
    7.82352404965866e-13,
    5.969740307462494e-13,
    4.1431415977065184e-13,
    2.8563673520633986e-13,
    2.0495887961691692e-13,
    1.568757754375097e-13,
    1.0841368046275306e-13,
    7.35081329495886e-14,
    4.8073051856795243e-14,
    3.302181152466896e-14,
    1.8993789230616492e-14,
    1.3275215962938323e-14,
    8.14402649773227e-15,
    5.258581471570488e-15,
    3.3212632895695384e-15,
    1.8603054960769668e-15,
    1.2944773859331583e-15,
    1.2938007394819388e-15,
    1.285798704900876e-15,
    1.088234747096742e-15,
    8.90648608426266e-16
  ],
  "exit_code": 0,
  "iters": 84,
  "mtx": "c-19",
  "method": "max-lf_add_m4",
  "x_id": "sine"
}