{
  "fre": [
    9.136989742433206,
    31.967887558192253,
    4.791985672496906,
    3.653195796792636,
    3.054010170452277,
    2.0828195178406532,
    1.3861813489873989,
    0.8882694870799854,
    0.47335660557688036,
    0.35521236839702924,
    0.23564065937797363,
    0.15324387241531032,
    0.09294471399726761,
    0.08837694506150151,
    0.05388662167691782,
    0.028218725346798514,
    0.01706338283994056,
    0.01388073867228718,
    0.008173790808217325,
    0.003962720128577686,
    0.003929343934110417,
    0.003619779980772779,
    0.003321306812659213,
    0.002377354334812363,
    0.0021213775905036393,
    0.0014990810961309376,
    0.001183334087041715,
    0.0006343922682629444,
    0.0004612721230437467,
    0.00032112525380774344,
    0.00018901892701739384,
    0.00013973355043740297,
    9.734998030901675e-05,
    6.476122117875776e-05,
    5.028305406001227e-05,
    3.186560995389289e-05,
    1.883068105559171e-05,
    1.165154012082434e-05,
    7.060974116815876e-06,
    4.847911894316135e-06,
    4.844613074520425e-06,
    4.7911959199962675e-06,
    3.7774391261492606e-06,
    2.438916570735395e-06,
    2.2317898936231258e-06,
    1.5224384533721465e-06,
    1.152504954505109e-06,
    7.988319975678304e-07,
    5.838987596110438e-07,
    4.1130202720182093e-07,
    2.1450430342631397e-07,
    1.4374768587505163e-07,
    1.0793930909385398e-07,
    6.433610345016443e-08,
    5.152001562490129e-08,
    2.9638485673007556e-08,
    2.1550073972161125e-08,
    1.9201140323056132e-08,
    1.025207418211394e-08,
    4.233318567007301e-09,
    4.217512076140638e-09,
    4.1820502110557066e-09,
    2.737499666640285e-09,
    2.251126297412666e-09,
    1.9316776753889235e-09,
    1.8838483923604777e-09,
    1.1552372002450892e-09,
    7.828982616564226e-10,
    4.900904985239321e-10,
    2.9833303767498223e-10,
    2.0535163166335595e-10,
    1.7801804862105145e-10,
    1.1473603027367568e-10,
    6.062975255789973e-11,
    3.751733616434952e-11,
    2.6788150945820666e-11,
    1.956063930641649e-11,
    1.1970904020282643e-11,
    6.79696871565163e-12,
    4.550499954681863e-12,
    4.550201329411248e-12,
    4.557955858443934e-12,
    3.2389676575689067e-12,
    2.64361985870003e-12,
    2.0990788258609348e-12,
    1.877163284989229e-12,
    1.3008005471123165e-12,
    9.367272154760868e-13,
    5.988950379362456e-13,
    4.968061105095149e-13,
    2.7768201237491674e-13
  ],
  "rk": [
    1.0,
    0.17086682705181064,
    0.0452359128061377,
    0.015306085932164846,
    0.009487071299000428,
    0.00857048402402905,
    0.005652734967724371,
    0.003994531852001773,
    0.0019030334832691325,
    0.0011122642966761914,
    0.0008669351754703515,
    0.0005494200321073831,
    0.0003712701525288568,
    0.0002005864110019379,
    0.0001272162611777007,
    8.887067058155802e-05,
    6.562537767866212e-05,
    3.848496810571816e-05,
    2.1552883824302857e-05,
    1.2565574441088654e-05,
    8.820280213564812e-06,
    8.78784747152874e-06,
    7.561511670559186e-06,
    6.797304837131857e-06,
    5.695820894076092e-06,
    4.748434633665191e-06,
    3.5786596692241506e-06,
    2.2414927055906905e-06,
    1.5138809845004022e-06,
    1.2183860488599452e-06,
    6.5087354040379e-07,
    4.700717977698672e-07,
    2.3832023969556392e-07,
    1.9716005799954144e-07,
    1.3183288147295054e-07,
    8.861561095553794e-08,
    5.978163587931894e-08,
    3.342957718853416e-08,
    2.3766279791740756e-08,
    1.419111442744388e-08,
    7.454964709758877e-09,
    7.453153631531981e-09,
    7.4501284877789335e-09,
    6.840586650531231e-09,
    5.284737106728487e-09,
    4.769099256793272e-09,
    3.179673325834627e-09,
    2.5115285503674335e-09,
    1.4871638328532069e-09,
    7.658717071103454e-10,
    5.851879962026327e-10,
    4.0930678593380565e-10,
    3.1699137708853337e-10,
    2.1775922588018479e-10,
    1.624123476242144e-10,
    1.014609147718861e-10,
    4.994797147277643e-11,
    3.249837668467047e-11,
    2.3006455911871182e-11,
    1.4571903526550673e-11,
    7.856697465080445e-12,
    7.84810285855852e-12,
    7.844481166524825e-12,
    6.6003916741697054e-12,
    5.257349615354551e-12,
    4.1993567235469095e-12,
    3.441983267418817e-12,
    2.208286591119141e-12,
    1.6262560806284165e-12,
    8.564716964038986e-13,
    5.404998275809129e-13,
    3.943334370704085e-13,
    2.4681376729829403e-13,
    1.5495181069166176e-13,
    9.993772929392595e-14,
    6.426713669228711e-14,
    4.238892896039683e-14,
    2.6349863085378358e-14,
    1.9747337887560213e-14,
    1.2368379980580073e-14,
    9.758612526342626e-15,
    9.758312836357474e-15,
    9.752460535313999e-15,
    8.446441616227831e-15,
    7.67568601967208e-15,
    6.528444787928756e-15,
    5.5808516841033346e-15,
    4.312294793217342e-15,
    2.7741870962381956e-15,
    1.7385067855333221e-15,
    1.0171454141589617e-15,
    7.803114656496551e-16
  ],
  "exit_code": 0,
  "iters": 91,
  "mtx": "c-19",
  "method": "max-st_add_m3",
  "x_id": "sine"
}