{
  "fre": [
    5.3190882096635805,
    5.750659391347417,
    3.05608544159254,
    2.5462554882110022,
    1.89894676689961,
    1.4676854177532344,
    1.20730557035165,
    0.8686716183028883,
    0.6171232252028342,
    0.4753640781086944,
    0.29865887833071164,
    0.22717686720764083,
    0.13699285624126264,
    0.12064945526241723,
    0.06971904051049814,
    0.06926382512650414,
    0.047573312923563774,
    0.03327126207296892,
    0.027921767369080024,
    0.020669897480192174,
    0.020502613764684516,
    0.01983282612399742,
    0.01698310497115706,
    0.013280487057623438,
    0.012257921511987516,
    0.005094574894882984,
    0.0032805343913457764,
    0.002863655962222214,
    0.0019833625816291474,
    0.0015796203928052182,
    0.001465453953937299,
    0.0010104734845381145,
    0.0009604648965003786,
    0.0006465865718719766,
    0.00038632771743601376,
    0.00034232279189849355,
    0.00027508442789695413,
    0.00016263630147187933,
    7.227979782351034e-05,
    4.4352607403446725e-05,
    4.387646077058951e-05,
    4.102325100411237e-05,
    2.9609969239558967e-05,
    2.2781170862994446e-05,
    1.6482050161340704e-05,
    1.5691353106393554e-05,
    1.3181517585603908e-05,
    8.759906744306449e-06,
    8.210768039259738e-06,
    5.724081835995596e-06,
    4.050930444460394e-06,
    3.2055851953829635e-06,
    2.9219653127694694e-06,
    2.4352082224206594e-06,
    1.4125812765577457e-06,
    8.945970444616267e-07,
    6.55876593987809e-07,
    4.952100206280707e-07,
    3.980710107161455e-07,
    1.8409821330915825e-07,
    1.705150400088852e-07,
    1.6692910592685086e-07,
    1.611101646807147e-07,
    6.959895989616107e-08,
    4.4508847252814135e-08,
    4.706702126636216e-08,
    2.7889630423485118e-08,
    1.4271688571851992e-08,
    2.078508170403578e-08,
    1.04170473431096e-08,
    7.77333617778871e-09,
    6.516183149307346e-09,
    4.6167182354531575e-09,
    3.684720041452116e-09,
    2.150781066737287e-09,
    1.3709768235730603e-09,
    1.0822553594283979e-09,
    8.710670672058381e-10
  ],
  "rk": [
    1.0,
    5.9808906150549324e-05,
    6.947214202677012e-06,
    3.494433828997338e-06,
    1.928652741365205e-06,
    1.3235080403467194e-06,
    9.977351573187336e-07,
    7.940873708497587e-07,
    6.085999497937617e-07,
    4.3880536246921666e-07,
    3.7030488551844193e-07,
    2.8010337982415385e-07,
    2.042592886194813e-07,
    1.5783676801438288e-07,
    1.4044474224650152e-07,
    1.0408041201862076e-07,
    7.191076029625013e-08,
    4.133510762965597e-08,
    2.0353971760188713e-08,
    1.4479399614731443e-08,
    1.202931376714048e-08,
    1.191479313343417e-08,
    1.175727270983484e-08,
    1.102275773923587e-08,
    9.909087249720994e-09,
    9.67946230458717e-09,
    6.0004089832004445e-09,
    4.3556525458177404e-09,
    4.2852167977844576e-09,
    3.166916704257613e-09,
    2.2538733403260847e-09,
    1.398820022321208e-09,
    7.921941066050419e-10,
    7.092131798905283e-10,
    5.722337593489252e-10,
    2.745041367220393e-10,
    2.4886535991422225e-10,
    2.035637746199445e-10,
    1.1073726365726202e-10,
    6.465135230939722e-11,
    4.0584399949837006e-11,
    3.9877469895081266e-11,
    3.529987378123987e-11,
    3.1889089191686224e-11,
    2.994201515444182e-11,
    2.59936548056835e-11,
    2.137016384462332e-11,
    1.5075953846298712e-11,
    9.35638162162514e-12,
    5.619152979111173e-12,
    4.0983608911989175e-12,
    2.404844584959042e-12,
    1.7522922530858014e-12,
    1.653445979918691e-12,
    1.511360209018137e-12,
    1.2009347963544823e-12,
    5.719039777432489e-13,
    2.9221816583143825e-13,
    2.5565855160793537e-13,
    2.276713864859502e-13,
    1.2982065722848355e-13,
    1.2164942349915836e-13,
    1.2058174985656093e-13,
    1.1913113517853262e-13,
    9.595482255290468e-14,
    5.973820185714228e-14,
    5.122411776225259e-14,
    3.317242179752294e-14,
    2.4863064512134796e-14,
    1.605435575381963e-14,
    1.1046137932215878e-14,
    7.643110734346942e-15,
    5.7170386887314475e-15,
    3.71609146644712e-15,
    2.4418594181937636e-15,
    1.834848140613335e-15,
    1.2425058670449666e-15,
    1.0377378414563948e-15,
    8.377646696339561e-16
  ],
  "exit_code": 0,
  "iters": 78,
  "mtx": "c-20",
  "method": "max-st_add_m4",
  "x_id": "ones"
}