{
  "fre": [
    3.7756331739357143,
    4.282426655508226,
    2.5454298124361454,
    2.64281449610285,
    1.9729492331113543,
    1.266760716090407,
    1.004119386392957,
    0.6474893542347964,
    0.47408064316012993,
    0.4020158988352896,
    0.31087621625575995,
    0.2537686190645058,
    0.1818663874329914,
    0.1469250427304601,
    0.0801979321075117,
    0.035079040433688466,
    0.02080146355066606,
    0.014318096520527877,
    0.012577953601437503,
    0.016772216396698673,
    0.01645309822454419,
    0.01373623231815799,
    0.010997429463105899,
    0.0030977432061240584,
    0.00262239927698043,
    0.003316139209913216,
    0.0034031211504383144,
    0.003318435334471653,
    0.002595190230938939,
    0.0018092978709810534,
    0.0012737537664368882,
    0.00046320497697587904,
    0.00040396687417674793,
    0.0003795723981296846,
    0.00024452822007885324,
    0.00015062581058247982,
    0.00011352519023724992,
    9.570437814984048e-05,
    6.181082078826631e-05,
    4.897516178610383e-05,
    4.85595757549421e-05,
    4.679406338956181e-05,
    4.233057326320358e-05,
    3.0825026878070194e-05,
    2.864788016965611e-05,
    2.537271675786902e-05,
    1.6036940289065936e-05,
    9.519623385011251e-06,
    6.624934464354868e-06,
    7.568470220752668e-06,
    6.146468585270788e-06,
    3.173029928314429e-06,
    2.2354437484210056e-06,
    1.7930362532796692e-06,
    9.01864895695227e-07,
    5.833337602478849e-07,
    4.6505563345520837e-07,
    4.6486150637013466e-07,
    3.351817222453907e-07,
    1.2121175818479605e-07,
    1.1682890271381243e-07,
    1.1307637059696234e-07,
    1.1278817462101156e-07,
    8.053777448216035e-08,
    3.8828294550621996e-08,
    2.696063399743888e-08,
    2.3541292604341212e-08,
    1.4760366695353211e-08,
    1.1020340918129082e-08,
    1.5251586394330875e-08,
    1.0346291523512009e-08,
    5.698786990973025e-09,
    4.849797813894258e-09,
    3.520271932152266e-09,
    2.7761339055147325e-09,
    1.831802674662608e-09,
    1.2988468359469164e-09,
    1.5724594680432034e-09,
    9.941949585758353e-10
  ],
  "rk": [
    1.0,
    3.650097841960378e-05,
    7.402197785938115e-06,
    2.473404190721934e-06,
    1.4183161231279593e-06,
    9.374754325839076e-07,
    6.864567706486098e-07,
    5.614702606852644e-07,
    4.388757754475418e-07,
    3.3097205584547827e-07,
    3.105420847106434e-07,
    2.3920468824525874e-07,
    1.9791789202947001e-07,
    1.7979475425151194e-07,
    1.0909005270377738e-07,
    6.988969992007335e-08,
    4.651945259830815e-08,
    3.032847474156272e-08,
    1.9795359552155346e-08,
    1.8017742481820623e-08,
    1.1264704074215561e-08,
    1.1069834118857611e-08,
    9.697317930061234e-09,
    8.163342496456856e-09,
    5.015323761135191e-09,
    4.253382164132612e-09,
    3.014350492507582e-09,
    2.7508551391949068e-09,
    2.47226880418857e-09,
    1.8181389947473696e-09,
    1.501353961980823e-09,
    1.0007777385026486e-09,
    7.066837535042559e-10,
    4.193538266591557e-10,
    3.301427556323806e-10,
    2.3016586942802337e-10,
    1.3618630632943662e-10,
    8.640379020004244e-11,
    6.38263361536316e-11,
    3.898140703436432e-11,
    3.234989929841989e-11,
    3.221140679142566e-11,
    3.146121076551506e-11,
    2.986159316490393e-11,
    2.587923078379488e-11,
    2.5400614996425375e-11,
    2.3884748828398853e-11,
    1.7520961517442448e-11,
    1.0965989043842283e-11,
    7.818964397988594e-12,
    5.774035256034573e-12,
    4.193858595834792e-12,
    2.802884693978344e-12,
    2.233431153607532e-12,
    1.511855042290874e-12,
    7.373016444932347e-13,
    4.417629707111442e-13,
    3.35103289566687e-13,
    2.3532158436833137e-13,
    2.0489813513516172e-13,
    1.21203412161578e-13,
    1.1591899529689956e-13,
    1.1509890775291206e-13,
    1.1454591513649933e-13,
    9.947272703390349e-14,
    4.326971619017862e-14,
    3.367054591598841e-14,
    3.0668824282021245e-14,
    2.1650756513177726e-14,
    1.6581952559948427e-14,
    1.0991255762519026e-14,
    7.162768032565112e-15,
    4.411090013152239e-15,
    3.4420454940893914e-15,
    2.7066728606425688e-15,
    2.4971981814310733e-15,
    2.160386306854115e-15,
    1.496180282759246e-15,
    1.1713471645237527e-15,
    9.99959246064801e-16
  ],
  "exit_code": 0,
  "iters": 79,
  "mtx": "c-20",
  "method": "max-st_add_m4",
  "x_id": "sine"
}