{
  "fre": [
    1.144319035569675,
    1.1163717904811958,
    0.6088940967241347,
    0.5442837982802857,
    0.43470335564389473,
    0.33596358768809503,
    0.25165331212543146,
    0.2189809308759006,
    0.13377377103443905,
    0.0948533088443622,
    0.07643244226732109,
    0.04286990629273536,
    0.03525037537801677,
    0.03046233839132417,
    0.01866191431151203,
    0.0170156738929416,
    0.014536543840051637,
    0.009412435470532202,
    0.008333656956025535,
    0.005447468340885249,
    0.005329162911304623,
    0.004998014059244126,
    0.004403366698104358,
    0.0037218535325951804,
    0.0036365875084556445,
    0.0021673959656389494,
    0.0014983684095166037,
    0.0010569869498208433,
    0.0009156782508156613,
    0.0004500276391796273,
    0.00029956442259268604,
    0.00022900506632195282,
    0.00020132961385879687,
    0.00014397776955264965,
    9.576976912073701e-05,
    6.701925901884915e-05,
    5.3815527680553847e-05,
    2.720930867343994e-05,
    1.8543484504692736e-05,
    1.6910034776090244e-05,
    1.6743267592825162e-05,
    1.3217557195503166e-05,
    6.616689816594443e-06,
    4.1194889396160715e-06,
    5.324096974571371e-06,
    5.290368609515986e-06,
    4.571499814366409e-06,
    2.677918465361237e-06,
    1.9527431125296277e-06,
    2.0443703433422263e-06,
    1.6522385156495005e-06,
    9.819224353789037e-07,
    5.179451400450977e-07,
    2.7806699883885105e-07,
    2.1314251389247724e-07,
    1.5201879787979535e-07,
    1.5744832413157842e-07,
    1.4174739283243452e-07,
    1.0307075977137282e-07,
    8.371206512342275e-08,
    8.330336836930626e-08,
    8.379626706755423e-08,
    5.616635295109615e-08,
    4.508384997213936e-08,
    4.3915337580112674e-08,
    3.7857171681908564e-08,
    2.8003604131718805e-08,
    1.0278216786272621e-08,
    6.301724584689379e-09,
    6.2702839142672315e-09,
    5.070642796390804e-09,
    4.737683585624884e-09,
    2.6197074611420797e-09,
    2.1116873231294123e-09,
    1.6063642307829265e-09,
    9.836650464531912e-10,
    1.0005174034726229e-09,
    6.621041790713262e-10,
    4.3169247851842623e-10
  ],
  "rk": [
    1.0,
    1.066856419303711e-05,
    3.539398706766207e-06,
    1.7442126298198393e-06,
    1.3011386292098405e-06,
    7.488832055922755e-07,
    5.427690745098831e-07,
    4.6473519802012457e-07,
    4.436047120489641e-07,
    3.4157131914816033e-07,
    2.5564518734453843e-07,
    2.2391200657386413e-07,
    1.630974234169577e-07,
    1.1894512270533632e-07,
    9.016259712839661e-08,
    4.989900949408872e-08,
    3.225125850654582e-08,
    1.969947002853667e-08,
    1.1510523886481553e-08,
    1.049511631203329e-08,
    8.26999173957025e-09,
    8.099431932772205e-09,
    7.843511909213856e-09,
    7.522237288521458e-09,
    7.097440142063773e-09,
    6.498546816172729e-09,
    5.069578922184743e-09,
    3.4439609513240643e-09,
    2.499662617811691e-09,
    2.291573853172311e-09,
    1.0699680108811554e-09,
    7.27512242151352e-10,
    4.985078737011011e-10,
    2.911439056446361e-10,
    2.17007735417097e-10,
    1.701247150287078e-10,
    1.3225740594819495e-10,
    1.0870710606738286e-10,
    7.246092672870678e-11,
    3.345299943243267e-11,
    2.4658997635923932e-11,
    2.460678520303777e-11,
    2.3119427017171273e-11,
    1.9190963210762515e-11,
    1.3967482750388237e-11,
    9.80370380140353e-12,
    6.564664375625955e-12,
    5.4867014661047066e-12,
    4.4979917362077445e-12,
    3.878546233194657e-12,
    3.781040563968796e-12,
    2.7779529782509373e-12,
    1.2963868332251987e-12,
    8.013269940185006e-13,
    4.88622396594851e-13,
    4.0987823018625897e-13,
    3.610612176370172e-13,
    3.0484588175761657e-13,
    2.6863446085232785e-13,
    1.9864767048083437e-13,
    1.0910000617905166e-13,
    1.0270210990479016e-13,
    1.0266829210510154e-13,
    8.189849681056159e-14,
    6.975961955196938e-14,
    6.922607109924844e-14,
    5.887518821027635e-14,
    4.1760141458567056e-14,
    2.5103653729634396e-14,
    2.1147980616770363e-14,
    1.2785154336078061e-14,
    1.1202571677074547e-14,
    5.477314930633012e-15,
    3.247224916168409e-15,
    2.5378287744457963e-15,
    2.182528256740373e-15,
    1.4312011143942967e-15,
    1.3789262717259237e-15,
    1.0190766748183387e-15,
    6.532658126180982e-16
  ],
  "exit_code": 0,
  "iters": 79,
  "mtx": "c-20",
  "method": "max-st_add_m4",
  "x_id": "randn"
}