{
  "fre": [
    13.444908923757247,
    13.454332127420948,
    4.043728707590758,
    2.9048578986278866,
    1.8352100936141313,
    0.826523338550323,
    0.3090189102347417,
    0.1343894155468535,
    0.06214654656525765,
    0.024458747179200213,
    0.009857024706578914,
    0.003388712728147651,
    0.0013340874600485952,
    0.0004630998394999687,
    0.00024085480560990475,
    8.911220766854077e-05,
    4.171117320572595e-05,
    1.5171491338781133e-05,
    4.941119921275049e-06,
    1.9944849175545884e-06,
    1.3578622896933073e-06,
    1.2153862400746692e-06,
    1.0886645262231793e-06,
    6.172810163533538e-07,
    3.2481193129000574e-07,
    2.5228178656087785e-07,
    1.1657675378531699e-07,
    5.704218516848178e-08,
    3.3561037728370607e-08,
    1.4476942855219032e-08,
    6.158355129610435e-09,
    1.876669279963906e-09,
    8.264447609185451e-10,
    2.784226295755515e-10,
    8.798198764036426e-11,
    3.620096120197142e-11,
    1.5245461720379646e-11,
    5.0804534919667275e-12,
    1.7889968266033898e-12,
    5.153614268940938e-13,
    2.7149290593647664e-13,
    2.2293100942607564e-13,
    2.2940235988452004e-13,
    1.4994476009816425e-13,
    6.353745911095139e-14
  ],
  "rk": [
    1.0,
    0.39912934060437166,
    0.35520728088516695,
    0.10054902687998334,
    0.0822431343447493,
    0.03161457017013847,
    0.01130361744248983,
    0.003491987259976993,
    0.0014117386220416494,
    0.0006745345690660744,
    0.00025514914913608513,
    0.00010155008246204352,
    5.751069551387551e-05,
    1.4636295943544204e-05,
    3.764296239428229e-06,
    2.1876175167870313e-06,
    9.196145597200713e-07,
    3.2221317617790154e-07,
    1.2799714645595117e-07,
    4.368083798135118e-08,
    1.4713783196486185e-08,
    1.1773209800641991e-08,
    1.1216399979504092e-08,
    1.034012173817959e-08,
    7.790035886891831e-09,
    5.472157768281031e-09,
    3.824119858341369e-09,
    1.1942262011415e-09,
    5.162732973419374e-10,
    2.410416495387489e-10,
    1.0499021706173e-10,
    5.0457236739622905e-11,
    1.6224353441379587e-11,
    5.8700425690823606e-12,
    1.8814123109223718e-12,
    8.124465146788906e-13,
    2.619115481962795e-13,
    1.0327735208588343e-13,
    4.2285948452418216e-14,
    1.6822347059052488e-14,
    5.285934429726108e-15,
    3.0393600169612227e-15,
    2.6110386756381054e-15,
    2.3309217616522215e-15,
    1.4564375828170113e-15,
    7.791644350715464e-16
  ],
  "exit_code": 0,
  "iters": 45,
  "mtx": "c-23",
  "method": "max-st_add_m4",
  "x_id": "ones"
}