{
  "fre": [
    0.9654414790402147,
    0.45524948401571125,
    0.42869803440432946,
    0.3780135727511422,
    0.14181563936072308,
    0.10454101518301018,
    0.053736522750455436,
    0.037085237872974054,
    0.017625183455020395,
    0.011137612883593344,
    0.0033053695051849644,
    0.0016559570652993371,
    0.0006797031420993507,
    0.00024398734776455506,
    9.812670372995093e-05,
    3.383688757826718e-05,
    1.1363886299031897e-05,
    5.2164772023465975e-06,
    1.9390764464195643e-06,
    6.804499407895192e-07,
    4.921115420556216e-07,
    4.911890392835629e-07,
    4.4194199487800506e-07,
    2.588323562386084e-07,
    1.3230680432273464e-07,
    9.113974318597716e-08,
    4.3844893299540545e-08,
    2.062766351754879e-08,
    8.698272344561676e-09,
    4.076396503493725e-09,
    2.1662118503284592e-09,
    8.459022756513758e-10,
    3.1571617801935957e-10,
    9.825305384120402e-11,
    5.140522100423801e-11,
    1.8679112602977222e-11,
    5.935605410016515e-12,
    2.258197427264198e-12,
    1.0603996056751218e-12,
    3.082051214939924e-13,
    1.7844645714584227e-13,
    1.4534984462050793e-13,
    1.216463821168931e-13,
    8.439118208781783e-14
  ],
  "rk": [
    1.0,
    0.018147227917429044,
    0.00901179239543974,
    0.008789405523894232,
    0.006079658433850077,
    0.0027718661402675354,
    0.00204387667263636,
    0.0009016033811762328,
    0.0005128317745943803,
    0.0002535594078318757,
    0.0001301855398491485,
    4.518270101355939e-05,
    1.7192721918638022e-05,
    8.613827179883656e-06,
    3.1905873327443533e-06,
    9.524889103178745e-07,
    4.415963721484832e-07,
    1.4598724487397585e-07,
    5.249655065495825e-08,
    1.6938427672773262e-08,
    6.253398068541697e-09,
    4.5323248152689275e-09,
    4.532126665355633e-09,
    4.098187447496811e-09,
    2.94009420423164e-09,
    1.8356013833216973e-09,
    1.1083326365113805e-09,
    5.405296306640661e-10,
    2.125544415602192e-10,
    1.227296913733024e-10,
    3.939263139968975e-11,
    1.780391175558433e-11,
    7.115509338278867e-12,
    2.6767298689989654e-12,
    9.47723223279829e-13,
    3.6741650576247317e-13,
    1.6458260338161267e-13,
    5.802226145151738e-14,
    1.807666001883116e-14,
    6.219737821456304e-15,
    1.7138256449421198e-15,
    1.334103537331428e-15,
    1.1598287332508386e-15,
    1.067128858498551e-15,
    7.945618864544245e-16
  ],
  "exit_code": 0,
  "iters": 44,
  "mtx": "c-23",
  "method": "max-st_add_m4",
  "x_id": "randn"
}