{
  "fre": [
    12.484646895377388,
    9.051345951793815,
    7.509981966079831,
    4.502896866864046,
    8.626592734122225,
    4.260256898632282,
    2.8063621368726968,
    2.1786468483873813,
    1.6365091019031726,
    1.1654702248989108,
    0.7040895683797446,
    0.20210921608459081,
    0.0633454210675661,
    0.0371186785422506,
    0.021926769826575914,
    0.014390803072460052,
    0.010130936837126223,
    0.005070977094990227,
    0.0029792973177883986,
    0.00195865782467201,
    0.0018786589159327245,
    0.0023027171709396684,
    0.0036386472393080765,
    0.0012177009439410867,
    0.0012017476326444732,
    0.0007215030876724535,
    0.0005137079540534663,
    0.0002782452404940939,
    0.00023453131938797864,
    0.00018773664150137937,
    0.00012727683151284676,
    6.303517403930544e-05,
    3.4966726819530136e-05,
    2.8484612953108717e-05,
    2.494565022236517e-05,
    1.621927713123886e-05,
    6.885704125576995e-06,
    4.134377371523305e-06,
    3.338923237999074e-06,
    2.353802507906134e-06,
    2.294302930141096e-06,
    2.0125742298796357e-06,
    2.2719618894079774e-06,
    1.7157440781487495e-06,
    8.626934762815398e-07,
    7.129566944162404e-07,
    4.578776694407942e-07,
    3.2885839671152954e-07,
    1.9839337780455442e-07,
    1.4063865597388472e-07,
    1.3401556580555566e-07,
    9.515310907714223e-08,
    7.963874205782164e-08,
    5.525916502842633e-08,
    2.2550051758811944e-08,
    1.2558358311179097e-08,
    2.009299648218023e-09,
    1.7786390641062132e-09,
    1.3641917841088572e-09,
    1.2135226921472084e-09,
    1.190172952217331e-09,
    1.1354141441976903e-09,
    1.1893384771923596e-09,
    1.0606865683380405e-09,
    4.599548256079403e-10,
    2.665864988282973e-10,
    8.962366617817521e-11,
    6.760642886456835e-11,
    6.44305497217334e-11,
    4.443364728381148e-11,
    3.9154746597137337e-11,
    2.437713135264696e-11,
    2.4771576905508804e-11,
    1.648443133346393e-11,
    9.987194380780806e-12,
    7.843526724974847e-12
  ],
  "rk": [
    1.0,
    0.04798789063854662,
    0.006604066630036937,
    0.006340834805204247,
    0.0030602049948222653,
    0.002451025492894148,
    0.0017563131052846742,
    0.0006424795980795134,
    0.00039521375115355494,
    0.0002925761118072677,
    0.00022767513819008483,
    0.00017851261518108094,
    9.154578391044709e-05,
    4.588134240033167e-05,
    3.760991440416477e-05,
    1.881872541018362e-05,
    8.231095727010021e-06,
    4.948522270113631e-06,
    3.4783344846034567e-06,
    1.8302373637158601e-06,
    1.1016207450187704e-06,
    1.0695606798101174e-06,
    8.669663626430174e-07,
    6.783828650455524e-07,
    5.270754144116075e-07,
    5.056600482913079e-07,
    2.4401910797682733e-07,
    2.2024503792479957e-07,
    1.317129279004164e-07,
    1.085088823974836e-07,
    5.615333654378564e-08,
    4.332299112448577e-08,
    2.8514721501093728e-08,
    1.963588460192519e-08,
    9.782030990549532e-09,
    6.43797408797867e-09,
    3.757152998164116e-09,
    1.921641232685001e-09,
    8.50172017333488e-10,
    6.148508030413006e-10,
    3.572205546069106e-10,
    3.5203729244508456e-10,
    3.1481022281540493e-10,
    2.8963187741521027e-10,
    2.783461132734487e-10,
    1.5021743014605117e-10,
    1.2571066240601915e-10,
    7.54160263622971e-11,
    6.398886874522787e-11,
    4.411553236066563e-11,
    3.1682294363858095e-11,
    2.5214766324306642e-11,
    1.2281373653947488e-11,
    6.916832286153277e-12,
    4.325282137883155e-12,
    2.379171644002736e-12,
    1.8719888320490164e-12,
    7.426826697488439e-13,
    6.276718299982791e-13,
    2.534680310927475e-13,
    1.7451023770981008e-13,
    1.737251014333762e-13,
    1.7089863103015166e-13,
    1.7024170442793042e-13,
    1.6711113283380738e-13,
    1.2283787897844003e-13,
    9.075001868691125e-14,
    4.579118172518234e-14,
    3.316108105261287e-14,
    2.406554747338077e-14,
    1.3585669538344066e-14,
    1.1070169008784936e-14,
    8.205251813117285e-15,
    4.4829106355209235e-15,
    2.8273725078486473e-15,
    1.369864550000287e-15,
    8.232078731314659e-16
  ],
  "exit_code": 0,
  "iters": 76,
  "mtx": "c-27",
  "method": "max-st_add_m3",
  "x_id": "sine"
}