{
  "fre": [
    10.431358540560904,
    7.5748227877101115,
    5.315343475710042,
    4.413200767977854,
    4.528529538653736,
    3.57342267376953,
    2.5318706881576905,
    1.9149341195084786,
    1.3483625976414062,
    0.8547949943600455,
    0.5280228089980501,
    0.303741397860956,
    0.14547577974682294,
    0.08256447573429378,
    0.057295779891943906,
    0.044559013807392626,
    0.03697431729578894,
    0.024439612632663785,
    0.01926064770686967,
    0.009060609896443743,
    0.00848621623718202,
    0.01222999152195152,
    0.011587075179593896,
    0.003817048150881234,
    0.003795051654790099,
    0.0037222077162246746,
    0.003140523423602188,
    0.0022911960194070616,
    0.0011775536141507576,
    0.001055885279712782,
    0.0006644998546073187,
    0.00030360266189188005,
    0.00019705229730008846,
    0.00012159956654387506,
    8.885782551258081e-05,
    5.552049877191225e-05,
    2.1721358956404213e-05,
    1.4099571302393568e-05,
    1.1807568974124626e-05,
    1.0393493022539456e-05,
    1.0320915134076692e-05,
    8.9424185915676e-06,
    7.835289957124875e-06,
    7.710985168468682e-06,
    8.29623129446305e-06,
    2.448568760362866e-06,
    1.269751513161834e-06,
    1.124350843092705e-06,
    7.793661003808164e-07,
    6.570812295288587e-07,
    5.7272635822432e-07,
    2.5431946905290726e-07,
    2.975340000935956e-07,
    1.9253302104044296e-07,
    9.438634454305958e-08,
    8.845296262150258e-08,
    3.734187749142946e-08,
    1.3353475216583527e-08,
    7.247873742390702e-09,
    4.354991678489745e-09,
    3.836576802530629e-09,
    2.6139904058126144e-09,
    2.5576249336534375e-09,
    2.499183972118908e-09,
    1.6839813469476961e-09,
    6.821605781523455e-10,
    5.233479823277972e-10,
    4.218788604859878e-10,
    2.964143757352837e-10,
    1.7504679091446724e-10,
    1.9074051571271083e-10,
    1.5667818523993462e-10,
    1.441165659950181e-10,
    1.0469610841547921e-10,
    6.139144082811315e-11,
    4.1322812436142456e-11,
    2.2008305261248418e-11,
    1.3725641450683117e-11,
    1.3177765617492616e-12
  ],
  "rk": [
    1.0,
    0.20174591450866639,
    0.007620158406843022,
    0.00270921358324462,
    0.001866685622821874,
    0.0015206811532485218,
    0.0012612893534960895,
    0.0006794641022898966,
    0.0005201706337095804,
    0.00038454925619897575,
    0.0002814452618160953,
    0.00020773528101519412,
    0.00014942351456000578,
    8.66635778796994e-05,
    5.554373470135055e-05,
    3.302351686416032e-05,
    2.3052915089626604e-05,
    1.4194731985402062e-05,
    8.788291582749165e-06,
    5.476700111438523e-06,
    4.1276201196639865e-06,
    4.096715966560786e-06,
    3.985035426863982e-06,
    3.482402988774653e-06,
    1.703563846072833e-06,
    1.3130367577219774e-06,
    8.752048636983763e-07,
    5.929034529930317e-07,
    4.123633523474685e-07,
    2.2118605495420516e-07,
    1.5909365813624457e-07,
    1.1358616560266774e-07,
    6.173311127416342e-08,
    3.9337781386346025e-08,
    1.912594951901492e-08,
    1.4542169714923678e-08,
    1.0255577917071288e-08,
    6.493326567769892e-09,
    5.22759947728732e-09,
    2.7352650740428212e-09,
    1.5143462142603449e-09,
    1.4762241788640479e-09,
    1.4422106829848823e-09,
    1.3140376362246875e-09,
    1.3015200671228958e-09,
    1.2291633443676078e-09,
    5.754622245414054e-10,
    4.273526138583453e-10,
    3.695659371880156e-10,
    2.798849061691381e-10,
    1.8018716173692022e-10,
    1.6217096693170636e-10,
    9.645195403596862e-11,
    5.234720166930201e-11,
    3.2527513445484816e-11,
    1.1971910864463762e-11,
    8.786589775726342e-12,
    5.23966033388179e-12,
    3.000774045794751e-12,
    1.672963599105926e-12,
    9.388441249780872e-13,
    8.934842611337718e-13,
    7.033432324109862e-13,
    6.979779730310189e-13,
    6.773078389116281e-13,
    5.272796475623755e-13,
    4.070132054074065e-13,
    2.1611065462435955e-13,
    1.5685635855740428e-13,
    1.2212861231248237e-13,
    9.400881836690502e-14,
    6.76216886261586e-14,
    4.0898693808614774e-14,
    2.5196280800489327e-14,
    1.7318473646501633e-14,
    7.549282792488095e-15,
    4.623850501133597e-15,
    2.5396272789282085e-15,
    2.0099190769595233e-15,
    9.83097240171831e-16
  ],
  "exit_code": 0,
  "iters": 79,
  "mtx": "c-27",
  "method": "max-st_add_m3",
  "x_id": "randn"
}