{
  "fre": [
    15.812634633949346,
    13.271475154452789,
    9.941242389868346,
    15.322999285896577,
    15.437344700491874,
    3.98515749345949,
    3.717983421449126,
    2.929001979951907,
    1.6692786673789304,
    1.2537297459459322,
    0.5525376109356984,
    0.22456756594206848,
    0.13872257645566102,
    0.07815882497683178,
    0.06115069177756697,
    0.040336354637716544,
    0.028823269702796774,
    0.02441479335432917,
    0.02104397101179146,
    0.009058674400550006,
    0.008355732965178369,
    0.011948625753156257,
    0.009657992652769069,
    0.004022112706068618,
    0.003946716350872734,
    0.003897863145142592,
    0.0030024891167610025,
    0.001964228590344728,
    0.0011160257578350708,
    0.0008066670250892537,
    0.0006171647232529907,
    0.0002804867689636409,
    0.00021202524590842735,
    0.0001595555068492914,
    8.375212988354033e-05,
    6.124541386437803e-05,
    3.4668585617505485e-05,
    3.633705178366218e-05,
    1.7644041437993674e-05,
    1.5114110998899103e-05,
    1.50330574078491e-05,
    1.4254141480068266e-05,
    1.3837974347776072e-05,
    1.3074544504639831e-05,
    5.6476296138492535e-06,
    4.30572418364582e-06,
    2.597148591166324e-06,
    1.6143274253422877e-06,
    1.3597864451608005e-06,
    7.609722262555918e-07,
    3.2815654247313513e-07,
    3.143030422543329e-07,
    3.365730264666788e-07,
    2.1973151123489166e-07,
    1.3898207658795498e-07,
    4.3526850356439016e-08,
    2.9891206694953395e-08,
    6.652232398234677e-09,
    2.810159786861561e-09,
    2.7861991704124856e-09,
    2.4217208463074158e-09,
    2.1199324905907876e-09,
    2.0044232494465696e-09,
    2.675174859491619e-09,
    1.4120423637753977e-09,
    1.1524942385417921e-09,
    6.085535439761325e-10,
    4.805192633650692e-10,
    2.895412927808164e-10,
    1.9914753588219253e-10,
    1.4859582336736586e-10,
    1.2332220868416414e-10,
    1.1282526829147421e-10,
    8.949560543538652e-11,
    4.805272357802943e-11,
    3.259139531346861e-11,
    1.5449108260253013e-11,
    9.68034743919395e-12,
    2.3807028064601293e-12
  ],
  "rk": [
    1.0,
    0.1860090343878933,
    0.007187204981388285,
    0.00509832988259044,
    0.003568617377982521,
    0.002446148064661414,
    0.0010216364001947244,
    0.000911850676677655,
    0.0006138628772975936,
    0.0004039264889470991,
    0.0003474587567537418,
    0.00021493543577410587,
    0.00012579538134327255,
    8.851094656147326e-05,
    4.5200493426600944e-05,
    2.9544859032522972e-05,
    1.8546197465626077e-05,
    1.1245556004874015e-05,
    6.153469163212624e-06,
    4.89822242573866e-06,
    3.185098312748908e-06,
    3.1550138931677576e-06,
    3.0266509104084623e-06,
    2.4509624299403746e-06,
    1.8241790279199588e-06,
    1.2254790993958664e-06,
    1.0175367875923119e-06,
    7.047817659070993e-07,
    3.4908620719506106e-07,
    1.7838503670282913e-07,
    1.3519663250633788e-07,
    1.0379579281251312e-07,
    5.013597910223523e-08,
    3.939696797175879e-08,
    2.137755835156291e-08,
    1.4039130879988269e-08,
    1.0386946267755118e-08,
    6.868311264125395e-09,
    5.556284992671558e-09,
    2.1497510957512078e-09,
    1.1151946703195612e-09,
    1.1105422889822023e-09,
    1.1026496382474497e-09,
    1.0805046201782484e-09,
    1.0311589668723368e-09,
    7.467288536019189e-10,
    6.210271786324665e-10,
    4.842566554150057e-10,
    3.6160283532564533e-10,
    2.9710060086990307e-10,
    2.1526016436088417e-10,
    1.4784747158262048e-10,
    9.583624646916652e-11,
    4.2581437387169064e-11,
    2.266541020215559e-11,
    1.3527432244203971e-11,
    6.471723205067634e-12,
    4.692364027446712e-12,
    2.258839379338095e-12,
    1.25419174079201e-12,
    7.95650081490308e-13,
    7.020697196077203e-13,
    6.276596134636115e-13,
    6.181462956143445e-13,
    5.471820181850627e-13,
    3.1692375794676637e-13,
    2.624797353805988e-13,
    1.6918068342570532e-13,
    1.2686965868571323e-13,
    8.65208272334717e-14,
    6.131016025311244e-14,
    4.616693999041178e-14,
    2.5324383877272992e-14,
    1.312171944167221e-14,
    8.888622282358586e-15,
    4.09641848419803e-15,
    2.625048888898323e-15,
    1.5603212372905395e-15,
    1.1212101889933724e-15,
    6.784057064669842e-16
  ],
  "exit_code": 0,
  "iters": 79,
  "mtx": "c-27",
  "method": "max-st_add_m3",
  "x_id": "ones"
}