{
  "fre": [
    0.8721226636829273,
    0.5442861957042286,
    0.3145640597878628,
    0.2289274454130062,
    0.18769973737788745,
    0.16419381053258542,
    0.14144653949048375,
    0.11355293974065139,
    0.14259624936365267,
    0.050156699525820296,
    0.04362855353287867,
    0.042809821715158694,
    0.01566061003553305,
    0.011282629207648434,
    0.008051256929781063,
    0.00422576070521253,
    0.0029547959444363382,
    0.001707284300703295,
    0.0008890827709767889,
    0.0006869166173522514,
    0.0005798140837311066,
    0.00037156819548410375,
    0.0005438372038118603,
    0.00036386409771832674,
    0.0003905298680393945,
    0.00014619131139991735,
    0.00014877328688957725,
    9.88502201291455e-05,
    5.9689421941737826e-05,
    5.349016043362359e-05,
    2.6619141901856073e-05,
    1.8002293544652122e-05,
    1.0237357945401867e-05,
    4.910593036932111e-06,
    3.931012494233344e-06,
    2.4152949499563758e-06,
    1.3226405388303006e-06,
    7.189805806754086e-07,
    6.90803730452348e-07,
    4.230484823349756e-07,
    3.219320907183154e-07,
    2.229702764294395e-07,
    2.2931693394607517e-07,
    6.820510628624824e-08,
    4.6175796046116163e-08,
    4.1697484964616157e-08,
    3.6772663577463524e-08,
    2.6188329186907496e-08,
    1.0810834864002951e-08,
    1.4204265531970775e-08,
    4.54088736860368e-09,
    3.249056331015084e-09,
    3.819115515708473e-09,
    1.810652195921935e-09,
    1.225386822366839e-09,
    8.758389886820518e-10,
    1.004588772763092e-09,
    5.344447495415293e-10,
    3.6211569664610083e-10,
    2.4769628072872813e-10,
    2.304761027070434e-10,
    1.7412008009091088e-10,
    2.1283272384389367e-10,
    1.214617969876427e-10,
    1.0153785603809336e-10,
    1.5887985005903265e-10
  ],
  "rk": [
    1.0,
    1.884159858750861e-05,
    9.647975664490879e-06,
    5.607355362947987e-06,
    3.5943908449359457e-06,
    2.4308725996242897e-06,
    2.063172564073022e-06,
    1.625245493328109e-06,
    1.351338940216512e-06,
    1.0343306883360787e-06,
    7.512107206887622e-07,
    5.132796948761338e-07,
    3.392187449337312e-07,
    1.959497925746119e-07,
    1.370882395518783e-07,
    9.909168018966991e-08,
    6.454487738777416e-08,
    3.675678177555002e-08,
    2.5953876109655435e-08,
    1.4232414431771583e-08,
    9.774935901263051e-09,
    9.32038659311493e-09,
    7.93736356267684e-09,
    6.396958963887516e-09,
    5.37895774505795e-09,
    3.442875324469403e-09,
    2.2043800522101213e-09,
    1.329786050940071e-09,
    9.657696930259894e-10,
    7.915196072682646e-10,
    4.700709058684462e-10,
    3.679191954484283e-10,
    2.4066346593824936e-10,
    1.4028468416266956e-10,
    9.181933981194937e-11,
    7.264496489302136e-11,
    3.616269033407776e-11,
    2.307369699924382e-11,
    1.7778613025549466e-11,
    1.0051149153014113e-11,
    4.576800919593758e-12,
    3.962673877626297e-12,
    2.6705115223638293e-12,
    2.4619575828886732e-12,
    1.413058056215529e-12,
    7.342539033681952e-13,
    5.611917531735647e-13,
    4.604569329449195e-13,
    2.4148177811453656e-13,
    1.8149018886049958e-13,
    1.255703587635925e-13,
    1.0942761961893505e-13,
    7.876039283680401e-14,
    4.722483621845394e-14,
    2.952884720104622e-14,
    1.818562210875757e-14,
    1.1591840044394127e-14,
    8.883917446566851e-15,
    5.5250418068713035e-15,
    3.4405764000528938e-15,
    3.1299130930464395e-15,
    3.047826565577123e-15,
    2.6281940882128272e-15,
    2.12324622366008e-15,
    1.880533722295774e-15,
    1.4764960451556757e-15,
    9.128439366652676e-16
  ],
  "exit_code": 0,
  "iters": 66,
  "mtx": "c-28",
  "method": "max-st_add_m4",
  "x_id": "sine"
}