{
  "fre": [
    0.9273967861359527,
    0.5820178950266867,
    0.30482956900698327,
    0.2121253280316099,
    0.15072452463901426,
    0.13692286802450696,
    0.11499973665985683,
    0.10480113245207517,
    0.09894591306659091,
    0.04789582606709317,
    0.059291297664987926,
    0.017182923807778933,
    0.012422691571216615,
    0.012831429842293863,
    0.0055887094258442755,
    0.0033572990138755567,
    0.0016374242123578743,
    0.0012923996632140844,
    0.000633792927926111,
    0.00039172001815768306,
    0.00032246909783480615,
    0.0001534275948822657,
    0.0001595038338953593,
    8.222727560770594e-05,
    5.593217336711421e-05,
    4.376208591952303e-05,
    4.712205612743987e-05,
    2.0057782044579165e-05,
    2.051194163671234e-05,
    1.612830010059671e-05,
    8.604004231393403e-06,
    1.0523165252072276e-05,
    8.380810305981902e-06,
    2.721031646105056e-06,
    2.274195889068769e-06,
    1.3016234831835899e-06,
    1.1391134477795202e-06,
    6.519408982161839e-07,
    4.120414980176509e-07,
    2.2143230867755552e-07,
    2.0175050994407048e-07,
    1.4908803808211839e-07,
    1.2394388552210396e-07,
    5.744709490514521e-08,
    5.704644231338647e-08,
    6.95621227681678e-08,
    3.55843189384454e-08,
    2.6076280574295318e-08,
    1.6165401453893446e-08,
    9.354595635580934e-09,
    1.3456952973746172e-08,
    7.24978433706167e-09,
    3.227440941355128e-09,
    1.9158016602890242e-09,
    1.059780862518409e-09,
    7.398300714435076e-10,
    5.086387868539803e-10,
    3.7290507421104313e-10,
    3.117403020134088e-10,
    2.64031372331692e-10,
    2.047342190653354e-10,
    9.295607837792636e-11,
    1.3130866910178006e-10,
    1.1298668139530872e-10
  ],
  "rk": [
    1.0,
    2.1393223689465876e-05,
    8.12599651525e-06,
    5.080069322593092e-06,
    2.7879917928275496e-06,
    2.0505570696496975e-06,
    1.7434665477702174e-06,
    1.4546018344746121e-06,
    1.1875740293286136e-06,
    7.021198880859122e-07,
    4.532183322345842e-07,
    3.0164970332495856e-07,
    2.0893006890540383e-07,
    1.6499358578433917e-07,
    1.2033871909996804e-07,
    6.699471500897695e-08,
    4.052873027703229e-08,
    2.218565037437294e-08,
    1.304823440387047e-08,
    9.006432260823542e-09,
    6.013194480549071e-09,
    5.5807223883299635e-09,
    3.810035388092437e-09,
    2.5531669826575137e-09,
    1.537324001576551e-09,
    1.1140040449625215e-09,
    7.809061943378791e-10,
    3.819205449709061e-10,
    2.8108706558051785e-10,
    2.1292742063891616e-10,
    1.7658610896592833e-10,
    1.5574334821810069e-10,
    1.1526470023785123e-10,
    7.594289764252416e-11,
    3.984183385552402e-11,
    3.20116631363797e-11,
    2.0366853241002447e-11,
    1.3590596907194898e-11,
    5.701179133687337e-12,
    3.9323736556117304e-12,
    2.3061300378425174e-12,
    2.226222636774801e-12,
    1.8128652893877462e-12,
    1.3504035344686856e-12,
    9.73098881059558e-13,
    7.04257170139053e-13,
    4.4027913491540463e-13,
    3.38890592336492e-13,
    2.2342891683753537e-13,
    2.1468991335476678e-13,
    1.5542947811161623e-13,
    1.2146033547680037e-13,
    8.45406373910059e-14,
    4.395141942990167e-14,
    2.5223550024641588e-14,
    1.9730747130685572e-14,
    8.110954246095833e-15,
    5.3754459052325934e-15,
    4.057921996717313e-15,
    2.5602111815177286e-15,
    2.180813853076378e-15,
    1.9796630213373016e-15,
    1.3137951355591859e-15,
    1.1321061215219295e-15,
    8.318401564897348e-16
  ],
  "exit_code": 0,
  "iters": 64,
  "mtx": "c-28",
  "method": "max-st_add_m4",
  "x_id": "randn"
}