{
  "fre": [
    1.812003361646967,
    0.8894916006992337,
    0.6991123985916363,
    0.3816951696280602,
    0.33990369509179424,
    0.3210168731860791,
    0.1507696919705161,
    0.23659989919325228,
    0.15231617651085097,
    0.08719488460314705,
    0.05464865068281335,
    0.04054107029735815,
    0.028510744992966547,
    0.02226252778178323,
    0.012464925200425532,
    0.007511369397254599,
    0.0036710470822185837,
    0.003012142097301586,
    0.001282457798312609,
    0.0006817603034923901,
    0.000596956315844029,
    0.00038624857119511736,
    0.00034051199379689004,
    0.00018414240013206955,
    0.00017974026779227637,
    0.00010067808481739904,
    8.345649813586609e-05,
    6.344443233319352e-05,
    5.83681243595635e-05,
    2.907958205303389e-05,
    3.0191733802997766e-05,
    2.0805973282140213e-05,
    2.7703056070971466e-05,
    1.1820741473936363e-05,
    6.963363798444005e-06,
    2.823359727997116e-06,
    1.7328018075032958e-06,
    9.672361298290126e-07,
    8.545767916713557e-07,
    4.562583900147917e-07,
    3.771637979731197e-07,
    2.503074345551069e-07,
    2.421605268494428e-07,
    1.3816941305203357e-07,
    1.3642422862941516e-07,
    6.953919711640812e-08,
    1.0767485967622057e-07,
    4.524768932319585e-08,
    3.63652266907879e-08,
    4.1119772619666236e-08,
    1.602363847707698e-08,
    1.0512853837278081e-08,
    6.8338432725342534e-09,
    3.532010996079541e-09,
    2.688520197186748e-09,
    1.9747238966275602e-09,
    9.260735236333723e-10,
    5.894182620325261e-10,
    4.609067826771294e-10,
    3.728991776583422e-10,
    2.781063549346162e-10,
    1.5333338182782474e-10,
    1.3151239354695974e-10,
    9.6975586207018e-11,
    9.086256586867441e-11,
    4.8762019112582264e-11
  ],
  "rk": [
    1.0,
    0.00011686733961159471,
    7.858235430808381e-05,
    1.595278178789664e-05,
    1.1843165690181981e-05,
    8.153813552667089e-06,
    6.043182808622957e-06,
    4.608197688773785e-06,
    2.694741781772606e-06,
    1.571475268887242e-06,
    9.913115879029855e-07,
    7.649896446735312e-07,
    5.710197051161583e-07,
    4.4655262312668905e-07,
    3.266235122703028e-07,
    2.230254810538568e-07,
    1.2408299828453e-07,
    7.952121641335515e-08,
    4.9231689057731275e-08,
    2.2779121768333763e-08,
    1.4668149145351084e-08,
    1.3994039616064986e-08,
    1.1599576911362173e-08,
    8.709806338814876e-09,
    6.413639950902466e-09,
    4.1478846064813205e-09,
    2.4297358837429755e-09,
    1.7013746389542089e-09,
    1.3658616271566172e-09,
    9.251539225831272e-10,
    6.875741954074822e-10,
    5.11234035514198e-10,
    4.196091854967744e-10,
    2.158143849586473e-10,
    1.3716217999438302e-10,
    9.826319445538493e-11,
    4.562827170201405e-11,
    2.8513056989432355e-11,
    1.6579740811611973e-11,
    1.2350544169065906e-11,
    7.792673346103196e-12,
    7.107607868936331e-12,
    5.96747335973105e-12,
    5.3355123412893635e-12,
    3.963983293439743e-12,
    2.7954104355738202e-12,
    2.016238435084976e-12,
    1.0332444646464867e-12,
    6.567804973158979e-13,
    5.096764682032558e-13,
    4.371008830435932e-13,
    3.13879158405068e-13,
    2.296838701544493e-13,
    1.1713006087310473e-13,
    6.317056434855472e-14,
    5.2639233626468665e-14,
    3.1814393798205307e-14,
    1.6468603500471604e-14,
    1.3522989698675738e-14,
    1.1541227732949362e-14,
    5.91671101905534e-15,
    4.645919825461277e-15,
    2.757288838358641e-15,
    2.545136170565012e-15,
    1.935205235427464e-15,
    1.1556003184012687e-15,
    9.233837779709676e-16
  ],
  "exit_code": 0,
  "iters": 66,
  "mtx": "c-28",
  "method": "max-st_add_m4",
  "x_id": "ones"
}