{
  "fre": [
    0.26748757228080894,
    0.10103037175035809,
    0.047353972606658454,
    0.025667123337628682,
    0.015447093431006234,
    0.009783811218069368,
    0.0061917930071461735,
    0.003741800464481967,
    0.0019672109834478215,
    0.0008428229021601684,
    0.0003562894986889045,
    7.722666950058517e-05,
    3.349951429464392e-05,
    1.6093220907439375e-05,
    7.602042818028829e-06,
    3.825452313777942e-06,
    2.331935569012833e-06,
    1.609877879325598e-06,
    1.064967606335462e-06,
    5.535615337639543e-07,
    4.47137127258781e-07,
    2.635597379882403e-07,
    1.288040912690968e-07,
    4.994028042012192e-08,
    1.8364375490743753e-08,
    7.664297047630749e-09,
    3.181686223697843e-09,
    1.2272738294740628e-09,
    4.6025755051173815e-10,
    2.4790140517847486e-10,
    1.4691169744987937e-10,
    9.085484194485498e-11,
    5.93933570630669e-11,
    3.754221045293929e-11,
    1.810251222409056e-11,
    6.782511491646557e-12,
    1.9393397814994703e-12,
    5.420933651366051e-13,
    2.2394000392391004e-13,
    1.1388426911867696e-13,
    7.468266896038585e-14,
    2.257575118392833e-14,
    6.694435614571814e-15,
    2.6218580734601624e-15,
    1.296364735805077e-15
  ],
  "rk": [
    1.0,
    0.20685826162398052,
    0.06010598297298207,
    0.02112482551823291,
    0.008563124233974583,
    0.003904972438169956,
    0.001998440073604207,
    0.0011587546057304351,
    0.0006964708727242862,
    0.00038899308643636075,
    0.00019556860548104103,
    0.00010507388424715164,
    3.392221451893554e-05,
    1.3045983485565129e-05,
    5.6462369275314e-06,
    2.4778052839184035e-06,
    1.0884116587339947e-06,
    5.139294450727076e-07,
    2.8005210572038075e-07,
    1.7366906539146103e-07,
    1.0657293128140985e-07,
    7.362636732855251e-08,
    4.528583369345101e-08,
    2.6249510784279627e-08,
    1.3067181201601007e-08,
    5.706558004963909e-09,
    2.578105234608548e-09,
    1.15778915020391e-09,
    4.895991687311075e-10,
    1.7302583610119174e-10,
    7.648676350660749e-11,
    3.625454545779087e-11,
    1.883814631633153e-11,
    1.0551801103229797e-11,
    6.601676464426368e-12,
    3.710273716778797e-12,
    1.8556249691671825e-12,
    7.638987389326598e-13,
    2.49026257972463e-13,
    8.853149399996398e-14,
    3.791329837334925e-14,
    2.3085724856961335e-14,
    9.414473991704866e-15,
    3.2355836365207484e-15,
    1.1488035055950772e-15,
    4.898563900057615e-16
  ],
  "exit_code": 0,
  "iters": 45,
  "mtx": "cage9",
  "method": "orig",
  "x_id": "randn"
}