{
  "fre": [
    0.1322930731876582,
    0.041250849692640215,
    0.021099514370354077,
    0.013273021001538448,
    0.009189039757735303,
    0.006780969996045566,
    0.004456912613459066,
    0.002150755475872663,
    0.0008492579822663566,
    0.00038990293265986554,
    0.0001557449809614156,
    5.6924248938512185e-05,
    2.4172544939654174e-05,
    1.5354692580746465e-05,
    9.981041128684757e-06,
    6.538855408488836e-06,
    4.024779678423871e-06,
    1.965339022491965e-06,
    7.546143654245742e-07,
    2.4989545694926645e-07,
    1.7308432154316884e-07,
    1.036464485214529e-07,
    6.585582502920753e-08,
    4.0888552551207384e-08,
    2.2386947460088253e-08,
    1.1246166271714695e-08,
    4.868174834172091e-09,
    1.4129109667379144e-09,
    6.02168425218022e-10,
    2.7567099610774686e-10,
    1.3225433802168009e-10,
    7.617422569448968e-11,
    5.140182781380102e-11,
    3.420515311308806e-11,
    1.985117185518012e-11,
    8.43740896602128e-12,
    2.371013099667054e-12,
    5.100683190242932e-13,
    1.9440552450237598e-13,
    1.0028967070491086e-13,
    6.442781990975943e-14,
    2.508185611186624e-14,
    1.2315215487022933e-14,
    8.266518857013601e-15,
    5.584107319201877e-15
  ],
  "rk": [
    1.0,
    0.09570405765603297,
    0.02014163025682185,
    0.006568053047425147,
    0.0027404100973636956,
    0.0013200543429199268,
    0.0007888383743168205,
    0.0005018664539216809,
    0.00027754931539592583,
    0.0001329065584767407,
    6.78150604774298e-05,
    3.102725918918311e-05,
    1.375467607448147e-05,
    4.979007293559898e-06,
    2.422002955941521e-06,
    1.2948340686479984e-06,
    7.622254268868378e-07,
    4.733284533650069e-07,
    2.7398171105154384e-07,
    1.375735471870149e-07,
    6.013893315081982e-08,
    3.186705790930014e-08,
    1.5681331091029866e-08,
    8.541129704613069e-09,
    5.025293131196427e-09,
    2.8261340197565415e-09,
    1.5362808547701689e-09,
    8.318949249081123e-10,
    3.301158354718925e-10,
    1.3549307976220551e-10,
    5.901657148748237e-11,
    2.699999483213271e-11,
    1.2366514528729098e-11,
    6.609032658949336e-12,
    3.906236900752945e-12,
    2.3360212003321335e-12,
    1.227181565985178e-12,
    4.977489032913754e-13,
    1.5407587874267822e-13,
    5.2031864435335565e-14,
    2.2291593627569183e-14,
    1.3219930757672503e-14,
    5.887600625848283e-15,
    2.3513121055968442e-15,
    1.1497492517522e-15,
    6.796999275942734e-16
  ],
  "exit_code": 0,
  "iters": 45,
  "mtx": "cage9",
  "method": "orig",
  "x_id": "ones"
}