{
  "fre": [
    0.23858272406664685,
    0.08347467913148619,
    0.039345461063351725,
    0.01933119864101876,
    0.009106450436076824,
    0.004409351396030797,
    0.002510712612698363,
    0.0016471409019508053,
    0.001061582279050984,
    0.0006288295511180469,
    0.0003206642376117706,
    8.323149184857291e-05,
    3.054259280036842e-05,
    1.619119444149011e-05,
    7.517974632784425e-06,
    3.908762016746871e-06,
    2.525671426637981e-06,
    1.719575228967155e-06,
    1.0764333310269673e-06,
    4.608593345372271e-07,
    3.6560954287728963e-07,
    2.3442690528873925e-07,
    1.3067079815848947e-07,
    5.4558508301991003e-08,
    1.853208584480745e-08,
    8.8034945548457e-09,
    4.098370773715339e-09,
    1.54710016126697e-09,
    7.014511732816504e-10,
    4.92190190173757e-10,
    3.4787832511277804e-10,
    2.1316428657174757e-10,
    9.514595090055521e-11,
    3.7535242004753297e-11,
    1.3648729426643831e-11,
    5.768747561353132e-12,
    2.017663405687547e-12,
    6.06519639146369e-13,
    2.4279472168759474e-13,
    1.3264979072876765e-13,
    8.662407979595062e-14,
    2.4477207830156964e-14,
    8.163028882433018e-15,
    4.0562487489260414e-15,
    2.545185985271319e-15
  ],
  "rk": [
    1.0,
    0.18239630305131327,
    0.04725039287102796,
    0.016424014051012886,
    0.006891938848259947,
    0.0028748785290934964,
    0.0012533906678453954,
    0.0005895735919339471,
    0.000307771278749749,
    0.00016913692830833766,
    0.00010142171790686472,
    5.999285374172667e-05,
    2.4948383274540275e-05,
    9.510036121552678e-06,
    4.589993887788556e-06,
    2.0433270464053528e-06,
    8.92609752668405e-07,
    4.546998276900616e-07,
    2.633473705339015e-07,
    1.7002018081448555e-07,
    9.474778230569976e-08,
    5.98768705821819e-08,
    3.6386349621983123e-08,
    2.2473058012139846e-08,
    1.1967770505311116e-08,
    5.031595401982216e-09,
    2.313252674234512e-09,
    1.1633695297963288e-09,
    5.003325671014104e-10,
    1.7214096481412096e-10,
    8.642788223409069e-11,
    5.3059105223029506e-11,
    3.467157517170844e-11,
    1.9113303157722353e-11,
    9.409917690973433e-12,
    3.856719534823279e-12,
    1.749562478397064e-12,
    7.393978747374234e-13,
    2.5963929255742335e-13,
    8.589879214628911e-14,
    3.9212531966524734e-14,
    2.423926134518163e-14,
    9.193358184222319e-15,
    3.305896170161744e-15,
    1.1958555335661604e-15,
    5.9964332765902145e-16
  ],
  "exit_code": 0,
  "iters": 45,
  "mtx": "cage9",
  "method": "orig",
  "x_id": "sine"
}