{
  "fre": [
    0.1338312052266869,
    0.08994450924110019,
    0.052568524950758984,
    0.01679512682401521,
    0.008279694440852362,
    0.0032738683528090126,
    0.0017542272674121917,
    0.0009729679511915569,
    0.0004605658227388539,
    0.00024884655286482797,
    0.00012206768930061413,
    6.610999212640712e-05,
    3.3056785714355106e-05,
    1.776802653367053e-05,
    8.36436146197093e-06,
    4.747402154277044e-06,
    1.7391865966904694e-06,
    8.269749116245804e-07,
    3.524366055298472e-07,
    1.8255950282976344e-07,
    1.4065072100920934e-07,
    5.859439343582246e-08,
    3.8409475142259706e-08,
    1.320336074066696e-08,
    9.422190187400823e-09,
    3.223685969774686e-09,
    2.456750643149726e-09,
    9.676960195574699e-10,
    6.48029373992846e-10,
    1.9974759230019857e-10,
    1.1094816873727368e-10,
    4.5740020412145015e-11,
    2.281577832416494e-11,
    7.826853658541582e-12,
    4.452173491221731e-12,
    2.000955741116464e-12,
    1.0082807614726411e-12,
    2.972368281172376e-13,
    1.9808661411860533e-13,
    5.67173000770478e-14,
    5.038558744366814e-14,
    1.54390656738121e-14,
    8.033689511145211e-15,
    2.374730214108241e-15
  ],
  "rk": [
    1.0,
    0.09457644998266283,
    0.013785651638945969,
    0.005927808453396694,
    0.0023442596640742405,
    0.0009175711801135126,
    0.000575026867920544,
    0.00018574463204602443,
    0.00013306853714884655,
    4.3378069922971964e-05,
    2.832264869169479e-05,
    9.835909495730776e-06,
    6.2530439090112935e-06,
    2.626547363050915e-06,
    1.6576244355879762e-06,
    7.005408062417325e-07,
    3.9319792507695283e-07,
    1.5730331871313592e-07,
    9.024470068644689e-08,
    3.3164866201658464e-08,
    1.9518467902464368e-08,
    1.6240950301495058e-08,
    5.940967818462708e-09,
    4.818227671300483e-09,
    1.2432520560846073e-09,
    1.0538775457274077e-09,
    2.856265757145122e-10,
    2.48036893095951e-10,
    7.968434842473563e-11,
    6.572134249433943e-11,
    1.9778945789226775e-11,
    1.3905560399067867e-11,
    4.783596324129153e-12,
    3.0985882901572634e-12,
    1.084369061898809e-12,
    6.783202691439758e-13,
    2.1766293731994585e-13,
    1.254937828101095e-13,
    3.9509515432184887e-14,
    1.971721824558149e-14,
    6.971119109289076e-15,
    6.44340942860293e-15,
    1.8921641759297625e-15,
    1.3494397719032458e-15,
    4.0467587897614084e-16
  ],
  "exit_code": -1,
  "iters": 44,
  "mtx": "Chem97ZtZ",
  "method": "diagp0",
  "x_id": "ones"
}