{
  "fre": [
    0.5418106107421993,
    0.28786751924187876,
    0.1462088303651579,
    0.0690982670789869,
    0.03904772674589836,
    0.018678222947831308,
    0.007032760666031722,
    0.0032588920771267358,
    0.0021976680234109007,
    0.0009891638459028516,
    0.0006594155020890995,
    0.00021271781924985734,
    9.412936157502138e-05,
    4.074335018234037e-05,
    1.8838092273740923e-05,
    6.317063269044421e-06,
    3.1701330634679337e-06,
    1.6403524929383944e-06,
    6.768822401372506e-07,
    3.747858320137639e-07,
    3.021029755755127e-07,
    1.1987006415351508e-07,
    5.77478104836497e-08,
    2.7832946034122766e-08,
    1.1029669455537215e-08,
    5.713847247320114e-09,
    2.399535383387688e-09,
    1.3001111292963766e-09,
    6.785969678802814e-10,
    3.499221167809159e-10,
    1.713626817957025e-10,
    8.729041520362271e-11,
    6.241857018728975e-11,
    2.219126988059935e-11,
    1.195452692154704e-11,
    5.381011556079486e-12,
    2.0873149242090032e-12,
    7.905341014006647e-13,
    4.4376249936769383e-13,
    1.6695865689777414e-13,
    1.2712851591124454e-13,
    5.2840003518160646e-14,
    2.366425709569881e-14,
    1.0391938492123084e-14,
    5.720399604346976e-15,
    2.8916416902235256e-15
  ],
  "rk": [
    1.0,
    0.13615717927180526,
    0.04909580689565816,
    0.025204765221090598,
    0.010978083482992968,
    0.00824073685776068,
    0.004171382374956462,
    0.001305321715136426,
    0.0006128307429370464,
    0.00028816139724773345,
    0.00016282668613920893,
    0.00010852268806293813,
    4.127990830081693e-05,
    2.0788491037358542e-05,
    9.031361167321285e-06,
    3.338628168792069e-06,
    1.4779135709863084e-06,
    6.75328161072963e-07,
    2.9743356186492047e-07,
    1.478836451782208e-07,
    7.215249396187422e-08,
    6.128965639487364e-08,
    2.036626489816821e-08,
    1.4388997900995232e-08,
    5.688617345727809e-09,
    2.3339907561923104e-09,
    1.5253695293599517e-09,
    4.92477297715232e-10,
    3.15559284802204e-10,
    1.2098104732542551e-10,
    6.682064893763993e-11,
    2.729783769547267e-11,
    1.4980021883711117e-11,
    9.737129988945435e-12,
    3.3655045837248882e-12,
    2.205346511599869e-12,
    8.300542947672485e-13,
    4.4478315068285183e-13,
    1.832929048791811e-13,
    7.883822759116177e-14,
    4.2065085037446507e-14,
    3.395973373411605e-14,
    1.3614300253540055e-14,
    6.103213921331302e-15,
    2.917505614474455e-15,
    1.316625812863968e-15,
    9.032498145375945e-16
  ],
  "exit_code": 0,
  "iters": 46,
  "mtx": "Chem97ZtZ",
  "method": "max-lf_alt-i_m3",
  "x_id": "randn"
}