{
  "fre": [
    0.5643576336542436,
    0.32860009262864043,
    0.17584015534502404,
    0.07455514687975975,
    0.045305636170116646,
    0.01798321394093616,
    0.011847306968350863,
    0.004656763620395203,
    0.0031077343914311492,
    0.0011903244611289633,
    0.0007168802808493979,
    0.00029738189727775344,
    0.00015081019335267724,
    6.487694800490957e-05,
    3.258957479809329e-05,
    1.3498028339548961e-05,
    6.0748351075831596e-06,
    2.6565146426047136e-06,
    1.2054128929786755e-06,
    5.41278110120039e-07,
    5.09125388165581e-07,
    1.7325401589411776e-07,
    1.3285203930469682e-07,
    3.295093397700623e-08,
    2.6168423781780473e-08,
    6.885383815623621e-09,
    5.5969384770083576e-09,
    1.4309572592593375e-09,
    1.270531866175814e-09,
    3.7060480106056365e-10,
    3.3203581493977706e-10,
    9.882315390731746e-11,
    8.710137856410553e-11,
    2.438259752645395e-11,
    2.0285232781330986e-11,
    5.33289864419445e-12,
    4.3153469768051424e-12,
    1.284850744730558e-12,
    9.230882390210093e-13,
    2.283788548844286e-13,
    1.9724720447046437e-13,
    6.865508851258325e-14,
    5.1809314500669304e-14,
    1.4431472052093037e-14,
    1.0796220194057184e-14,
    3.4292591178028825e-15
  ],
  "rk": [
    1.0,
    0.13624755499429178,
    0.05263646844726276,
    0.0316335450163082,
    0.010887215799962557,
    0.007333472350627974,
    0.002459490504884209,
    0.0018618824781714092,
    0.0005859012157873043,
    0.00044700806167762767,
    0.00014220229913332764,
    0.00010666107822413183,
    3.857730197476958e-05,
    2.523898992135045e-05,
    8.291880837791204e-06,
    5.204106551906167e-06,
    1.7142226317909963e-06,
    1.043456689180424e-06,
    3.634074157946377e-07,
    2.080758865859574e-07,
    7.473153945237659e-08,
    7.30366449541882e-08,
    2.1253227169324147e-08,
    1.8871415967656938e-08,
    4.403564326285899e-09,
    3.941169224744777e-09,
    9.007459276355648e-10,
    8.040151097517514e-10,
    1.9077480364397982e-10,
    1.7864095328737034e-10,
    4.7228504787194156e-11,
    4.4501434339250785e-11,
    1.1912850215014884e-11,
    1.1097161584430453e-11,
    3.059923345571127e-12,
    2.7792986357483486e-12,
    7.035586807802945e-13,
    6.395097719572747e-13,
    1.609880133731153e-13,
    1.4056403682490926e-13,
    3.1671878588584055e-14,
    2.9482384215477935e-14,
    8.230437991610384e-15,
    7.137666713915646e-15,
    1.8588658097073383e-15,
    1.5856157114304656e-15,
    4.392724067554763e-16
  ],
  "exit_code": 0,
  "iters": 46,
  "mtx": "Chem97ZtZ",
  "method": "diagp0",
  "x_id": "randn"
}