{
  "fre": [
    0.517482193718457,
    0.28682724208779314,
    0.12481490533537695,
    0.06291948569881631,
    0.028465254815165306,
    0.010867958700747644,
    0.005345800216188074,
    0.0024752558615756615,
    0.001055693774810146,
    0.0006168661092360291,
    0.00029351569146131453,
    0.00013359285550218358,
    7.727436686748965e-05,
    2.7660708441447507e-05,
    1.9831966928606597e-05,
    5.775583381188481e-06,
    2.780689291170724e-06,
    1.286358336856558e-06,
    5.928603451501603e-07,
    2.852909035698125e-07,
    2.4932764721821735e-07,
    1.1111720138622871e-07,
    5.68830618500911e-08,
    2.448850176032174e-08,
    1.4745797195197674e-08,
    5.1150000743587475e-09,
    3.094416079150989e-09,
    1.171012476833262e-09,
    5.143142847847205e-10,
    2.5772518450592564e-10,
    1.6347703932059718e-10,
    5.512143690602077e-11,
    2.8349669743209173e-11,
    1.0000609234211577e-11,
    6.216768451771072e-12,
    2.3882262443470583e-12,
    1.0992571558592586e-12,
    4.255654763842969e-13,
    1.9502299649691793e-13,
    7.024757451805253e-14,
    5.1890472186574096e-14,
    2.0956434523078616e-14,
    1.2202716300688426e-14,
    3.857229178699662e-15
  ],
  "rk": [
    1.0,
    0.14218015566284536,
    0.05622347659250057,
    0.024572333422634676,
    0.012525500783127733,
    0.00543455000643416,
    0.0030588296621430503,
    0.0016007202499469365,
    0.0006356921513426531,
    0.0002962935104911385,
    0.0001633113119710766,
    6.8012209414026e-05,
    3.4067765142792364e-05,
    1.1710503300814895e-05,
    6.6858696751519476e-06,
    3.588336371486812e-06,
    1.385011350302805e-06,
    7.126142175074141e-07,
    2.381424342428754e-07,
    1.3563209016068915e-07,
    5.1708876482758954e-08,
    4.6726502066785284e-08,
    1.5387625720864344e-08,
    8.995414770515735e-09,
    3.675563485445206e-09,
    2.305069977199952e-09,
    1.1836284451380138e-09,
    6.499682319423564e-10,
    3.0707170212878563e-10,
    1.30463214142688e-10,
    6.919407399406729e-11,
    3.88508587694272e-11,
    1.5928045091131554e-11,
    5.817700947772108e-12,
    2.3090702081145854e-12,
    1.3507560285710168e-12,
    5.50225583980992e-13,
    1.744967140694331e-13,
    9.197258852317134e-14,
    4.151663330447285e-14,
    1.3897908074866547e-14,
    1.1107372466994428e-14,
    3.95111229199006e-15,
    2.468238805380989e-15,
    8.712690914726045e-16
  ],
  "exit_code": 0,
  "iters": 44,
  "mtx": "Chem97ZtZ",
  "method": "max-lf_alt-i_m4",
  "x_id": "sine"
}