{
  "fre": [
    0.5463911588598763,
    0.3058000876956827,
    0.139135155799012,
    0.07947026411493162,
    0.04283671371526448,
    0.019380584223403698,
    0.010290259253798296,
    0.004618757917815335,
    0.0026767850436302037,
    0.0013081104530423505,
    0.0007020922784932544,
    0.0003285586046467239,
    0.0001550949565296569,
    6.616754369568898e-05,
    2.8983964723733252e-05,
    1.2846049961542574e-05,
    5.774391071805917e-06,
    2.4453650557710248e-06,
    1.1373535598495367e-06,
    5.160238932985866e-07,
    4.1932633888618015e-07,
    1.6452963727443715e-07,
    1.1392336432982357e-07,
    3.152219802908547e-08,
    2.240365438345672e-08,
    6.519932601805314e-09,
    5.084717679199541e-09,
    1.6543052116968196e-09,
    1.361973756442057e-09,
    4.882089673279263e-10,
    4.0542673077366893e-10,
    1.24093497445355e-10,
    9.551843671842584e-11,
    2.555637223416105e-11,
    2.014467146462512e-11,
    5.259281443849922e-12,
    4.3441820493526885e-12,
    1.0838719881156294e-12,
    8.004617541722528e-13,
    1.9438374029246263e-13,
    1.5407633067088405e-13,
    5.810356869696174e-14,
    4.0145800076322933e-14,
    1.063305908146833e-14,
    7.982528047277766e-15,
    2.5309680349890795e-15
  ],
  "rk": [
    1.0,
    0.14196365864025068,
    0.07443648340810927,
    0.025180158082996045,
    0.01378603199228156,
    0.0063835276456638175,
    0.0031241525624298634,
    0.0016495128688671277,
    0.0007028763370179795,
    0.0003829781658392979,
    0.00017367718317465693,
    9.902765377398239e-05,
    4.594784699559368e-05,
    2.432159571614999e-05,
    1.0508112649985496e-05,
    5.118272081122813e-06,
    2.195357420821022e-06,
    1.0892989108854276e-06,
    4.6216874932982037e-07,
    2.2895870560118764e-07,
    9.749676393776176e-08,
    8.899043335570347e-08,
    2.6739187915592504e-08,
    2.2758837596064483e-08,
    5.5541378043699825e-09,
    4.730824897799406e-09,
    1.1235305161703026e-09,
    9.852671490940796e-10,
    2.4536683038387316e-10,
    2.1900597762163448e-10,
    6.410140414794994e-11,
    5.7374530275419306e-11,
    1.683024009319011e-11,
    1.455985148316841e-11,
    3.90944558086714e-12,
    3.369210920341028e-12,
    9.042382032162211e-13,
    7.705059524461861e-13,
    1.8676587718677528e-13,
    1.5708042605525554e-13,
    3.1022242462033734e-14,
    2.803044155480551e-14,
    8.135041370122757e-15,
    6.939756486205517e-15,
    1.7008004608322035e-15,
    1.4926447620083378e-15,
    4.1084317769671066e-16
  ],
  "exit_code": 0,
  "iters": 46,
  "mtx": "Chem97ZtZ",
  "method": "tridiag",
  "x_id": "sine"
}