{
  "fre": [
    0.13383120522668693,
    0.0899445092411002,
    0.052568524950758956,
    0.016795126824015176,
    0.008279694440852348,
    0.0032738683528090477,
    0.0017542272674122023,
    0.0009729679511914906,
    0.0004605658227388526,
    0.0002488465528647878,
    0.00012206768930061888,
    6.610999212640889e-05,
    3.305678571437264e-05,
    1.776802653371674e-05,
    8.364361461922578e-06,
    4.74740215424711e-06,
    1.7391865966456323e-06,
    8.269749116561974e-07,
    3.5243660549296726e-07,
    1.8255950285195718e-07,
    1.4065072100333802e-07,
    5.859439335656898e-08,
    3.840947513640446e-08,
    1.3203360754402506e-08,
    9.422190202263796e-09,
    3.2236859952067076e-09,
    2.4567506682865327e-09,
    9.67696043048682e-10,
    6.480293948957596e-10,
    1.9974759782678624e-10,
    1.1094817581136235e-10,
    4.574003207744709e-11,
    2.2815784810030436e-11,
    7.826855659746029e-12,
    4.452174318009753e-12,
    2.0009534499686587e-12,
    1.0082820205772906e-12,
    2.9724138128920464e-13,
    1.9809633470312505e-13,
    5.673376789209442e-14,
    5.041914834495648e-14,
    1.5454995460763062e-14,
    8.045702399190504e-15,
    2.373789371036454e-15
  ],
  "rk": [
    1.0,
    0.09457644998266283,
    0.013785651638945969,
    0.005927808453396694,
    0.002344259664074242,
    0.0009175711801135145,
    0.000575026867920545,
    0.0001857446320460247,
    0.00013306853714884683,
    4.337806992297196e-05,
    2.832264869169478e-05,
    9.835909495730779e-06,
    6.253043909011298e-06,
    2.6265473630509187e-06,
    1.657624435587976e-06,
    7.005408062417315e-07,
    3.931979250769512e-07,
    1.5730331871313533e-07,
    9.024470068644637e-08,
    3.316486620165835e-08,
    1.951846789632004e-08,
    1.6240950272448608e-08,
    5.940967812326162e-09,
    4.81822766289474e-09,
    1.243252055794738e-09,
    1.0538775439651826e-09,
    2.856265755658714e-10,
    2.480368923541826e-10,
    7.968434840554705e-11,
    6.572134233509917e-11,
    1.9778945783962158e-11,
    1.3905560408990327e-11,
    4.783596318455219e-12,
    3.098588281904976e-12,
    1.0843690627317402e-12,
    6.78320268919419e-13,
    2.1766293709633844e-13,
    1.2549378260171356e-13,
    3.950951534141547e-14,
    1.9717218181437654e-14,
    6.9686486015028956e-15,
    6.445051813730783e-15,
    1.891497022808094e-15,
    1.3504917863971415e-15,
    3.778083097448996e-16
  ],
  "exit_code": -1,
  "iters": 44,
  "mtx": "Chem97ZtZ",
  "method": "tridiag",
  "x_id": "ones"
}