{
  "fre": [
    0.5463911588598763,
    0.30580008769568245,
    0.13913515579901195,
    0.07947026411493154,
    0.042836713715264256,
    0.019380584223403618,
    0.01029025925379833,
    0.004618757917815395,
    0.002676785043630169,
    0.0013081104530423516,
    0.0007020922784933347,
    0.00032855860464676506,
    0.0001550949565296629,
    6.616754369565888e-05,
    2.8983964723782773e-05,
    1.284604996151702e-05,
    5.774391071772187e-06,
    2.4453650557941835e-06,
    1.137353559925287e-06,
    5.160238932590224e-07,
    4.1932633886527236e-07,
    1.6452963723280355e-07,
    1.1392336433053988e-07,
    3.152219802210577e-08,
    2.2403654384339895e-08,
    6.519932596257624e-09,
    5.08471767584473e-09,
    1.6543052061788845e-09,
    1.3619737503650068e-09,
    4.882089677877445e-10,
    4.054267313696631e-10,
    1.240934979901893e-10,
    9.551843645739553e-11,
    2.555637583956923e-11,
    2.0144668811071155e-11,
    5.259259969383169e-12,
    4.344156374407471e-12,
    1.0838528928670892e-12,
    8.004444920462036e-13,
    1.9436137964615297e-13,
    1.5400737586251746e-13,
    5.812620816456036e-14,
    4.017205030420885e-14,
    1.0642108231771286e-14,
    7.984121131197116e-15,
    2.5155353554210307e-15
  ],
  "rk": [
    1.0,
    0.14196365864025068,
    0.0744364834081093,
    0.02518015808299604,
    0.013786031992281556,
    0.00638352764566382,
    0.0031241525624298647,
    0.0016495128688671277,
    0.0007028763370179795,
    0.00038297816583929755,
    0.00017367718317465642,
    9.9027653773982e-05,
    4.594784699559344e-05,
    2.4321595716149878e-05,
    1.050811264998543e-05,
    5.118272081122787e-06,
    2.195357420821012e-06,
    1.0892989108854217e-06,
    4.621687493298185e-07,
    2.289587056011863e-07,
    9.749676392879337e-08,
    8.89904333595796e-08,
    2.6739187903716533e-08,
    2.27588375957403e-08,
    5.5541378017659195e-09,
    4.730824898725049e-09,
    1.1235305156855171e-09,
    9.852671495983748e-10,
    2.4536683032264226e-10,
    2.1900597791127968e-10,
    6.410140414763582e-11,
    5.73745303309025e-11,
    1.683024010333736e-11,
    1.4559851494439085e-11,
    3.9094455799967904e-12,
    3.3692109228902186e-12,
    9.042382035338627e-13,
    7.705059532419687e-13,
    1.8676587734203338e-13,
    1.5708042615323635e-13,
    3.1016007218017447e-14,
    2.8009039289385562e-14,
    8.134619606360594e-15,
    6.938864595859498e-15,
    1.7014567083019018e-15,
    1.4927883961676288e-15,
    4.0019700775348563e-16
  ],
  "exit_code": 0,
  "iters": 46,
  "mtx": "Chem97ZtZ",
  "method": "diagp1",
  "x_id": "sine"
}