{
  "fre": [
    0.517482193718457,
    0.2874190844391013,
    0.1392511877225672,
    0.08730065487176432,
    0.032493667805794296,
    0.01600733511543406,
    0.007315710989670041,
    0.0031526969233837275,
    0.0015409694947616974,
    0.0006126218900669558,
    0.0003352829181152293,
    0.00014201339884580677,
    5.675878934702124e-05,
    2.4242407347842702e-05,
    9.322315536224197e-06,
    4.754818378655403e-06,
    1.703351824631546e-06,
    9.369729066495318e-07,
    3.9160431043350633e-07,
    1.9653030632648625e-07,
    1.7689126760381274e-07,
    7.537707021095561e-08,
    3.339033180887385e-08,
    1.1471901868432207e-08,
    4.50317799511979e-09,
    2.2513229545254697e-09,
    9.563379844767287e-10,
    4.187416015284048e-10,
    2.371221212018181e-10,
    1.2487966892749627e-10,
    6.017231973370641e-11,
    2.454018695994167e-11,
    1.4713084508151904e-11,
    5.19188204107772e-12,
    2.2807440459231125e-12,
    1.4699122196070094e-12,
    3.933613184645333e-13,
    1.990571407597268e-13,
    9.411043642218201e-14,
    3.9771693418687164e-14,
    3.3066818118199097e-14,
    1.1778193321948152e-14,
    6.798679833172902e-15,
    2.1729944206192943e-15
  ],
  "rk": [
    1.0,
    0.14218015566284536,
    0.05475066328399432,
    0.024619901224122484,
    0.013424211653279146,
    0.006535306885612033,
    0.0029206281778916257,
    0.0016171790263871373,
    0.0007469322576948664,
    0.00035051211075425666,
    0.0001465851926900352,
    6.579053898757554e-05,
    3.042118858339226e-05,
    1.1740263850363497e-05,
    4.987972994563329e-06,
    2.0408244455133025e-06,
    9.099789343223433e-07,
    3.3976607415359696e-07,
    1.692902643065679e-07,
    6.74433875553507e-08,
    3.347802608831351e-08,
    3.1376182671544536e-08,
    1.0602770403241814e-08,
    6.226879332609188e-09,
    2.714688208217819e-09,
    1.2028661137819875e-09,
    4.290551482380364e-10,
    1.855176800496499e-10,
    8.180731840522189e-11,
    3.9644397562978514e-11,
    2.2864217375412603e-11,
    8.406478589919599e-12,
    4.382597353223618e-12,
    2.510285190569801e-12,
    7.692757520173096e-13,
    4.3189285603318535e-13,
    1.755855062671519e-13,
    5.874682440792829e-14,
    3.4427814646443606e-14,
    1.1998247798405462e-14,
    6.8540341061835035e-15,
    6.2659993655328856e-15,
    2.084813730506489e-15,
    1.3743364403898543e-15,
    5.64907927149741e-16
  ],
  "exit_code": 0,
  "iters": 44,
  "mtx": "Chem97ZtZ",
  "method": "max-lf_alt-i_m2",
  "x_id": "sine"
}