{
  "fre": [
    0.5227578951097991,
    0.2735231813464858,
    0.12821409079663046,
    0.06437726145981197,
    0.03990954834471842,
    0.013073196920211026,
    0.009298263052303277,
    0.0025093059669455344,
    0.0017710887086481524,
    0.0006896814095462864,
    0.00033164311865470825,
    0.0001496113707101409,
    6.784457893423701e-05,
    2.8569685190941617e-05,
    1.2227780790727928e-05,
    7.238166952714111e-06,
    2.696153938268378e-06,
    1.2445688767040416e-06,
    5.661012339753919e-07,
    3.1900243421689695e-07,
    2.734581178688313e-07,
    9.626032492174225e-08,
    6.606733207944741e-08,
    2.3129972050296102e-08,
    1.1073090040775326e-08,
    4.774751637350261e-09,
    2.3741271279919196e-09,
    1.2138850840239339e-09,
    6.176132461846982e-10,
    2.2822558901927864e-10,
    1.3889166193988616e-10,
    5.3862701315567566e-11,
    2.6216832994196467e-11,
    1.3772226758193579e-11,
    4.746714467539428e-12,
    2.2082408260742543e-12,
    1.219641810209027e-12,
    5.801217837780212e-13,
    2.815512024884044e-13,
    1.1784574331007539e-13,
    9.861374532400473e-14,
    2.855232514014593e-14,
    1.6322619878924377e-14,
    6.646876823964005e-15
  ],
  "rk": [
    1.0,
    0.13618023359404902,
    0.06051197002804646,
    0.024133874473990187,
    0.010161167960684088,
    0.005910050491166422,
    0.003118582666811682,
    0.0016429193207642891,
    0.0006578291072151402,
    0.0003959099237544122,
    0.00016909960935186278,
    7.899039206864353e-05,
    4.0177538971094844e-05,
    1.590323684366976e-05,
    7.214775335183391e-06,
    3.367638565483191e-06,
    1.343758213933369e-06,
    5.705474276405096e-07,
    2.5619425731350193e-07,
    1.3679631441469196e-07,
    5.346880034657043e-08,
    4.7570829492756975e-08,
    1.6426088535458415e-08,
    1.224059982602679e-08,
    5.119314051186596e-09,
    2.0963680750957785e-09,
    1.1860085011437017e-09,
    4.942077976080751e-10,
    2.8304908026008565e-10,
    1.321758723900077e-10,
    5.314717701156094e-11,
    2.649692110419742e-11,
    9.779598605006595e-12,
    4.605012610784859e-12,
    2.701554477191457e-12,
    9.22866396139158e-13,
    4.722610442893181e-13,
    2.6881551447551414e-13,
    9.274164207449943e-14,
    4.939810421338204e-14,
    1.8877982147303705e-14,
    1.6762461727682623e-14,
    5.00834081879063e-15,
    3.5892645232176566e-15,
    9.717809867964722e-16
  ],
  "exit_code": 0,
  "iters": 44,
  "mtx": "Chem97ZtZ",
  "method": "max-lf_alt-i_m3",
  "x_id": "sine"
}