{
  "fre": [
    0.5643576336542436,
    0.3286000926286405,
    0.17584015534502426,
    0.07455514687975984,
    0.04530563617011674,
    0.01798321394093632,
    0.011847306968351007,
    0.004656763620395234,
    0.0031077343914312342,
    0.0011903244611290267,
    0.0007168802808494206,
    0.0002973818972777992,
    0.00015081019335273598,
    6.487694800489458e-05,
    3.2589574798138566e-05,
    1.3498028339610616e-05,
    6.074835107609715e-06,
    2.656514642588254e-06,
    1.2054128929318774e-06,
    5.412781100065229e-07,
    5.09125388177152e-07,
    1.732540158604703e-07,
    1.328520393332007e-07,
    3.295093400665058e-08,
    2.6168423819957568e-08,
    6.885383873157624e-09,
    5.59693853722323e-09,
    1.4309573271324557e-09,
    1.270531933815466e-09,
    3.7060486124442626e-10,
    3.320358743583494e-10,
    9.882319989825208e-11,
    8.710142658768154e-11,
    2.438264323929502e-11,
    2.0285280103517606e-11,
    5.332931886283048e-12,
    4.3153830793617895e-12,
    1.284870739555307e-12,
    9.231117597653695e-13,
    2.283910396318032e-13,
    1.9725521559186719e-13,
    6.868367416451982e-14,
    5.186325145825697e-14,
    1.4421581145463047e-14,
    1.0778307829251568e-14,
    3.389779731294856e-15
  ],
  "rk": [
    1.0,
    0.1362475549942918,
    0.05263646844726274,
    0.031633545016308204,
    0.010887215799962551,
    0.007333472350627967,
    0.002459490504884206,
    0.001861882478171405,
    0.0005859012157873033,
    0.0004470080616776263,
    0.00014220229913332726,
    0.00010666107822413145,
    3.8577301974769436e-05,
    2.523898992135035e-05,
    8.291880837791172e-06,
    5.20410655190616e-06,
    1.7142226317909963e-06,
    1.0434566891804273e-06,
    3.6340741579463924e-07,
    2.0807588658595916e-07,
    7.473153942875495e-08,
    7.303664494666375e-08,
    2.125322715978358e-08,
    1.887141596661435e-08,
    4.403564324305032e-09,
    3.941169223398288e-09,
    9.007459274319136e-10,
    8.040151092358299e-10,
    1.907748036356724e-10,
    1.7864095292037057e-10,
    4.7228504822301285e-11,
    4.450143424368031e-11,
    1.1912850220037184e-11,
    1.1097161565355415e-11,
    3.059923346220038e-12,
    2.779298633229877e-12,
    7.035586803477428e-13,
    6.395097714581108e-13,
    1.6098801320377327e-13,
    1.4056403670523813e-13,
    3.166649201584838e-14,
    2.947461653024385e-14,
    8.229320873630762e-15,
    7.141048885476716e-15,
    1.8590662770215988e-15,
    1.5865002289418029e-15,
    4.4346175005792196e-16
  ],
  "exit_code": 0,
  "iters": 46,
  "mtx": "Chem97ZtZ",
  "method": "tridiag",
  "x_id": "randn"
}