{
  "fre": [
    0.8424484467354579,
    0.245152957435738,
    0.218138948503704,
    0.12504586372062243,
    0.06951388429051211,
    0.04610340217747464,
    0.04354592152871483,
    0.04319094221254613,
    0.042393516543297205,
    0.04117912477211474,
    0.040049740247994646,
    0.0392752836311588,
    0.038361316509311995,
    0.03768516773215732,
    0.0364604344269023,
    0.03291716795355798,
    0.018343370908500745,
    0.00863735469053122,
    0.0009867804961987896,
    0.0002540713705338996,
    0.00024798317879274327,
    0.0002453298359324115,
    0.00024218265849113203,
    0.00023769553221672643,
    0.00021825916288957994,
    0.00022580190358186805,
    0.000164820155347281,
    9.49687195472269e-05,
    2.755691103482582e-05,
    1.4987256310898349e-05,
    8.602241368505376e-06,
    4.4945564967433145e-06,
    2.347089711390974e-06,
    7.592630385822622e-07,
    8.620754195298627e-07,
    2.9134258070456847e-07,
    8.338496895788644e-08,
    3.711037674305053e-08,
    9.320474987345248e-09,
    5.311195594922203e-09,
    5.268882538606192e-09,
    5.002952477200641e-09,
    4.96038438071408e-09,
    4.867092525161783e-09,
    4.453183277064193e-09,
    3.8537308470684665e-09,
    1.7513432300522437e-09,
    8.413362270089831e-10,
    5.029152379705118e-10,
    1.1062991869646626e-10,
    3.063180086324749e-11,
    1.1254725517012905e-11,
    2.7217627474019748e-11
  ],
  "rk": [
    1.0,
    0.0006141665915380196,
    0.00015300211543849336,
    4.50033237467034e-05,
    1.3718351526945154e-05,
    1.0808205805173426e-05,
    3.2876024440460986e-06,
    2.6253585564869443e-06,
    1.730531059315933e-06,
    1.3352256413739704e-06,
    8.511138628355915e-07,
    5.046540224709978e-07,
    3.1042785847415466e-07,
    1.7290810222103838e-07,
    1.2527952274562347e-07,
    1.1382645315143631e-07,
    1.021576455942322e-07,
    7.448261487081137e-08,
    4.835225245718822e-08,
    1.7390941234524412e-08,
    5.538677845687628e-09,
    3.4835463027103153e-09,
    1.376473154821018e-09,
    1.2121494898127582e-09,
    1.1630568650069675e-09,
    1.0342836815723909e-09,
    1.0237680121882024e-09,
    8.190739277521024e-10,
    6.703040101878572e-10,
    3.9791775284600616e-10,
    3.1512235112628594e-10,
    2.2599258734040608e-10,
    1.2861287424782954e-10,
    7.10479982606185e-11,
    2.219515480967436e-11,
    1.152575845439121e-11,
    3.0597453139193663e-12,
    9.115312638068432e-13,
    3.005812167067293e-13,
    9.842818221858932e-14,
    4.7765433254872644e-14,
    4.5451006812835575e-14,
    2.0774248037056323e-14,
    2.0306876066029818e-14,
    2.0046609970502628e-14,
    1.8912192915354696e-14,
    1.81287561813321e-14,
    1.0631118107160969e-14,
    8.376155778805872e-15,
    6.481342267064591e-15,
    4.490884769591115e-15,
    3.4900603334786294e-15,
    2.156895615109676e-15,
    8.873784397274069e-16
  ],
  "exit_code": 0,
  "iters": 53,
  "mtx": "LeGresley_2508",
  "method": "max-st_add_m3",
  "x_id": "randn"
}