{
  "fre": [
    0.38177354909957945,
    0.17692126987939336,
    0.22617011124039574,
    0.1938534050265267,
    0.1996035711535359,
    0.19817554108439897,
    0.1954794340035805,
    0.19152441376057808,
    0.19033097187988204,
    0.18155719414546306,
    0.1774901198763323,
    0.1521568402408335,
    0.06165719101713947,
    0.02090088131730091,
    0.009145195482300326,
    0.0020407466131162322,
    0.0021684841816774097,
    0.0037666058410781357,
    0.0011915139854999836,
    0.0006028851312772949,
    0.0005996749377253275,
    0.0005735965765679184,
    0.0005713940873661186,
    0.0005819115168714612,
    0.0005600901992464802,
    0.0005085926938404032,
    0.00044346966054781034,
    0.000410835264529593,
    0.0003325287599902988,
    0.00019589967336292998,
    7.036315725214394e-05,
    2.098990119978208e-06,
    1.8571064460019576e-06,
    3.585696343549841e-06,
    1.4721408010761793e-06,
    3.8609095148710567e-07,
    5.473674845849757e-08,
    4.1393541425345885e-09,
    4.626294130817513e-09,
    2.2503170835319656e-09,
    2.2214415650266666e-09,
    2.0535591119591926e-09,
    2.014848758228865e-09,
    1.9986771269529733e-09,
    1.8529363096298883e-09,
    1.8259772392824376e-09,
    1.3332429175631251e-09,
    6.520182906010746e-10,
    3.02141238951875e-10,
    1.0211945910699042e-10,
    3.513068905651968e-11,
    1.5767150345366282e-11
  ],
  "rk": [
    1.0,
    0.0004533848125362327,
    9.122176363783034e-05,
    2.7597058993881774e-05,
    9.28437568465308e-06,
    4.723546318165189e-06,
    1.5236933996433747e-06,
    1.0285141727053454e-06,
    6.711615458446608e-07,
    6.671631312283332e-07,
    6.167448167208771e-07,
    6.119777403096407e-07,
    5.745632344250839e-07,
    3.94021084145276e-07,
    2.4122418464063174e-07,
    1.373320602327643e-07,
    8.559106083233296e-08,
    5.040914543329879e-08,
    2.123301610208121e-08,
    7.873744781725942e-09,
    2.8650358605167286e-09,
    2.767259094617943e-09,
    1.5905707099328301e-09,
    1.5801062876381306e-09,
    1.5504758483971197e-09,
    1.50109905803851e-09,
    1.3755672992264199e-09,
    1.1978939696203197e-09,
    1.1491632785238976e-09,
    1.0316278598874415e-09,
    8.710984297171357e-10,
    5.750790600646758e-10,
    2.3569388722978335e-10,
    1.0001149263440636e-10,
    3.7029769897050306e-11,
    1.2593566669640072e-11,
    4.306770688350744e-12,
    1.0464947693878417e-12,
    2.8496093561112425e-13,
    7.717616765662358e-14,
    2.7966627962787936e-14,
    2.6485448206821023e-14,
    9.050197997659636e-15,
    7.788089011251101e-15,
    7.722831151913548e-15,
    6.217218089060123e-15,
    6.203957363029032e-15,
    5.147924878059491e-15,
    3.6943403583408535e-15,
    2.7055747522763085e-15,
    1.7241968215212018e-15,
    1.506666773525243e-15,
    9.60960381739544e-16
  ],
  "exit_code": 0,
  "iters": 52,
  "mtx": "LeGresley_2508",
  "method": "max-st_add_m3",
  "x_id": "sine"
}