{
  "fre": [
    1333.7251073208192,
    450.7517287863877,
    1466.5523318592266,
    1111.9625929909532,
    8666.321537582991,
    26547.505824365177,
    1244.944266762402,
    12.286136393711065,
    13.174991439244748,
    10.859526575376472,
    8.384111348408164,
    5.151768316435087,
    4.893068062122957,
    1.6824273221397947,
    1.426729350116151,
    1.166277954473186,
    0.7726692287653711,
    0.3992060849335793,
    0.15663455216363786,
    0.05160011569933631,
    0.05156112604647021,
    0.05048449456269137,
    0.05062446963105217,
    0.1367410428115155,
    0.2949680426591012,
    0.024912585819993224,
    0.00932432202269581,
    0.006344236285438695,
    0.004491053313947095,
    0.002794938102923995,
    0.0005930279946754581,
    0.0005055183663820623,
    0.00010062576985618388,
    3.314890425943644e-05,
    1.7418848702191592e-05,
    1.1322150178306419e-05,
    7.636261061102543e-06,
    4.807951762416137e-06,
    3.359542559511347e-06,
    2.4678714920292515e-06,
    2.319949747458408e-06,
    1.95050297696235e-06,
    5.171163717884283e-06,
    6.551625931733249e-06,
    1.2444498903380125e-06,
    9.455002987852378e-07,
    6.175116437225305e-07,
    4.132724494241641e-07,
    3.157745698230532e-07,
    2.5236602048870656e-07,
    1.5877220697652752e-07,
    9.677782037543918e-08,
    9.460579885403311e-08,
    6.49054207724562e-08
  ],
  "rk": [
    1.0,
    0.055448274218008,
    0.05135197826997738,
    0.01530014511481791,
    0.013074344956122749,
    0.0029936280794134375,
    0.0014996538138979563,
    0.0007567669235626531,
    0.00016677642158648,
    4.764119593561365e-05,
    1.6465039559542456e-05,
    1.1964423790158523e-05,
    8.490973650243438e-06,
    7.155229426419861e-06,
    3.237964325580649e-06,
    1.411169843642307e-06,
    6.250966656191628e-07,
    4.015254014754553e-07,
    2.245720843538857e-07,
    1.1565148900746359e-07,
    5.567472780439748e-08,
    5.5671040223297667e-08,
    5.5084501286486365e-08,
    5.501420000094445e-08,
    4.213137836744127e-08,
    3.7978808304654395e-08,
    1.9803823554048244e-08,
    1.3093675969694189e-08,
    3.15037603871233e-09,
    2.1424630144800127e-09,
    1.4653969190962833e-09,
    5.927205415156885e-10,
    5.431136100920422e-10,
    1.9329624968356887e-10,
    7.435108318046526e-11,
    3.2632574930588265e-11,
    1.6996963789739346e-11,
    6.224677423023502e-12,
    2.998814897658632e-12,
    9.437239376155765e-13,
    4.822655174025143e-13,
    4.762317822846252e-13,
    4.568469379147203e-13,
    4.239683266648299e-13,
    3.9326493211729983e-13,
    1.3239900821588697e-13,
    6.909554175915695e-14,
    3.3165832669495596e-14,
    1.2674595956236558e-14,
    7.271490438023553e-15,
    4.022260836789651e-15,
    2.159086225102787e-15,
    1.104463054205066e-15,
    1.0568349566174498e-15,
    5.472800465512931e-16
  ],
  "exit_code": 0,
  "iters": 54,
  "mtx": "mhd3200b",
  "method": "max-st",
  "x_id": "randn"
}