{
  "fre": [
    667.3394904338982,
    2386.836391167605,
    7398.088692926602,
    3235.4810384992224,
    72228.50695276065,
    5779.081396575271,
    235.22317458875662,
    18.515184693422423,
    15.403360823773678,
    9.516066045462887,
    6.895765696385947,
    5.719415146516199,
    2.48778378042044,
    2.0984244670109904,
    0.9428407179039237,
    0.8634109278988108,
    0.5395028022257646,
    0.4220713825645752,
    0.26584161973322157,
    0.1833229758738253,
    0.17946407060814995,
    0.19101916601909447,
    0.1822977376755403,
    0.17962287259739834,
    0.1477581061633529,
    0.06899227280852005,
    0.05405302019526405,
    0.023710083406494848,
    0.018390622323325882,
    0.01234786160752906,
    0.009149290771789132,
    0.00495415239912728,
    0.0025309138000145603,
    0.0018556523075497185,
    0.0011061136714924143,
    0.000679412649441037,
    0.0002823358164975766,
    9.786062136724168e-05,
    2.0079237127027966e-05,
    9.764527804588482e-06,
    9.456479468602654e-06,
    9.690273757405783e-06,
    9.67581230728587e-06,
    8.739551340062305e-06,
    5.9603048029273424e-06,
    4.953358200980931e-06,
    3.0618548689863542e-06,
    1.6392657388737733e-06,
    1.078735728538808e-06,
    8.632752738012019e-07,
    3.043650244740438e-07
  ],
  "rk": [
    1.0,
    0.06182416184354188,
    0.01202091597155391,
    0.004061003282282729,
    0.0040369013883000794,
    0.00322742170283493,
    0.0013095592322122315,
    0.0005582881629153543,
    7.420333027113449e-05,
    4.80538220584386e-05,
    1.3314754896898623e-05,
    3.6144628966111626e-06,
    3.3056705328100674e-06,
    9.436124719734741e-07,
    6.482070119421362e-07,
    2.2026355415107515e-07,
    1.0562193864474739e-07,
    3.8861468496158016e-08,
    2.0270638182751713e-08,
    9.050805041910236e-09,
    4.6635399058258605e-09,
    4.646154221593612e-09,
    4.63201762927868e-09,
    4.6172416316337004e-09,
    4.609410501085544e-09,
    3.91058883245702e-09,
    1.5372470631866233e-09,
    1.2210028075385728e-09,
    2.8124195692486146e-10,
    1.4445314806708025e-10,
    6.500792879583792e-11,
    4.2308180961912324e-11,
    2.0385011035349126e-11,
    7.920610085722385e-12,
    4.1551577933325646e-12,
    2.279147826147634e-12,
    1.4925588915955855e-12,
    7.3368525608091e-13,
    3.6321105484408455e-13,
    1.387040007585327e-13,
    8.053712715974908e-14,
    8.005566128271733e-14,
    7.923786377984754e-14,
    7.922715850396995e-14,
    7.025118958604778e-14,
    4.354060827915663e-14,
    3.535745614905233e-14,
    2.743044280707319e-14,
    4.787203553360299e-15,
    2.4141757001095595e-15,
    1.5310402536376623e-15,
    7.918685769515288e-16
  ],
  "exit_code": 0,
  "iters": 51,
  "mtx": "mhd3200b",
  "method": "max-lf_add_m2",
  "x_id": "ones"
}