{
  "fre": [
    150.56998920609652,
    69.63450829738343,
    59.56708549754901,
    19.772952520622525,
    36.12193520689328,
    15.228601879638738,
    19.706571670928273,
    17.643618199885204,
    15.25212713282242,
    15.326845455105747,
    11.897576225806146,
    14.166041993594234,
    11.839334477174674,
    10.883803995027991,
    10.348535678305565,
    8.421851968992177,
    9.31695020889216,
    3.6056373391701553,
    6.9249288240621505,
    4.616829264984694,
    4.619888530043835,
    4.484067385707114,
    4.37956160487915,
    3.96744411104441,
    3.6031801300306805,
    3.429610338615667,
    3.231614851993866,
    3.011421010164639,
    2.573234000473407,
    2.107478232013052,
    1.8410007472766343,
    1.7013066676509252,
    1.6237845164936282,
    1.5592028541891192,
    1.465902610203381,
    1.3488926045933518,
    1.1033561208509464,
    0.5471305654038185,
    0.18223120586862188,
    0.04300195176078883,
    0.04265084008390869,
    0.04034066170766997,
    0.03867109360330504,
    0.03570666335535279,
    0.03380628417890278,
    0.03129999873850872,
    0.028432156273170774,
    0.02687461051223126,
    0.013757657349442306,
    0.005834672497619924,
    0.001249067888094571,
    0.0005171255988428084,
    0.0002509461440752259,
    0.0001709342481485824,
    9.660448148418691e-05,
    7.973335856902624e-05,
    1.545811901704783e-05,
    6.08612585295125e-06,
    2.0596167919678675e-06,
    2.963599322976932e-07,
    2.934712024014441e-07,
    2.7383611687770826e-07,
    2.61447195343302e-07,
    2.4741048426428405e-07,
    2.3821850137954529e-07,
    2.2177965126724254e-07,
    2.100072146055529e-07
  ],
  "rk": [
    1.0,
    0.22721156374155402,
    0.08085250559950376,
    0.02960882181474387,
    0.008239901578964808,
    0.002042272366848319,
    0.0011133169683765428,
    0.00047800048937144513,
    0.00010075330281694151,
    5.770716508251191e-05,
    4.379064536819088e-05,
    1.1887037371543397e-05,
    6.5964702291162855e-06,
    5.0307691898417815e-06,
    3.460471434094723e-06,
    2.330753049971653e-06,
    1.8667425957528385e-06,
    1.2976865239692268e-06,
    9.520094256805713e-07,
    5.105325701377821e-07,
    2.696014492188756e-07,
    2.6884219654951817e-07,
    2.3613702395037e-07,
    1.6399253751848427e-07,
    7.75211579594009e-08,
    4.282454767935761e-08,
    2.9262792792789882e-08,
    2.6602093634502887e-08,
    1.845575911827355e-08,
    1.4672362726684824e-08,
    7.577383605518041e-09,
    4.02858354984866e-09,
    2.38890288585191e-09,
    1.3839600999627923e-09,
    1.0309547819371317e-09,
    7.618630799156275e-10,
    7.022604589643067e-10,
    6.164054845105582e-10,
    4.2269613481538383e-10,
    2.364137020281799e-10,
    1.1217267344705804e-10,
    1.0634330797893574e-10,
    6.475114181493497e-11,
    4.9847969920141385e-11,
    2.3546051356019593e-11,
    1.8844552239080892e-11,
    1.731985851458287e-11,
    1.5259933862902347e-11,
    1.5010679950453717e-11,
    9.640565660485943e-12,
    6.375986166355594e-12,
    2.678672613119488e-12,
    1.6250497502025612e-12,
    1.0302478305811101e-12,
    7.831474698965429e-13,
    5.712170212681027e-13,
    5.033057030498321e-13,
    2.1763217745569406e-13,
    1.3225791124155172e-13,
    7.553694531421682e-14,
    2.7090940646895966e-14,
    2.5334214739631977e-14,
    1.0588192857955643e-14,
    7.25689264356854e-15,
    2.9711401883329144e-15,
    1.8619972793253287e-15,
    1.1437528922341152e-15,
    9.347062530458391e-16
  ],
  "exit_code": 0,
  "iters": 67,
  "mtx": "mhd3200b",
  "method": "diagp0",
  "x_id": "randn"
}