{
  "fre": [
    405.6506079806873,
    1254.8846872217816,
    5985.9424177759765,
    8439.91577432127,
    99772.10481077053,
    8328.706761379219,
    240.02545661228726,
    16.390772478773467,
    7.25553705490497,
    2.9407238104603257,
    1.6219780980080287,
    1.2140072705352902,
    0.8270402170313859,
    0.5501963985420961,
    0.4410794148406947,
    0.34228762309461497,
    0.2306578909858163,
    0.16602662240652402,
    0.10574420328769701,
    0.06428076849212255,
    0.05131949252209093,
    0.09082769213596444,
    0.14934653184546154,
    0.029511470239285072,
    0.03925693899325829,
    0.023220113830834596,
    0.01582311146636305,
    0.008853941602962786,
    0.0057988954387313335,
    0.004577985044233768,
    0.0030524303922236234,
    0.0018140876312367192,
    0.0011669797645677742,
    0.0006889511834382411,
    0.00043756493986214816,
    0.00029574230218651744,
    0.0002178480065499574,
    0.00015717499943851176,
    9.511033682873568e-05,
    4.9395562946819705e-05,
    4.917331218166819e-05,
    4.664684343634261e-05,
    4.6552181556305394e-05,
    3.2749395820659094e-05,
    2.3942532254973947e-05,
    1.2083952817615136e-05,
    6.529676449635618e-06,
    2.76791846107534e-06,
    5.402814953341941e-07,
    1.699730403228632e-07,
    8.345745471909342e-08,
    1.6892651113947113e-08
  ],
  "rk": [
    1.0,
    0.07446377128959651,
    0.023180921447358917,
    0.011165074034600356,
    0.011119350173441848,
    0.00544406764058732,
    0.002122126635542209,
    0.0007753616443787528,
    0.00042181667570379184,
    0.00022131898632429153,
    0.00014406562267884067,
    3.9879427265861e-05,
    9.61839088367893e-06,
    4.392536739026722e-06,
    1.7223766870818529e-06,
    6.135955709147421e-07,
    3.2555687744822174e-07,
    1.3356201198300696e-07,
    7.730565607447299e-08,
    3.974803659657896e-08,
    1.9244163435591215e-08,
    1.8257461635997783e-08,
    1.7518803019554066e-08,
    1.724506559842737e-08,
    1.4806958563599343e-08,
    9.457359451021354e-09,
    6.668379108075125e-09,
    4.875348793690879e-09,
    9.932947509137557e-10,
    4.053773467178712e-10,
    2.493724884912259e-10,
    1.392480711018196e-10,
    6.074230725219674e-11,
    2.6873022725728248e-11,
    1.1468750397617973e-11,
    4.428957439838331e-12,
    2.347585474968966e-12,
    8.838676118558148e-13,
    5.25822783907476e-13,
    3.1226210430131447e-13,
    1.8819717637571143e-13,
    1.8802957764170995e-13,
    1.7360498675845388e-13,
    1.7353915555153675e-13,
    1.1274885111052066e-13,
    7.698000232714645e-14,
    4.480011575910618e-14,
    3.090368214406816e-14,
    1.5941645770625817e-14,
    6.192964804260385e-15,
    2.6888649592800366e-15,
    1.7229944992688032e-15,
    5.026716198145288e-16
  ],
  "exit_code": 0,
  "iters": 52,
  "mtx": "mhd3200b",
  "method": "max-lf",
  "x_id": "randn"
}