{
  "fre": [
    153.7357244898285,
    327.0618697685846,
    1245.8948844345537,
    1725.9858108994147,
    10716.387109513927,
    18646.128509380258,
    2183.0955310752706,
    27.813373169700693,
    6.675153443832647,
    4.786000394279894,
    1.732027403010985,
    1.2281750121833785,
    0.7663064080511546,
    0.5632493359326259,
    0.3570273141199262,
    0.291675671196785,
    0.18055450765951664,
    0.1289266986401091,
    0.08348915341740153,
    0.05636115422932543,
    0.05109554230152262,
    0.058500248272317826,
    0.1317691649163561,
    0.037406241721950687,
    0.04418864992550254,
    0.01910116977366379,
    0.01140985133714208,
    0.008960664591984486,
    0.005587619455498141,
    0.003216335341482041,
    0.002272773134570417,
    0.0016867129443150328,
    0.000988252531595386,
    0.0005967586839385104,
    0.00047088578781533097,
    0.000322001773514574,
    0.00020746548291248,
    0.00013074155984272413,
    7.645167812056682e-05,
    4.6692090514611905e-05,
    4.653177719109684e-05,
    4.57349997386891e-05,
    4.2440627804379284e-05,
    3.856273668581758e-05,
    2.4311990810665235e-05,
    1.1229009038677425e-05,
    7.69992462680224e-06,
    4.670257392588918e-06,
    2.5003072932229303e-06,
    3.5171125667519857e-07,
    7.466356373033711e-08
  ],
  "rk": [
    1.0,
    0.03833525578753752,
    0.012676253126071844,
    0.00888064139260944,
    0.00827070039967439,
    0.0017651466910358488,
    0.0007535805133938137,
    0.0004339098101035971,
    0.00014140436866532722,
    5.671605425223853e-05,
    5.1634121653792265e-05,
    9.887961733572975e-06,
    4.697425512403059e-06,
    1.9262821275583804e-06,
    7.831471391567779e-07,
    3.41823833283164e-07,
    1.7954143322250927e-07,
    8.036830830968061e-08,
    4.083502780497261e-08,
    2.0058564824808352e-08,
    1.1370402788085447e-08,
    1.1133739398642764e-08,
    1.1068334265986991e-08,
    1.0697923580324156e-08,
    1.0147374417966184e-08,
    8.825585870452193e-09,
    5.133176708017372e-09,
    1.684251070625555e-09,
    6.333468953590725e-10,
    2.940329496720906e-10,
    1.182202823847082e-10,
    5.842015592481146e-11,
    2.978611429345291e-11,
    1.7075802897876984e-11,
    5.725602386523785e-12,
    2.4093810614881386e-12,
    1.299461690445043e-12,
    4.810982300175321e-13,
    2.91840576995311e-13,
    1.6972534640541217e-13,
    1.1041580517592232e-13,
    1.1035448433540493e-13,
    1.0782346056792157e-13,
    1.0236576318031941e-13,
    9.670499980329255e-14,
    6.968181695830054e-14,
    3.3245218058493525e-14,
    1.9376908966156292e-14,
    1.2265581512106934e-14,
    7.0929680329228505e-15,
    2.238835901328198e-15,
    9.000190658976424e-16
  ],
  "exit_code": 0,
  "iters": 51,
  "mtx": "mhd3200b",
  "method": "max-lf_add_m2",
  "x_id": "sine"
}