{
  "fre": [
    1339.666793902343,
    173.6313573150245,
    810.7951526456877,
    543.431165354361,
    4240.924280069093,
    14219.047479650524,
    1114.479928250677,
    17.802219044852272,
    10.108125950498785,
    9.99216610187146,
    4.484171453336598,
    2.7106153898652594,
    2.644144817816887,
    1.7551379763034096,
    1.4312247525743675,
    0.8440978677689824,
    0.6305124673283574,
    0.16975588769380429,
    0.05213247569474868,
    0.01966389367378906,
    0.019621704771274402,
    0.017762051664250832,
    0.016952444695625124,
    0.02500188103206637,
    0.11039741424266732,
    0.023824070889711977,
    0.004938434307494605,
    0.0034579912880666934,
    0.0016278257675281535,
    0.0009981727833315393,
    0.0007035336708696815,
    0.0006425270689128009,
    0.00023111830986189303,
    0.00029804725887162126,
    2.922666485090765e-05,
    4.0393295753731975e-05,
    1.7875094127370924e-05,
    3.458795208395162e-06,
    2.1728178892385177e-07,
    1.582707230689289e-06,
    1.1219261622950354e-06,
    3.0677172285416373e-07,
    3.43027170743802e-06,
    5.061562098185356e-06,
    2.5471530548051555e-07,
    3.3643434163347443e-08,
    8.052085290680429e-08,
    4.555034522213136e-08,
    4.762993781035578e-08,
    2.0778027901993766e-08,
    1.2322945713724144e-08,
    8.693309825089796e-09
  ],
  "rk": [
    1.0,
    0.02211725920919194,
    0.018842230029237163,
    0.006687549059574862,
    0.004958484078208146,
    0.0010609609848026647,
    0.0005590793917974732,
    0.0003327132546356013,
    0.00010478605070770965,
    2.4998829568899116e-05,
    2.4981019396697546e-05,
    7.52815576943995e-06,
    2.795440545411253e-06,
    2.7622193923130588e-06,
    1.0635437635669531e-06,
    6.269085848865283e-07,
    3.515911115711661e-07,
    2.5081741443272617e-07,
    1.091216490543165e-07,
    5.2203719201019734e-08,
    2.562346336500033e-08,
    2.562025561875404e-08,
    2.1053684661557434e-08,
    1.8743898105456214e-08,
    9.57213803284621e-09,
    6.6985888500953174e-09,
    5.485708119836416e-09,
    3.076532790527397e-09,
    1.6011171673014882e-09,
    8.101873312654078e-10,
    4.4111561040701304e-10,
    2.890748093373793e-10,
    2.7523267236432915e-10,
    1.5343043203757005e-10,
    4.425343814478577e-11,
    2.6164851942596e-11,
    1.6361819860014124e-11,
    3.585538799169125e-12,
    2.122661559251637e-12,
    7.345250833948498e-13,
    3.390730957090145e-13,
    3.2842039706943577e-13,
    2.8843841361829717e-13,
    2.483723437657073e-13,
    2.137398711292687e-13,
    1.1752606134467724e-13,
    6.914393656020401e-14,
    3.794509407884018e-14,
    7.379694835040942e-15,
    4.66761015396114e-15,
    2.001847542867703e-15,
    1.0569724231875718e-15,
    5.523862895302088e-16
  ],
  "exit_code": 0,
  "iters": 52,
  "mtx": "mhd3200b",
  "method": "max-st",
  "x_id": "sine"
}