{
  "fre": [
    1579.2619304396846,
    1141.9463327007309,
    2392.443980377372,
    1878.1495247544622,
    16318.813402144182,
    21046.804039947994,
    520.0413085416225,
    24.303212252091434,
    21.317405306090244,
    16.131772709545317,
    14.888143063668643,
    10.10149760772727,
    4.0211878482148125,
    2.9543685735617453,
    1.4795504568181643,
    1.0600247675609726,
    0.1907924387567372,
    0.10361284928382626,
    0.04430693319729638,
    0.02334263559520184,
    0.023333968593796304,
    0.02331319286087443,
    0.023454799453929837,
    0.028657011357836118,
    0.09839184588500234,
    0.018531371978895064,
    0.004521411005041576,
    0.0037578632676064897,
    0.0031031684150105857,
    0.0020665697744643645,
    0.0007620475251769278,
    0.00017004313135482837,
    0.00012369295091751314,
    3.0345645418632908e-05,
    1.6457567821167535e-05,
    6.69000867643661e-06,
    2.8357650448238025e-06,
    2.2031544869815606e-06,
    1.2432046477308614e-06,
    1.06504164330516e-06,
    1.063933769449966e-06,
    1.0630663974595507e-06,
    1.0990007708073e-06,
    1.322005959773624e-06,
    9.21664894947101e-07,
    5.92094931632367e-07,
    6.035886518430209e-07,
    1.6071008053978282e-07,
    1.4295376981580722e-07,
    9.832853020895086e-08,
    5.519969147524398e-08
  ],
  "rk": [
    1.0,
    0.055702843340369255,
    0.052334845239015104,
    0.007600235955578952,
    0.005779412246260807,
    0.0014120770152291995,
    0.0008618050455897461,
    0.0003557404307729665,
    3.696812595567154e-05,
    1.6190996303002134e-05,
    4.614640868865354e-06,
    4.501914203869444e-06,
    2.733022854725299e-06,
    7.964868950207179e-07,
    5.905194705052788e-07,
    2.678260326285702e-07,
    1.8098109727578872e-07,
    5.950206529665867e-08,
    3.4692325843153124e-08,
    1.581370430788188e-08,
    9.522502342919701e-09,
    9.522108103901979e-09,
    9.520116370268392e-09,
    9.516078618960546e-09,
    9.33713426101763e-09,
    8.777720034042407e-09,
    5.970324331246174e-09,
    1.8325075600912943e-09,
    6.493331761412283e-10,
    4.1157346681078174e-10,
    2.260335135344296e-10,
    1.1603881229695902e-10,
    4.033806888970886e-11,
    3.044863882643404e-11,
    1.037432930825129e-11,
    4.763312609643946e-12,
    2.7055552795938793e-12,
    9.294143716074751e-13,
    4.890805680133981e-13,
    1.5522344521898627e-13,
    5.494302811934595e-14,
    5.493272926459883e-14,
    5.492115940761643e-14,
    5.481392023421794e-14,
    5.3961497182615317e-14,
    5.2759110153899685e-14,
    2.788883395466942e-14,
    2.7838756904149848e-14,
    3.47566163669112e-15,
    2.197280924452723e-15,
    1.331166177018968e-15,
    7.219448178795101e-16
  ],
  "exit_code": 0,
  "iters": 51,
  "mtx": "mhd3200b",
  "method": "max-st",
  "x_id": "ones"
}