{
  "fre": [
    208.76158503021236,
    100.3426207793378,
    60.28387200932525,
    12.435677287122317,
    29.986172953459707,
    9.495364811107356,
    13.189590304703485,
    11.982328977458822,
    9.720988536025322,
    10.556517665167155,
    8.010697018530506,
    10.788606467272219,
    7.451169182260548,
    6.986064715436844,
    6.934760789247571,
    5.482157208726611,
    6.725812654201378,
    1.7376113387301704,
    4.200160968723698,
    2.7979871197453376,
    2.7982091842372157,
    2.702275377274457,
    2.63287359799075,
    2.4286676314776887,
    2.1614526241000513,
    2.0631754361977492,
    1.9489640563199444,
    1.7636155217011515,
    1.5539845894810353,
    1.2292981642684615,
    1.0809819902606947,
    1.0152641442672563,
    0.9718316472372844,
    0.9284236044674706,
    0.8677108119686542,
    0.765219270965245,
    0.5871765870099102,
    0.30600818716797185,
    0.1183464159313611,
    0.016068762533575094,
    0.015911276213103526,
    0.014888935418299111,
    0.014589044525967949,
    0.01334065647295441,
    0.012843841217734244,
    0.011796227161193317,
    0.0104449937989998,
    0.00955314913839007,
    0.005574560624989879,
    0.002872475161524605,
    0.0005752365299352868,
    0.00024516513468980075,
    0.00013690668358176523,
    0.00010109122937179261,
    4.596502689144064e-05,
    4.3601237782530175e-05,
    3.075602565149411e-06,
    7.238407046580787e-06,
    2.781339809576633e-06,
    2.0745481697968635e-06,
    2.0717301414103197e-06,
    1.923982891142477e-06,
    1.853991872691315e-06,
    1.7041282894934026e-06,
    1.6131471910305648e-06
  ],
  "rk": [
    1.0,
    0.14963866405277715,
    0.053924438088104105,
    0.016643656813760607,
    0.005834670496075346,
    0.0017769298460394232,
    0.0007964542317530531,
    0.0002537491710939089,
    6.774004281993216e-05,
    3.5293961644789667e-05,
    1.7625165752619666e-05,
    9.930621387724883e-06,
    5.8866312786976314e-06,
    3.3638155948895315e-06,
    1.7104774477688181e-06,
    1.1541192056915874e-06,
    9.806352298924438e-07,
    6.901366462814851e-07,
    4.963977923371918e-07,
    2.405104038061653e-07,
    1.1503708933448305e-07,
    1.1492678149504616e-07,
    9.590381901260298e-08,
    7.646580040310976e-08,
    5.03708947567343e-08,
    1.7886945981673687e-08,
    1.1473698611760472e-08,
    9.982055975911876e-09,
    7.0035133406293214e-09,
    6.0023804495477235e-09,
    2.8341474882803428e-09,
    1.2030086880143632e-09,
    6.931064811589413e-10,
    4.395375324173422e-10,
    3.543794423588076e-10,
    2.8685230155477675e-10,
    2.587944515270489e-10,
    2.1984704804260213e-10,
    1.5333551340071015e-10,
    9.409152158654931e-11,
    3.276948654752723e-11,
    3.057038104330032e-11,
    1.334355523338748e-11,
    1.1770529561895108e-11,
    5.485771782116325e-12,
    4.9767402317820076e-12,
    4.247442902550899e-12,
    3.6097800584548316e-12,
    3.523765258126477e-12,
    2.4212402266179693e-12,
    1.783679462182913e-12,
    6.919038511290458e-13,
    4.374552001589915e-13,
    2.829149391601417e-13,
    2.366462265700308e-13,
    1.4592314673950038e-13,
    1.369560424359478e-13,
    7.295297458336046e-14,
    4.356215972561658e-14,
    1.8619818874086482e-14,
    8.24720219483098e-15,
    8.187649161935686e-15,
    4.028259171520759e-15,
    3.263250002244399e-15,
    1.8382965517523864e-15,
    9.678987391088708e-16
  ],
  "exit_code": 0,
  "iters": 65,
  "mtx": "mhd3200b",
  "method": "diagp0",
  "x_id": "sine"
}