{
  "fre": [
    49.56403669146545,
    22.19448402913319,
    43.182723526888665,
    16.676868747737508,
    31.43396308183428,
    17.24419293897298,
    19.459428942440585,
    16.752423548400593,
    13.789874442789554,
    14.177125441199932,
    11.534844483958455,
    11.859111398535266,
    10.370088600093947,
    8.968573660043665,
    8.68439365373993,
    4.367600995031104,
    7.355352873261864,
    3.495096123947688,
    4.2797545162569435,
    3.757622887344038,
    3.757427114084393,
    3.5837700983314864,
    3.5351255992110975,
    3.1544174899136666,
    2.9301701955775052,
    2.7810438517456144,
    2.623335855103551,
    2.5050125142796507,
    2.0688700356501575,
    1.9558101525315488,
    1.4499523290715726,
    1.2810952326756158,
    1.1946280431293708,
    1.054384720185774,
    1.0265319285986183,
    0.5219623717151434,
    0.168485691544128,
    0.03493779278772675,
    0.00719415835325582,
    0.0017341610306124465,
    0.001730997949788505,
    0.0016038188622906516,
    0.0015280530688811282,
    0.0014353324341536168,
    0.0013804253019895595,
    0.0013011077039700937,
    0.0012236711857511221,
    0.001247957736424091,
    0.0009598880850807321,
    0.000849304691746998,
    0.000554314009898211,
    0.0002782905436675022,
    0.00011923853389735083,
    6.899047454398145e-05,
    6.801861167504896e-05,
    2.368362744323409e-05,
    1.4660706291695468e-05,
    7.058874644452093e-06,
    5.17682643058832e-07,
    6.446980326113924e-07,
    6.419732592954699e-07,
    6.020527881465295e-07,
    5.841172986244589e-07
  ],
  "rk": [
    1.0,
    0.13154694253838106,
    0.033101264671077074,
    0.010866370483595686,
    0.005467917097897863,
    0.0007076067711322017,
    0.00037043586842444657,
    0.0002311951579156401,
    5.475163754475889e-05,
    1.5292710861204053e-05,
    8.85697312003306e-06,
    4.647234350855215e-06,
    3.091607517458209e-06,
    2.2671444748213997e-06,
    1.5896646007180664e-06,
    1.3498136922760202e-06,
    8.222575418365744e-07,
    3.3505015059246295e-07,
    1.8271491632491476e-07,
    1.01373742383627e-07,
    4.5371153497660664e-08,
    4.5358105518098335e-08,
    3.2073002626948316e-08,
    3.078318528604662e-08,
    1.849504444281037e-08,
    5.777715499727953e-09,
    3.5173655789048182e-09,
    2.322385110571573e-09,
    2.174606440463145e-09,
    1.2662479703610038e-09,
    1.2403417239171178e-09,
    6.553115462458448e-10,
    5.101780107840747e-10,
    4.751317375240131e-10,
    3.3531828191851523e-10,
    3.336965021363617e-10,
    2.218191208567436e-10,
    1.2616986293516232e-10,
    5.505297209394303e-11,
    2.4971309048813122e-11,
    1.1216540216673303e-11,
    1.1088613637526383e-11,
    5.075643695085806e-12,
    3.7873579031777255e-12,
    1.6524818531237067e-12,
    1.0208347459814555e-12,
    5.547576930863011e-13,
    4.325397649425115e-13,
    4.2877543558772464e-13,
    3.1204458830838076e-13,
    2.953145156502122e-13,
    2.166114097659206e-13,
    1.490130264752339e-13,
    8.318619878756534e-14,
    5.979738957811977e-14,
    5.834670017430789e-14,
    3.2480718277577213e-14,
    2.6289005326275736e-14,
    1.5861069183278775e-14,
    6.0946935975130755e-15,
    2.6126473332357158e-15,
    2.5462210697576028e-15,
    1.1217714991712395e-15,
    8.51765357007543e-16
  ],
  "exit_code": 0,
  "iters": 63,
  "mtx": "mhd3200b",
  "method": "diagp0",
  "x_id": "ones"
}