{
  "fre": [
    1939.537008016145,
    2870.6931896178553,
    2900.9429797366474,
    2243.9764820920727,
    20119.56736828872,
    49751.57284764503,
    3069.8939875075944,
    24.659969471479307,
    26.22676393336913,
    19.808757248175112,
    18.635011609926806,
    12.955652774278558,
    5.417335882398342,
    4.134828296596857,
    2.2522346144902063,
    1.6769049440636092,
    0.396000301252186,
    0.22140910272776526,
    0.0899322598452227,
    0.049555393315748,
    0.0495431987436509,
    0.04948836196754999,
    0.04988814182811714,
    0.06195727228781809,
    0.30353414656394617,
    0.042332467506792246,
    0.008563450787665365,
    0.007210141344410997,
    0.005989476561267854,
    0.003776384469533545,
    0.0011598008144796217,
    0.0002447077573482431,
    0.0001730801652891379,
    4.359899115787104e-05,
    2.4622846551877236e-05,
    1.1222102551335711e-05,
    5.759855539222693e-06,
    4.400197537840058e-06,
    2.596038892185917e-06,
    2.1903150490673424e-06,
    2.1870635631774685e-06,
    2.1861801371382415e-06,
    2.4846502902306674e-06,
    2.8556457586596337e-06,
    1.727319497382548e-06,
    1.2009608894839859e-06,
    1.2176112276412776e-06,
    3.3892547534187375e-07,
    3.005903322805062e-07,
    2.206019098947099e-07,
    1.3572482809610803e-07
  ],
  "rk": [
    1.0,
    0.0551740044350302,
    0.051677753993349944,
    0.0062659422288965,
    0.00577937799479967,
    0.001371726421196495,
    0.000613379772060545,
    0.0003537861255381319,
    3.692352353300614e-05,
    1.56853543675113e-05,
    4.271953022908069e-06,
    4.203873324653964e-06,
    2.5314430874468824e-06,
    6.943511712579867e-07,
    5.084220891282408e-07,
    2.1441982981139292e-07,
    1.4272119472672257e-07,
    5.402185042304996e-08,
    3.201119986187527e-08,
    1.5114609948716845e-08,
    9.26198012004007e-09,
    9.261762806719537e-09,
    9.259742667925086e-09,
    9.255044659206286e-09,
    9.083343667160723e-09,
    8.412976396224837e-09,
    5.836038791371608e-09,
    1.8035841737605707e-09,
    6.72817516849418e-10,
    4.505955790981283e-10,
    2.555560766384453e-10,
    1.202982868410594e-10,
    4.101334298079294e-11,
    3.05542508334141e-11,
    1.0040598592988463e-11,
    4.5632262424314165e-12,
    2.6218300378382583e-12,
    8.877183920906424e-13,
    4.651098943434658e-13,
    1.4872413072606285e-13,
    5.3799281363941905e-14,
    5.3785509856935674e-14,
    5.377823719254496e-14,
    5.335570690320916e-14,
    5.2582124183860364e-14,
    5.145216338675031e-14,
    2.612537120148296e-14,
    2.6102912049271094e-14,
    2.9559929386901193e-15,
    1.7070505647581906e-15,
    1.0099717037916473e-15,
    5.279991041808669e-16
  ],
  "exit_code": 0,
  "iters": 51,
  "mtx": "mhd4800b",
  "method": "max-st_add_m2",
  "x_id": "ones"
}