{
  "fre": [
    818.7109363588813,
    2930.489106851473,
    9209.454677674143,
    14463.098789087515,
    170366.88351745595,
    20626.254426435542,
    1384.4641354306805,
    26.29473223050318,
    18.729222920878346,
    11.702112360843444,
    8.482385657002107,
    7.169730316678185,
    3.122465328450448,
    2.646400331625136,
    1.1781269083715578,
    1.0889303911894315,
    0.6873441794734537,
    0.5424731545039866,
    0.3434137408267029,
    0.24653153726937618,
    0.23451168937766134,
    0.28535133103531246,
    0.2432460847263275,
    0.2314894058744846,
    0.11721215349666067,
    0.09955481190981595,
    0.052817118496798196,
    0.03073455949260855,
    0.025465540544442975,
    0.015912725742000564,
    0.01096570641954669,
    0.006266219351199933,
    0.0036189879577807225,
    0.0027166032104938174,
    0.0018279792125045003,
    0.0009699605386810442,
    0.0005835861338318415,
    0.00035810996600379834,
    7.776521987205588e-05,
    3.288661429007797e-05,
    3.215501257790288e-05,
    3.224467572037644e-05,
    3.2272173200748664e-05,
    2.9856496998932636e-05,
    1.9395163797178278e-05,
    1.646328152997609e-05,
    6.2451724575443935e-06,
    4.582707807542898e-06,
    2.532726161175112e-06,
    2.4544171998808452e-06,
    8.526198143974035e-07
  ],
  "rk": [
    1.0,
    0.061883609144762465,
    0.011994698187216907,
    0.0037983227481919817,
    0.0034564227394616198,
    0.002265732877969494,
    0.0011153094507669365,
    0.000525001201993505,
    7.43859510814023e-05,
    4.762255874757917e-05,
    1.3244825281453957e-05,
    3.450463380178152e-06,
    3.1958284907975207e-06,
    9.158543521260221e-07,
    6.255784238746145e-07,
    2.193820533911017e-07,
    1.0046092587379471e-07,
    3.33980925433142e-08,
    1.8012222019641523e-08,
    7.806525910193816e-09,
    3.88781133117414e-09,
    3.854171412991527e-09,
    3.798995704510368e-09,
    3.75960890014043e-09,
    3.740136662919753e-09,
    1.7590396181336797e-09,
    1.4864918391043512e-09,
    8.657338641826783e-10,
    1.7396786855802652e-10,
    1.2384002711387413e-10,
    4.856814716249022e-11,
    2.844156182195297e-11,
    1.274363768173405e-11,
    5.6652305669957905e-12,
    2.8327392310423523e-12,
    1.5697618689707012e-12,
    7.569540072301374e-13,
    4.659637581979655e-13,
    2.899033705592182e-13,
    1.08793406879621e-13,
    5.909207762779071e-14,
    5.878070676601202e-14,
    5.721085133549623e-14,
    5.720344958752351e-14,
    5.400261402895563e-14,
    3.7798998458019506e-14,
    3.168997308089599e-14,
    7.511362238932687e-15,
    3.790749520364536e-15,
    1.9781000655502564e-15,
    1.6202067167229548e-15,
    8.566797089554559e-16
  ],
  "exit_code": 0,
  "iters": 51,
  "mtx": "mhd4800b",
  "method": "max-lf",
  "x_id": "ones"
}