{
  "fre": [
    274.14947922372914,
    180.52442319603762,
    108.15208182101803,
    49.47605405174268,
    45.70950038733977,
    17.981249573437356,
    27.29926918423782,
    17.561454477272815,
    13.818847750431484,
    15.855607560545582,
    10.751715151675638,
    17.322712953872376,
    8.742449008528597,
    10.697316806432681,
    10.170113079866848,
    8.485232110952571,
    9.881195477507958,
    4.251774421967053,
    10.097155981080423,
    4.195101749945525,
    4.196821964819179,
    4.112992866862911,
    4.131912312983551,
    3.742455685439699,
    3.312743495939137,
    3.208709533356937,
    2.935102182125408,
    3.0003311885054273,
    2.3444702802371413,
    1.933926311406746,
    1.7772315979205087,
    1.6382161062710685,
    1.573628250082975,
    1.504283701601075,
    1.4346890591190644,
    1.3396663223468264,
    1.2409287899896786,
    0.9381727581504022,
    0.5734618805648429,
    0.21229423778650133,
    0.21198220332337367,
    0.2008103411397868,
    0.19404342396106364,
    0.17487262919108654,
    0.16426964019850562,
    0.13305314874018528,
    0.11341043129581396,
    0.06216116255200562,
    0.025654601879949442,
    0.011589213195099132,
    0.0014890943118731166,
    0.00036001166108840345,
    8.784331366217159e-05,
    3.274327678665396e-05,
    3.6021125333903107e-05,
    7.79775455074365e-06,
    1.1236971068696717e-05,
    3.7454727664650827e-07,
    1.7562396004261568e-06,
    2.2159677428002226e-06,
    2.2086358665838795e-06,
    2.0825003481080843e-06,
    1.989715670525153e-06,
    1.8211581125438097e-06,
    1.7276131107017824e-06,
    1.520459042269002e-06,
    1.4233473381911624e-06,
    1.2232244427772765e-06,
    9.911398140059751e-07
  ],
  "rk": [
    1.0,
    0.13194505744629134,
    0.05043147054106503,
    0.013615034937640479,
    0.006308706493038412,
    0.0012454260085252267,
    0.0008815372570600863,
    0.0004591145240810288,
    6.869106585568676e-05,
    4.407563734115177e-05,
    1.854881934140725e-05,
    9.11423885889394e-06,
    4.766340602325497e-06,
    3.11383179785423e-06,
    1.508774514616244e-06,
    8.32442537718687e-07,
    6.95759222706497e-07,
    5.02426480155376e-07,
    4.1508538104207813e-07,
    2.44399993428803e-07,
    1.306337172388924e-07,
    1.305785554249045e-07,
    1.2451156107095168e-07,
    9.515322882039357e-08,
    5.161945120897912e-08,
    2.6684120840620955e-08,
    1.908281378948088e-08,
    1.7096037690851604e-08,
    1.3397619972285674e-08,
    9.576468239951602e-09,
    4.017123907573731e-09,
    2.2665926929340637e-09,
    1.1328017019246545e-09,
    6.079394319770101e-10,
    3.295408803874822e-10,
    2.0280496115826553e-10,
    1.7007610412165707e-10,
    1.5382772939766886e-10,
    1.2928289704538097e-10,
    9.84431388626724e-11,
    5.827695121787654e-11,
    5.776024371609916e-11,
    4.006364363596714e-11,
    3.2964369261025874e-11,
    2.2420785717145315e-11,
    2.0561195781593493e-11,
    1.765878812473932e-11,
    1.5858800334282652e-11,
    1.1651326247332908e-11,
    7.066022973662588e-12,
    4.846430256765927e-12,
    1.5824057747421455e-12,
    8.023699212629729e-13,
    3.2511899068205674e-13,
    2.145383657567246e-13,
    1.7057584185716253e-13,
    1.2405409584628906e-13,
    8.59884384553456e-14,
    4.811034949048599e-14,
    3.2909712878633936e-14,
    1.4542487625689852e-14,
    1.4254982371181297e-14,
    8.544879594045524e-15,
    5.4023806377360236e-15,
    3.038918868222402e-15,
    2.3001259204236267e-15,
    1.701003467515542e-15,
    1.423466509173644e-15,
    1.116823978323017e-15,
    5.235769039150875e-16
  ],
  "exit_code": 0,
  "iters": 69,
  "mtx": "mhd4800b",
  "method": "diagp0",
  "x_id": "sine"
}