{
  "fre": [
    1679.8439740326241,
    1007.6629583605421,
    1696.8461208968388,
    1269.6531432024708,
    10560.188113623959,
    41999.5700052709,
    7549.42876394944,
    49.23912731357266,
    15.874769382952763,
    12.680802495807173,
    9.854188829613156,
    5.817636464020003,
    2.124160852303011,
    2.046822476743378,
    1.7446778658739592,
    1.4347040710140817,
    1.0274678637991232,
    0.6258616057667677,
    0.3152345256347397,
    0.12599628769462418,
    0.12595687360401941,
    0.12363998406962041,
    0.12461920387059919,
    0.3177592681096894,
    0.8061395117961903,
    0.06052587860428311,
    0.018142426476520396,
    0.012659150067572539,
    0.008334456389439368,
    0.004257859428849679,
    0.0006022039197920739,
    0.00044095337678891843,
    0.00014172009605342955,
    5.8721885883863996e-05,
    3.6646133005708404e-05,
    2.5690766858589548e-05,
    1.945417173185177e-05,
    1.2378001443985147e-05,
    8.39014140669651e-06,
    6.056598890597552e-06,
    5.279081568432499e-06,
    5.121937811420462e-06,
    1.4587186695508035e-05,
    1.596392600171547e-05,
    3.136287977936854e-06,
    2.334270000031766e-06,
    1.6031117866587834e-06,
    1.1038656789510974e-06,
    7.989912262594825e-07,
    6.346796144260029e-07,
    4.049338890767349e-07,
    2.3091552778817692e-07
  ],
  "rk": [
    1.0,
    0.05431738125482643,
    0.05121674159866259,
    0.013398952203266291,
    0.011997351244410261,
    0.0029862447337793883,
    0.001056608267551743,
    0.0007513978035842382,
    0.00016706987473895954,
    4.728496278285745e-05,
    1.5953755829974147e-05,
    1.1524589440010448e-05,
    7.222933390954376e-06,
    3.96921224930398e-06,
    3.17431563389226e-06,
    1.3333620623594524e-06,
    4.9091970570886e-07,
    3.007541619871237e-07,
    1.6741075905449544e-07,
    9.597305059760328e-08,
    5.0644484642345294e-08,
    5.064323816149395e-08,
    5.022020409681806e-08,
    5.0146555027278715e-08,
    3.994546061963514e-08,
    3.59495827310654e-08,
    1.9018967558534573e-08,
    1.1760448552778466e-08,
    3.5120100073267078e-09,
    2.4172160799097153e-09,
    1.517143590291023e-09,
    4.848602151553557e-10,
    4.0159740912373824e-10,
    1.7333599833591672e-10,
    6.437024330322964e-11,
    2.8053178983462523e-11,
    1.2078192149261523e-11,
    5.113931130153735e-12,
    2.43664630223385e-12,
    8.661788801451161e-13,
    4.236497664569218e-13,
    4.1164267294692967e-13,
    4.0634932652508153e-13,
    3.705746248968292e-13,
    3.4243446668592844e-13,
    1.056101297670435e-13,
    6.382768185263929e-14,
    3.2532790760110646e-14,
    1.4132247320695838e-14,
    6.1194670654788155e-15,
    3.3977778909557347e-15,
    2.0257409932657377e-15,
    8.943644635535176e-16
  ],
  "exit_code": 0,
  "iters": 52,
  "mtx": "mhd4800b",
  "method": "max-st",
  "x_id": "randn"
}