{
  "fre": [
    60.80212538548859,
    27.222422511615807,
    52.99004931679186,
    20.41462692048133,
    38.77745659589652,
    19.175279508717164,
    25.12804435912004,
    20.525118237227225,
    16.91305867400852,
    17.402018592739346,
    13.758013009915201,
    14.969818637489226,
    12.486100321724248,
    11.36712121405817,
    11.017489729018985,
    6.845634668720226,
    9.384646589583246,
    2.989538959643448,
    6.350180365959307,
    4.508428018799347,
    4.508500941150683,
    4.301398089787574,
    4.287943346712971,
    3.7931395671520844,
    3.5529724343912052,
    3.3887764611410742,
    3.194822165379013,
    2.985847359943014,
    2.8756864139022644,
    2.2641147949714457,
    1.8340996471762618,
    1.6697374347089695,
    1.559657746054602,
    1.4866302425837108,
    1.3966491613787462,
    1.1291241571403468,
    0.6253723327468147,
    0.16624040523294065,
    0.041882144745679806,
    0.009684381432300253,
    0.009670022611351753,
    0.008964631826525363,
    0.008603735387756412,
    0.008008263227610625,
    0.007725501734150803,
    0.0072334960233414285,
    0.006735855742334271,
    0.0065140261211194435,
    0.0041040839624965205,
    0.002927843726119766,
    0.00135935127530447,
    0.0004589618166829848,
    0.0001314314725183321,
    7.049704406170935e-05,
    6.706887993185286e-05,
    2.5300770868811416e-05,
    1.711916972099305e-05,
    8.375724876980232e-06,
    7.62042327101994e-07,
    7.633051854403974e-07,
    7.606142846970742e-07,
    7.118570034841718e-07,
    6.94313856056823e-07
  ],
  "rk": [
    1.0,
    0.13154181316786737,
    0.0330997788901037,
    0.010857063216689255,
    0.005463942475601638,
    0.000645197808443407,
    0.0003541385050605008,
    0.00022790153149762117,
    5.464827479640567e-05,
    1.5074433693835923e-05,
    8.568936713505496e-06,
    3.6465248222060943e-06,
    2.4616102680080894e-06,
    1.769493868295479e-06,
    1.1168579972236125e-06,
    9.62142330462163e-07,
    6.71643738087127e-07,
    2.778279295620896e-07,
    1.6607373512721048e-07,
    9.297028987809385e-08,
    4.494440080728339e-08,
    4.493163491873914e-08,
    3.225559617735213e-08,
    3.101610939336406e-08,
    1.965493399183666e-08,
    5.943017463869258e-09,
    3.551305178999291e-09,
    2.620783761454953e-09,
    1.7262939278028672e-09,
    1.6951520023512658e-09,
    9.263068383274106e-10,
    5.003229189234862e-10,
    3.002154759263313e-10,
    2.0569075163744538e-10,
    1.7947675617735641e-10,
    1.5216209101044408e-10,
    1.3402675138296476e-10,
    9.639410651358117e-11,
    4.890022280821091e-11,
    2.3746259495859384e-11,
    1.1026638007850234e-11,
    1.0923133748462561e-11,
    5.219765603324555e-12,
    4.1821873960808155e-12,
    1.883765015131e-12,
    1.260234303770916e-12,
    8.603164638168069e-13,
    7.626770734652302e-13,
    7.569120165762158e-13,
    5.361746972150364e-13,
    4.566698069179257e-13,
    2.8841363142828484e-13,
    1.6461331237067203e-13,
    7.561905333739462e-14,
    5.2125415348671105e-14,
    4.937560003498832e-14,
    2.867492900734429e-14,
    2.4100227980407553e-14,
    1.45658143413371e-14,
    5.915028012974605e-15,
    2.478013194389466e-15,
    2.4278779097059378e-15,
    1.014351412423299e-15,
    8.501715635255868e-16
  ],
  "exit_code": 0,
  "iters": 63,
  "mtx": "mhd4800b",
  "method": "diagp0",
  "x_id": "ones"
}