{
  "fre": [
    2397.6308746455015,
    930.9246030235737,
    3522.443801312771,
    2731.6952164425425,
    19976.416255843073,
    34112.20692933101,
    2289.21263865876,
    24.87137195182334,
    30.6064943546087,
    31.0255634397093,
    17.11151241428336,
    7.462254867567854,
    7.324232681918364,
    5.419683043842602,
    4.817644919501986,
    2.3351796886166842,
    1.9266044482210176,
    0.5227259396710446,
    0.24118396771431722,
    0.07357469160549582,
    0.07350736573587617,
    0.062125439200977656,
    0.06401054873592385,
    0.3452186776283481,
    0.3324628107113755,
    0.03266351313591037,
    0.025665033077216553,
    0.015712094994435075,
    0.009428264352839163,
    0.002376533374818749,
    0.0010746325473798832,
    0.00036967749474160614,
    0.0002907078739841703,
    0.00011092873809288844,
    5.167109553642684e-05,
    3.4875232851729815e-05,
    1.8299556647534702e-05,
    1.1429422505409062e-05,
    6.777588545383668e-06,
    4.594258010630718e-06,
    4.418645016442708e-06,
    4.189353606279561e-06,
    9.329214982441473e-06,
    1.325170992010691e-05,
    2.181021310306848e-06,
    1.9751784417316965e-06,
    1.4240094527403655e-06,
    8.846310601993081e-07,
    6.500418046507192e-07,
    4.925467830136575e-07,
    3.2928984998214406e-07,
    2.38421354548875e-07
  ],
  "rk": [
    1.0,
    0.03148385235632775,
    0.02887472669945473,
    0.00856051174631258,
    0.007870631888486452,
    0.0009703760892502451,
    0.0005974739905512163,
    0.00038271889057401963,
    0.0001054295813304233,
    1.708263869892111e-05,
    1.698160134948621e-05,
    7.156041898071221e-06,
    2.4289522513199384e-06,
    2.185868750338611e-06,
    7.811885456978542e-07,
    6.693472794862335e-07,
    2.7610547216148375e-07,
    1.9902812498586586e-07,
    8.944326961681745e-08,
    4.826808089798042e-08,
    2.1101665862690786e-08,
    2.1098410196535268e-08,
    1.9964407239689562e-08,
    1.9860223227078755e-08,
    1.3226560828874265e-08,
    1.131576382272725e-08,
    4.435516410553512e-09,
    3.823041458475796e-09,
    1.3823045942858794e-09,
    9.132997645259397e-10,
    3.6153259550259346e-10,
    2.048549265105969e-10,
    9.819658867572076e-11,
    8.587124503409425e-11,
    3.14999823737186e-11,
    1.556634632284465e-11,
    1.0809620258206908e-11,
    4.1451620708755535e-12,
    2.0232506012274603e-12,
    6.034016512251867e-13,
    2.620782057368637e-13,
    2.603449740610559e-13,
    2.5728043183057586e-13,
    2.3952002414344957e-13,
    2.1603222938211696e-13,
    1.6958530594454423e-13,
    6.445571603048699e-14,
    4.879968845321864e-14,
    9.048663854199446e-15,
    4.297172043482747e-15,
    2.617481523041708e-15,
    1.0654043967568638e-15,
    8.364706078876877e-16
  ],
  "exit_code": 0,
  "iters": 52,
  "mtx": "mhd4800b",
  "method": "max-st",
  "x_id": "sine"
}