{
  "fre": [
    483.3201546757008,
    1532.4605539470708,
    7637.681075755279,
    1536.3920601622638,
    158102.35863750576,
    9065.327583940332,
    156.21795854245082,
    34.06246083159078,
    7.827201357838994,
    3.366903124360086,
    2.081740997227087,
    1.4739595484583672,
    1.0061204625389195,
    0.6610084276338162,
    0.5293654679266706,
    0.41541795517859487,
    0.2906573043444626,
    0.22292752942004795,
    0.1594882878752933,
    0.11022057553752178,
    0.08816245110896359,
    0.26317771767549986,
    0.13261132115018295,
    0.05485131873682269,
    0.06543569557260821,
    0.03897387732956184,
    0.030311759939262106,
    0.023659687259499882,
    0.011959352683818807,
    0.0067227114547112506,
    0.003980201064104613,
    0.0031140300413126263,
    0.00215302551459043,
    0.0015857497465393015,
    0.000930957930321703,
    0.0006008053220742347,
    0.00041551837481922457,
    0.00019980840129130186,
    0.00012606892849702822,
    8.465699727301844e-05,
    8.438995958064329e-05,
    7.90245928339699e-05,
    7.278071645575325e-05,
    6.846980628537748e-05,
    4.7747684750514925e-05,
    1.9953525080018745e-05,
    1.0333595620458608e-05,
    3.124572454066881e-06,
    1.6562510067117062e-06,
    3.9000808492472595e-07,
    2.458665203805432e-07,
    1.421069758190602e-07
  ],
  "rk": [
    1.0,
    0.07450722122531762,
    0.02311486763959619,
    0.01008582137386965,
    0.009849718652551343,
    0.002882574428349893,
    0.0013467050941174336,
    0.0005165789677788857,
    0.00035300573761965333,
    0.00021987726007650766,
    0.00014411521991539752,
    3.9881819895761655e-05,
    9.585746082432597e-06,
    4.3873807209933546e-06,
    1.7024541051628167e-06,
    5.753567052525267e-07,
    2.8503422951310116e-07,
    9.892705152582616e-08,
    5.058068399567142e-08,
    2.4199208858699047e-08,
    1.0795156541990276e-08,
    1.0224017078931773e-08,
    8.583108357841286e-09,
    8.223226768821442e-09,
    7.724090967727647e-09,
    4.321807995580541e-09,
    1.977300655175722e-09,
    1.4373077550012853e-09,
    7.439402242586925e-10,
    3.311671486648263e-10,
    1.806916221695302e-10,
    8.282425675614788e-11,
    3.1688665529944156e-11,
    1.4983069298815585e-11,
    7.502618710829303e-12,
    2.9083389025501815e-12,
    1.4522742164714973e-12,
    8.944258308361742e-13,
    3.6683444709675873e-13,
    1.7789121808548857e-13,
    1.0761392438209092e-13,
    1.0755830276614494e-13,
    9.930049269785035e-14,
    9.354982578451108e-14,
    8.698400537629602e-14,
    6.749539752320848e-14,
    3.046552446843523e-14,
    1.6070724222605986e-14,
    7.541587189367215e-15,
    4.1474549112563256e-15,
    1.7504698200566793e-15,
    1.0031647156719766e-15,
    6.473296664061937e-16
  ],
  "exit_code": 0,
  "iters": 52,
  "mtx": "mhd4800b",
  "method": "max-lf_add_m2",
  "x_id": "randn"
}