{
  "fre": [
    228.4034599380811,
    105.39428508418698,
    88.87495062280465,
    28.662666467913382,
    53.98106644700283,
    20.533962613890942,
    29.214457619325863,
    24.802792623246376,
    21.535877156469013,
    21.01544991367706,
    16.584452020467346,
    19.057035081687797,
    14.231032117465356,
    14.333259334671494,
    12.911556392819708,
    10.866605722696638,
    11.421308423147929,
    3.836859558265361,
    11.472322420736631,
    4.6252484766084985,
    4.6550824724677184,
    4.371970078362677,
    4.902001207471896,
    4.340666611255676,
    3.9411631052978273,
    4.10196087956743,
    3.84391628473444,
    3.736713321621756,
    3.0469019876441368,
    2.527360853256177,
    2.238362947861328,
    2.084642556981969,
    1.993625982504113,
    1.9118968914932033,
    1.816274048839258,
    1.7209120586386657,
    1.5844331616719682,
    1.2273408505352046,
    0.6680546590554621,
    0.21708482273958554,
    0.21587729370503786,
    0.20369258889876538,
    0.19614623843052917,
    0.17891525548647289,
    0.16675715749490913,
    0.13718932633578557,
    0.11182724137904751,
    0.07484950265341302,
    0.022643096413057354,
    0.006756254492035741,
    0.0011510194276391106,
    0.00040369739393759094,
    0.0001608683970590762,
    8.125418332351169e-05,
    6.082441150186389e-05,
    4.042096710428221e-05,
    1.4116320215991655e-05,
    5.623925273952771e-06,
    2.1464259611861274e-06,
    1.0486142491299481e-07,
    1.0438459027395528e-07,
    9.665096580071455e-08,
    9.39276082139828e-08,
    8.755221882704685e-08,
    8.424442058212217e-08,
    7.802249981981534e-08,
    7.250074310490932e-08,
    6.203966396017694e-08
  ],
  "rk": [
    1.0,
    0.22719327283840313,
    0.0808581060288586,
    0.029609176120152875,
    0.00823384945153266,
    0.0020017459599444326,
    0.0010813438682401805,
    0.00047516540558980056,
    0.00010084738440994525,
    5.769018808521767e-05,
    4.3779034819621824e-05,
    1.1359879196696853e-05,
    6.083025771060184e-06,
    4.481255410486729e-06,
    3.2304504624309444e-06,
    2.0227825902129946e-06,
    1.6268342744107168e-06,
    1.1530625248263353e-06,
    8.268931615966026e-07,
    4.363616146776964e-07,
    2.622484603147514e-07,
    2.6140853944751324e-07,
    2.3401055964252582e-07,
    1.7227695215015908e-07,
    8.131913138185041e-08,
    4.920727693656505e-08,
    3.182220720394746e-08,
    3.0690938657631695e-08,
    2.1061837079457816e-08,
    1.489551467305521e-08,
    7.480478540117115e-09,
    3.75448426152009e-09,
    2.1155245980975826e-09,
    1.1260443371879983e-09,
    6.643532165645115e-10,
    3.7690784345298687e-10,
    3.272414289430041e-10,
    2.9950454565927265e-10,
    2.556029635603242e-10,
    1.8251590758697698e-10,
    1.0154947798625569e-10,
    9.840763372875483e-11,
    6.450088006320567e-11,
    5.3137277978841285e-11,
    3.488133041621812e-11,
    3.1590480886032054e-11,
    2.7638778980947304e-11,
    2.419352877917773e-11,
    1.991565631950655e-11,
    1.012436976023068e-11,
    5.614241495617526e-12,
    2.143852422200396e-12,
    1.2210143462978453e-12,
    7.062881797249074e-13,
    4.4975895315710853e-13,
    3.7562652427676394e-13,
    2.9282027233357236e-13,
    1.647132948783684e-13,
    1.055117808124413e-13,
    6.12421206938834e-14,
    2.2602577707900628e-14,
    2.1482877750927254e-14,
    9.562691117245677e-15,
    7.003832366388256e-15,
    2.9020424606963485e-15,
    1.8736544952714095e-15,
    1.3316311496420905e-15,
    1.1150630899223367e-15,
    7.955300623827101e-16
  ],
  "exit_code": 0,
  "iters": 68,
  "mtx": "mhd4800b",
  "method": "diagp0",
  "x_id": "randn"
}