{
  "fre": [
    918.1318864502596,
    2363.4708800183025,
    9799.606400086768,
    6103.609874784703,
    224701.8159046559,
    23137.20493630617,
    711.4088395961397,
    67.97882556057814,
    21.532202526521576,
    14.25331959465695,
    8.516918279385452,
    4.93288643078867,
    4.5290888865453,
    3.4392449579327806,
    1.844205618366933,
    1.664054048995565,
    1.0961534410070064,
    0.7105947908416573,
    0.466027709280766,
    0.29297167644992067,
    0.2892157424603517,
    0.3093928974546812,
    0.3797477277923853,
    0.2582221363399371,
    0.25633799573368027,
    0.1294321256635006,
    0.09296016901215273,
    0.04137137912156351,
    0.027839024846218623,
    0.018961948157177468,
    0.015800866661625244,
    0.008860585390489836,
    0.007230641692674683,
    0.004462884618196671,
    0.003141464561185244,
    0.0017175366163013773,
    0.000878804481995379,
    0.0003583817169559251,
    8.733595002015792e-05,
    2.0278635917234823e-05,
    1.9915421942290388e-05,
    2.0522552762964122e-05,
    1.9894930259759706e-05,
    1.948697480361068e-05,
    1.619825382772441e-05,
    7.4151155827919e-06,
    4.761633519101585e-06,
    3.244336995373663e-06,
    2.678936661543182e-06,
    1.4911475958462615e-06,
    8.941168372691123e-07
  ],
  "rk": [
    1.0,
    0.07551534352122617,
    0.01067546783273521,
    0.006315463255018009,
    0.0063010088054381505,
    0.0029788929870730577,
    0.001284525280462887,
    0.0005798824026408897,
    0.0003242645935148925,
    5.8180501138259656e-05,
    3.794539517599972e-05,
    1.6448925800132102e-05,
    3.745928821119051e-06,
    1.4593905511131624e-06,
    7.25951939801853e-07,
    3.377472510855461e-07,
    1.2721812867436288e-07,
    6.919441653121594e-08,
    3.100122088439777e-08,
    1.5726671962001957e-08,
    7.991269843137762e-09,
    7.968802059695452e-09,
    7.917642758051923e-09,
    7.876327509620699e-09,
    7.486738131665454e-09,
    6.670277516504142e-09,
    2.047832827245212e-09,
    1.300145101300103e-09,
    4.965372477254608e-10,
    2.6924180681006704e-10,
    9.62763263552609e-11,
    7.252937635634924e-11,
    2.013941074497296e-11,
    9.119157718091543e-12,
    4.302362389186999e-12,
    3.0153983868111275e-12,
    1.419509483260088e-12,
    7.933595208952465e-13,
    4.3857996254541477e-13,
    1.7428289277526996e-13,
    6.721549769734537e-14,
    6.691079545268431e-14,
    6.637519894257807e-14,
    6.528154925678955e-14,
    6.343256460350415e-14,
    5.759675602316157e-14,
    2.1051920214719404e-14,
    9.731255569060826e-15,
    4.239824099973757e-15,
    2.632632770951735e-15,
    1.3894279931275885e-15,
    8.187127995942434e-16
  ],
  "exit_code": 0,
  "iters": 51,
  "mtx": "mhd4800b",
  "method": "max-lf_add_m2",
  "x_id": "sine"
}