{
  "fre": [
    0.23801840218719422,
    0.16633877827911067,
    0.1335936963726381,
    0.10623056329856996,
    0.0877493067487906,
    0.06878517465715618,
    0.04872733495340278,
    0.03834106896987963,
    0.029980387927800736,
    0.023310755306694863,
    0.01636853671917929,
    0.012070309739231889,
    0.01030647375269097,
    0.008457171476226974,
    0.00663659078580695,
    0.005414102628025507,
    0.00399862978050827,
    0.0028242877450460574,
    0.0018073625995433569,
    0.0011346003187004087,
    0.0010715358669541582,
    0.0009181447285169756,
    0.0007656443423553577,
    0.0005850985050500206,
    0.00042984982690269757,
    0.00031191022510068065,
    0.00021665534990409976,
    0.00016015447607230324,
    0.00011082147275812331,
    8.831850042133633e-05,
    6.98174546246535e-05,
    4.5616644715810996e-05,
    2.6686353985742165e-05,
    1.72639383543545e-05,
    1.1889154602967629e-05,
    8.177476548438277e-06,
    6.76090382480732e-06,
    6.098492956147792e-06,
    5.399241774046037e-06,
    4.490646013254792e-06,
    4.318253665484076e-06,
    3.781624931826452e-06,
    3.016536886728291e-06,
    1.8405229614324306e-06,
    1.3067539908105814e-06,
    1.0163009988925385e-06,
    7.054594595565175e-07,
    4.877401265735733e-07,
    3.3808920414664375e-07,
    2.4178155705724346e-07,
    1.2859215720826042e-07,
    7.923159770660953e-08,
    6.186717928040082e-08,
    4.614785284229099e-08,
    3.2079511054912054e-08,
    2.255657375762581e-08,
    1.9156682221945226e-08,
    1.4778455368517577e-08,
    1.0177104688661788e-08,
    7.51588456728747e-09,
    7.040800825436677e-09,
    6.141440624972833e-09,
    5.294670646943248e-09,
    4.14452798247981e-09,
    2.1761707149910155e-09,
    1.4216143719628945e-09,
    1.0567256794602007e-09,
    7.850359207979153e-10,
    4.574431938446806e-10,
    3.408391707007438e-10,
    2.6482604081246243e-10,
    1.5481317648560323e-10,
    1.0340455217997698e-10,
    7.38715660427135e-11,
    5.13291909819992e-11,
    3.842365797364844e-11,
    2.9224115186070254e-11,
    2.3711994587989123e-11,
    2.0419299587176292e-11,
    1.5819496502496974e-11,
    1.5036138486257516e-11,
    1.2885259185989932e-11,
    1.0075136919163269e-11,
    7.934490595819765e-12,
    6.426496159824741e-12,
    4.5503305442092025e-12,
    3.4009557814415637e-12
  ],
  "rk": [
    1.0,
    0.002070973624842251,
    0.0005789769385034889,
    0.00015764139570636625,
    8.817025514890055e-05,
    5.1358767206543506e-05,
    3.837317098757474e-05,
    2.365536023814055e-05,
    1.6954793281374164e-05,
    1.2516903617457256e-05,
    9.374874616355889e-06,
    6.326471000023453e-06,
    3.980038515501291e-06,
    3.1212575519373423e-06,
    2.4208135225808447e-06,
    1.8220748495210168e-06,
    1.490231629418326e-06,
    1.1395615677424812e-06,
    8.807086648029072e-07,
    6.079024056805228e-07,
    4.208308824331614e-07,
    3.3935875710336537e-07,
    2.650118795183697e-07,
    2.0954215470659778e-07,
    1.6194843166344776e-07,
    1.201227934262454e-07,
    9.247771680327763e-08,
    6.697128515492431e-08,
    5.061027752766358e-08,
    3.5473944390688804e-08,
    2.7048419735446805e-08,
    2.260045558316178e-08,
    1.624509148294187e-08,
    1.071921397232375e-08,
    7.569311503813529e-09,
    5.118463763784861e-09,
    3.2152581957900152e-09,
    1.9065599432411313e-09,
    1.4901366701177732e-09,
    1.254647221966869e-09,
    1.0512379914861414e-09,
    9.271208115057574e-10,
    7.948912160357933e-10,
    6.676538596498902e-10,
    4.678706669339032e-10,
    3.3910345568136907e-10,
    2.736428092535819e-10,
    2.0217183064529248e-10,
    1.4903771684209854e-10,
    1.1443190724036253e-10,
    8.749753603886128e-11,
    5.64195207042801e-11,
    3.556410286873302e-11,
    2.5923697857743997e-11,
    1.9566138885701253e-11,
    1.2803693566561915e-11,
    7.982459006003167e-12,
    6.5018567893278394e-12,
    5.194798948316002e-12,
    3.602866376969015e-12,
    2.4096892405946834e-12,
    1.9779140632765355e-12,
    1.5600930605983197e-12,
    1.3197307647080966e-12,
    1.1118966897673542e-12,
    6.928130495730503e-13,
    4.884605680627048e-13,
    3.568674476818341e-13,
    2.809765456845239e-13,
    1.7825051778209069e-13,
    1.2715302614148632e-13,
    1.0526471047399601e-13,
    6.989993485578495e-14,
    4.6932984817115026e-14,
    3.412693334679918e-14,
    2.2390399090225323e-14,
    1.5170963865489084e-14,
    1.0078967344998763e-14,
    7.162825249230124e-15,
    6.231294296458351e-15,
    4.943096736739754e-15,
    4.2269198455610044e-15,
    3.397879124424421e-15,
    2.5314127967425154e-15,
    1.914963544151654e-15,
    1.5598974080299978e-15,
    1.1783252597135828e-15,
    9.266209357278195e-16
  ],
  "exit_code": 0,
  "iters": 87,
  "mtx": "orsirr_1",
  "method": "max-lf_alt-o_m2",
  "x_id": "randn"
}