{
  "fre": [
    0.2169663274106684,
    0.128451282754992,
    0.09468667369469437,
    0.07367177937931511,
    0.06187848019032037,
    0.053477836745121174,
    0.04518781487265162,
    0.030151243028630204,
    0.0188848765951608,
    0.011508949993078077,
    0.007504636084115875,
    0.004874862347999219,
    0.0029279674448092646,
    0.0016733372613093004,
    0.001175716285334205,
    0.0008492022101369242,
    0.0006341714986994978,
    0.0004651326082096602,
    0.00031102564092622066,
    0.0002192065050835587,
    0.00019634561139687823,
    0.00015819362528267185,
    0.00012380212270074706,
    7.790863921483807e-05,
    4.5173029000720915e-05,
    1.841355744671037e-05,
    1.327982080271873e-05,
    9.115635786913437e-06,
    5.475365568056259e-06,
    3.0040794469689718e-06,
    1.964705911781545e-06,
    1.3920210978083853e-06,
    9.184400238665261e-07,
    5.828941821127008e-07,
    3.4252729970495284e-07,
    1.8281497499997676e-07,
    8.872446842080156e-08,
    5.4946679293266605e-08,
    3.8517051165570986e-08,
    1.7075037920135114e-08,
    1.4804583400053519e-08,
    1.0150405828355227e-08,
    8.017559759107504e-09,
    4.468868365198953e-09,
    3.545984135940143e-09,
    2.416561126511434e-09,
    1.7166326282445416e-09,
    1.1728942596859495e-09,
    7.786965957002953e-10,
    5.380596406448967e-10,
    2.425235298969705e-10,
    1.555569288167058e-10,
    1.045134470455499e-10,
    6.589580416282202e-11,
    4.760494531534787e-11,
    3.5194944151197056e-11,
    2.6367956430356363e-11,
    1.8100879423738892e-11,
    1.4456235754040273e-11,
    9.223032500401301e-12,
    8.534810233839204e-12,
    6.6267593270466475e-12,
    5.5407600288902404e-12,
    3.0768675712294375e-12
  ],
  "rk": [
    1.0,
    0.001282174479568723,
    0.0005359869879629753,
    0.0002512727327158299,
    0.00010619331734373872,
    3.458706915226114e-05,
    2.1905083948408112e-05,
    1.535362283986785e-05,
    1.0812983282287607e-05,
    6.928724679111564e-06,
    4.259699217672307e-06,
    2.6822757870763745e-06,
    1.8142521884870102e-06,
    1.1659763036528221e-06,
    6.891093342327836e-07,
    4.113738746243628e-07,
    2.5256510329595677e-07,
    1.7540655923444458e-07,
    1.2231004034022966e-07,
    8.38570394288774e-08,
    6.056362372772405e-08,
    4.8327422729785616e-08,
    3.573056017972666e-08,
    2.917780065874695e-08,
    2.0727822111941348e-08,
    1.4609067662454681e-08,
    6.717796147655102e-09,
    4.592177836538423e-09,
    3.239932067176824e-09,
    2.1212952103137637e-09,
    1.2563112096695415e-09,
    8.097202621857049e-10,
    5.592042665716727e-10,
    3.838810136114402e-10,
    2.3653245428366674e-10,
    1.5767553202733635e-10,
    9.947351991825164e-11,
    4.783906120259642e-11,
    2.6297868742046737e-11,
    1.7390285424876947e-11,
    8.730706376806737e-12,
    6.78261236443161e-12,
    3.9034042954313496e-12,
    3.1478843342461516e-12,
    1.6672497933510333e-12,
    1.185146788482611e-12,
    7.797570684697452e-13,
    5.422003915681751e-13,
    3.6884790582106196e-13,
    2.4494592425560844e-13,
    1.8573831387616314e-13,
    9.681608957210963e-14,
    5.871391774905392e-14,
    3.9347129854834066e-14,
    2.2845358815064578e-14,
    1.5464557515420547e-14,
    9.711538694391653e-15,
    6.8648552554706606e-15,
    4.207777778680973e-15,
    3.4135171404580348e-15,
    2.557297911486736e-15,
    2.2208564694519864e-15,
    1.5405034598246144e-15,
    1.3484708376307415e-15,
    8.060690896507106e-16
  ],
  "exit_code": 0,
  "iters": 64,
  "mtx": "orsirr_1",
  "method": "max-lf_alt-o_m3",
  "x_id": "randn"
}