{
  "fre": [
    0.25411748250392946,
    0.16450942758033532,
    0.13423792536965323,
    0.09722260934574198,
    0.07315354892431236,
    0.047704102168585644,
    0.033601728312287645,
    0.021203772801729078,
    0.012892347557297961,
    0.0096631562909588,
    0.0071334189396705045,
    0.005593861885605556,
    0.004389678395664362,
    0.0032358277605630116,
    0.002553345645020154,
    0.0018569881661990798,
    0.0012486660961917467,
    0.0009379607961088614,
    0.0006578569605492278,
    0.00044539221572170127,
    0.0004151505553484294,
    0.0003335861178747312,
    0.00026651842349343475,
    0.00018083935205899287,
    0.0001338495130579726,
    0.0001078609127613065,
    7.87458263556595e-05,
    5.0148383687869876e-05,
    3.56519638896659e-05,
    2.4589172945935216e-05,
    1.3502672310375136e-05,
    9.003434896308868e-06,
    6.536295822100196e-06,
    5.342015894192433e-06,
    4.102707102724514e-06,
    2.960107018962236e-06,
    2.0320856755023937e-06,
    1.4634144415660685e-06,
    1.1035823799504873e-06,
    7.763394355582648e-07,
    7.246007155228703e-07,
    5.740970603812783e-07,
    4.219907710781467e-07,
    2.7191666266228974e-07,
    2.0057476461676545e-07,
    1.3932939292282636e-07,
    1.0098584484861978e-07,
    6.779965953955171e-08,
    4.341205805049258e-08,
    2.749945252172627e-08,
    2.0778771350458678e-08,
    1.58680905475909e-08,
    1.2223757497549232e-08,
    9.60065079580176e-09,
    7.30732724877481e-09,
    5.453952132386893e-09,
    3.801360605001067e-09,
    2.498620755290834e-09,
    1.9330284447892e-09,
    1.3608034355810201e-09,
    1.281977220821032e-09,
    1.0089459955414079e-09,
    7.156276867663216e-10,
    5.031519419162857e-10,
    3.861300549604311e-10,
    3.0807618499358495e-10,
    2.370772052455115e-10,
    1.5419732395880232e-10,
    9.907283723622657e-11,
    7.358143503456114e-11,
    3.884198785498157e-11,
    2.71896290827726e-11,
    2.0054177712989232e-11,
    1.5098127880471206e-11,
    1.1848458571126306e-11,
    8.423425941686609e-12,
    5.640697104511938e-12,
    4.39818058857442e-12,
    3.498181303099797e-12,
    2.258068544895726e-12
  ],
  "rk": [
    1.0,
    0.002233790791972148,
    0.00048259453046672337,
    0.00012377874570893683,
    6.80614584455215e-05,
    4.507177206373256e-05,
    2.9144197166140657e-05,
    1.9510007809859463e-05,
    1.3046008906862795e-05,
    6.936004485943632e-06,
    4.774087751755191e-06,
    2.949453638510044e-06,
    2.0801708574912622e-06,
    1.5323970250395355e-06,
    1.0401569687901021e-06,
    8.193429425959277e-07,
    5.967957898861426e-07,
    4.0189169582549985e-07,
    3.13102188040462e-07,
    2.3231113732874825e-07,
    1.5798920128373464e-07,
    1.3578319385651837e-07,
    1.0539617568970824e-07,
    8.27677166118867e-08,
    5.762211189707941e-08,
    3.9962580646221014e-08,
    3.1493863785966295e-08,
    2.260540114460044e-08,
    1.512732446826542e-08,
    1.1149300844774709e-08,
    8.679249955794728e-09,
    5.43950708997128e-09,
    3.5667625355277905e-09,
    2.2740186459102606e-09,
    1.6224785866508467e-09,
    1.2771114309822004e-09,
    9.48703556954115e-10,
    6.69550243637958e-10,
    4.703290001168648e-10,
    3.46601440296196e-10,
    2.63801380817541e-10,
    2.3405100581778825e-10,
    1.889279898828237e-10,
    1.439881782343064e-10,
    9.468700511290542e-11,
    6.817057653406922e-11,
    4.581880769680967e-11,
    3.3643363867234535e-11,
    2.5075987256837166e-11,
    1.7943855403774613e-11,
    1.0849999066537447e-11,
    6.7839750139403394e-12,
    4.603849583716144e-12,
    3.5055856668925267e-12,
    2.682329193730393e-12,
    2.059342502717453e-12,
    1.4842039482203384e-12,
    1.112146513701778e-12,
    7.900238333352245e-13,
    6.064789221763101e-13,
    4.685703465021093e-13,
    4.133850101760467e-13,
    3.2728564725668824e-13,
    2.2894744989478786e-13,
    1.6088485740572325e-13,
    1.1503560730606303e-13,
    8.980157959159142e-14,
    6.761032601360701e-14,
    4.749911710769201e-14,
    3.241468151786287e-14,
    2.5650717914253776e-14,
    1.4032260071823255e-14,
    9.548041085381158e-15,
    6.890460754320517e-15,
    4.73841316267514e-15,
    3.8101522955182644e-15,
    2.7550029914046965e-15,
    1.7346092843967789e-15,
    1.2998718319367973e-15,
    1.099114545358377e-15,
    8.776695043280086e-16
  ],
  "exit_code": 0,
  "iters": 80,
  "mtx": "orsirr_1",
  "method": "max-st",
  "x_id": "randn"
}