{
  "fre": [
    0.7594386956677289,
    0.659911885958362,
    0.48520024344844237,
    0.3620250490134909,
    0.20825922833402366,
    0.12323556135046006,
    0.062271314605191724,
    0.036435578129048574,
    0.030691829705544175,
    0.020256053804826788,
    0.00966203603841744,
    0.00519783326137735,
    0.0035427801747178926,
    0.0027100338425111795,
    0.0016126349764328735,
    0.0006590146650954356,
    0.00036921997635565464,
    0.0002572805230167989,
    0.00013984546904342106,
    7.18855849843814e-05,
    6.268769565216115e-05,
    4.296459341628007e-05,
    3.40127369795606e-05,
    1.91444990881624e-05,
    1.510988339780608e-05,
    1.1996947139356075e-05,
    9.373448258936288e-06,
    6.013125305419896e-06,
    3.8495200046322596e-06,
    2.758203811741729e-06,
    1.6120499816321571e-06,
    8.712880352844226e-07,
    6.819590123992572e-07,
    4.1454480270833644e-07,
    2.492955665215724e-07,
    1.7653978726069174e-07,
    1.4018736327683515e-07,
    8.38193730855879e-08,
    4.697551777768281e-08,
    2.43652233347656e-08,
    2.1941265527685624e-08,
    1.626322564439973e-08,
    1.3115301866502663e-08,
    8.889494149494244e-09,
    7.065700532938988e-09,
    4.139184597690842e-09,
    2.998116118975332e-09,
    1.6788963817534075e-09,
    1.0200054226542647e-09,
    6.986924848421959e-10,
    4.206841973984404e-10,
    3.0180535802337957e-10,
    2.2857633522353022e-10,
    1.396242264995783e-10,
    9.853977854869238e-11,
    5.5118251234081474e-11,
    3.901036157562745e-11,
    2.291413602323617e-11,
    1.156955033767395e-11,
    5.580240203278061e-12,
    4.5732021508741526e-12,
    3.4174209161153164e-12,
    2.5551197020200465e-12,
    1.680239074000609e-12,
    1.2768003656180939e-12,
    8.566904815341785e-13,
    6.352533704875301e-13,
    4.572824141584611e-13,
    2.8734405783394287e-13,
    1.867084671602109e-13,
    9.660812520640434e-14,
    7.428559427734692e-14,
    5.673933447431496e-14,
    4.8314051579269714e-14,
    4.172239936618516e-14,
    3.9705904785747165e-14,
    3.837607015513681e-14,
    3.792495965086555e-14,
    3.712054923110427e-14,
    3.6470825456596136e-14,
    3.041321968550103e-14,
    3.0552461019867795e-14,
    3.164351284669729e-14,
    3.192040831045382e-14,
    3.239471662565418e-14,
    3.2929484598934195e-14,
    3.322784343504718e-14,
    3.3421605023091656e-14,
    3.357910155377028e-14,
    3.358309509648539e-14
  ],
  "rk": [
    1.0,
    0.6252018986775142,
    0.5481355907081421,
    0.38799296081892126,
    0.3069113744599658,
    0.18392444254394275,
    0.13204445189609493,
    0.07631516099826577,
    0.040582971779114276,
    0.028229503948925018,
    0.020492216989368015,
    0.012150586283587263,
    0.0071766282449237,
    0.0041423397911705805,
    0.0030360370396260374,
    0.00204295690731739,
    0.0009075177998245741,
    0.0005085355634952465,
    0.000343707550389031,
    0.0001998036539455071,
    0.00011430741428503925,
    8.703798711214945e-05,
    5.488384514623376e-05,
    4.413069147002074e-05,
    2.097078825689771e-05,
    1.4198372088461466e-05,
    1.0546109477161837e-05,
    8.04418787633637e-06,
    5.648927405193478e-06,
    3.838029102225161e-06,
    2.668322966373496e-06,
    1.9201190106242855e-06,
    9.7373371315965e-07,
    6.896570759484505e-07,
    4.339703839652246e-07,
    2.4766334963988554e-07,
    1.4873122334309726e-07,
    1.1774098462745447e-07,
    7.743528347291659e-08,
    4.566539333373896e-08,
    2.7219144353555126e-08,
    2.217606347926062e-08,
    1.5229401536538143e-08,
    1.2285125188777234e-08,
    7.875391838855021e-09,
    6.017765408967084e-09,
    3.647709160615741e-09,
    2.8966879557324216e-09,
    1.8791759405544747e-09,
    1.1454709196753208e-09,
    6.683795722003738e-10,
    4.1534165266132354e-10,
    2.922774061592641e-10,
    2.1178897680592502e-10,
    1.3639078159523825e-10,
    9.864666707096303e-11,
    5.461992051283837e-11,
    3.852208629695775e-11,
    2.751377445317357e-11,
    1.490024652680606e-11,
    9.463707361404795e-12,
    6.626341147080439e-12,
    4.208387606535972e-12,
    3.1983100262186397e-12,
    1.9564684403712214e-12,
    1.3504899584293725e-12,
    8.176601957485443e-13,
    5.853016290059245e-13,
    4.217122209994006e-13,
    2.9905781190034696e-13,
    2.0533186514090351e-13,
    1.0599854222050664e-13,
    7.462076423143628e-14,
    4.7174536357724805e-14,
    3.2887273487584656e-14,
    1.9547618886889825e-14,
    1.3770814045811293e-14,
    8.518730817036415e-15,
    6.4126085875582784e-15,
    4.728253709868886e-15,
    4.335324679913923e-13,
    5.0370656155773314e-14,
    3.135037443950234e-14,
    2.1020478603712948e-14,
    1.2692567401495433e-14,
    8.831237406041234e-15,
    5.352541866928941e-15,
    3.728469648388012e-15,
    2.1604986019605017e-15,
    1.3144177420209267e-15,
    3.4818459619574125e-13
  ],
  "exit_code": -1,
  "iters": 90,
  "mtx": "orsirr_1",
  "method": "max-lf_alt-o_m3",
  "x_id": "ones"
}