{
  "fre": [
    0.7128701330130895,
    0.5676689653869833,
    0.3657177254663341,
    0.24107623231216602,
    0.13945530749024188,
    0.07327293865900225,
    0.046588390853118535,
    0.02448073993521791,
    0.009126529822251149,
    0.003657161343334264,
    0.002150362986777503,
    0.0012645841015485903,
    0.0006986796856249388,
    0.00038352953254856305,
    0.0002743226127417158,
    0.00015667190345562888,
    8.515481099343688e-05,
    4.393341067725747e-05,
    2.385499047632431e-05,
    1.0076145737445097e-05,
    6.983478321100768e-06,
    4.712819114774028e-06,
    2.7567318645753947e-06,
    1.6204547349504725e-06,
    1.0134356761523712e-06,
    6.63260875556043e-07,
    2.8487249594320256e-07,
    1.6044859120592986e-07,
    8.770657055398205e-08,
    4.2518261100782625e-08,
    1.7965985516793355e-08,
    9.26487135336637e-09,
    5.6002309310873885e-09,
    3.3268578601277235e-09,
    1.3766913745012297e-09,
    8.011071992185007e-10,
    5.246206339178744e-10,
    3.4062164810780265e-10,
    2.492899934391729e-10,
    1.7155549483289563e-10,
    1.5190069646635295e-10,
    1.0088542673501068e-10,
    4.370898996313451e-11,
    1.994177909084213e-11,
    1.0274577519562858e-11,
    4.754508751803873e-12,
    2.3798632025808893e-12,
    9.257337873706507e-13,
    4.527951883295922e-13,
    2.7234989035533355e-13,
    1.4760110939759594e-13,
    9.615115581239208e-14,
    6.89521551168974e-14,
    5.13453844596793e-14,
    3.6712417981221515e-14,
    3.640651984102402e-14,
    3.6486886037904164e-14,
    3.612732686943254e-14,
    3.578533156084407e-14,
    3.5340765251411414e-14,
    2.7927299906455808e-14,
    2.891352758368364e-14,
    3.460495872140576e-14,
    4.060894381862532e-14,
    4.243164762400622e-14,
    4.3907804538902524e-14,
    4.436103903518237e-14,
    4.433635389187939e-14
  ],
  "rk": [
    1.0,
    0.559860439032884,
    0.4172457273008506,
    0.2938832723585863,
    0.19131823174639576,
    0.10928529188238703,
    0.06376478802299435,
    0.04019471685730998,
    0.025593900122115903,
    0.01170970306291603,
    0.004663773999569057,
    0.0025156671815441106,
    0.0013999395774911927,
    0.0007753437454290014,
    0.0003840315851212293,
    0.00024043082871236072,
    0.00013964985872471077,
    8.562706037373707e-05,
    4.7165638630209825e-05,
    2.9122669699932472e-05,
    1.402506159301652e-05,
    8.63940060671972e-06,
    5.544540821906864e-06,
    2.9136143404662496e-06,
    1.5663250084099902e-06,
    9.304359568064696e-07,
    6.529469678988041e-07,
    3.0435720656965733e-07,
    1.75479067681421e-07,
    9.617089508545059e-08,
    5.177815087570623e-08,
    2.5575043764726464e-08,
    1.2285456935865614e-08,
    6.738894078477179e-09,
    4.003962354111659e-09,
    1.8339120606883615e-09,
    9.720581951038874e-10,
    5.425338522353557e-10,
    2.904689929084372e-10,
    1.879456696666435e-10,
    1.1706317458704382e-10,
    9.620950322290738e-11,
    7.0466167974427e-11,
    3.814811077090508e-11,
    2.164422130676497e-11,
    1.2677833569567736e-11,
    6.0432183493924165e-12,
    3.2916970036871217e-12,
    1.5112611681733328e-12,
    7.240148785051952e-13,
    3.63519323697987e-13,
    1.849881164926892e-13,
    9.355768728315088e-14,
    5.879364319248237e-14,
    3.971638374420489e-14,
    2.0182594378005487e-14,
    9.605079329870757e-15,
    5.490254912411736e-15,
    3.223100693681713e-15,
    2.257236895255807e-15,
    3.9491091926130617e-13,
    7.701520828159728e-14,
    4.0938208827213317e-14,
    2.6297904405488352e-14,
    1.5478615565665467e-14,
    7.712614590336494e-15,
    2.894738683198338e-15,
    1.465619974114323e-15,
    3.575337010783859e-13
  ],
  "exit_code": -1,
  "iters": 68,
  "mtx": "orsirr_1",
  "method": "max-lf_alt-o-repeat_m2",
  "x_id": "ones"
}