{
  "fre": [
    0.29277590776057183,
    0.09059113173838544,
    0.061332779907485674,
    0.046979276186461014,
    0.028723660001687936,
    0.022596911502655834,
    0.015462083380325274,
    0.012618300094799598,
    0.010434257041909957,
    0.009155950727351777,
    0.008416700773630144,
    0.0077274885505117285,
    0.005667732947122863,
    0.0032576867803015505,
    0.002346949407684223,
    0.0016446592225201155,
    0.0012494057820836672,
    0.0010682421087741664,
    0.0008390844077021187,
    0.0005948974765196893,
    0.0005717305555272713,
    0.0005012654356317115,
    0.00040915854777960733,
    0.000280876730217452,
    0.0001797058590135663,
    0.0001414435368075755,
    0.00011269407807320432,
    9.650853210840179e-05,
    8.081039120425299e-05,
    6.110645047826409e-05,
    4.5914537551500865e-05,
    2.3418476784522076e-05,
    1.1913599875893697e-05,
    7.468091308579516e-06,
    4.539407734188063e-06,
    2.6848852870843675e-06,
    1.9299346931925843e-06,
    1.4325554185044904e-06,
    1.2249993445122822e-06,
    9.309721216109006e-07,
    8.670910307009292e-07,
    6.678902416436387e-07,
    4.6826852286056926e-07,
    2.915960521801206e-07,
    1.808590650050855e-07,
    1.3233419713340724e-07,
    1.0963047363144037e-07,
    8.339683541428919e-08,
    6.773554569809844e-08,
    6.099035753076689e-08,
    5.13175537259511e-08,
    4.133317144164885e-08,
    2.9870600356521966e-08,
    2.117746808635042e-08,
    1.7243216393578505e-08,
    1.3541289185009613e-08,
    9.724294744462486e-09,
    7.229965689257376e-09,
    4.9246944939635945e-09,
    3.087019213569931e-09,
    2.927145726012166e-09,
    2.650278656090802e-09,
    2.2503286418972564e-09,
    1.7291492428558647e-09,
    1.202621890517331e-09,
    9.662563854612167e-10,
    7.450183217196137e-10,
    6.107767284436296e-10,
    4.793517685208635e-10,
    3.8251361376444014e-10,
    2.9332516420071324e-10,
    1.6427912970640716e-10,
    1.0656907665711914e-10,
    8.340996500413211e-11,
    5.714595562184772e-11,
    3.971719283698e-11,
    2.916067655270643e-11,
    2.0093568308722636e-11,
    1.462228789395714e-11,
    9.707246703792146e-12,
    9.123710434940446e-12,
    7.68046674966506e-12,
    6.3811315895146145e-12,
    5.1848544218840456e-12,
    3.1853759118835093e-12
  ],
  "rk": [
    1.0,
    0.002057451801653074,
    0.0003443480180141221,
    7.5655395296068e-05,
    4.219980446339744e-05,
    1.9937734347384797e-05,
    1.1801994738134678e-05,
    6.0199885442427706e-06,
    3.98396070175909e-06,
    2.3697919740275566e-06,
    1.536835746285753e-06,
    1.3351306984910893e-06,
    1.205411424274418e-06,
    9.504098666432146e-07,
    6.223611046276865e-07,
    4.510266621158605e-07,
    3.1598748373590036e-07,
    2.3795329778139748e-07,
    1.9625130740462815e-07,
    1.5720854114733454e-07,
    1.205525549277047e-07,
    1.0658539718952194e-07,
    9.365605382941216e-08,
    7.82195927794717e-08,
    6.102020045736906e-08,
    3.9856635799453555e-08,
    2.6630123604011648e-08,
    1.92646402498847e-08,
    1.5404495341972217e-08,
    1.2926933861832311e-08,
    1.0388436517188946e-08,
    8.610004692443181e-09,
    5.645165468475094e-09,
    3.376508408402097e-09,
    2.4363733181455126e-09,
    1.641082813931625e-09,
    1.0577477923666213e-09,
    7.382465270708066e-10,
    4.285740564437125e-10,
    3.396887676482752e-10,
    2.720706196350094e-10,
    2.337999068673772e-10,
    1.8624249830054742e-10,
    1.4472357672079902e-10,
    1.0000990746844929e-10,
    6.156109779798399e-11,
    3.941882239194104e-11,
    2.8408667889658894e-11,
    1.937479341253344e-11,
    1.2932658039559196e-11,
    1.068204946865472e-11,
    8.868812467260085e-12,
    7.218258974925614e-12,
    5.273445558327772e-12,
    3.8204033154947865e-12,
    3.0503793434173223e-12,
    2.4413134214069437e-12,
    1.870829562992026e-12,
    1.469608659021404e-12,
    1.098012975865084e-12,
    7.967390728295548e-13,
    6.315008854187794e-13,
    5.219533732073901e-13,
    4.2719084257053844e-13,
    3.5078012164932723e-13,
    2.395986586540257e-13,
    1.7784953861590202e-13,
    1.2887349389393448e-13,
    1.0082085015096334e-13,
    8.020110183574104e-14,
    6.65056727369626e-14,
    5.441082308195565e-14,
    3.533730546153108e-14,
    2.3841580818873392e-14,
    1.933853064856279e-14,
    1.41134715354659e-14,
    1.0490857408306057e-14,
    8.17981352307752e-15,
    5.595630702345803e-15,
    4.08396715991894e-15,
    2.981813788498563e-15,
    2.436143971854677e-15,
    1.9235174206124075e-15,
    1.5751251973175551e-15,
    1.3497071082869224e-15,
    8.365936656729271e-16
  ],
  "exit_code": 0,
  "iters": 85,
  "mtx": "orsirr_1",
  "method": "max-lf_alt-o_m2",
  "x_id": "sine"
}