{
  "fre": [
    0.20353868257571364,
    0.07284650792058596,
    0.053824835184298966,
    0.04427988679073712,
    0.03481011958663751,
    0.027720300213755936,
    0.02171895830950022,
    0.016701031573832945,
    0.012223949151955314,
    0.006796939711330552,
    0.004639356585174725,
    0.0033730299433671574,
    0.002550863251499063,
    0.001651044415903784,
    0.001045281850349407,
    0.0005480892850701724,
    0.0004334665738926827,
    0.000373645830810634,
    0.00030483780185269364,
    0.00020567108431981167,
    0.00019415439375824634,
    0.00016673360251519498,
    0.00011963949686173624,
    7.06911112007004e-05,
    4.872102128265863e-05,
    3.222738153058386e-05,
    1.7885276350607697e-05,
    1.2039850665218194e-05,
    8.122781558754419e-06,
    3.6331481315929347e-06,
    2.322206013923321e-06,
    1.8615548882323434e-06,
    1.4514795164152046e-06,
    1.16030386182304e-06,
    8.616613755807535e-07,
    4.27210943808431e-07,
    2.2478674071413085e-07,
    1.7590423815916374e-07,
    1.378017042200534e-07,
    9.988402928529787e-08,
    9.231925245475598e-08,
    7.676777203634635e-08,
    3.975944348443176e-08,
    2.6180204329297352e-08,
    1.856234654817672e-08,
    1.3703448212699255e-08,
    9.497731604928356e-09,
    5.001867893231343e-09,
    3.471578406063973e-09,
    2.5892208725570695e-09,
    1.7203238518309168e-09,
    1.278077472133708e-09,
    8.375124008924843e-10,
    4.423667332290757e-10,
    3.1466117795503707e-10,
    2.507499573491507e-10,
    2.01714347826622e-10,
    1.692148895483864e-10,
    1.3117294236409412e-10,
    8.65411825327837e-11,
    8.203071172426441e-11,
    6.784979449015663e-11,
    5.060493214318781e-11,
    3.658026442849357e-11,
    2.0104168848317597e-11,
    9.717771045354616e-12,
    5.742336484474064e-12,
    4.63361900048325e-12,
    3.5589480751062386e-12
  ],
  "rk": [
    1.0,
    0.0015668599365229515,
    0.00019632524833011362,
    4.2595211192821804e-05,
    2.3027805425199955e-05,
    1.0756691294868439e-05,
    7.630209571671542e-06,
    5.254872061776433e-06,
    3.829619602117435e-06,
    2.990029358789806e-06,
    1.8774314527923372e-06,
    1.191851025056965e-06,
    8.330358453763827e-07,
    6.584906522488922e-07,
    4.192182108143919e-07,
    2.871089738318603e-07,
    1.6396755849005942e-07,
    1.013682824732848e-07,
    7.38266438194125e-08,
    5.5478949106131505e-08,
    4.044619153523302e-08,
    3.4652054724839546e-08,
    2.9493204604403976e-08,
    2.3781899220291457e-08,
    1.6466129305055274e-08,
    1.1299986156690177e-08,
    8.082693352591598e-09,
    4.974242334705791e-09,
    3.5468505539954083e-09,
    2.71252324513449e-09,
    1.5095125548231004e-09,
    7.39828564197574e-10,
    5.320691078733358e-10,
    3.5447426598201977e-10,
    2.584561797858226e-10,
    2.0886225100020222e-10,
    1.3308685978687704e-10,
    6.824922776849353e-11,
    4.518760109832471e-11,
    3.5689459181894386e-11,
    2.7949378845825946e-11,
    2.344517680152836e-11,
    1.9849292037214406e-11,
    1.1384373685065366e-11,
    7.386112211023427e-12,
    4.800618424121418e-12,
    3.596895282002108e-12,
    2.751064250255435e-12,
    1.6778305520700377e-12,
    1.1401546063021495e-12,
    8.261975723119178e-13,
    4.847793815775774e-13,
    3.505830516011439e-13,
    2.4779962648675557e-13,
    1.4954237183619107e-13,
    9.495724842280263e-14,
    6.467029377109354e-14,
    4.122275944204835e-14,
    3.2194849081446825e-14,
    2.643042022525989e-14,
    1.97692804635107e-14,
    1.665620714721852e-14,
    1.3020928845771038e-14,
    9.46117026525681e-15,
    7.623160910986217e-15,
    5.42651169927302e-15,
    3.2462531863046052e-15,
    1.8203083463511177e-15,
    1.2786174244423175e-15,
    9.73059085365541e-16
  ],
  "exit_code": 0,
  "iters": 69,
  "mtx": "orsirr_1",
  "method": "max-st_alt-o_m2",
  "x_id": "sine"
}