{
  "fre": [
    0.24349055895312927,
    0.13488827946146342,
    0.10450417663227692,
    0.08125227905979861,
    0.07139715935620256,
    0.06344449364147278,
    0.05530364346750284,
    0.04383870189268826,
    0.0291477334543501,
    0.012313976974914488,
    0.007798840345899502,
    0.003487108228699391,
    0.002124955673008404,
    0.0015455995466119017,
    0.0010472031252180887,
    0.0007340965170566113,
    0.0003986871597964199,
    0.00023650504498231816,
    0.00018501108891803004,
    0.00014250601766955124,
    0.00012350674151839487,
    7.048942374122518e-05,
    3.810200575910664e-05,
    2.2223796675426726e-05,
    1.4932408755168512e-05,
    1.0219570935415205e-05,
    6.160549572555365e-06,
    3.6121997453564456e-06,
    1.958821885268912e-06,
    1.261218843997191e-06,
    7.798185626767389e-07,
    6.525800717098374e-07,
    5.59006317986968e-07,
    3.994971997259675e-07,
    2.3663838293794898e-07,
    1.7633071311880006e-07,
    1.1288690881558387e-07,
    5.80321767188324e-08,
    1.9796796015223187e-08,
    7.072130404808053e-09,
    5.846508539318301e-09,
    4.373331336083741e-09,
    3.527061767494897e-09,
    2.081428292491257e-09,
    1.6308585444079628e-09,
    9.353680971255028e-10,
    6.929236160886468e-10,
    4.6127945817960254e-10,
    3.1171836268079524e-10,
    2.001120668231412e-10,
    1.1605695276169337e-10,
    6.454668783350109e-11,
    3.7474499728092557e-11,
    2.5926359487399344e-11,
    2.029533961712321e-11,
    1.4429584998844781e-11,
    1.0232276191987641e-11,
    7.727991271357357e-12,
    5.468586128653042e-12
  ],
  "rk": [
    1.0,
    0.0013971374143437782,
    0.000516062926805906,
    0.0002660106693283671,
    9.224672151227286e-05,
    2.2257090178339016e-05,
    1.3074132664622367e-05,
    8.585518333482011e-06,
    6.405314897792223e-06,
    4.816574620918296e-06,
    2.9568736115034367e-06,
    1.957601319316743e-06,
    1.0220678268976723e-06,
    5.864073006372304e-07,
    3.7862652132539917e-07,
    2.720604670914734e-07,
    1.8451049213799079e-07,
    1.1176382076355132e-07,
    5.4235795255160914e-08,
    3.8818970484628354e-08,
    2.975797903419584e-08,
    2.447561452639719e-08,
    1.544168249197504e-08,
    1.0350890530677655e-08,
    6.0350744871346925e-09,
    4.281102871002382e-09,
    2.8798012798796012e-09,
    1.7454800247351612e-09,
    9.98215016173126e-10,
    6.110187853466397e-10,
    3.8729734380178407e-10,
    1.9943314714925486e-10,
    1.1517378122032703e-10,
    9.292725049152079e-11,
    7.024238764539673e-11,
    4.59218542688496e-11,
    3.190828645822675e-11,
    2.0551164644245228e-11,
    1.4105775109335857e-11,
    7.986658095186602e-12,
    3.527508052084437e-12,
    2.5453266308327773e-12,
    1.4824665609593927e-12,
    1.1761478792442498e-12,
    6.593668218179587e-13,
    5.088507627037737e-13,
    2.839402189603284e-13,
    1.9938641836416833e-13,
    1.2727498558816795e-13,
    8.60268692228648e-14,
    5.920642220372138e-14,
    3.711234274540137e-14,
    2.2223437468855246e-14,
    1.1416582818937324e-14,
    6.461037837435921e-15,
    4.344954855498855e-15,
    2.7717077432101064e-15,
    1.7614978206107303e-15,
    1.2811614877003165e-15,
    9.420387926149085e-16
  ],
  "exit_code": 0,
  "iters": 59,
  "mtx": "orsirr_1",
  "method": "max-lf_alt-o_m3",
  "x_id": "sine"
}