{
  "fre": [
    0.7734884343854672,
    0.6028931145596044,
    0.4675974830324667,
    0.331898486072117,
    0.2064490010631875,
    0.09872423758650059,
    0.07401513719916859,
    0.05369124626880282,
    0.020498770004607442,
    0.010921133702477286,
    0.0070167095910273515,
    0.004061269880484669,
    0.002733734172137113,
    0.0015931665960354695,
    0.0007988611619216768,
    0.000468170822238447,
    0.00031767015367326637,
    0.00026458103368873654,
    0.00016993185416248904,
    9.191415345985645e-05,
    7.989722077805438e-05,
    6.161788391717435e-05,
    3.771403953949047e-05,
    2.0723967950308618e-05,
    1.2609985821349706e-05,
    8.128677807352016e-06,
    4.901099398349493e-06,
    2.6501703198118185e-06,
    1.4688572538610989e-06,
    8.32020929507427e-07,
    5.214167923796523e-07,
    3.8706002854263966e-07,
    2.4579632435113004e-07,
    1.6080267688522201e-07,
    1.236191052043692e-07,
    9.11534263370365e-08,
    6.695512775060602e-08,
    4.1892203092630435e-08,
    2.586971313669945e-08,
    1.8792891289111125e-08,
    1.7295987090834153e-08,
    1.1151813182412161e-08,
    7.488343923848535e-09,
    4.3573782163855806e-09,
    2.996493835234934e-09,
    2.168585030350118e-09,
    1.293159152736581e-09,
    8.030121683116755e-10,
    4.3509151991590654e-10,
    2.2545164899372482e-10,
    1.209256205664843e-10,
    7.272839078598116e-11,
    3.2204842857947155e-11,
    2.244419569612186e-11,
    1.6643244486527056e-11,
    1.2140042522965272e-11,
    8.719325315280554e-12,
    5.169162082352069e-12,
    3.340253444490104e-12,
    2.105991647482162e-12,
    1.8672349030099522e-12,
    1.3658184176089492e-12,
    7.369249083945471e-13,
    4.859288540323609e-13,
    3.384850933578005e-13,
    2.2423148185110503e-13,
    1.2549842902787554e-13,
    7.578840881887191e-14,
    5.366158096948947e-14,
    4.688106137526625e-14,
    4.343959817254492e-14,
    4.0559178936561493e-14,
    3.898181760186858e-14,
    3.8607811122736125e-14,
    3.860095493572738e-14,
    3.8530089807549e-14,
    3.8388211341940394e-14,
    3.8450307332295285e-14,
    3.8549127035558924e-14,
    3.299228884814233e-14,
    3.6444531462559004e-14,
    3.6794066523755054e-14,
    3.595584070268607e-14,
    3.609123940619843e-14,
    3.720571924643263e-14,
    3.890001406658131e-14,
    3.979123592399043e-14,
    4.016445942240428e-14,
    4.0402872682015916e-14,
    4.053424007532085e-14
  ],
  "rk": [
    1.0,
    0.7341087754052021,
    0.49530811723268126,
    0.4323903075970324,
    0.3053658519033299,
    0.18866721106274417,
    0.10455193623642492,
    0.07809365039903515,
    0.05996580720744509,
    0.030680197348375685,
    0.017510158608842665,
    0.009688772046573327,
    0.005720480393134526,
    0.003951045354937499,
    0.0021722086874947327,
    0.001236428106812008,
    0.0006957395291001209,
    0.0003744395106261811,
    0.0002768381571475495,
    0.00018911915786029546,
    0.0001082313596087065,
    8.687495789528068e-05,
    6.976023323834777e-05,
    4.8682853787275375e-05,
    2.74564362118719e-05,
    1.657964287257682e-05,
    1.055270862941521e-05,
    7.026920778888949e-06,
    4.000594916283766e-06,
    2.6781078825467846e-06,
    1.3281285258764731e-06,
    7.553642841326111e-07,
    5.58443666171461e-07,
    3.707195648369232e-07,
    1.947352251877623e-07,
    1.3182514032351614e-07,
    8.399292645891852e-08,
    6.295462088593188e-08,
    3.996099884014629e-08,
    2.465559911889984e-08,
    1.962629396474785e-08,
    1.7009222439639274e-08,
    1.1773755536465615e-08,
    8.027730483180365e-09,
    4.6499470570585025e-09,
    3.0058563794845984e-09,
    2.226300902490724e-09,
    1.4899740682577468e-09,
    9.571429805311487e-10,
    6.41776783998393e-10,
    3.560950507485931e-10,
    2.1006421786757145e-10,
    1.4134820485662277e-10,
    5.5943355303279103e-11,
    3.2150778642637836e-11,
    2.109568202876082e-11,
    1.4016997743790169e-11,
    9.882873605633863e-12,
    6.1132032381274166e-12,
    4.0579488194670376e-12,
    2.6059341560480792e-12,
    2.091758492640723e-12,
    1.6173770637360316e-12,
    9.86465790666955e-13,
    6.045661359312286e-13,
    3.969587341595254e-13,
    2.6855026168845343e-13,
    1.5835764280798254e-13,
    1.0011919266312752e-13,
    5.595734331924641e-14,
    3.2167991367912804e-14,
    2.0088115652188085e-14,
    1.3516069809664721e-14,
    8.871579033881859e-15,
    5.528158000642858e-15,
    4.060825986964749e-15,
    2.988209320622639e-15,
    1.858605301405765e-15,
    1.090438060523902e-15,
    3.7163830700865544e-13,
    5.447347491688016e-14,
    2.807105869542611e-14,
    2.1130536398669872e-14,
    1.5430789398327653e-14,
    1.16028663749702e-14,
    7.61736487762543e-15,
    4.735901348294146e-15,
    3.1416583672502898e-15,
    2.016188344911137e-15,
    1.022253550816032e-15,
    3.583054267296575e-13
  ],
  "exit_code": -1,
  "iters": 90,
  "mtx": "orsirr_1",
  "method": "max-st_alt-o_m3",
  "x_id": "ones"
}