{
  "fre": [
    0.2175995416897435,
    0.1053942827894929,
    0.07902725321759306,
    0.059515796031705405,
    0.046280994886796586,
    0.032282822308737094,
    0.022197996758950626,
    0.012228704877905299,
    0.005794574895409233,
    0.004172825603510442,
    0.0035014102862506707,
    0.0022386949786001612,
    0.0012185489409386539,
    0.0005999843096202894,
    0.0003563496770289991,
    0.0002510418357102155,
    0.00017676872389868573,
    7.79866320121362e-05,
    3.821533642675373e-05,
    2.3367125932379733e-05,
    2.0450943716747976e-05,
    1.56819399732187e-05,
    1.230473523799164e-05,
    8.453843217701765e-06,
    6.284887875065695e-06,
    3.856525340831844e-06,
    2.6999730169363826e-06,
    1.4757468865537446e-06,
    6.657118760996326e-07,
    3.2745773693780766e-07,
    1.7335135557295717e-07,
    1.0359661221310192e-07,
    5.961670044327514e-08,
    3.4282789604262934e-08,
    2.281533104865301e-08,
    1.6603205611338845e-08,
    1.103985586950789e-08,
    5.7449230150757585e-09,
    3.5357883534522814e-09,
    2.1215631805358658e-09,
    1.9041181215717897e-09,
    1.5169228274257852e-09,
    1.0075171404065726e-09,
    6.007471789061089e-10,
    3.69682448318307e-10,
    1.760888095415319e-10,
    1.0338897415763037e-10,
    6.84153984447204e-11,
    3.667714623198481e-11,
    2.1273810269556755e-11,
    1.4164717545715208e-11,
    9.952225087202902e-12,
    6.497965310531814e-12,
    4.2499239066245046e-12,
    2.581451914755584e-12
  ],
  "rk": [
    1.0,
    0.0014136516422574301,
    0.00010159656589182952,
    4.7631327618994486e-05,
    2.140916731184838e-05,
    1.3447489153546193e-05,
    8.528273891523728e-06,
    6.13164270628255e-06,
    4.112391053279421e-06,
    2.282837435706082e-06,
    1.1142611515908782e-06,
    8.480132598737063e-07,
    5.858113902925325e-07,
    3.58347254696885e-07,
    2.0764847911096438e-07,
    1.130116018075172e-07,
    6.746015054518259e-08,
    4.916932095237826e-08,
    2.6577959857381935e-08,
    1.3513875116230615e-08,
    7.3876437937447646e-09,
    5.3697877594036295e-09,
    3.476085042124913e-09,
    2.5943562145325275e-09,
    1.5962385879347269e-09,
    1.1609301072441106e-09,
    8.40516636379314e-10,
    6.385372333228882e-10,
    4.216045981026983e-10,
    2.230117680645711e-10,
    1.2511115108238155e-10,
    7.660687780257333e-11,
    4.3446037901422653e-11,
    2.4855367194706797e-11,
    1.2530660153488853e-11,
    6.990188871439405e-12,
    4.922500139398453e-12,
    3.6543535128611084e-12,
    1.8362696138300418e-12,
    1.056550209195792e-12,
    6.242037208627067e-13,
    4.756025845613276e-13,
    3.599979355692329e-13,
    2.610146853019863e-13,
    1.5695788536764565e-13,
    1.06524666773208e-13,
    6.067998427454978e-14,
    3.633443870772109e-14,
    2.366934630922973e-14,
    1.3845785596369387e-14,
    7.554507075463882e-15,
    4.515782214547401e-15,
    3.2190616711288426e-15,
    2.0705695922467178e-15,
    1.2216623580536174e-15,
    6.746179546575933e-16
  ],
  "exit_code": 0,
  "iters": 55,
  "mtx": "orsirr_1",
  "method": "max-st_alt-o_m3",
  "x_id": "sine"
}