{
  "fre": [
    0.15646034918299517,
    0.025943199581202347,
    0.019035076380136625,
    0.014068299398644011,
    0.007442631804926154,
    0.005665206019238246,
    0.003974038150962577,
    0.00191001326074097,
    0.0008188272447556727,
    0.0005991264660571521,
    0.0004522089868942133,
    0.00033679926301529567,
    0.00016437909232283816,
    9.043089889095437e-05,
    5.19629364535412e-05,
    3.3000891731099195e-05,
    1.842200506482083e-05,
    1.0491028125926662e-05,
    6.510388752695973e-06,
    4.485636942380811e-06,
    3.890319712182366e-06,
    2.2035481944988506e-06,
    1.1723945709361008e-06,
    6.659350344508644e-07,
    3.603211114323509e-07,
    2.0535567094243651e-07,
    1.319460726296028e-07,
    9.883630299512113e-08,
    6.793208168232732e-08,
    4.578302524934033e-08,
    1.99609906169836e-08,
    1.090710287210238e-08,
    6.378885550832296e-09,
    3.5621356824514338e-09,
    1.7147737476059501e-09,
    1.0405631826423744e-09,
    4.918333341195589e-10,
    2.665762664166781e-10,
    1.4230382892552655e-10,
    5.7236389881434604e-11,
    4.516614175374648e-11,
    2.9222936015113416e-11,
    1.7465073049760062e-11,
    7.639106563983078e-12,
    4.525589054006292e-12,
    2.943377454866812e-12
  ],
  "rk": [
    1.0,
    0.0010321184183933849,
    5.998135517203164e-05,
    1.170831589330809e-05,
    5.353792893029054e-06,
    2.09654783093983e-06,
    1.2371879294163723e-06,
    9.56833166603209e-07,
    5.785161928151373e-07,
    2.19459925237829e-07,
    1.1915587101526755e-07,
    6.886463383328333e-08,
    5.3995514030712905e-08,
    3.259107265073652e-08,
    1.822914020412304e-08,
    1.056024274583762e-08,
    6.429050814822577e-09,
    3.529651677610586e-09,
    2.065750893893631e-09,
    1.2376637797375252e-09,
    7.923048331128787e-10,
    6.551949528829357e-10,
    4.164910189000582e-10,
    2.3531816838674116e-10,
    1.4503082814364754e-10,
    8.212233451664826e-11,
    4.657962634819435e-11,
    2.5413169251235835e-11,
    1.617083276956633e-11,
    1.0799699406699882e-11,
    7.884050285115534e-12,
    4.350693181351951e-12,
    2.476110790858725e-12,
    1.417407306655032e-12,
    8.300861982312237e-13,
    4.3720504057832213e-13,
    2.9394926177628876e-13,
    1.5008308182590195e-13,
    7.615163262421643e-14,
    4.442004402899097e-14,
    2.081044277174557e-14,
    1.2996352195231071e-14,
    7.77242912695756e-15,
    4.7970773400561305e-15,
    2.3535149271483256e-15,
    1.1849057773950219e-15,
    7.124973077939451e-16
  ],
  "exit_code": 0,
  "iters": 46,
  "mtx": "orsirr_1",
  "method": "max-lf_alt-o-repeat_m3",
  "x_id": "sine"
}