{
  "fre": [
    0.162736923249489,
    0.10531110648353449,
    0.08136982396777749,
    0.05010001594062386,
    0.03563856242312053,
    0.023099695485734366,
    0.014400624642766972,
    0.009332462637978375,
    0.005693060435568257,
    0.0029969263791627134,
    0.001428984201236899,
    0.0008268873609395467,
    0.0005428632446750941,
    0.00029364232670599217,
    0.0001562375222395488,
    9.095230417942213e-05,
    5.7112234130103656e-05,
    4.2044310720672254e-05,
    2.762727008151531e-05,
    1.8789340678001542e-05,
    1.6252761311183216e-05,
    1.1657809575558862e-05,
    6.692381931657716e-06,
    2.6080958122229278e-06,
    1.3036138616270488e-06,
    7.533389857118016e-07,
    3.9445670150961377e-07,
    2.084130330967624e-07,
    1.0659938797412733e-07,
    6.574919154990055e-08,
    4.547182621296396e-08,
    3.279856465072108e-08,
    1.83683079510805e-08,
    1.0390059492968645e-08,
    5.557020932941235e-09,
    2.661726006267634e-09,
    1.2700816400711604e-09,
    6.542686009039511e-10,
    3.9824921354931816e-10,
    2.5088548601251037e-10,
    2.0588786996437286e-10,
    1.2257228981595998e-10,
    5.320915598119911e-11,
    3.129665206225012e-11,
    1.96029117989405e-11,
    1.1318950289134533e-11,
    7.628559235346624e-12,
    5.028075431000398e-12,
    3.572635186216167e-12
  ],
  "rk": [
    1.0,
    0.0008308653396563989,
    8.89066058598964e-05,
    4.244997946731789e-05,
    2.032742822362832e-05,
    1.178165029407553e-05,
    7.601226590959998e-06,
    4.376191161702829e-06,
    2.612124362445019e-06,
    1.7002919065233723e-06,
    9.619945611312422e-07,
    5.05935250175193e-07,
    2.646991678944801e-07,
    1.7939985085896678e-07,
    1.0755389250155184e-07,
    5.490392079617953e-08,
    3.147088104733701e-08,
    1.7325509367874884e-08,
    1.0459883266718287e-08,
    6.711652206412925e-09,
    4.254394431290851e-09,
    3.2204223117478906e-09,
    2.301500051448303e-09,
    1.5451659426170517e-09,
    8.537447008157705e-10,
    4.867183548646372e-10,
    2.7698556650108547e-10,
    1.4735113773426372e-10,
    8.070204330074905e-11,
    4.2115722768459615e-11,
    2.2109822491298693e-11,
    1.2581206864447571e-11,
    9.008462954267675e-12,
    5.2861316509820936e-12,
    3.1872250999741485e-12,
    1.8130192049928733e-12,
    1.0365260355094912e-12,
    5.428324823212621e-13,
    2.930588300641289e-13,
    1.5020184525629396e-13,
    9.106590557376725e-14,
    6.956812763905367e-14,
    4.865371604192239e-14,
    2.3746065698575577e-14,
    1.193662755898595e-14,
    6.805931563550487e-15,
    3.59677956021007e-15,
    2.3239249175389693e-15,
    1.3931111567206461e-15,
    9.62924637614912e-16
  ],
  "exit_code": 0,
  "iters": 49,
  "mtx": "orsirr_1",
  "method": "max-lf_alt-o-repeat_m3",
  "x_id": "randn"
}