{
  "fre": [
    0.6267326530570873,
    0.32183885157619324,
    0.16236505486865238,
    0.05420238969886845,
    0.035621771943245936,
    0.01659309939074192,
    0.009688359127133376,
    0.0030094488348912825,
    0.0017977794594752601,
    0.001040615930434159,
    0.0005201980579014279,
    0.00017957810624628253,
    7.233109787520494e-05,
    2.1682644860943127e-05,
    7.925141603295192e-06,
    3.3743481378608773e-06,
    8.625511953846143e-07,
    2.678154334654502e-07,
    9.024281873004114e-08,
    4.1597003304110646e-08,
    2.4135274133864424e-08,
    9.178614524878493e-09,
    4.593877947426377e-09,
    2.5302618181946115e-09,
    1.3903319172415044e-09,
    6.201596872082188e-10,
    3.1434223607019077e-10,
    9.53190372040965e-11,
    5.4202932227731266e-11,
    2.3615467424706895e-11,
    1.0653874595038042e-11,
    6.400576069945558e-12,
    2.745852907991814e-12,
    1.100235359618576e-12,
    6.069709346096958e-13,
    2.743992168481244e-13,
    9.04614042847632e-14,
    5.344357968903985e-14,
    3.9760918934275073e-14,
    3.945653428029956e-14,
    3.1676022273502563e-14,
    3.025530742873867e-14,
    3.268496350173315e-14,
    3.469112178768868e-14,
    3.531845137982408e-14,
    3.5119171603793857e-14,
    3.523737359409964e-14
  ],
  "rk": [
    1.0,
    0.6922204320244248,
    0.4583202589994681,
    0.2512229673887786,
    0.10195313216256625,
    0.06017288959344999,
    0.0228438589357168,
    0.012061472400223774,
    0.0051977345246789035,
    0.0022770280456513065,
    0.0010437114659474609,
    0.0005723624548084812,
    0.00020763672587596042,
    8.524909440599632e-05,
    3.3836085400984217e-05,
    1.107628878557509e-05,
    3.730300922397441e-06,
    1.0832556622821106e-06,
    3.4589138358496325e-07,
    1.2109676741833575e-07,
    4.814490396956832e-08,
    2.8785823540482135e-08,
    1.3907553262770024e-08,
    9.662250673103506e-09,
    5.062959185829891e-09,
    2.7579885674792373e-09,
    8.443436469422984e-10,
    4.719897932797279e-10,
    1.5955843928083038e-10,
    6.230005238058665e-11,
    2.3846939412097017e-11,
    1.017012701641879e-11,
    6.085018495906755e-12,
    2.5792217108787015e-12,
    1.0080101939813401e-12,
    5.205232467264376e-13,
    2.851659222572353e-13,
    1.0414296747527328e-13,
    5.1464765517905836e-14,
    1.8860160917178296e-14,
    4.1431541399335855e-13,
    4.55650721437859e-14,
    2.5444976029628685e-14,
    1.4302699034970705e-14,
    7.139966009860605e-15,
    4.126881090821631e-15,
    1.8016742385563332e-15,
    3.338845307776634e-13
  ],
  "exit_code": -1,
  "iters": 47,
  "mtx": "orsirr_1",
  "method": "max-lf_add_m3",
  "x_id": "ones"
}