{
  "fre": [
    0.267637894175188,
    0.17673103695705022,
    0.1274824503057825,
    0.10279558388706905,
    0.07820263646702112,
    0.03973126931541999,
    0.0281350178784159,
    0.018452290555145818,
    0.014582254725896146,
    0.011966029480549775,
    0.0071481327112016815,
    0.0023982577888174423,
    0.0011063131627768498,
    0.0007756194688104219,
    0.000584897177738126,
    0.00046765544106178457,
    0.0003230165242856929,
    0.000150448681831844,
    0.0001000628393159019,
    6.162497906516486e-05,
    5.4763195041837137e-05,
    4.067221929511813e-05,
    2.619629392993798e-05,
    1.6675803629736974e-05,
    1.1966131855044966e-05,
    6.781735466035097e-06,
    3.528621904498506e-06,
    1.8936257471956113e-06,
    1.2927990129663028e-06,
    1.0559361983337817e-06,
    7.701857060291717e-07,
    4.686282260103569e-07,
    3.341624031117354e-07,
    2.1333353602066504e-07,
    1.3655510080800073e-07,
    8.565745857758454e-08,
    5.0456321339975134e-08,
    3.1515253650781123e-08,
    1.392682301027002e-08,
    9.50067258676438e-09,
    7.903496156340755e-09,
    5.855547731341934e-09,
    2.784137695665321e-09,
    1.7563092697414022e-09,
    1.2884401869061836e-09,
    7.879892380065578e-10,
    5.650960924131898e-10,
    4.183201262345723e-10,
    3.1066979527961087e-10,
    2.2896280862148082e-10,
    1.581377266691113e-10,
    8.156044145757719e-11,
    4.151918706928983e-11,
    2.0697049265226858e-11,
    1.3230979628441005e-11,
    8.152161561846051e-12,
    4.749586448902029e-12,
    3.1099216573239685e-12
  ],
  "rk": [
    1.0,
    0.0013226910438255814,
    0.00017700230770198764,
    6.11740760503823e-05,
    2.9098998717978572e-05,
    2.1314081807583432e-05,
    1.0990346473267102e-05,
    6.977576281705293e-06,
    4.088602016389496e-06,
    2.878653805349548e-06,
    2.262653487050981e-06,
    1.5268318450169611e-06,
    7.342237610326973e-07,
    3.6740473622076034e-07,
    2.237550565013433e-07,
    1.4126236878443467e-07,
    1.0613715088398407e-07,
    7.510439434235482e-08,
    4.0559655386708915e-08,
    2.8248796179166968e-08,
    1.888884736431554e-08,
    1.4322551577654609e-08,
    1.0235770039014372e-08,
    6.27559840424765e-09,
    3.995375267914349e-09,
    2.9560115951957765e-09,
    1.903441311964147e-09,
    1.1718410157151283e-09,
    6.315111326384197e-10,
    3.2181223917073727e-10,
    2.381982884201148e-10,
    1.801792160699587e-10,
    1.0698844412869293e-10,
    7.026129342843589e-11,
    4.664376560680357e-11,
    3.2116964697239805e-11,
    2.219550978201557e-11,
    1.3475100409785819e-11,
    9.435454246153277e-12,
    4.430709365654488e-12,
    3.1670156207095013e-12,
    2.550353559187231e-12,
    1.981023265880994e-12,
    1.1284083508576624e-12,
    5.325998671184075e-13,
    3.6753412004321485e-13,
    2.2390734652432983e-13,
    1.4252776426960928e-13,
    9.625336574045636e-14,
    6.404787456568004e-14,
    4.535500372757817e-14,
    3.2169013268257286e-14,
    1.9499388479696114e-14,
    1.2536623416380842e-14,
    6.718983647959234e-15,
    4.474135282571508e-15,
    2.803947164598135e-15,
    1.5682493114813119e-15,
    9.164569754322737e-16
  ],
  "exit_code": 0,
  "iters": 58,
  "mtx": "orsirr_1",
  "method": "max-st_alt-o_m4",
  "x_id": "sine"
}