{
  "fre": [
    0.2163299285999783,
    0.13139275340030554,
    0.09839840471068662,
    0.0784669848414404,
    0.065534786063139,
    0.055030047735114704,
    0.042492660306104386,
    0.02522595691894285,
    0.017403968185655146,
    0.011485168901096675,
    0.0076715448411393775,
    0.004835085298053757,
    0.0029719447819560097,
    0.00192778476989501,
    0.001484724086307065,
    0.0011158999714314282,
    0.0008008635602501025,
    0.0004936279067307932,
    0.0003018260357556646,
    0.00019723563185260705,
    0.00017770787966160385,
    0.00013490482556527666,
    9.41546680474197e-05,
    5.9853275506848906e-05,
    4.1995485709685396e-05,
    2.8179211274932396e-05,
    2.114058696163417e-05,
    9.476498174758843e-06,
    4.782816620085717e-06,
    2.8313639335636204e-06,
    1.929677552508789e-06,
    1.329818017643338e-06,
    9.10577889739302e-07,
    5.591186475341369e-07,
    3.516707314134211e-07,
    1.8323441001269566e-07,
    1.0269729612558898e-07,
    6.807402858733553e-08,
    3.1387996136370447e-08,
    1.5546374968840953e-08,
    1.2975431617556044e-08,
    9.658485534780404e-09,
    7.121174880018691e-09,
    4.103952172660846e-09,
    3.101880793236955e-09,
    2.364946835941098e-09,
    1.591543863949052e-09,
    1.2041777336759558e-09,
    6.637680544818269e-10,
    4.2923719573854767e-10,
    1.600680614547308e-10,
    1.290172344556141e-10,
    9.038945622760746e-11,
    6.495677439102843e-11,
    5.2073257834616844e-11,
    3.6716074693574244e-11,
    2.3521220186463984e-11,
    1.4468632662268573e-11,
    9.350064529155757e-12,
    4.400709053562971e-12,
    4.031068925402676e-12,
    3.1956033246203335e-12
  ],
  "rk": [
    1.0,
    0.0010140315761570987,
    0.0003701347728516278,
    0.00017315615094663184,
    6.490720209489126e-05,
    2.9684099330485737e-05,
    2.056608594833347e-05,
    1.5364001107893593e-05,
    9.271978208014399e-06,
    6.297163335309194e-06,
    4.004779472207507e-06,
    2.627461161547328e-06,
    1.7554120367407286e-06,
    1.097965871133616e-06,
    6.169774189042054e-07,
    4.060726582809546e-07,
    2.9176180711015966e-07,
    2.0734580030066078e-07,
    1.3793043212159888e-07,
    8.899777236084028e-08,
    5.83921604811751e-08,
    4.5845499970204106e-08,
    3.4047115275420685e-08,
    2.604286520112481e-08,
    1.6761046086058146e-08,
    1.1891593416776607e-08,
    7.413615620683191e-09,
    5.93414424249699e-09,
    3.175863623154203e-09,
    1.8216989785707165e-09,
    1.1080182094272555e-09,
    7.350276131653328e-10,
    5.068380604921773e-10,
    3.3545329096051555e-10,
    2.1604443061802362e-10,
    1.4615782010478726e-10,
    8.365929778030302e-11,
    4.781158325765527e-11,
    3.281870655323409e-11,
    1.7742596951275936e-11,
    7.55529291705821e-12,
    5.372462961294861e-12,
    3.4100858890186573e-12,
    2.5905945275253856e-12,
    1.3861560341044508e-12,
    9.688803044127006e-13,
    7.049223256047694e-13,
    4.697691653036532e-13,
    3.5518559066564005e-13,
    2.2997501326573725e-13,
    1.651820121181004e-13,
    6.480296990740359e-14,
    4.601802090622486e-14,
    2.82665065681027e-14,
    1.8102248776288285e-14,
    1.282625032866152e-14,
    9.033575394643092e-15,
    6.064073392987936e-15,
    3.897749347656541e-15,
    2.8803103881271906e-15,
    1.544865041588684e-15,
    1.2268535429565209e-15,
    8.592059708684423e-16
  ],
  "exit_code": 0,
  "iters": 62,
  "mtx": "orsirr_1",
  "method": "max-lf_alt-o_m4",
  "x_id": "randn"
}