{
  "fre": [
    0.7512732572331937,
    0.5479487681213249,
    0.31242125038974244,
    0.19190844261801557,
    0.08575654512639382,
    0.045164514923343044,
    0.029212681395015615,
    0.00955996346713454,
    0.003268603629813524,
    0.0018670905758879414,
    0.0010037026651617254,
    0.0005017391352102895,
    0.00026057019094832855,
    0.0001710359457207337,
    8.6546410232739e-05,
    4.143000434300583e-05,
    1.963994107169166e-05,
    8.685814483937894e-06,
    2.828585869190766e-06,
    9.888887620725374e-07,
    6.418638534690717e-07,
    2.902847505473017e-07,
    1.373375117481232e-07,
    7.52264457368016e-08,
    4.665395256699406e-08,
    2.6933807982821086e-08,
    1.62272296931427e-08,
    9.058005013864808e-09,
    4.463270089463454e-09,
    1.7775876620754662e-09,
    8.598311589040336e-10,
    4.958740299964134e-10,
    3.30393688960607e-10,
    2.2799028964811365e-10,
    1.467032239073218e-10,
    7.089905049576871e-11,
    2.55883723306144e-11,
    9.269999454284058e-12,
    5.972621613564212e-12,
    2.7026377107492235e-12,
    2.0200064335856484e-12,
    1.1894969726674864e-12,
    4.522688218703004e-13,
    2.427353162414429e-13,
    1.6778355771466297e-13,
    1.0778740423986198e-13,
    7.806817505428268e-14,
    5.558855063407641e-14,
    4.085141672816048e-14,
    3.575805561505414e-14,
    3.549084686978145e-14,
    3.5721193761095966e-14,
    3.5797933725420884e-14,
    2.5969358389846007e-14,
    2.3698746013157958e-14,
    2.3404760938787263e-14,
    2.622565975668042e-14,
    2.6593826058099384e-14,
    2.678210008412502e-14,
    2.6914087679881347e-14
  ],
  "rk": [
    1.0,
    0.707949738470156,
    0.45436771126459613,
    0.31172841423465153,
    0.17364052234231625,
    0.08790007549396191,
    0.05110443625947729,
    0.033913108277624754,
    0.014388530402904987,
    0.005082482681098929,
    0.0027160378161529414,
    0.0013170548293668651,
    0.0006943265439324147,
    0.0002999421489151981,
    0.0001881627352175367,
    9.858006996193907e-05,
    5.4251067198140355e-05,
    2.9368437731572598e-05,
    1.4825445499713001e-05,
    5.5423116863531404e-06,
    1.9910059317415376e-06,
    1.1933676997870345e-06,
    5.363786805162773e-07,
    2.274064282610646e-07,
    1.0864895087118767e-07,
    6.258561573209544e-08,
    3.151422420700232e-08,
    1.8307860990139242e-08,
    1.0810140828857106e-08,
    5.683832819763024e-09,
    2.6979656054115593e-09,
    1.2418062899353005e-09,
    5.853930841758291e-10,
    3.2150355918469735e-10,
    2.0341714238295857e-10,
    1.2875915448179726e-10,
    7.135916766184465e-11,
    3.2775558572440646e-11,
    1.428578416681918e-11,
    8.311666444708617e-12,
    4.243313749076569e-12,
    2.7371484899293417e-12,
    1.7874524173037642e-12,
    7.715779639033704e-13,
    3.0635477686773887e-13,
    1.7788142570897697e-13,
    9.215172915866506e-14,
    5.821577635253148e-14,
    3.675725246770296e-14,
    2.2838108843187178e-14,
    1.0447038592979127e-14,
    4.393305500148943e-15,
    1.9287625172701927e-15,
    4.556018165533398e-13,
    5.424913177158594e-14,
    2.596046470387038e-14,
    1.6958328926690328e-14,
    7.386338624992447e-15,
    2.616022914011031e-15,
    1.2269689913697576e-15,
    3.4434912895885364e-13
  ],
  "exit_code": -1,
  "iters": 60,
  "mtx": "orsirr_1",
  "method": "max-st_alt-o-repeat_m2",
  "x_id": "ones"
}