{
  "fre": [
    0.2897870878672043,
    0.20251626928289249,
    0.13912617746435513,
    0.10023286369035928,
    0.08227523490317032,
    0.06254600149440191,
    0.045893124884715204,
    0.0340037651186805,
    0.02525938459875055,
    0.017806776467733692,
    0.01149030863653501,
    0.0061110365416591735,
    0.002260617448741307,
    0.0013247403113809167,
    0.0008553311561092842,
    0.0004891117313688328,
    0.0002653692702744899,
    0.00014425258129345764,
    7.691667562580198e-05,
    4.7147731037355394e-05,
    3.8907439806226396e-05,
    2.810587663010237e-05,
    1.55736590117577e-05,
    8.32269236527173e-06,
    5.682748278990766e-06,
    3.7787141783503886e-06,
    2.4938977192205892e-06,
    1.579981422194654e-06,
    1.2023627592813941e-06,
    9.567998088394118e-07,
    6.636949141281292e-07,
    4.5091903488160746e-07,
    2.4274094953821894e-07,
    1.518305677760419e-07,
    9.585389006767577e-08,
    6.078088521685468e-08,
    3.18954366881244e-08,
    1.782969417923782e-08,
    1.231115566003192e-08,
    9.788227004234247e-09,
    8.597146909495082e-09,
    5.873857726015577e-09,
    3.4322650875806456e-09,
    2.1544125531498965e-09,
    1.4510900600476814e-09,
    9.250017823985906e-10,
    4.900000756342398e-10,
    2.8358958663301295e-10,
    1.9907003723386604e-10,
    1.5714882591839745e-10,
    1.1500254464856736e-10,
    7.621300720654227e-11,
    5.03519824716837e-11,
    3.302980922123207e-11,
    2.2133895619923594e-11,
    1.3491151706030099e-11,
    6.45770395299561e-12,
    3.16282007793282e-12,
    2.0206925017228167e-12,
    1.1615183123995112e-12
  ],
  "rk": [
    1.0,
    0.0015313404471726324,
    0.00022750583696678865,
    0.00011170827084037561,
    5.4656731166421184e-05,
    3.300518131860431e-05,
    2.307950567929348e-05,
    1.5107364096263626e-05,
    9.658382626170907e-06,
    6.988557715449026e-06,
    5.021871664439711e-06,
    3.6068880129486103e-06,
    2.3849700333816964e-06,
    1.1549921422827466e-06,
    6.362157952121128e-07,
    4.024397437604747e-07,
    2.5243679865602043e-07,
    1.5659015748047464e-07,
    9.069285748326398e-08,
    4.208380517937506e-08,
    2.4238447045170105e-08,
    1.8144096180152798e-08,
    1.3872669979278522e-08,
    9.270305351904314e-09,
    3.8846626866496e-09,
    2.382918584786131e-09,
    1.5961196041736553e-09,
    1.0293080907571728e-09,
    6.289331761438898e-10,
    3.691964342439472e-10,
    2.688792575148909e-10,
    1.8598865803381022e-10,
    1.3837895651915554e-10,
    8.932853230554445e-11,
    5.818942713299306e-11,
    3.7088811621606834e-11,
    2.4021451881021775e-11,
    1.4640191219251787e-11,
    8.679408411996496e-12,
    4.670078696578204e-12,
    3.27184317414383e-12,
    2.6666862302411667e-12,
    1.9608618260005586e-12,
    1.2286883678056547e-12,
    7.440148134621069e-13,
    5.044410011595489e-13,
    3.3651793856246224e-13,
    2.1321521565276678e-13,
    1.2905438677506775e-13,
    7.416461206323448e-14,
    4.967064656912365e-14,
    3.524392073199201e-14,
    2.414525626793714e-14,
    1.6576381835133188e-14,
    1.0523439202930637e-14,
    7.139368728657883e-15,
    4.887193765843216e-15,
    3.0681346372976804e-15,
    1.790907002603492e-15,
    1.093593716878349e-15,
    6.842757887760587e-16
  ],
  "exit_code": 0,
  "iters": 60,
  "mtx": "orsirr_1",
  "method": "max-st_alt-o_m3",
  "x_id": "randn"
}