{
  "fre": [
    0.21424673089170895,
    0.0739466985244428,
    0.057116101572271157,
    0.049186816089758716,
    0.037771606454572185,
    0.028807205028781705,
    0.021837027469598928,
    0.017120626839437922,
    0.011328421321359243,
    0.007707200095507534,
    0.004090652078764743,
    0.002821618013173202,
    0.002145887895183978,
    0.00188320798986467,
    0.0015190619740054515,
    0.0010209989516029904,
    0.000680820434957993,
    0.0004916769833355763,
    0.0003720197325521926,
    0.00030194767891625357,
    0.0002858883136702369,
    0.0002448896810641266,
    0.00017276002455680157,
    0.00012334888989941686,
    8.243000227323059e-05,
    5.7491440562498676e-05,
    4.166365054437622e-05,
    2.95647533456494e-05,
    1.7517955984428933e-05,
    1.1135663119040651e-05,
    6.671451485623494e-06,
    4.01719324761092e-06,
    2.977964706540971e-06,
    2.2784873731746393e-06,
    1.4580655055670045e-06,
    1.0512338039054173e-06,
    7.073970218946124e-07,
    4.7676354705991857e-07,
    3.495681169903963e-07,
    2.532221584524314e-07,
    2.3137432192453227e-07,
    1.7855048313036986e-07,
    1.2529868144988916e-07,
    9.051388318278935e-08,
    7.04786448289908e-08,
    4.823053996757619e-08,
    3.46185566376281e-08,
    2.5022783599393686e-08,
    1.6176787552168226e-08,
    1.0106429849450468e-08,
    6.211547043535126e-09,
    4.467734013693998e-09,
    3.2360771938144643e-09,
    2.5663345357826607e-09,
    1.9099462623173137e-09,
    1.2421412331443541e-09,
    1.0175861557649718e-09,
    8.299642618617393e-10,
    7.011973457998427e-10,
    5.25675301726537e-10,
    4.933823284654583e-10,
    4.060512904986341e-10,
    2.904574741232128e-10,
    1.8275315642076677e-10,
    1.152282259644675e-10,
    8.424938106491245e-11,
    6.11458516848699e-11,
    3.9750429460514596e-11,
    1.964994415410188e-11,
    1.3675941761164497e-11,
    9.524671715262229e-12,
    6.668426162583178e-12,
    5.38364136692554e-12,
    4.208219489859907e-12,
    3.06053759809026e-12
  ],
  "rk": [
    1.0,
    0.0020192762390893932,
    0.0004214009989857896,
    3.543803170023279e-05,
    2.344117116142193e-05,
    1.4698893276455667e-05,
    1.0090337189842552e-05,
    6.916193816915713e-06,
    5.3560528751077245e-06,
    3.174988145767013e-06,
    2.0843828131031353e-06,
    1.1916993414502357e-06,
    8.169838685071155e-07,
    4.94790379308186e-07,
    4.0131458522826415e-07,
    3.3514470985235396e-07,
    2.3166511210575456e-07,
    1.6010078825458797e-07,
    1.1391999422517488e-07,
    7.678937383962864e-08,
    5.8881353051429934e-08,
    5.258234198736161e-08,
    4.5853027691560294e-08,
    3.487604154104367e-08,
    2.5413643624290192e-08,
    1.7796684088828103e-08,
    1.2357931600034914e-08,
    9.01949306728011e-09,
    7.085217291704309e-09,
    4.763951168588503e-09,
    3.4172622168489537e-09,
    2.252396354367237e-09,
    1.328674271549024e-09,
    8.953670876725472e-10,
    6.883243305196027e-10,
    4.707761959114497e-10,
    3.1579333434953553e-10,
    2.2316623544500034e-10,
    1.3412164871829166e-10,
    9.538961427779892e-11,
    7.381416189923734e-11,
    6.224505214631306e-11,
    4.706808873638716e-11,
    3.265113733865386e-11,
    2.3039955069690107e-11,
    1.7384025775505156e-11,
    1.1960954513900437e-11,
    8.479409989484552e-12,
    6.642888715139092e-12,
    4.550690003641407e-12,
    3.198007383783466e-12,
    1.901306193578338e-12,
    1.231417219975377e-12,
    8.571692598491035e-13,
    6.201530687559368e-13,
    4.736162000089469e-13,
    2.8294138037478035e-13,
    1.9729191159454962e-13,
    1.4965361042329685e-13,
    1.282749846917692e-13,
    1.0494979600135217e-13,
    9.014302955596937e-14,
    7.18791453254676e-14,
    5.443372573744186e-14,
    3.921009603935428e-14,
    2.758052738169327e-14,
    2.0828528902776662e-14,
    1.5251587053925995e-14,
    1.1328112857894412e-14,
    6.380096069283266e-15,
    4.467888243853429e-15,
    3.1181266793073106e-15,
    1.9297483986092963e-15,
    1.3992519524116013e-15,
    1.0330828787990254e-15,
    7.41516161831559e-16
  ],
  "exit_code": 0,
  "iters": 75,
  "mtx": "orsirr_1",
  "method": "max-st_add_m2",
  "x_id": "sine"
}