{
  "fre": [
    0.19243184809324507,
    0.05906473763531568,
    0.037798499356160545,
    0.030874470103526272,
    0.023738951655764888,
    0.017774630404991422,
    0.012851179559732102,
    0.0107735224538982,
    0.009122915772604767,
    0.008312596305533507,
    0.007021957412756444,
    0.005694400538160989,
    0.004100274830328799,
    0.0024859282866218128,
    0.0017890947674089393,
    0.001379111322610646,
    0.0008975213307634595,
    0.0005506040976342382,
    0.0002738369619769036,
    0.00014553094601421453,
    0.00012966149064988058,
    0.00010377129313058737,
    7.822649782736647e-05,
    6.166429528564985e-05,
    4.854144135540673e-05,
    3.5700111662227506e-05,
    2.936517487610405e-05,
    2.4230044561651247e-05,
    1.7955792906338853e-05,
    1.3700901879346857e-05,
    1.102986809318891e-05,
    9.123833793861825e-06,
    6.827275442715035e-06,
    4.3978369106629396e-06,
    2.5027597381384503e-06,
    1.2498645841033335e-06,
    7.578002286232305e-07,
    5.921674795575276e-07,
    4.5279705565721264e-07,
    3.426458706570647e-07,
    3.142497967365326e-07,
    2.576369002945313e-07,
    1.9679213940578792e-07,
    1.2657859667160771e-07,
    9.005167430144108e-08,
    6.039691401814363e-08,
    4.833591993443258e-08,
    3.865695629799612e-08,
    2.8507844405017972e-08,
    2.1125940034923814e-08,
    1.6412714983078424e-08,
    1.1834889718486052e-08,
    9.054250878805122e-09,
    6.805886117817818e-09,
    4.548639698334099e-09,
    3.0460066831919593e-09,
    2.1494792950923652e-09,
    1.6214336127689522e-09,
    1.3062310250852762e-09,
    9.67293524853583e-10,
    9.190727478984324e-10,
    8.015985928635473e-10,
    6.308165396301694e-10,
    4.438036391225126e-10,
    3.101958553066636e-10,
    2.32687902573703e-10,
    1.6605639381718238e-10,
    1.1900741762794448e-10,
    7.92878582649256e-11,
    5.521270823758575e-11,
    3.992288115431793e-11,
    2.9344260248277145e-11,
    2.256595592455871e-11,
    1.692846712023673e-11,
    1.1314560059378553e-11,
    9.21127918636549e-12,
    6.940296149033682e-12,
    5.199428624103112e-12
  ],
  "rk": [
    1.0,
    0.0020309081440491794,
    0.00043915970365288905,
    4.491398966598368e-05,
    2.2701888166587434e-05,
    1.254871048683658e-05,
    8.660924910971615e-06,
    4.608292204646259e-06,
    2.6747778481902867e-06,
    1.5280651945757069e-06,
    1.2540339138537392e-06,
    1.0534013424401335e-06,
    9.009674362394942e-07,
    7.031836996942406e-07,
    4.782303586892506e-07,
    3.3226444863765395e-07,
    2.692071379560149e-07,
    1.922120430754125e-07,
    1.417962410285845e-07,
    8.831297647912728e-08,
    5.2712124534262996e-08,
    3.869662211997222e-08,
    2.810096277433034e-08,
    2.0032953456629106e-08,
    1.518853818630453e-08,
    1.1367669616367875e-08,
    7.498945746057581e-09,
    5.395683745739787e-09,
    4.225978533579595e-09,
    3.0011948552771467e-09,
    2.284970228968133e-09,
    1.8097980364514463e-09,
    1.5109045063023848e-09,
    1.2033062151310139e-09,
    8.519734142231997e-10,
    6.079770154205492e-10,
    3.5540928764738383e-10,
    2.170396232995134e-10,
    1.5663300174023168e-10,
    1.155588951070611e-10,
    8.43269627734314e-11,
    6.987285465928397e-11,
    5.67828734662011e-11,
    4.58270324592509e-11,
    3.14854324290954e-11,
    2.2646962171828947e-11,
    1.463863828224792e-11,
    1.048847480874272e-11,
    7.657839352528828e-12,
    5.672843874172322e-12,
    3.998355016373491e-12,
    3.031723426976191e-12,
    2.2070489063886448e-12,
    1.747052440192153e-12,
    1.4129580212412127e-12,
    1.0076610119932513e-12,
    6.938379953658018e-13,
    4.647605964416857e-13,
    3.2675025705855167e-13,
    2.58221373561641e-13,
    1.8829997207671683e-13,
    1.6386634558772037e-13,
    1.383953859331671e-13,
    1.125811776356821e-13,
    8.225019040115602e-14,
    5.844646093441728e-14,
    4.388493938552587e-14,
    3.1563149081843493e-14,
    2.3597950719558356e-14,
    1.6650198138630673e-14,
    1.230631557341135e-14,
    8.51079921911812e-15,
    5.835747450134144e-15,
    4.3863932630990646e-15,
    3.3621009151350914e-15,
    2.34092887312084e-15,
    1.8236069762838773e-15,
    1.3437918381321704e-15,
    9.85622071394655e-16
  ],
  "exit_code": 0,
  "iters": 78,
  "mtx": "orsirr_1",
  "method": "ilu0",
  "x_id": "sine"
}