{
  "fre": [
    0.637042463865128,
    0.40966457789361904,
    0.2001108264607154,
    0.08043837477969464,
    0.039857546207290255,
    0.014238117328809351,
    0.0036925710882299676,
    0.0018112052210685762,
    0.0007296455883361017,
    0.0003348841783464096,
    0.00019806935332301436,
    8.00550503226253e-05,
    3.224852595232626e-05,
    1.1630827691141373e-05,
    2.6680986973577666e-06,
    8.492501091350996e-07,
    3.6893402206284337e-07,
    1.0195848655924147e-07,
    3.96995623585932e-08,
    1.6368281048026968e-08,
    9.44653764247308e-09,
    2.900680825579372e-09,
    1.1907091151019314e-09,
    6.120514450826049e-10,
    3.4384115111340137e-10,
    2.1539032830270543e-10,
    1.0383354753558517e-10,
    3.859749761083425e-11,
    1.6788662467470775e-11,
    6.4196199815012e-12,
    2.198262577112505e-12,
    8.28016684399225e-13,
    3.316703762067999e-13,
    1.1890990585344964e-13,
    6.473211142629163e-14,
    4.5444229328387335e-14,
    3.4172101902137426e-14,
    3.284052074453317e-14,
    3.312037631818871e-14,
    3.2751197762039374e-14,
    2.935152532249152e-14,
    3.4040249187809043e-14,
    3.7706946679159395e-14,
    4.157822406221822e-14,
    4.31673403805866e-14,
    4.3885858334016964e-14,
    4.42533774297494e-14
  ],
  "rk": [
    1.0,
    0.4693018315638821,
    0.31537254008514093,
    0.1600579456374669,
    0.0648932503708839,
    0.035804518743521085,
    0.016346058665502605,
    0.004875229832673602,
    0.0020092163852492282,
    0.0007887007290367732,
    0.0003230838143271344,
    0.00017341341098047426,
    7.863617127735211e-05,
    3.5897464734186835e-05,
    1.5632360874705632e-05,
    4.303014958750818e-06,
    1.3220495815841414e-06,
    5.749806777747613e-07,
    1.7909515488271572e-07,
    5.81955654334127e-08,
    2.466986079191892e-08,
    1.2978374723568133e-08,
    4.835609791659118e-09,
    1.4966861749031272e-09,
    6.561388852749771e-10,
    2.871582254749369e-10,
    1.5268049707144067e-10,
    8.346293121792499e-11,
    3.598861619572165e-11,
    1.685385472981368e-11,
    7.55842788126868e-12,
    3.0876317517088845e-12,
    1.1020801408319095e-12,
    4.1930551111822553e-13,
    1.4314352369261913e-13,
    5.668331762611708e-14,
    2.8048954953450378e-14,
    1.3080786736274675e-14,
    6.222527136369212e-15,
    2.81619002894986e-15,
    4.1549569142019687e-13,
    4.318066158121944e-14,
    2.428768729266471e-14,
    1.1620383325348836e-14,
    4.574240329887948e-15,
    2.5950295654775562e-15,
    1.4048696670890206e-15,
    3.468866756254313e-13
  ],
  "exit_code": -1,
  "iters": 47,
  "mtx": "orsirr_1",
  "method": "max-lf_alt-o-repeat_m4",
  "x_id": "ones"
}