{
  "fre": [
    0.6917301544324973,
    0.5621025406308267,
    0.3770489491724959,
    0.22917642430532142,
    0.1339899983098171,
    0.06571262352264572,
    0.043438523859775736,
    0.02551580493955427,
    0.009546462832852735,
    0.004547830454410707,
    0.0024728234573298926,
    0.0015638125235113661,
    0.0008822147654730489,
    0.00046778887184574774,
    0.0003136896739851984,
    0.00020815100810519109,
    0.00014430640738967345,
    7.367708303060395e-05,
    3.8244897463216876e-05,
    2.0381210086772445e-05,
    1.714031566332058e-05,
    1.0133518999923314e-05,
    5.4288801361746884e-06,
    3.6050106139558954e-06,
    2.335604432239448e-06,
    1.337893481498963e-06,
    7.282865458922884e-07,
    3.685843024162214e-07,
    2.2211649493701746e-07,
    1.0035238417972507e-07,
    4.204905513963536e-08,
    2.7696750694121778e-08,
    1.8297343480049976e-08,
    1.0495799193329113e-08,
    6.344979750445507e-09,
    3.856924120123139e-09,
    2.251334763729477e-09,
    1.7875285585509207e-09,
    1.2605681501728584e-09,
    7.310738424229867e-10,
    6.409032326568062e-10,
    4.345500890627002e-10,
    2.5385956145919095e-10,
    1.0487306512628211e-10,
    5.478942996634581e-11,
    3.10851624676312e-11,
    1.7695524856651557e-11,
    1.0393713945158482e-11,
    4.793243178768041e-12,
    2.8588868289150284e-12,
    1.4370891963474528e-12,
    8.361696115285803e-13,
    4.858854000484333e-13,
    3.048965141932007e-13,
    2.193846823276887e-13,
    1.580118819257391e-13,
    8.057397193115675e-14,
    5.022456841483678e-14,
    4.125509355989512e-14,
    3.968767376810468e-14,
    3.2831445491978634e-14,
    3.2674710438645367e-14,
    3.360177895263323e-14,
    3.3300360788123004e-14,
    3.449850085860655e-14,
    3.593920101010521e-14,
    3.680198415475381e-14,
    3.6990127047821327e-14,
    3.7349024026885237e-14,
    3.759506064860642e-14
  ],
  "rk": [
    1.0,
    0.49757264763552084,
    0.41688782126625673,
    0.29098203018056945,
    0.17657740333037905,
    0.11424369904057374,
    0.05717556244543,
    0.03769897612952569,
    0.026186147716612276,
    0.013049811170866172,
    0.006157674047278247,
    0.002994128755989753,
    0.0017407584236072949,
    0.0009861848162982362,
    0.0005205998820005327,
    0.0002966789888082433,
    0.00018285082554492975,
    0.00013292910336326248,
    7.468632619299884e-05,
    4.1351926324088755e-05,
    2.393713397488019e-05,
    1.7983392536656975e-05,
    1.1803749442742628e-05,
    5.8761156946862965e-06,
    3.575533904033012e-06,
    2.1920701786433e-06,
    1.3708667224282214e-06,
    7.748315353584079e-07,
    3.9831679820211605e-07,
    2.592503729167933e-07,
    1.4912717267140318e-07,
    5.809709144737997e-08,
    3.29045449424188e-08,
    2.1856565018251342e-08,
    1.2753483539371956e-08,
    6.873278871969363e-09,
    4.157970146946233e-09,
    1.8894269604802084e-09,
    1.2039930273110343e-09,
    9.257922731048671e-10,
    5.632605402414738e-10,
    4.5324251991785273e-10,
    2.989838832906927e-10,
    1.9084222746248018e-10,
    1.0917155963906625e-10,
    6.286883992189965e-11,
    3.651886669460842e-11,
    1.9384214160258642e-11,
    1.2470668330619618e-11,
    6.926548897103556e-12,
    3.804951168046964e-12,
    1.895770572649645e-12,
    1.0658298424455956e-12,
    5.137801678982441e-13,
    2.9271014460646616e-13,
    1.8228320674815528e-13,
    1.365549172945723e-13,
    7.784999514016513e-14,
    3.814653072774035e-14,
    1.897704923342788e-14,
    4.537503569649919e-13,
    4.6313734786684725e-14,
    3.080754319686937e-14,
    2.025683165419333e-14,
    1.5595678077081278e-14,
    7.809512446508647e-15,
    4.8102762637644904e-15,
    2.573077118031677e-15,
    1.967688157327525e-15,
    1.3114840781486563e-15,
    3.320426461818363e-13
  ],
  "exit_code": -1,
  "iters": 70,
  "mtx": "orsirr_1",
  "method": "max-lf_alt-o-repeat_m3",
  "x_id": "ones"
}