{
  "fre": [
    0.22253311947382234,
    0.13245599646598843,
    0.10098052590345578,
    0.0841349559256154,
    0.07450266648753126,
    0.06749875614915794,
    0.05336119818446705,
    0.03603564788132936,
    0.020911979941515155,
    0.01377958730874543,
    0.009792954639227499,
    0.006710679959893597,
    0.004203860703914234,
    0.0017843520818532808,
    0.0010918499960250625,
    0.0006640670312739977,
    0.0005056188134822764,
    0.00035737363827362294,
    0.00026607838287219087,
    0.0001223053033258417,
    0.00011030341805741357,
    8.651782544895527e-05,
    7.183319157203946e-05,
    4.086216660579165e-05,
    2.7508399911028065e-05,
    1.7126877017948493e-05,
    1.0495269056159194e-05,
    6.998160378996814e-06,
    5.457833972610791e-06,
    3.776886458634674e-06,
    2.5160882437090095e-06,
    1.6317909433934647e-06,
    1.1551422010291731e-06,
    7.277229304408217e-07,
    5.031082784036806e-07,
    2.582772907279949e-07,
    1.3365067814371995e-07,
    6.804771571887923e-08,
    4.539644147626005e-08,
    2.711672840492276e-08,
    2.451548294458612e-08,
    1.959782584052388e-08,
    1.6952663378537997e-08,
    9.423630929067579e-09,
    6.253211116207053e-09,
    4.11705302449821e-09,
    2.2499486985980315e-09,
    1.2605238725547175e-09,
    8.061123030066804e-10,
    6.256715340838264e-10,
    4.770783840855646e-10,
    3.611444464904983e-10,
    2.2918954643288033e-10,
    1.3954092740576574e-10,
    7.262996068472765e-11,
    3.64075763199142e-11,
    2.508348220785755e-11,
    1.351219447480693e-11,
    7.40091622691217e-12,
    4.024953795376153e-12,
    3.4391838116359465e-12,
    2.5113972576532523e-12
  ],
  "rk": [
    1.0,
    0.001055741886332797,
    0.0003996978326316393,
    0.00015947179990179354,
    5.4365664822831666e-05,
    1.8471509501142905e-05,
    1.2538381952462145e-05,
    9.128546201326206e-06,
    6.62324643923227e-06,
    4.165141930311132e-06,
    2.712720954618653e-06,
    1.8299438588176467e-06,
    1.2890696539759994e-06,
    8.82756093586566e-07,
    5.110944808053387e-07,
    3.2042709506174506e-07,
    1.7963545067664682e-07,
    1.1383934127567898e-07,
    8.083938705088914e-08,
    6.265359102152893e-08,
    3.657386069292845e-08,
    2.7569667622621608e-08,
    1.902078773695211e-08,
    1.6375317514637576e-08,
    9.686290536423176e-09,
    7.085678084570486e-09,
    4.5880673247650135e-09,
    2.7372922040762216e-09,
    1.5421941152041964e-09,
    1.10699391320811e-09,
    7.485599068742154e-10,
    5.207590792115874e-10,
    3.3396949038034663e-10,
    2.412315295734141e-10,
    1.4932061220526931e-10,
    1.0813919477948136e-10,
    6.349823361511594e-11,
    3.7644551851438565e-11,
    2.1760689634579777e-11,
    1.4544298778204551e-11,
    7.482984741950266e-12,
    5.7654923650929916e-12,
    3.906704978074424e-12,
    3.427244714578725e-12,
    1.999657754411259e-12,
    1.3675871587126344e-12,
    9.309144853545678e-13,
    5.965782523102133e-13,
    3.495181862484074e-13,
    2.065834108574778e-13,
    1.230990823069977e-13,
    8.707813365563038e-14,
    6.236828943601866e-14,
    4.357697713578838e-14,
    3.006959095519952e-14,
    1.804504362710877e-14,
    9.738146724392299e-15,
    6.570580887002666e-15,
    4.1252747350044334e-15,
    2.5161330962886607e-15,
    1.3581619179404327e-15,
    1.0145822843297234e-15,
    6.791248607446308e-16
  ],
  "exit_code": 0,
  "iters": 62,
  "mtx": "orsirr_1",
  "method": "max-lf_alt-o_m4",
  "x_id": "sine"
}