{
  "fre": [
    0.3309359532521811,
    0.23962418707603783,
    0.1842241056761462,
    0.13721619693738565,
    0.10581043937353624,
    0.08440073392840691,
    0.05387070541613683,
    0.031054044766098746,
    0.019242863066626308,
    0.014333581359303167,
    0.008283566675468642,
    0.0049086253822243605,
    0.0032807343485492095,
    0.0022933366122669554,
    0.0015230361954292795,
    0.0008516170687913633,
    0.0005643991813609133,
    0.00039357246427157585,
    0.0002870574847331934,
    0.00021375110203028784,
    0.00019493427902790656,
    0.00014171108814011414,
    8.862279983661683e-05,
    5.622118049444382e-05,
    2.9868305940408867e-05,
    1.7246263311462502e-05,
    9.545619454701539e-06,
    5.8004730119746234e-06,
    3.860937156624738e-06,
    3.021925346965042e-06,
    1.95870936264085e-06,
    1.229698864416088e-06,
    8.586476423407148e-07,
    4.936873306010133e-07,
    3.325072626643687e-07,
    2.0567934586446537e-07,
    1.0900173776482336e-07,
    5.4359162745699057e-08,
    3.3390283748414315e-08,
    2.3615087052550336e-08,
    2.0726017723878213e-08,
    1.3545537561925554e-08,
    5.850268828806701e-09,
    3.778482539375155e-09,
    2.402136748849758e-09,
    1.6203111816972733e-09,
    1.126238089186508e-09,
    6.756411436116524e-10,
    4.831966078624746e-10,
    3.4153513110780413e-10,
    2.0318567756765771e-10,
    1.214939775500832e-10,
    6.132289985091554e-11,
    2.9857301353426294e-11,
    1.875598896501438e-11,
    1.0849983433731361e-11,
    6.524399530838859e-12,
    4.2423663154129974e-12,
    3.3601350295176342e-12,
    3.0454811053968485e-12
  ],
  "rk": [
    1.0,
    0.001520281312887582,
    0.0002554049105249265,
    0.0001316422834258104,
    6.80899766122868e-05,
    3.770520067428483e-05,
    3.0045685781267454e-05,
    2.0518695341971626e-05,
    1.1793225389973446e-05,
    7.083025885411708e-06,
    5.083719384377214e-06,
    3.327777803918426e-06,
    1.9575747857437026e-06,
    1.2094158060185203e-06,
    8.141420657004631e-07,
    5.905392801138409e-07,
    3.4800938498570446e-07,
    1.989495258031778e-07,
    1.2448568619154074e-07,
    8.373000812933245e-08,
    6.238474405926308e-08,
    5.262496328124215e-08,
    3.898357849569116e-08,
    2.6618552833008554e-08,
    1.874302289867576e-08,
    1.1859039499143724e-08,
    7.325772629534838e-09,
    4.04184140219886e-09,
    2.491294850997202e-09,
    1.481047011287834e-09,
    1.0865819190211263e-09,
    6.863332889358092e-10,
    4.1975167644194284e-10,
    2.994197336783473e-10,
    1.8231814207293673e-10,
    1.2272214980037845e-10,
    7.686549453807305e-11,
    4.646192642404267e-11,
    2.737933342335807e-11,
    1.523369351577006e-11,
    9.923885526696935e-12,
    8.429265334754458e-12,
    6.450598979306695e-12,
    3.2304898732553063e-12,
    1.8071926555330689e-12,
    1.0584650712142864e-12,
    6.562480551670952e-13,
    4.5010069348681355e-13,
    2.6677929619622964e-13,
    1.6743484605514882e-13,
    1.2113322254367788e-13,
    8.084348105983283e-14,
    5.239383003048681e-14,
    3.166324004484815e-14,
    1.632376820195717e-14,
    9.77302252917687e-15,
    5.643147450708522e-15,
    3.391378867344855e-15,
    1.7781496363908884e-15,
    1.0087837220190782e-15,
    7.845576775054883e-16
  ],
  "exit_code": 0,
  "iters": 60,
  "mtx": "orsirr_1",
  "method": "max-st_alt-o_m4",
  "x_id": "randn"
}