{
  "fre": [
    0.20169472656862553,
    0.1002629760204972,
    0.05933365787547461,
    0.04131830086479818,
    0.03222163345747131,
    0.024889579723320423,
    0.01829685128246719,
    0.01202488001959343,
    0.006195253409035154,
    0.0031194085314911555,
    0.001909854496621278,
    0.0009488826043908186,
    0.0004357342639930609,
    0.00027432510928130597,
    0.0001580806247778201,
    8.336377254527606e-05,
    4.913383771906617e-05,
    3.38568176063974e-05,
    2.5404365494613832e-05,
    1.6319773065663287e-05,
    1.3954064113438829e-05,
    9.355089289799346e-06,
    4.442195135685307e-06,
    2.2175803299499617e-06,
    1.078648991336839e-06,
    5.269535099871842e-07,
    2.5338633594729265e-07,
    1.3832264170017097e-07,
    8.972003917245114e-08,
    5.601925663717382e-08,
    3.040444134758331e-08,
    1.8531290712535926e-08,
    1.0547739485859836e-08,
    5.989934637021938e-09,
    2.5088515002884116e-09,
    1.4266762869394198e-09,
    9.050493145766765e-10,
    5.329212874875217e-10,
    1.4465957925473693e-10,
    5.2160396281589793e-11,
    4.11118140441119e-11,
    2.567259122556167e-11,
    1.668556750924103e-11,
    9.76880016635658e-12,
    4.924819379382634e-12,
    3.4926717136820335e-12
  ],
  "rk": [
    1.0,
    0.0010563041258947943,
    0.000355921661355934,
    0.00013913381295634932,
    4.8347569207159816e-05,
    1.7480634941379637e-05,
    9.09940623260345e-06,
    5.194332092334356e-06,
    3.3363769062364584e-06,
    2.0240199055728235e-06,
    1.0011694919134893e-06,
    5.910451733671552e-07,
    3.3837446321770157e-07,
    1.5760988629686205e-07,
    9.3568651614177e-08,
    5.5745675918465784e-08,
    2.9575210500114933e-08,
    1.5549242828183083e-08,
    8.201960264258896e-09,
    5.517199588196583e-09,
    3.6306764995678894e-09,
    2.754056404834612e-09,
    1.9730801720499344e-09,
    1.1244215066859141e-09,
    6.715088457952068e-10,
    3.7993752862282306e-10,
    2.0028457981559672e-10,
    1.0682188274965416e-10,
    5.373294260290146e-11,
    2.964305790820984e-11,
    1.7501209472697076e-11,
    9.791753773651112e-12,
    5.572326819391033e-12,
    3.200284378944074e-12,
    1.9782540400315187e-12,
    9.825831702225877e-13,
    5.104448831532691e-13,
    2.9770070067177303e-13,
    1.8925875203134533e-13,
    8.596108949997215e-14,
    3.3129333110225256e-14,
    1.962869838941227e-14,
    9.61836785358749e-15,
    5.689587296705877e-15,
    3.4066265150960716e-15,
    1.5549187111939965e-15,
    9.821754589735205e-16
  ],
  "exit_code": 0,
  "iters": 46,
  "mtx": "orsirr_1",
  "method": "max-lf_alt-o-repeat_m2",
  "x_id": "randn"
}