{
  "fre": [
    0.26113786240583037,
    0.16065250054554966,
    0.12761754399550856,
    0.10063641857459786,
    0.07737756848084182,
    0.05987966867025489,
    0.04445927467152838,
    0.03454935852224704,
    0.025829975107630725,
    0.019274715049969415,
    0.015020743039207361,
    0.011547911007041394,
    0.009091811759089501,
    0.007247833749243514,
    0.005043520801048746,
    0.003571737222734184,
    0.0023749260790835135,
    0.001351590676970807,
    0.0009899072432792927,
    0.0006510838680992466,
    0.0006034406959328749,
    0.0005080080829503925,
    0.00036157700109865976,
    0.0002395630590387475,
    0.00018708449114585626,
    0.0001274218761070779,
    9.693913823998789e-05,
    7.321999068723791e-05,
    5.3981963558446055e-05,
    3.969445563602418e-05,
    2.8651788682774773e-05,
    1.815805368565261e-05,
    9.844166755846628e-06,
    6.226540138034335e-06,
    4.727487040271091e-06,
    3.227261702074509e-06,
    2.491693895780982e-06,
    1.927010277212665e-06,
    1.3232293346527784e-06,
    9.265056859976604e-07,
    8.505023448877836e-07,
    7.300481320059056e-07,
    5.958144024892431e-07,
    4.331216647796963e-07,
    2.942159233412684e-07,
    2.2418538186036395e-07,
    1.6600028921165153e-07,
    1.3393817852945094e-07,
    1.0719174875210973e-07,
    8.418809182966705e-08,
    6.470843607864062e-08,
    4.8499879802190754e-08,
    3.409877889357576e-08,
    2.010389273778585e-08,
    1.4741227373209207e-08,
    9.69861040057846e-09,
    7.251012905639694e-09,
    4.9202967846877535e-09,
    3.4363860511454288e-09,
    2.4684959785737762e-09,
    2.3132305335165247e-09,
    1.889245520074779e-09,
    1.4256988637153608e-09,
    1.0834042329803917e-09,
    8.427466175123995e-10,
    5.942314709348713e-10,
    4.664952223064494e-10,
    3.366490251202503e-10,
    2.547131308796673e-10,
    1.8491017114775019e-10,
    1.2648593192413327e-10,
    9.10987629202033e-11,
    6.077406227115728e-11,
    4.422932670522142e-11,
    3.2042469552853733e-11,
    2.4848774355358546e-11,
    2.0468917580420183e-11,
    1.5824136280558506e-11,
    1.2952745832275724e-11,
    9.023874791209266e-12,
    8.535373417515357e-12,
    7.424580162142804e-12,
    6.101770172984667e-12,
    4.703382119471257e-12,
    3.148912791179331e-12
  ],
  "rk": [
    1.0,
    0.0027674719069698986,
    0.0005970154362573021,
    0.00013741882741321853,
    7.556078437089898e-05,
    4.446354602155804e-05,
    3.082924286651201e-05,
    1.954386354997538e-05,
    1.4064624298255662e-05,
    1.0016085799576898e-05,
    6.874720623385936e-06,
    4.891316853960605e-06,
    3.542124039029552e-06,
    2.624161262399677e-06,
    2.1027739330328486e-06,
    1.5063900233592443e-06,
    1.120944557303659e-06,
    8.175726278081189e-07,
    5.065784442048631e-07,
    3.734444282730072e-07,
    2.497023687247494e-07,
    2.0421402273679543e-07,
    1.662798665940059e-07,
    1.2274155982202598e-07,
    8.119714336158649e-08,
    6.124988339330814e-08,
    4.225432414412018e-08,
    3.006658152877147e-08,
    2.2310662710620526e-08,
    1.6739925953038756e-08,
    1.2490405968432571e-08,
    9.207482485332749e-09,
    6.546858178163766e-09,
    4.151575766317195e-09,
    2.732471412038665e-09,
    1.984583258738783e-09,
    1.29040321652605e-09,
    9.577078935800727e-10,
    7.34350416866423e-10,
    4.996199401860268e-10,
    3.4010588557126137e-10,
    2.686177439552687e-10,
    2.202077012864948e-10,
    1.8209861733769498e-10,
    1.4129538698794583e-10,
    9.95006474752515e-11,
    7.266159715784896e-11,
    4.660616615940869e-11,
    3.388801828556029e-11,
    2.5707187153578103e-11,
    1.9711135010884858e-11,
    1.5721348818091007e-11,
    1.2413917290796685e-11,
    9.507542604663781e-12,
    5.901973368924516e-12,
    4.491351562004003e-12,
    3.1154767842324295e-12,
    2.4216621799746675e-12,
    1.74494996552996e-12,
    1.2129440291112195e-12,
    8.820037044810789e-13,
    7.279148445504716e-13,
    5.764381156610288e-13,
    4.275436900562408e-13,
    3.15246620324119e-13,
    2.4684885256202034e-13,
    1.6623809632179342e-13,
    1.2331151426915434e-13,
    8.973817422989265e-14,
    6.736406791373305e-14,
    5.1980619387999916e-14,
    3.737735232376588e-14,
    2.7399053872034204e-14,
    1.8303234496275444e-14,
    1.3034337944592577e-14,
    9.25479124918297e-15,
    6.677079422006271e-15,
    5.16846792989334e-15,
    3.788999006463326e-15,
    3.096965337041576e-15,
    2.3807638187372855e-15,
    1.9933896174867648e-15,
    1.6648902169098943e-15,
    1.3804382595611584e-15,
    1.129878985241929e-15,
    8.525074559263481e-16
  ],
  "exit_code": 0,
  "iters": 85,
  "mtx": "orsirr_1",
  "method": "ilu0",
  "x_id": "randn"
}