{
  "fre": [
    0.7621871413773217,
    0.6565720330526786,
    0.47664306627383407,
    0.3573447309878573,
    0.2050976973041552,
    0.11760676048442956,
    0.060227966642424066,
    0.03607553272196286,
    0.030554620449576776,
    0.01764714190789259,
    0.00812809462559392,
    0.004830976391563489,
    0.0034538195065632873,
    0.0022847383492034475,
    0.0011868286588508634,
    0.0005507149128337373,
    0.00036038956791355334,
    0.0002012889038085595,
    0.00011851934784507999,
    6.028209423697484e-05,
    5.251190559015449e-05,
    3.561684467247398e-05,
    2.7713644238507848e-05,
    1.7276112093061767e-05,
    1.3306680308750293e-05,
    9.596270742229413e-06,
    6.534876193563146e-06,
    4.227807408340923e-06,
    2.6155547292572155e-06,
    1.7490217488408719e-06,
    8.23869845889377e-07,
    5.97617505085344e-07,
    4.287007070840051e-07,
    2.3356280112634257e-07,
    1.6790216695973599e-07,
    1.4022456435276887e-07,
    9.771609963387377e-08,
    5.9276300586554603e-08,
    3.75976336509768e-08,
    1.9275155007706834e-08,
    1.740091672319595e-08,
    1.3656565981522959e-08,
    1.0808250342525516e-08,
    7.324990819205857e-09,
    5.5637469916910615e-09,
    3.4739282044373906e-09,
    2.1940373595919318e-09,
    1.3130868816044974e-09,
    7.715626831420111e-10,
    4.852942660802819e-10,
    2.562788449480974e-10,
    1.834264940317057e-10,
    1.4726707758133642e-10,
    7.67619735679857e-11,
    5.3988235941666404e-11,
    3.5997558064272506e-11,
    2.3337177953133236e-11,
    1.240215018072495e-11,
    5.736784084469169e-12,
    3.002716533085374e-12,
    2.530917472611063e-12,
    1.6711816110645475e-12,
    1.2833113051142706e-12,
    8.326900307693898e-13,
    6.619247807211103e-13,
    4.0605886457501113e-13,
    3.079605697174004e-13,
    2.0515592402888077e-13,
    1.321250064117445e-13,
    7.987770283110172e-14,
    5.779778033399882e-14,
    4.619361384998783e-14,
    4.1730525130687806e-14,
    3.846306710345184e-14,
    3.732297967602835e-14,
    3.720527489456177e-14,
    3.724655091588693e-14,
    3.7227573747880955e-14,
    3.728626287336514e-14,
    3.722841723297653e-14,
    2.35795534508721e-14,
    2.435374271818969e-14,
    2.7392764076007655e-14,
    2.8882517828188253e-14,
    2.962894679630993e-14,
    3.1278297837517313e-14,
    3.2384872930326886e-14,
    3.322134915081097e-14,
    3.375426481663306e-14,
    3.394391150821825e-14
  ],
  "rk": [
    1.0,
    0.6215000240779753,
    0.543129026049451,
    0.38193287129572195,
    0.3048841497939624,
    0.1812526531115986,
    0.12757780137380886,
    0.07300932112938832,
    0.03803527187398128,
    0.02790362445094632,
    0.018822056318057934,
    0.010378834453291835,
    0.006229664421202679,
    0.003953450743658608,
    0.0027245400490239604,
    0.0015859484953069747,
    0.000725955697226716,
    0.0004891746156380929,
    0.0002787239451757183,
    0.00017476503781505703,
    9.329903279288594e-05,
    7.535934050809677e-05,
    4.652406043017639e-05,
    3.668744182727671e-05,
    1.806378415456389e-05,
    1.2496108360672904e-05,
    8.961589912462989e-06,
    6.417513286698461e-06,
    4.413292238609523e-06,
    2.820307049346853e-06,
    1.9115297982254515e-06,
    1.0934756195733265e-06,
    6.262680886040583e-07,
    4.3639447852883644e-07,
    2.2398133099578075e-07,
    1.3115212483360473e-07,
    1.0813771227812695e-07,
    8.148486320642259e-08,
    5.2610707063009176e-08,
    3.4289637311274707e-08,
    1.924090168199108e-08,
    1.5648155112706524e-08,
    1.162986871626461e-08,
    9.375583830892056e-09,
    6.332449746689339e-09,
    4.53067810396149e-09,
    2.8749120201656084e-09,
    2.0582849778549837e-09,
    1.3831672521350446e-09,
    8.925842285310879e-10,
    5.432969555949918e-10,
    3.113834252012244e-10,
    1.8501570385465607e-10,
    1.428899197269957e-10,
    8.554371974230703e-11,
    5.838017971305246e-11,
    3.303537311003604e-11,
    2.2713118947477927e-11,
    1.56729942983961e-11,
    8.3535011535723e-12,
    5.301065620206334e-12,
    4.026937927654612e-12,
    2.334371844362385e-12,
    1.7497573548332065e-12,
    9.317260181535663e-13,
    7.072569095446876e-13,
    3.944728902418025e-13,
    2.96931606961399e-13,
    1.963119829584041e-13,
    1.3606076026981917e-13,
    7.898833146568195e-14,
    5.516965416614856e-14,
    3.165752756063296e-14,
    2.224761807148335e-14,
    1.3490613724980212e-14,
    8.237712818072606e-15,
    5.66074207812984e-15,
    3.850123211066741e-15,
    2.6230279466923397e-15,
    1.752381596780439e-15,
    3.8848735306943787e-13,
    4.716929865997934e-14,
    2.9135404992910586e-14,
    1.9566591240092862e-14,
    1.2519435355391264e-14,
    1.0742989586804899e-14,
    6.519753511463736e-15,
    4.134071222772979e-15,
    2.5165174407999438e-15,
    1.388589695744038e-15,
    3.2378874531127923e-13
  ],
  "exit_code": -1,
  "iters": 90,
  "mtx": "orsirr_1",
  "method": "max-lf_alt-o_m4",
  "x_id": "ones"
}