{
  "fre": [
    0.28655331329735345,
    0.059421107559353266,
    0.03765790238062366,
    0.03203340062496941,
    0.02620674611792963,
    0.019772364644030944,
    0.014053329911459618,
    0.01035503323899745,
    0.008579401551705267,
    0.007028768428665594,
    0.006128815365438929,
    0.004517272095106139,
    0.00312010466989662,
    0.002036792272289577,
    0.0012906563113124093,
    0.0009411141082977128,
    0.0007750583433526264,
    0.0006581546383956834,
    0.000581159954432188,
    0.0004982148315787956,
    0.0004771502679201187,
    0.00041802864959884415,
    0.00032665722847490165,
    0.00021988606124575082,
    0.00015099037547807153,
    0.00010281222327868027,
    7.238329335052006e-05,
    5.67961430833108e-05,
    4.6079205071018926e-05,
    3.6279193015567446e-05,
    2.4766047917445714e-05,
    1.746927399447554e-05,
    1.2967910620208157e-05,
    9.2008827331608e-06,
    7.17826488654618e-06,
    5.97024540241285e-06,
    4.8635392445513115e-06,
    4.127663799725678e-06,
    3.0960650811865172e-06,
    1.8101804374997811e-06,
    1.7406866401967737e-06,
    1.5312213553474892e-06,
    1.2614743996281741e-06,
    1.0099824589586257e-06,
    7.748234176100841e-07,
    5.633886700554634e-07,
    3.4281487601223056e-07,
    2.3140477470824816e-07,
    1.7429651802144763e-07,
    1.3561384947892478e-07,
    9.674595102105518e-08,
    7.716882460546489e-08,
    6.247903942641257e-08,
    4.4346949152605116e-08,
    3.061448921531094e-08,
    2.483204616819922e-08,
    2.1523711570855196e-08,
    1.846177043729992e-08,
    1.604523945925514e-08,
    1.3199665878502276e-08,
    1.277287363018485e-08,
    1.1276113092851221e-08,
    8.346314001367086e-09,
    6.3339058896190045e-09,
    4.309569622557738e-09,
    2.6430512738560203e-09,
    1.5980103478927787e-09,
    9.980925188913342e-10,
    7.284466250167277e-10,
    5.30139785598428e-10,
    4.261769510360903e-10,
    3.3305629540685796e-10,
    2.545612294706921e-10,
    2.1031110590032101e-10,
    1.7755278226911638e-10,
    1.4591037075087525e-10,
    1.1316328648129306e-10,
    8.469613742836587e-11,
    5.989718529277227e-11,
    3.5228402034773076e-11,
    3.352553947679945e-11,
    3.0113892839681397e-11,
    2.56321480505971e-11,
    2.0451693555115112e-11,
    1.6710059900261514e-11,
    1.3566096952700572e-11,
    8.17366958469682e-12,
    5.3136636918303175e-12,
    3.5451198177614205e-12
  ],
  "rk": [
    1.0,
    0.002401397652377253,
    0.0005891417042046218,
    5.12079059500357e-05,
    2.0238158667501987e-05,
    1.3284246301313387e-05,
    9.28931881929754e-06,
    5.720619062705309e-06,
    3.353984006710122e-06,
    2.2065976658282873e-06,
    1.624109901444142e-06,
    1.377270095393273e-06,
    1.104134092427708e-06,
    8.564506044352892e-07,
    6.010831942593599e-07,
    3.8434406928575356e-07,
    2.4191424314325404e-07,
    1.5116885319668872e-07,
    1.1266845651159023e-07,
    9.366958108123704e-08,
    8.14676983166653e-08,
    7.392048274136861e-08,
    6.349886585795269e-08,
    5.251355185793843e-08,
    3.8959225268841594e-08,
    2.848222792799808e-08,
    2.1408109468694158e-08,
    1.4567140724538056e-08,
    1.0587137728736516e-08,
    8.366954838205898e-09,
    6.793098362188055e-09,
    4.957869598129201e-09,
    3.590040463679892e-09,
    2.7054551360913182e-09,
    1.951649898793378e-09,
    1.4533922850841185e-09,
    1.0980105303600425e-09,
    8.647650001625882e-10,
    7.174745295715959e-10,
    5.911356719321323e-10,
    4.077437381608862e-10,
    3.464501323827401e-10,
    2.782586134838031e-10,
    2.2145822737407883e-10,
    1.8021026341926173e-10,
    1.462323959594126e-10,
    1.182674187343011e-10,
    8.048572363474346e-11,
    5.526467653596772e-11,
    3.9661018814047816e-11,
    3.008749393656332e-11,
    2.0385713143718687e-11,
    1.6103863341730207e-11,
    1.3295974704752639e-11,
    1.0036301851471248e-11,
    6.46879189509056e-12,
    4.445698422546813e-12,
    3.4272096292737067e-12,
    2.7236262411310224e-12,
    2.421473959413442e-12,
    2.043793416794236e-12,
    1.875551197821008e-12,
    1.600637944740876e-12,
    1.2357636883699239e-12,
    1.0169524880497678e-12,
    7.703185029328522e-13,
    5.913338507999031e-13,
    4.086914929916914e-13,
    2.765672707312234e-13,
    1.9507087952284072e-13,
    1.3073172578927328e-13,
    9.926124488420752e-14,
    7.158864153990993e-14,
    5.206615862782085e-14,
    3.965322613813532e-14,
    3.181364671244728e-14,
    2.6191760571708783e-14,
    2.0887749263896264e-14,
    1.693417724674899e-14,
    1.3368164508260721e-14,
    9.419938764278525e-15,
    7.421836190490723e-15,
    5.865154775726983e-15,
    4.800857281190411e-15,
    3.715705463198542e-15,
    3.00062351530027e-15,
    2.6040781434869086e-15,
    1.813230562438411e-15,
    1.2662648265104662e-15,
    8.91845327933112e-16
  ],
  "exit_code": 0,
  "iters": 89,
  "mtx": "orsirr_1",
  "method": "max-lf_add_m2",
  "x_id": "sine"
}