{
  "fre": [
    0.6888280394926537,
    0.45494862158888505,
    0.23036731406054198,
    0.10667978410487222,
    0.052712054353928985,
    0.02780423868006857,
    0.008927741534192547,
    0.0035387796526532437,
    0.0015686024631709789,
    0.0007674292837526647,
    0.00035900566491234423,
    0.00019564702784555973,
    0.00012245730765624908,
    4.832142030109848e-05,
    2.272393285505975e-05,
    8.132252123929238e-06,
    2.928106762449129e-06,
    8.355757844292998e-07,
    3.777271925147687e-07,
    1.606465558085573e-07,
    9.543794586536618e-08,
    3.7676957389892584e-08,
    1.3395416689473054e-08,
    6.536016649125422e-09,
    2.9608665093424815e-09,
    1.7129810614853519e-09,
    1.1198119585447888e-09,
    7.660307796908945e-10,
    4.08011533115492e-10,
    1.6334821040362562e-10,
    5.653432347851057e-11,
    1.8790556374467033e-11,
    7.292825162676584e-12,
    2.9950970229517073e-12,
    1.7222717340517473e-12,
    9.347158953439756e-13,
    5.272934864543851e-13,
    2.6371601388283316e-13,
    1.2700167907689917e-13,
    4.886851340596619e-14,
    3.532949042325279e-14,
    3.091912206947187e-14,
    2.969802538233741e-14,
    3.335726342363274e-14,
    3.64340485246348e-14,
    3.7399386477991314e-14,
    3.768270727732554e-14,
    3.784411016598439e-14
  ],
  "rk": [
    1.0,
    0.608475129409589,
    0.4090001816801028,
    0.21067711533687125,
    0.12202294031453698,
    0.054029966181017686,
    0.033350949815604415,
    0.014315699263791958,
    0.005177148229426286,
    0.002133840024435576,
    0.001060331247034407,
    0.0004680044467189867,
    0.00021773212681884662,
    0.0001387453443256175,
    6.057361318500064e-05,
    3.076494807440603e-05,
    1.3656410420142568e-05,
    5.820648619741948e-06,
    1.87834564891189e-06,
    7.322816075454745e-07,
    3.3693236336562403e-07,
    1.7897713007963023e-07,
    7.327921084663971e-08,
    2.696924529742299e-08,
    1.1989176305044537e-08,
    4.734592021395741e-09,
    2.1814129757204933e-09,
    9.96131445812197e-10,
    6.824788512247655e-10,
    3.980252492391616e-10,
    1.7921954417185734e-10,
    8.747693006975415e-11,
    3.7339398685543386e-11,
    1.2835704710644895e-11,
    4.9569226664325024e-12,
    2.282234412648668e-12,
    1.1194773333038186e-12,
    6.050086906126167e-13,
    2.977721763939957e-13,
    1.4141953552084796e-13,
    4.0165665718268387e-13,
    5.161466952138581e-14,
    3.6665865551535304e-14,
    2.2931712019608808e-14,
    1.0319490938273168e-14,
    4.875844827859581e-15,
    2.620465157211124e-15,
    1.4416393996443927e-15,
    3.632619674899175e-13
  ],
  "exit_code": -1,
  "iters": 48,
  "mtx": "orsirr_1",
  "method": "max-st_alt-o-repeat_m3",
  "x_id": "ones"
}