{
  "fre": [
    0.20999820774941746,
    0.1525836205039442,
    0.1253247597646752,
    0.09079423812475904,
    0.07189489429214134,
    0.05275696749962805,
    0.0397455509770165,
    0.028062578237191563,
    0.02120277440315466,
    0.016365498890667074,
    0.012293942586698504,
    0.008857715910816147,
    0.0060443542081483935,
    0.0034931109027824727,
    0.0015268249852001664,
    0.0010689947480907725,
    0.0008742796814646944,
    0.0006915307195726446,
    0.00048392815459783736,
    0.0003423666863978705,
    0.000320648542619994,
    0.00027062552226679424,
    0.00020878432802619198,
    0.00015222728845363528,
    9.180824697610218e-05,
    4.2101712801983774e-05,
    2.5039702809873868e-05,
    1.714666696152747e-05,
    1.2333269845545498e-05,
    9.03295879919693e-06,
    5.487068933274023e-06,
    3.7417922494659393e-06,
    2.8907835172608596e-06,
    2.142900051307852e-06,
    1.4758504792219296e-06,
    9.8763421487597e-07,
    6.59968238714135e-07,
    3.8533990775440483e-07,
    2.7712927386345565e-07,
    2.1145290488688553e-07,
    1.9237349124859515e-07,
    1.427829125089094e-07,
    8.101239599348693e-08,
    5.205585594001082e-08,
    3.936221794540866e-08,
    2.87540219926101e-08,
    2.076330911041017e-08,
    1.425696668961835e-08,
    8.209743815175321e-09,
    5.363578828916717e-09,
    3.936702619075651e-09,
    2.4815883968279065e-09,
    1.6756333829659112e-09,
    1.0390698241942092e-09,
    6.387822278903554e-10,
    4.751876011387411e-10,
    4.203931931907394e-10,
    3.389523422617134e-10,
    2.6682091904963273e-10,
    1.8616752737439507e-10,
    1.7472611222606175e-10,
    1.5338072843612338e-10,
    1.0742343257612216e-10,
    7.108303631850035e-11,
    4.154888357163016e-11,
    2.0925746163806766e-11,
    1.1646033321021268e-11,
    8.275714443964988e-12,
    5.435693335921958e-12,
    4.163129096759914e-12,
    2.678451021889007e-12,
    1.7423887507282739e-12
  ],
  "rk": [
    1.0,
    0.0017136967860898655,
    0.00035919935717054535,
    0.00011062258477762037,
    6.278245787302814e-05,
    4.0776267195652265e-05,
    2.495489786402551e-05,
    1.7187238018695377e-05,
    1.0967733204030844e-05,
    7.690636122105556e-06,
    5.498182420468202e-06,
    4.007103929774936e-06,
    2.9338338669993587e-06,
    2.158491919886881e-06,
    1.4810190935219023e-06,
    7.994534520858534e-07,
    4.517817650891588e-07,
    3.158094950769012e-07,
    2.4557525190017927e-07,
    1.6987334385590753e-07,
    1.0985939211033066e-07,
    9.032308669032154e-08,
    7.227965560097268e-08,
    5.607276268843042e-08,
    4.3922560956099405e-08,
    3.0080075971408284e-08,
    1.7040364727786556e-08,
    1.141875794646058e-08,
    7.654009428416523e-09,
    5.265843506674328e-09,
    3.6826751326790597e-09,
    2.2217704649421484e-09,
    1.3814602244658886e-09,
    1.0142197713394677e-09,
    7.480563654782695e-10,
    5.529047688243826e-10,
    3.9542912883805076e-10,
    2.5827882544751955e-10,
    1.5273862785169868e-10,
    1.0776809143738366e-10,
    8.598837166694517e-11,
    7.387052067609884e-11,
    5.7056582988349826e-11,
    3.449023944459448e-11,
    2.1488014157912465e-11,
    1.4995859459863495e-11,
    1.0508312349095285e-11,
    7.677955722284287e-12,
    5.629093687272629e-12,
    3.5208412399424693e-12,
    2.216733978760364e-12,
    1.585830069471217e-12,
    1.0727529441197628e-12,
    7.558215214277849e-13,
    4.84718616478394e-13,
    2.922695749679407e-13,
    1.6452235533040905e-13,
    1.185868165871548e-13,
    9.129241026335781e-14,
    7.341608582519426e-14,
    5.259664147012842e-14,
    4.4843569194100326e-14,
    3.952978402987525e-14,
    2.984280596663482e-14,
    2.2118250846799865e-14,
    1.4479642340354956e-14,
    8.5789616696399e-15,
    5.01752518380409e-15,
    3.634573518392351e-15,
    2.4364835144264996e-15,
    1.7328416604739063e-15,
    1.1097319643492383e-15,
    7.073889001802489e-16
  ],
  "exit_code": 0,
  "iters": 72,
  "mtx": "orsirr_1",
  "method": "max-st_alt-o_m2",
  "x_id": "randn"
}