{
  "fre": [
    0.7701580388813004,
    0.5997518949290187,
    0.46031987189531165,
    0.32601198934497905,
    0.19962762460584568,
    0.09677831940645237,
    0.07418098868361465,
    0.05103863039317547,
    0.017972972248852893,
    0.009863493709863272,
    0.006699620649291865,
    0.0037914974432731985,
    0.0025240953641197795,
    0.0014515383051474447,
    0.0006880794996044123,
    0.0004284153824381133,
    0.0003055677236550959,
    0.00024642614645214707,
    0.0001461966105462774,
    8.63380085100938e-05,
    7.534998663759816e-05,
    5.500816778252668e-05,
    3.266329752447466e-05,
    1.9701011814373854e-05,
    1.1163535651514094e-05,
    6.884104881299727e-06,
    4.1803760859857585e-06,
    2.1867959802413025e-06,
    1.1881264431752606e-06,
    7.041826027009604e-07,
    4.997733076183818e-07,
    3.475982946515557e-07,
    2.255730722314846e-07,
    1.6180831460242877e-07,
    1.2296730429541564e-07,
    9.154591145684985e-08,
    6.522616300843415e-08,
    3.48684275868485e-08,
    2.0832236350194992e-08,
    1.3627406571993179e-08,
    1.2440368754279728e-08,
    8.55589162903861e-09,
    4.727253531632791e-09,
    3.2339361216208424e-09,
    2.4797448412953355e-09,
    1.691733670077999e-09,
    1.1020204214752509e-09,
    6.309042212319254e-10,
    3.6369354167070333e-10,
    2.094597895350207e-10,
    1.1181077007183605e-10,
    5.140955770268336e-11,
    2.874753852726785e-11,
    1.681671414572443e-11,
    1.2459128557677486e-11,
    9.477350980807875e-12,
    5.698402307229217e-12,
    3.7950063367643375e-12,
    2.640159159525814e-12,
    1.845714647549115e-12,
    1.602664896121564e-12,
    1.1044673449496588e-12,
    6.301151516805377e-13,
    3.6014178091307267e-13,
    2.440382178734034e-13,
    1.5757470798984628e-13,
    9.244419122085157e-14,
    5.620271879301014e-14,
    4.6671115545969174e-14,
    4.299304476885319e-14,
    4.1804708082014417e-14,
    4.1217494275800335e-14,
    4.098404673536368e-14,
    4.096717323137168e-14,
    4.123519519519507e-14,
    4.16102835017439e-14,
    4.1760580121674953e-14,
    4.18687809758941e-14,
    3.096243674924385e-14,
    3.2994441517576066e-14,
    3.5371471142089366e-14,
    3.815291693672331e-14,
    4.0603712043861795e-14,
    4.2205460708469593e-14,
    4.265617847620631e-14,
    4.286000957066391e-14,
    4.294805679585843e-14,
    4.297132467348965e-14
  ],
  "rk": [
    1.0,
    0.7058923551173016,
    0.49988167634276437,
    0.43478495932434197,
    0.29699859676918744,
    0.18410404425338073,
    0.1020388721169921,
    0.07740900222790936,
    0.057886327379083474,
    0.028353381147777634,
    0.016044267625101773,
    0.009092372364686347,
    0.005319709399866544,
    0.0036795248156638437,
    0.001998065742016618,
    0.001051753366555429,
    0.0006029740457227535,
    0.0003535913935485487,
    0.00025905371677111845,
    0.00016514301768476611,
    0.00010253398148910576,
    8.346930008206022e-05,
    6.271236176747808e-05,
    4.121263870773938e-05,
    2.560430823516046e-05,
    1.4764032340919925e-05,
    9.58001878146467e-06,
    6.330904954180756e-06,
    3.564498108814285e-06,
    2.142844546128929e-06,
    1.032487280799194e-06,
    6.84119556234835e-07,
    4.820844714631374e-07,
    2.822676097585578e-07,
    1.7221083371865815e-07,
    1.1724616718484157e-07,
    7.736985089608524e-08,
    5.979259325189266e-08,
    3.658615540758805e-08,
    2.359214018863622e-08,
    1.6227808641642783e-08,
    1.3646602455293724e-08,
    1.0368110139447932e-08,
    5.601129456546168e-09,
    3.3437925568428864e-09,
    2.418015840805353e-09,
    1.583022369187823e-09,
    1.147411615969587e-09,
    7.518104003084413e-10,
    5.135397228594568e-10,
    2.80033901626802e-10,
    1.7194438338428483e-10,
    1.1179725835009979e-10,
    5.1419255475944924e-11,
    2.8503078847853334e-11,
    1.5143120194381783e-11,
    1.1339820996297085e-11,
    7.10237664272816e-12,
    4.5843230409111476e-12,
    3.1073513169040106e-12,
    2.07343686394086e-12,
    1.7080959283581114e-12,
    1.2497709312764802e-12,
    7.971779284710999e-13,
    4.812531453808392e-13,
    2.93560793829196e-13,
    1.9384033461988037e-13,
    1.1911633782927767e-13,
    6.879240449431428e-14,
    3.6778047878577974e-14,
    2.320401733265598e-14,
    1.702190129437069e-14,
    1.1392282192565362e-14,
    7.795456667885763e-15,
    5.094971671210361e-15,
    3.7320571235283735e-15,
    2.5054694076550993e-15,
    1.426960905162294e-15,
    4.0692536170746476e-13,
    6.46102330299538e-14,
    3.895736534571612e-14,
    3.2186686917315036e-14,
    2.2585175640968733e-14,
    1.1342270700517799e-14,
    5.713940064869666e-15,
    3.1659772238017746e-15,
    1.5940339280844283e-15,
    1.3195077294699433e-15,
    3.850160495504463e-13
  ],
  "exit_code": -1,
  "iters": 88,
  "mtx": "orsirr_1",
  "method": "max-st_alt-o_m4",
  "x_id": "ones"
}