{
  "fre": [
    0.31010491712997207,
    0.21986709484494102,
    0.16155134254607098,
    0.11661814399827898,
    0.07017888513906428,
    0.05383531255569887,
    0.038101890184890116,
    0.026251524098183314,
    0.01973885480194462,
    0.015186781371617216,
    0.010119124906829527,
    0.0064059878350876676,
    0.0031017274893885174,
    0.0018064595305294793,
    0.0012753752014913217,
    0.0008425745732372721,
    0.0006053064263728649,
    0.00045634591506752526,
    0.00031134726213121806,
    0.00022047707842971334,
    0.00019809492903627828,
    0.00014863977775395618,
    0.00010679446263228949,
    6.57126531810738e-05,
    3.85440348982399e-05,
    2.4704463901751295e-05,
    1.3345113916424772e-05,
    9.234379798827018e-06,
    7.157900901650753e-06,
    5.361524749745954e-06,
    3.523058456762384e-06,
    2.1284750456526465e-06,
    1.2659058409114854e-06,
    7.915998191560575e-07,
    5.269527081888978e-07,
    2.8186391038059854e-07,
    1.790762732617259e-07,
    1.2120227759730273e-07,
    7.543237387000764e-08,
    5.9442481769058305e-08,
    5.2879325067920145e-08,
    3.444659886047498e-08,
    2.4023532627861293e-08,
    1.5741937718587885e-08,
    9.723549781706876e-09,
    6.706431638034967e-09,
    4.521060215200863e-09,
    3.1318101709054004e-09,
    2.1853513822372366e-09,
    1.5316266497911154e-09,
    7.71605477374175e-10,
    4.955003657356997e-10,
    3.069676398945596e-10,
    1.9498452483789993e-10,
    1.4305453440381477e-10,
    9.400186497189396e-11,
    6.774257405923452e-11,
    5.2898013830027054e-11,
    3.342723610491077e-11,
    2.2682795386407436e-11,
    2.0758706037135176e-11,
    1.541749846933442e-11,
    1.1169264266408033e-11,
    7.870777919459803e-12,
    4.298705193141973e-12,
    2.81777581489953e-12,
    1.5952728623315677e-12,
    1.0349962148415809e-12
  ],
  "rk": [
    1.0,
    0.00465597750788732,
    0.000554473146813569,
    0.000274932719755722,
    0.00017659091455515154,
    9.199461161122822e-05,
    5.7540388834346334e-05,
    3.7658660754120605e-05,
    2.206081747518403e-05,
    1.5246859833007067e-05,
    1.1387265808165774e-05,
    8.015185078368123e-06,
    5.75745226170181e-06,
    3.211250972992282e-06,
    1.7425578554060174e-06,
    1.2272432016391789e-06,
    7.559933287159859e-07,
    5.010915134510978e-07,
    3.551578674339661e-07,
    2.3611232715564152e-07,
    1.6716795780872277e-07,
    1.3942016759480116e-07,
    1.0228603411291515e-07,
    7.593108802919137e-08,
    5.127451553308398e-08,
    3.205925609088989e-08,
    2.184399323948195e-08,
    1.2809208245131255e-08,
    8.073625418651498e-09,
    5.728346980566027e-09,
    4.150285239691024e-09,
    2.8365187347420296e-09,
    1.8752054796594343e-09,
    1.2140693919791736e-09,
    7.791808761703568e-10,
    5.449665647801013e-10,
    3.126877212049706e-10,
    1.9057859224989069e-10,
    1.2481850253703392e-10,
    6.538485742823266e-11,
    4.860060681028257e-11,
    4.146622979006988e-11,
    2.814644794246211e-11,
    1.998885729190462e-11,
    1.3111671440681911e-11,
    7.577042119050396e-12,
    5.3465763511251336e-12,
    3.855682469730465e-12,
    2.750192231425981e-12,
    1.7559282767478516e-12,
    1.1988424876178027e-12,
    7.065609508277555e-13,
    4.897439540127326e-13,
    3.2127731837075883e-13,
    1.8072936830143288e-13,
    1.2524039834112604e-13,
    7.84044971544634e-14,
    5.1657941191073675e-14,
    4.0223120478963895e-14,
    2.6551888487895547e-14,
    1.9318106052647848e-14,
    1.543109573507729e-14,
    1.0890533751325932e-14,
    7.92572811864894e-15,
    5.949637894680817e-15,
    3.628678830337185e-15,
    2.5266913366753077e-15,
    1.5404574522559894e-15,
    9.392354023191324e-16
  ],
  "exit_code": 0,
  "iters": 68,
  "mtx": "orsreg_1",
  "method": "max-st_alt-o_m3",
  "x_id": "randn"
}