{
  "fre": [
    0.9629163046151024,
    0.7854268605754661,
    0.48389885813412914,
    0.24216786047505268,
    0.08896021332600335,
    0.04324097394905944,
    0.032084528421885604,
    0.019113481185168087,
    0.001452982736785569,
    0.0005653616032434897,
    0.0003470584489992705,
    0.0002897506962821479,
    0.00017467581011574467,
    9.795544098198568e-05,
    4.53946805682286e-05,
    2.8783093153317066e-05,
    1.926954425067219e-05,
    9.86621840898314e-06,
    5.945765729413095e-06,
    3.863049152157563e-06,
    3.2559400591039e-06,
    1.9561534393255992e-06,
    1.1329791736345784e-06,
    6.830615564261801e-07,
    3.4772530943641703e-07,
    2.2975425496998582e-07,
    1.5055229635717132e-07,
    1.0360529781540892e-07,
    6.446584689490664e-08,
    3.153580237565408e-08,
    1.4704895898132626e-08,
    9.651855579156703e-09,
    4.983050623500749e-09,
    3.3552369078431396e-09,
    2.1264629965308403e-09,
    1.3080204690452417e-09,
    7.633390955022018e-10,
    4.0834288032982557e-10,
    2.8103170756380366e-10,
    1.3467632432180952e-10,
    1.0825693851701597e-10,
    7.800713605362318e-11,
    5.0800323350369436e-11,
    2.8865090696007457e-11,
    1.7950806538247934e-11,
    1.2649102594021835e-11,
    7.319312957803962e-12,
    4.3632726119180535e-12,
    2.3874656487795217e-12,
    1.2420539762460553e-12,
    7.187130938988571e-13,
    4.1410537053306065e-13,
    2.754293896277966e-13,
    1.4785619184409124e-13,
    8.304384109233963e-14,
    5.362033367208936e-14,
    3.6946161351769164e-14,
    3.05697005454378e-14,
    2.8704439571791516e-14,
    2.839587568169952e-14,
    2.4327776594702883e-14,
    3.3099410500355866e-14,
    3.238287294423777e-14,
    3.368929406942288e-14,
    3.5167451851562594e-14,
    3.7088708245214145e-14,
    3.783513472155353e-14,
    3.827390507829539e-14,
    3.837853729628245e-14,
    3.8478118989667306e-14,
    3.8497046666040893e-14
  ],
  "rk": [
    1.0,
    0.9928119532234035,
    0.9127868775543226,
    0.7121760473530138,
    0.5078623816220984,
    0.24091722145879096,
    0.08393276835320045,
    0.052597182015407355,
    0.03904326686203497,
    0.009737712511487587,
    0.001862765906405465,
    0.0008416255986832918,
    0.0005653077501232501,
    0.0003593477049729702,
    0.00023276538815167645,
    0.00011293845340360731,
    7.386684304981803e-05,
    4.228073386697834e-05,
    1.9676003428667756e-05,
    1.2665858635585248e-05,
    9.124035043229624e-06,
    6.870016291670153e-06,
    4.261972136229864e-06,
    2.5540404898841515e-06,
    1.8350180658623162e-06,
    9.888685653996661e-07,
    5.967699183735137e-07,
    3.1569782215902545e-07,
    2.0897620779400526e-07,
    1.509293578133004e-07,
    8.851540107403194e-08,
    3.841135654610611e-08,
    2.5852514389429205e-08,
    1.2777367701204786e-08,
    8.249686465351294e-09,
    5.285999476563594e-09,
    2.9549502529936197e-09,
    1.790514738070171e-09,
    9.941709606306948e-10,
    6.840014684574858e-10,
    3.6908479471466176e-10,
    2.66102016851719e-10,
    1.6874444952768869e-10,
    1.1205839699526171e-10,
    6.757391224026005e-11,
    4.164784402619352e-11,
    2.8367640361622706e-11,
    1.5527127534934793e-11,
    1.056995965921476e-11,
    6.291257512940398e-12,
    3.4402007508983148e-12,
    1.9769055341691922e-12,
    1.0840365746827166e-12,
    7.238043185290315e-13,
    4.323158526539569e-13,
    2.1869081112878922e-13,
    1.2645411579004927e-13,
    8.12846423089272e-14,
    4.094314038488994e-14,
    2.573906248117082e-14,
    4.0676756899805665e-13,
    9.444490881178543e-14,
    7.113044875320695e-14,
    4.63278262440021e-14,
    3.003496459908872e-14,
    2.0590558009165918e-14,
    1.2727425404851885e-14,
    8.14735341804853e-15,
    4.72419180456703e-15,
    2.777075440121803e-15,
    1.604683403240649e-15,
    3.988925438874821e-13
  ],
  "exit_code": -1,
  "iters": 71,
  "mtx": "orsreg_1",
  "method": "max-lf_alt-o-repeat_m2",
  "x_id": "ones"
}