{
  "fre": [
    0.18347511687979295,
    0.12600849356931967,
    0.10336035638419082,
    0.08257204118498565,
    0.04846378978789462,
    0.033212894529997,
    0.021237243413808095,
    0.01462276403014458,
    0.012090514369077005,
    0.008548643169432957,
    0.00480644983507892,
    0.0009725325765499828,
    0.00042719695250973273,
    0.0002766277242378512,
    0.00021900550305808147,
    0.0001798697658613418,
    0.00011481028379053798,
    7.168427874696317e-05,
    5.1603391496587116e-05,
    3.331328383102617e-05,
    2.9811303336363182e-05,
    2.3336314735804118e-05,
    1.555233463135855e-05,
    1.0261749844989613e-05,
    7.0483848151950105e-06,
    3.4401419535082625e-06,
    2.0659626695458295e-06,
    1.1848329698569307e-06,
    7.920951443604651e-07,
    5.44997072940107e-07,
    3.2743558714915785e-07,
    2.3788540154406897e-07,
    1.8720362048959421e-07,
    1.2951764824219724e-07,
    8.175631432794091e-08,
    4.9373328124067206e-08,
    2.6297319184522263e-08,
    1.7413203115486947e-08,
    1.0750485062633038e-08,
    6.9438868232211505e-09,
    6.2057818699492615e-09,
    4.4459816084084924e-09,
    3.204552659285162e-09,
    2.023823560871123e-09,
    1.3227283261705523e-09,
    8.541982791081111e-10,
    5.715861248910827e-10,
    3.5669178267486357e-10,
    2.3537007544315535e-10,
    1.590334658568284e-10,
    9.715024464694868e-11,
    6.784486098963671e-11,
    4.535515032594583e-11,
    2.8301637310658904e-11,
    1.8980209020030408e-11,
    1.1841459638113129e-11,
    7.321814974167181e-12,
    5.211803425263666e-12,
    2.922477595098801e-12,
    2.281600279298141e-12,
    1.9378773329572124e-12,
    1.3608695064398749e-12,
    1.0066530831728164e-12,
    6.036504192576721e-13,
    3.969762386816357e-13,
    2.626401530331339e-13,
    1.5234342923219934e-13,
    1.0798050715205143e-13,
    7.527526478665394e-14,
    5.3251500265561966e-14,
    4.394845166385142e-14,
    4.0123668041840305e-14,
    3.97206592364345e-14,
    3.8692448257388676e-14,
    3.4807819646212084e-14,
    3.5172302951721415e-14,
    3.490185039105368e-14,
    3.399005052798993e-14,
    3.2566350635999776e-14,
    3.262034391894537e-14,
    3.0568939394884e-14,
    3.060222298700101e-14,
    3.107237435209178e-14
  ],
  "rk": [
    1.0,
    0.14001465266948354,
    0.0069992179056178735,
    0.004095794698910112,
    0.0029607862597266416,
    0.0016720163189373808,
    0.001061014451359138,
    0.0006280468231106731,
    0.00034349686009116186,
    0.0002719223030856758,
    0.00020265996315919593,
    0.00013757745809933692,
    5.6386619356696164e-05,
    2.6411497443846353e-05,
    1.1314527637768464e-05,
    6.85999736958594e-06,
    5.323048202152127e-06,
    3.5894143914237423e-06,
    2.2701291577360325e-06,
    1.5383005645432646e-06,
    9.626999510698587e-07,
    7.836316407378117e-07,
    6.334943253764434e-07,
    4.294404741036128e-07,
    2.7703353798301864e-07,
    2.0039263957048262e-07,
    1.2419779340114197e-07,
    8.306162467652026e-08,
    4.7451855711720477e-08,
    2.9244479587526713e-08,
    2.051230656893301e-08,
    1.1731250780977493e-08,
    7.46148269511519e-09,
    5.388645478196182e-09,
    3.788904151326977e-09,
    2.4969116223056204e-09,
    1.6680005685262045e-09,
    9.038275616146487e-10,
    6.064505796408572e-10,
    3.603701264369951e-10,
    2.1385840326083028e-10,
    1.7462971415903165e-10,
    1.2129809201588478e-10,
    8.815736627200985e-11,
    5.847782675772973e-11,
    3.8441816047493596e-11,
    2.6535767971404918e-11,
    1.8610578858203745e-11,
    1.2129762049604423e-11,
    7.739079262228242e-12,
    5.266749139491846e-12,
    3.2997748657240715e-12,
    2.325050002896972e-12,
    1.5485003282472919e-12,
    9.53002899857414e-13,
    6.529026025382325e-13,
    4.116578804733853e-13,
    2.4871042586687236e-13,
    1.7668322971577447e-13,
    9.970092109205307e-14,
    7.489037879324233e-14,
    5.894245002935899e-14,
    3.976569761345888e-14,
    2.9358588538553077e-14,
    1.7908493499785123e-14,
    1.180439995225475e-14,
    8.437978409046661e-15,
    4.972233396182615e-15,
    3.2429546563175692e-15,
    2.0940916657905264e-15,
    1.2775116383625885e-15,
    3.9576815779424115e-15,
    1.0309866146169128e-15,
    3.3531831656466254e-15,
    3.3048173566108504e-15,
    3.204734835180359e-15,
    3.163924002929086e-15,
    3.124202474700197e-15,
    3.2100481167246035e-15,
    3.1329295660914323e-15,
    3.1904081524076173e-15,
    3.235895415095765e-15,
    3.2027966588243134e-15,
    3.1297254124566565e-15
  ],
  "exit_code": 71,
  "iters": 83,
  "mtx": "orsreg_1",
  "method": "max-st_alt-o_m4",
  "x_id": "sine"
}