{
  "fre": [
    0.24382959196605444,
    0.1429303700053672,
    0.0943422275367386,
    0.06606870382603683,
    0.05529276350052257,
    0.04398757569961715,
    0.03385150736823768,
    0.02351850719268904,
    0.01773423569258307,
    0.010559777043683275,
    0.007830281626152038,
    0.005686555305388149,
    0.003663408698470217,
    0.002094859369167579,
    0.0014705445612383484,
    0.0009076542201124951,
    0.0006360249085769854,
    0.0004921607449222809,
    0.00035486345850929197,
    0.00025103497762283427,
    0.0002283924807655042,
    0.00018533395389055827,
    0.00013833066542433059,
    8.291540347177452e-05,
    4.684179302479081e-05,
    2.821116252656445e-05,
    1.9739663350692252e-05,
    1.265484201086776e-05,
    8.556851535863219e-06,
    5.537951866941874e-06,
    3.435231352507422e-06,
    2.5604624579458634e-06,
    1.3863992738140764e-06,
    7.882078517744124e-07,
    4.6724363463624694e-07,
    2.8954040365871366e-07,
    2.1298082429240063e-07,
    1.6743774043187058e-07,
    1.187935984749378e-07,
    7.514531950359756e-08,
    6.674371442832218e-08,
    5.235642113319902e-08,
    3.988426956317521e-08,
    2.4132650654286814e-08,
    1.3803127181734762e-08,
    7.512705919687163e-09,
    5.058877393341032e-09,
    3.233037493118303e-09,
    2.447152189016087e-09,
    1.526076985903396e-09,
    9.004818869762582e-10,
    6.113133054980356e-10,
    4.2094264832014053e-10,
    2.986143067713684e-10,
    2.0486461908129613e-10,
    1.3302907373101953e-10,
    9.32213694080004e-11,
    7.014107041062622e-11,
    5.032317103415233e-11,
    3.219549530782435e-11,
    2.82704687364495e-11,
    2.2228607773147954e-11,
    1.7099346505246285e-11,
    1.0382113275971629e-11,
    6.723750252348425e-12,
    4.1057810029221125e-12,
    2.8928299157270665e-12,
    1.7289069455524217e-12,
    1.0938957880012686e-12
  ],
  "rk": [
    1.0,
    0.0037339937329351957,
    0.0015934275288344657,
    0.0007284321467896182,
    0.00022151890867452872,
    0.00010882064068919009,
    5.4067587566448515e-05,
    3.394735010388297e-05,
    2.101102716200829e-05,
    1.5059564724373663e-05,
    8.68089805220321e-06,
    5.559964517358283e-06,
    4.097969048646645e-06,
    2.843215676996263e-06,
    1.6556806018043723e-06,
    1.1966574703195667e-06,
    6.758592531783301e-07,
    4.437525596976563e-07,
    3.192142992610557e-07,
    2.2703655364862555e-07,
    1.638808734440305e-07,
    1.3201829988000152e-07,
    1.0377287607931275e-07,
    8.042055404689341e-08,
    5.435502263902769e-08,
    3.3334799159992764e-08,
    2.040392474096282e-08,
    1.4451228095153075e-08,
    9.695108881796744e-09,
    6.435256307862055e-09,
    4.192363484583839e-09,
    2.730896798118578e-09,
    1.9614789246573766e-09,
    1.2722401301419751e-09,
    7.705197872029108e-10,
    4.4534872632533253e-10,
    2.5300385704256966e-10,
    1.5475033640194898e-10,
    1.1323247879388891e-10,
    8.255390876677878e-11,
    5.3963674497506346e-11,
    4.17791278236974e-11,
    3.069659216350242e-11,
    2.4238939592458717e-11,
    1.6727323197320697e-11,
    1.1002986275928213e-11,
    6.589981858422115e-12,
    4.3041310374653436e-12,
    2.486951341356744e-12,
    1.8726352759846637e-12,
    1.215672634593075e-12,
    7.586363380761866e-13,
    4.873836051020873e-13,
    3.3334265462443014e-13,
    2.1704980297576906e-13,
    1.4792886272417108e-13,
    9.326020710861612e-14,
    6.01098081340053e-14,
    4.3953452396818305e-14,
    3.2239135226974664e-14,
    2.2747324370344144e-14,
    1.752098815934273e-14,
    1.3194250676800868e-14,
    1.028210075451419e-14,
    6.7575350373206054e-15,
    4.653023828629332e-15,
    2.879511617082358e-15,
    2.0924273553898764e-15,
    1.3365521002211473e-15,
    8.550535524889426e-16
  ],
  "exit_code": 0,
  "iters": 69,
  "mtx": "orsreg_1",
  "method": "max-lf_alt-o_m3",
  "x_id": "randn"
}