{
  "fre": [
    0.9404365392996292,
    0.6529764956057221,
    0.2861773846288687,
    0.14342255266829443,
    0.05382486946657599,
    0.03485849583682102,
    0.027698714129376127,
    0.016298879799736456,
    0.004629228327774574,
    0.0009457544655729885,
    0.00032331130281259857,
    0.00028051056237954157,
    0.00022129194772533894,
    0.00013016916494085532,
    7.083829428815538e-05,
    4.05836285106747e-05,
    2.2317856070575224e-05,
    1.5077926042355016e-05,
    9.713987649469565e-06,
    5.272269358622795e-06,
    4.536072039009769e-06,
    3.4496475027934413e-06,
    2.1014442654708583e-06,
    1.1095937060696807e-06,
    7.582027415163687e-07,
    4.55179941576447e-07,
    2.565564545529298e-07,
    1.870494081815856e-07,
    1.0640696275831604e-07,
    6.13720455180176e-08,
    3.676687790921936e-08,
    1.6638319722807213e-08,
    1.034839590470737e-08,
    7.195052278431712e-09,
    4.1441467431230936e-09,
    2.7593279633857113e-09,
    1.7990762108928313e-09,
    1.1110513921417129e-09,
    7.232198370385018e-10,
    4.6546638645592636e-10,
    4.0959298405201213e-10,
    2.995116314994242e-10,
    1.716875438362686e-10,
    1.0168749343418275e-10,
    6.270841053006599e-11,
    3.6890592368607715e-11,
    2.2248968037571283e-11,
    1.4440969520934694e-11,
    8.675742766147489e-12,
    5.899361970064952e-12,
    3.757151752220187e-12,
    2.6052276513382163e-12,
    1.554039875884547e-12,
    8.790026484600405e-13,
    4.50542104194814e-13,
    2.678747605750181e-13,
    1.6700423291470915e-13,
    1.0914427367359691e-13,
    8.058016436580813e-14,
    4.988494202207495e-14,
    4.386050962318732e-14,
    4.156709372403945e-14,
    3.997009284383207e-14,
    3.8195470960211464e-14,
    3.629489174275924e-14,
    3.7587563096554957e-14,
    3.901128637271156e-14,
    3.932210166256665e-14,
    3.9571954127266265e-14,
    3.995061593476288e-14,
    4.014177527077104e-14,
    4.023363859227661e-14,
    4.029784467330236e-14
  ],
  "rk": [
    1.0,
    0.986412270594644,
    0.8325715748181217,
    0.5487474953160526,
    0.3796624852105274,
    0.14824829107511533,
    0.05914235988393476,
    0.04870194082435199,
    0.03752702904673018,
    0.017395061670004996,
    0.004317425541723748,
    0.001054462006476575,
    0.0005987988176910477,
    0.00045693843630924974,
    0.0002672330488040774,
    0.0001726336050798147,
    0.00010419899479618786,
    5.9858526420908114e-05,
    3.825764792406571e-05,
    2.3280924479276813e-05,
    1.1235172019209292e-05,
    8.767966418360083e-06,
    6.995025506703115e-06,
    4.93083236587868e-06,
    2.8608540348742806e-06,
    1.7460958485003693e-06,
    1.0205722058283807e-06,
    5.421742759369672e-07,
    4.0450941620004204e-07,
    2.6629217990567685e-07,
    1.665716928395755e-07,
    1.0536076512020506e-07,
    4.81391244791111e-08,
    3.004735398513229e-08,
    1.9902888836632194e-08,
    1.1083881136204304e-08,
    6.9286147274221995e-09,
    4.44057230944322e-09,
    2.8583759367116915e-09,
    1.7248538460431254e-09,
    1.0585937990497547e-09,
    8.223893774256041e-10,
    6.143033126380241e-10,
    3.9814874203097473e-10,
    2.5017650491338204e-10,
    1.5496800187404286e-10,
    9.396391566836693e-11,
    5.4730279983957066e-11,
    3.652766869972804e-11,
    2.2141664883816478e-11,
    1.4334324306456168e-11,
    8.684553726269668e-12,
    5.9805856011161126e-12,
    3.672570367761024e-12,
    2.2393877121904787e-12,
    1.2729341864397254e-12,
    7.870621535521453e-13,
    4.719140604149484e-13,
    2.6378328584106847e-13,
    1.6961056755527836e-13,
    4.2761324669008266e-13,
    1.2817921677838936e-13,
    1.0398540711265802e-13,
    6.741920260034555e-14,
    4.4265806275501304e-14,
    2.6516377212959454e-14,
    1.6597963583001818e-14,
    9.762819909677748e-15,
    6.73920873116237e-15,
    4.30069508633496e-15,
    2.5187832420861333e-15,
    1.5917098682914105e-15,
    1.0319098130984406e-15,
    3.871874254645785e-13
  ],
  "exit_code": -1,
  "iters": 73,
  "mtx": "orsreg_1",
  "method": "max-lf_alt-o-repeat_m3",
  "x_id": "ones"
}