{
  "fre": [
    0.21596532594994453,
    0.10730715106692443,
    0.055892597163878587,
    0.03713094258757035,
    0.02561649813354034,
    0.019456188426375195,
    0.014972078057123491,
    0.011857818078696162,
    0.008881544474443092,
    0.005783023025952664,
    0.003198006202728087,
    0.002150723492764294,
    0.0012968622032633213,
    0.0008248120303724324,
    0.0004227341336059668,
    0.00027187820993992154,
    0.0001799770083632599,
    9.627250551688977e-05,
    4.559092151379207e-05,
    2.505486013116813e-05,
    2.0836365205023854e-05,
    1.3812488634052245e-05,
    8.856685605138195e-06,
    5.497030828270325e-06,
    3.20958461952672e-06,
    1.9962992917541303e-06,
    1.302895503901606e-06,
    7.799487091421022e-07,
    4.858782579578329e-07,
    3.125770824652846e-07,
    2.075167983473302e-07,
    1.180102474730818e-07,
    6.536245758673798e-08,
    3.130913447376743e-08,
    1.7329255069655726e-08,
    8.391641861674826e-09,
    5.323389227579158e-09,
    3.628796940048183e-09,
    2.3544796502252386e-09,
    1.2826020823894149e-09,
    1.0904071420595437e-09,
    7.267086594121504e-10,
    4.321782498179957e-10,
    2.1519452006373505e-10,
    1.210492123132664e-10,
    7.691222876945747e-11,
    4.5715724686126904e-11,
    2.7415234554657445e-11,
    1.7317411388263906e-11,
    1.0742428461112803e-11,
    5.765006884084459e-12,
    3.5484340893466912e-12,
    2.124199193625356e-12,
    1.354608491727872e-12
  ],
  "rk": [
    1.0,
    0.003654261469838067,
    0.0013203338756163194,
    0.0005346497084442053,
    0.00024049735642552418,
    8.706131537054841e-05,
    3.679754447050921e-05,
    1.4665304674897881e-05,
    8.196976386815145e-06,
    5.301212089579562e-06,
    3.517188375959086e-06,
    1.9607802714820135e-06,
    1.2540092410630414e-06,
    7.60848259720861e-07,
    5.152206849483526e-07,
    2.7495355453848885e-07,
    1.653356210599231e-07,
    1.1296367571842987e-07,
    6.923849115940984e-08,
    3.860546733712018e-08,
    2.2138112609305824e-08,
    1.4861284129141553e-08,
    9.07236237704005e-09,
    5.602944406347398e-09,
    3.6440678992333243e-09,
    2.1524120026899176e-09,
    1.2764707547009217e-09,
    8.09913067384648e-10,
    4.896278212320469e-10,
    2.950268585011663e-10,
    1.8877462739096632e-10,
    1.2303102543882622e-10,
    7.685084854504855e-11,
    4.629755628035234e-11,
    2.5003030273599292e-11,
    1.517176510582681e-11,
    7.40982228552336e-12,
    4.3241445103442174e-12,
    2.566327305522335e-12,
    1.6071934218137495e-12,
    9.26788495354382e-13,
    6.759230691324573e-13,
    4.3395838678519274e-13,
    2.8955514898113614e-13,
    1.6018829228806146e-13,
    8.910071792202542e-14,
    5.314654774386175e-14,
    3.16153528810344e-14,
    1.8673189095441616e-14,
    1.1928547946789274e-14,
    7.518879854755871e-15,
    4.198253898122405e-15,
    2.5293957474304702e-15,
    1.4942980840040992e-15,
    9.292865800499759e-16
  ],
  "exit_code": 0,
  "iters": 54,
  "mtx": "orsreg_1",
  "method": "max-lf_alt-o-repeat_m2",
  "x_id": "randn"
}