{
  "fre": [
    0.25953364297228954,
    0.1504334632944297,
    0.11274532791440392,
    0.08246649525374623,
    0.07010114364192473,
    0.056699242595737206,
    0.041495796983841426,
    0.029376857217128263,
    0.020655254099555567,
    0.013059704816195774,
    0.00994836748515615,
    0.006588598154761198,
    0.003959214017849624,
    0.002599901372831923,
    0.0016598122157893392,
    0.0010957032827166471,
    0.0007706583732108046,
    0.0005417176567928195,
    0.00036605707791301055,
    0.0002336463876762076,
    0.0002180958969021058,
    0.00016720645615666817,
    0.00012624277128757717,
    8.439380901400354e-05,
    5.466706746111276e-05,
    3.103341876153758e-05,
    1.8539186158217673e-05,
    1.2000367813596461e-05,
    8.862518678498222e-06,
    5.1668586250311e-06,
    3.855920839068519e-06,
    2.748831711153928e-06,
    1.496111024541213e-06,
    9.602719289429573e-07,
    5.724250461606446e-07,
    3.1346703384605563e-07,
    1.7843248292449373e-07,
    1.2543636515895355e-07,
    9.396569599465126e-08,
    7.40493100434813e-08,
    6.704672311175992e-08,
    4.7122901755605524e-08,
    3.014856886824954e-08,
    1.830813710449892e-08,
    1.1435768513614067e-08,
    7.969019155661661e-09,
    5.477968874268009e-09,
    3.1759099224129563e-09,
    2.2588946947147742e-09,
    1.4073783437138042e-09,
    8.869079633401089e-10,
    6.280665672613193e-10,
    4.2108730830845566e-10,
    3.1275812218024695e-10,
    1.9309156155172538e-10,
    1.254267574582289e-10,
    8.790000821798996e-11,
    5.903264852065835e-11,
    3.961052613700865e-11,
    2.749925593243634e-11,
    2.4725383569297943e-11,
    1.9095949797368627e-11,
    1.4183822469747576e-11,
    8.258592204365866e-12,
    4.6235693417545925e-12,
    2.869418457126926e-12,
    2.1378824782569627e-12,
    1.2585275001525194e-12
  ],
  "rk": [
    1.0,
    0.0032783099587389546,
    0.0013483466694019861,
    0.000603329990708447,
    0.00020666214209698498,
    0.00010019829211595286,
    5.717181177419108e-05,
    3.644777673397698e-05,
    2.3636859143242275e-05,
    1.6520048426133205e-05,
    9.777681039259993e-06,
    6.809297159995612e-06,
    4.871416348526896e-06,
    3.0017997769090085e-06,
    2.078436062858357e-06,
    1.3440118714977057e-06,
    8.294292512401233e-07,
    5.391824268093714e-07,
    3.899193925468271e-07,
    2.597378118287041e-07,
    1.6219072362809042e-07,
    1.328074885452151e-07,
    9.399233389344101e-08,
    7.41567409431093e-08,
    5.170202918095893e-08,
    3.722535755637395e-08,
    2.3590818579635744e-08,
    1.46331682656503e-08,
    9.345769981072653e-09,
    6.814313874995948e-09,
    3.8746676914029604e-09,
    2.6469280435473637e-09,
    2.0276334105583147e-09,
    1.2209510987345276e-09,
    8.185517859754316e-10,
    5.026747102849627e-10,
    3.0727924803154575e-10,
    1.7267563704889005e-10,
    1.0365238997815077e-10,
    7.136991275231756e-11,
    4.9799662095723697e-11,
    4.242630091769012e-11,
    2.899819939051819e-11,
    2.0341573350592875e-11,
    1.3344771995741003e-11,
    8.449289303137579e-12,
    5.89124634891664e-12,
    4.155329592467239e-12,
    2.433799068594818e-12,
    1.782761253705976e-12,
    1.0939849883271182e-12,
    6.808969299459698e-13,
    4.563265860273725e-13,
    2.943845089371813e-13,
    2.0692756655194326e-13,
    1.3416360459085825e-13,
    8.313916912517121e-14,
    5.8780505042791e-14,
    3.8083303235509134e-14,
    2.679638344266617e-14,
    1.885278413656191e-14,
    1.488815643979272e-14,
    1.0815844648498803e-14,
    8.573928450724753e-15,
    5.604812535903085e-15,
    3.628059814712331e-15,
    2.106250890742647e-15,
    1.5714785710278241e-15,
    9.687218242728757e-16
  ],
  "exit_code": 0,
  "iters": 68,
  "mtx": "orsreg_1",
  "method": "max-lf_alt-o_m4",
  "x_id": "randn"
}