{
  "fre": [
    0.9750920625457313,
    0.456536276029201,
    0.1403984104015428,
    0.030295606752549702,
    0.021028295253850172,
    0.0028615124772098563,
    0.000353989180196215,
    0.0002651547173518096,
    8.683998021798627e-05,
    3.070263874478018e-05,
    1.4123428137121716e-05,
    5.726830806445489e-06,
    2.7281573072270893e-06,
    9.007046792320135e-07,
    4.853157532320042e-07,
    1.6322952956882106e-07,
    7.565353672873988e-08,
    3.2382857380502265e-08,
    1.358383338014199e-08,
    5.75877041829448e-09,
    3.586755745127365e-09,
    1.9015717532833737e-09,
    9.021813590778757e-10,
    3.5853273270722185e-10,
    1.5608926113939002e-10,
    5.3961111522558746e-11,
    2.2597218644447647e-11,
    9.709739351237305e-12,
    3.830972713487838e-12,
    1.893291309023282e-12,
    7.945072628370467e-13,
    3.543085730706456e-13,
    1.5886019661910418e-13,
    6.993410215287725e-14,
    4.068719340885255e-14,
    3.118099244880861e-14,
    3.078216858826609e-14,
    3.1150974921871904e-14,
    3.120032109583948e-14,
    3.138298753526039e-14,
    2.6070436807933214e-14,
    3.046767039514302e-14,
    2.952642663403469e-14,
    3.2524811150128026e-14,
    3.344468161330967e-14,
    3.372040731716925e-14,
    3.366158180399576e-14
  ],
  "rk": [
    1.0,
    0.9972665183509347,
    0.6787513432815366,
    0.38578412769507703,
    0.05464680919531623,
    0.04822229715220115,
    0.011710769397493511,
    0.001094617265860625,
    0.000634270678458578,
    0.00023547388372113844,
    0.00010022282187213983,
    4.106560555684968e-05,
    1.3903180553376424e-05,
    7.788030436563145e-06,
    2.7936445642583477e-06,
    1.1334284820706976e-06,
    4.491605631220491e-07,
    2.436843893862232e-07,
    9.138384332792037e-08,
    3.769944779213603e-08,
    1.8862407746583245e-08,
    1.0163120183421818e-08,
    4.9930127875960234e-09,
    2.3260658736500362e-09,
    1.0653504404223207e-09,
    4.842335720481926e-10,
    1.7611685478166013e-10,
    7.386288611386362e-11,
    3.297296842659055e-11,
    1.2498858324749201e-11,
    6.129102361586095e-12,
    2.465265340595535e-12,
    1.0533922216214205e-12,
    5.24614347742233e-13,
    2.0588572939559067e-13,
    8.08325200909173e-14,
    3.459421792324755e-14,
    1.2531494837086314e-14,
    5.5574814968523506e-15,
    2.5415931561506627e-15,
    3.8752443024397095e-13,
    7.717134665218621e-14,
    4.823111921058662e-14,
    2.4388866036651882e-14,
    1.049079048762348e-14,
    5.038844587296458e-15,
    1.4947490480201172e-15,
    4.028399869901492e-13
  ],
  "exit_code": -1,
  "iters": 47,
  "mtx": "orsreg_1",
  "method": "max-st_alt-o-repeat_m4",
  "x_id": "ones"
}