{
  "fre": [
    0.5571918251730847,
    0.3479456021316379,
    0.22603238796826677,
    0.17764636514358867,
    0.12179328358309661,
    0.08308249347082139,
    0.06744651528011696,
    0.05626214975262453,
    0.03995674578121596,
    0.02498883577903989,
    0.015436736626843424,
    0.01348005666236567,
    0.009576278862994444,
    0.004260188643665926,
    0.0009851769505554954,
    0.00045659305798757637,
    0.00021748096662138467,
    0.00015790284819355282,
    0.0001336870561809399,
    9.858399722478764e-05,
    9.051844268715937e-05,
    6.849521482317157e-05,
    5.147723318982664e-05,
    2.9749767680820686e-05,
    2.165733515549366e-05,
    1.4430744711952042e-05,
    8.052037345624416e-06,
    4.337787890080291e-06,
    2.848281973392291e-06,
    1.524061054911805e-06,
    1.050413017120621e-06,
    8.108581727342759e-07,
    6.215995004835272e-07,
    4.3419707501285493e-07,
    2.616006488104993e-07,
    1.883460222874524e-07,
    1.278913131931615e-07,
    7.057215500228136e-08,
    4.1690779436877616e-08,
    2.6612269759059758e-08,
    2.4399616772918216e-08,
    1.886534660069684e-08,
    1.6446738822857063e-08,
    9.265981006966967e-09,
    6.604709673080993e-09,
    4.742052779022814e-09,
    3.2909577586317216e-09,
    1.9329973723121554e-09,
    1.1908397506607725e-09,
    5.988013010947656e-10,
    4.714514702349443e-10,
    2.970512426791326e-10,
    1.689420859657644e-10,
    1.140786572850784e-10,
    7.56716750413751e-11,
    5.6867596032343604e-11,
    3.1854779051627397e-11,
    2.331919693812558e-11,
    1.5809443912470682e-11,
    1.104169681663187e-11,
    1.0199353598524833e-11,
    7.670050480392478e-12,
    5.6337486970346584e-12,
    3.1794620578844067e-12,
    2.1625189299098494e-12,
    1.217565227546199e-12,
    7.165498841032763e-13,
    4.048910395325673e-13,
    3.1649561694496756e-13,
    2.0784559020674294e-13,
    1.4935856575294694e-13,
    1.062659737300131e-13,
    8.525815044130519e-14,
    6.45565840251157e-14,
    4.9258564381221623e-14,
    4.599509772064469e-14,
    4.314037215456907e-14,
    3.987023713409516e-14,
    3.766354346643593e-14,
    3.679800966030622e-14,
    3.436905616924381e-14,
    3.2937796749449524e-14,
    3.149944177397575e-14,
    3.201821225990853e-14,
    2.940325222462304e-14,
    2.9901124230229084e-14,
    3.2059628762342666e-14
  ],
  "rk": [
    1.0,
    0.3475084902591436,
    0.1251804269093061,
    0.021332036150814714,
    0.013418092140082731,
    0.005963861668737118,
    0.0027432194993522144,
    0.001894502449652841,
    0.0012451053098099776,
    0.0008675159691345259,
    0.0005569802237726068,
    0.00029514595389366433,
    0.0002588781765316229,
    0.00019246971845187716,
    0.00012368649338703606,
    4.902230716302433e-05,
    2.3559371628336756e-05,
    1.2400837660473229e-05,
    5.219630742658726e-06,
    3.5744637199462646e-06,
    2.2956084038239705e-06,
    1.9895510504372254e-06,
    1.516591552354172e-06,
    1.223052315024621e-06,
    7.418893630535652e-07,
    5.324394511986258e-07,
    3.753396272575976e-07,
    2.449532791788262e-07,
    1.3973012164343234e-07,
    1.0555276553100908e-07,
    5.575200310699652e-08,
    3.333199157709416e-08,
    2.379678692278622e-08,
    1.606212506024971e-08,
    1.1924494613315376e-08,
    6.676586726047022e-09,
    4.542079268323758e-09,
    3.2964538763343727e-09,
    2.04906570827572e-09,
    1.3409489119187862e-09,
    7.822953971038083e-10,
    6.239644415683366e-10,
    4.3686474741210997e-10,
    3.7597924165148554e-10,
    2.2318666674954644e-10,
    1.5393250945948707e-10,
    1.0830717942971103e-10,
    7.797181185377078e-11,
    5.075860557537021e-11,
    3.674023518003489e-11,
    2.1382483754388657e-11,
    1.4562346990893068e-11,
    9.336140156380377e-12,
    5.497455769430878e-12,
    3.379068563340688e-12,
    2.173748012010807e-12,
    1.5951099370514401e-12,
    9.116860455451147e-13,
    6.15465488408098e-13,
    4.277815465255409e-13,
    2.8780933453056093e-13,
    2.3984171676813084e-13,
    1.7019491752747862e-13,
    1.333672868276275e-13,
    7.687647098513337e-14,
    5.722952741455041e-14,
    3.735089239250816e-14,
    2.2796793581029004e-14,
    1.2125279972987758e-14,
    9.227227560477623e-15,
    6.0411326785840735e-15,
    4.069066716928121e-15,
    2.5369217573882447e-15,
    1.788628552036638e-15,
    1.238209701572822e-15,
    4.020121828437596e-15,
    1.2344729751382589e-15,
    3.560040939319214e-15,
    3.193359874913745e-15,
    3.2573982490845624e-15,
    3.304883696240229e-15,
    3.1949433226162473e-15,
    3.1527827684836052e-15,
    3.0942733250114226e-15,
    3.2059950067793114e-15,
    3.1619269448676617e-15,
    3.1546711282546818e-15,
    3.2426452412401383e-15
  ],
  "exit_code": 75,
  "iters": 87,
  "mtx": "orsreg_1",
  "method": "max-lf_alt-o_m4",
  "x_id": "sine"
}