{
  "fre": [
    0.993073666898945,
    0.6036960590989023,
    0.264012932527377,
    0.05183065101175572,
    0.03043421631951086,
    0.019104239023917193,
    0.003977692019395344,
    0.0005811357094331251,
    0.0003349987238609184,
    0.00023967940220971865,
    0.00010396065582622568,
    4.232617187855226e-05,
    2.239204186275086e-05,
    1.325288451613855e-05,
    6.176403641197828e-06,
    3.5326040418635853e-06,
    1.7771412275168655e-06,
    7.313466555031272e-07,
    4.83478929557945e-07,
    2.1488599101192813e-07,
    1.5382073170699883e-07,
    9.561187349562124e-08,
    4.4381076525919935e-08,
    2.5175801310789275e-08,
    1.314045782661353e-08,
    7.241005969622526e-09,
    3.5656978585992252e-09,
    1.973910863816065e-09,
    9.591882803720822e-10,
    4.957295606107763e-10,
    2.626339319103786e-10,
    1.4535410427904202e-10,
    6.844350206021773e-11,
    3.5806595154525244e-11,
    1.8895963620491167e-11,
    9.766633348231774e-12,
    4.787445001486393e-12,
    2.561030955658928e-12,
    1.605964911546802e-12,
    8.630352240533579e-13,
    6.678169625745565e-13,
    4.068041461199853e-13,
    2.0735427826490327e-13,
    1.0868619348269359e-13,
    6.330163181799095e-14,
    4.265947762790109e-14,
    3.6960318319117865e-14,
    3.5867624835024226e-14,
    3.561167544915269e-14,
    3.547691609621657e-14,
    3.539484387721115e-14,
    3.535635016201312e-14,
    3.534931752442415e-14,
    2.9289943795777314e-14,
    3.2225102797090356e-14,
    3.461633847538193e-14,
    3.5161401787261265e-14,
    3.902548824052731e-14,
    3.960775871314366e-14,
    3.982576421060117e-14,
    4.000483398759644e-14,
    3.99534337400049e-14
  ],
  "rk": [
    1.0,
    0.9997072666972507,
    0.7840869383355162,
    0.5256996477595879,
    0.13887152320100654,
    0.054733394523244515,
    0.04388779236071854,
    0.01618012154172945,
    0.0028683238585870833,
    0.000881321092319891,
    0.0006016419038429496,
    0.000277802696720027,
    0.00013933500014306956,
    7.49701532396096e-05,
    3.852518196365509e-05,
    1.534059897132313e-05,
    9.654756477428707e-06,
    5.505201470767591e-06,
    2.373035134697064e-06,
    1.1633006655742264e-06,
    5.569209031882438e-07,
    3.9037225279318096e-07,
    2.789137201593528e-07,
    1.3638744021569156e-07,
    7.264586605192936e-08,
    3.6496624145877144e-08,
    2.099281143630322e-08,
    1.1008284202681613e-08,
    5.8291442988103175e-09,
    3.082089806607085e-09,
    1.466094163006257e-09,
    8.308252511210209e-10,
    4.3118241630580206e-10,
    2.1634966143167518e-10,
    1.0703458404806466e-10,
    5.6650299063074665e-11,
    2.9488716630448876e-11,
    1.5608392433719967e-11,
    7.243462116945069e-12,
    4.2841946522640265e-12,
    2.3711876458786037e-12,
    1.6097134911092883e-12,
    9.921805101105573e-13,
    5.699716506363698e-13,
    2.960461889125924e-13,
    1.640877810307351e-13,
    8.408310467946399e-14,
    4.0101152589860204e-14,
    1.6613379415523936e-14,
    8.674329256750052e-15,
    4.4840050318985864e-15,
    2.6182107042614616e-15,
    1.2855995559892944e-15,
    4.0147945148197884e-13,
    9.954142660276164e-14,
    7.85156003278738e-14,
    4.700242708362483e-14,
    2.4727802376428878e-14,
    1.3999010884413582e-14,
    7.489046336245787e-15,
    3.347360517562781e-15,
    1.4441596631734652e-15,
    3.95560448096418e-13
  ],
  "exit_code": -1,
  "iters": 62,
  "mtx": "orsreg_1",
  "method": "max-st_alt-o-repeat_m3",
  "x_id": "ones"
}