{
  "fre": [
    0.17708823573318902,
    0.018184878323662605,
    0.0074990898886524385,
    0.005729361848915413,
    0.004398636058834536,
    0.0024388092073968433,
    0.0018803432811705044,
    0.0012582051669504412,
    0.0007081921905049309,
    0.000496591079629824,
    0.0004023335230869325,
    0.00023196063373089347,
    4.4267689498122356e-05,
    1.5142906488960362e-05,
    9.552856256444679e-06,
    7.161370211491911e-06,
    4.7032696633661885e-06,
    2.9277179141358153e-06,
    2.0051308673852856e-06,
    1.3852001788537208e-06,
    1.2014863457629029e-06,
    8.628253888680344e-07,
    4.164565009988914e-07,
    2.495771776021338e-07,
    1.3214480514629077e-07,
    7.5860534085641e-08,
    4.1705285958274105e-08,
    2.940690760200801e-08,
    2.1900026399321466e-08,
    1.4010891023347316e-08,
    8.624650961218658e-09,
    4.4939174506888435e-09,
    2.5631612331019397e-09,
    1.7614487765197663e-09,
    1.052635912316992e-09,
    7.220731333705195e-10,
    4.815247071506343e-10,
    2.8467977793234827e-10,
    1.880528726766559e-10,
    9.167737630609584e-11,
    8.146121395282323e-11,
    6.417017265531826e-11,
    4.1401701006345387e-11,
    2.6678478020127552e-11,
    1.7496908365588388e-11,
    9.198054961967925e-12,
    4.797766929152705e-12,
    2.7608546613310284e-12,
    1.6217478852992812e-12,
    1.0202403674949268e-12,
    6.607448842572327e-13,
    4.0042727228253603e-13,
    2.4642567453716227e-13,
    1.4289128690085423e-13,
    8.082071513434188e-14,
    6.00459582579443e-14,
    4.4400143702696246e-14,
    3.912500658800979e-14,
    3.670399987099634e-14,
    3.3972703477286084e-14,
    3.272986327956975e-14,
    3.154076147351948e-14,
    3.02884982447328e-14,
    3.082362532472506e-14,
    2.931077934089971e-14,
    2.944771094616423e-14,
    2.9581610912147305e-14,
    2.9596688588593694e-14,
    2.8362864712166066e-14
  ],
  "rk": [
    1.0,
    0.20662895568334572,
    0.01417992218288521,
    0.00120926904421701,
    0.0002930576789366278,
    0.0001670665256026361,
    7.359361099835908e-05,
    4.651731581461908e-05,
    3.3575148404016665e-05,
    1.918866964939265e-05,
    9.858638253900484e-06,
    6.338699277646141e-06,
    4.826084021684416e-06,
    1.8073909108377466e-06,
    5.499655992134883e-07,
    2.8725203260470677e-07,
    1.8111249522845112e-07,
    1.1295853954345099e-07,
    6.58118388656254e-08,
    4.4974877976298375e-08,
    2.9158554140697205e-08,
    2.3365579599874865e-08,
    1.7080993425958625e-08,
    9.570199559054586e-09,
    6.252393073698192e-09,
    3.778563420365224e-09,
    2.2434263650311605e-09,
    1.2434394794125586e-09,
    7.425706445113477e-10,
    4.839368012730881e-10,
    3.1841890610910497e-10,
    2.1496784638163088e-10,
    1.266475250942927e-10,
    6.725310219014398e-11,
    4.1600335082623126e-11,
    2.4030104229744603e-11,
    1.6118380118326025e-11,
    1.169491911087457e-11,
    6.516919170147071e-12,
    4.215536823378062e-12,
    2.1066229100218705e-12,
    1.6083036489855343e-12,
    1.2770745042477448e-12,
    8.445088588779378e-13,
    5.251949486215517e-13,
    3.3924162324002987e-13,
    2.2263859309603847e-13,
    1.324570911594488e-13,
    8.03981985848762e-14,
    4.563174722954008e-14,
    2.744418928455565e-14,
    1.67706447722559e-14,
    1.0778522155451993e-14,
    6.651913994508798e-15,
    4.290764651107863e-15,
    2.3762245910256937e-15,
    1.465510472130069e-15,
    4.092453942733403e-15,
    3.587315010575898e-15,
    3.5076215437534236e-15,
    3.332047410729128e-15,
    3.290818860900275e-15,
    3.3827565889677203e-15,
    3.34532160894059e-15,
    3.270931081648757e-15,
    3.1287987122132437e-15,
    3.186705029950187e-15,
    3.3741402523899843e-15,
    3.2726701094256157e-15,
    3.280603599532544e-15
  ],
  "exit_code": 56,
  "iters": 69,
  "mtx": "orsreg_1",
  "method": "max-lf_alt-o-repeat_m3",
  "x_id": "sine"
}