{
  "fre": [
    0.17775319946778437,
    0.10996514762573228,
    0.08523773959852521,
    0.052838962268429476,
    0.0357501086224411,
    0.02333845205493574,
    0.014970286268069954,
    0.010124353725136698,
    0.0076654796536471045,
    0.0050526548975640155,
    0.0034674687441785916,
    0.0019369575584004188,
    0.0012094908932226355,
    0.0008265917747139638,
    0.0005149930797141236,
    0.00031111481114086945,
    0.00019705383843772402,
    0.00012079268578948087,
    7.220498138316563e-05,
    3.207307412007548e-05,
    2.7224714052069943e-05,
    1.9519310264906944e-05,
    1.3043939631207149e-05,
    8.284890515852552e-06,
    4.904918062427601e-06,
    3.2688889554343848e-06,
    2.1874877922612347e-06,
    1.408362475617757e-06,
    8.598866817978255e-07,
    5.699900029082334e-07,
    3.7363072189881865e-07,
    2.5731338981328756e-07,
    1.4429568132341101e-07,
    8.855866568018769e-08,
    4.749966923162775e-08,
    2.6928213281077047e-08,
    1.4775530158072452e-08,
    8.078436924520995e-09,
    5.287994262429617e-09,
    3.6742565508391878e-09,
    3.1485327512801655e-09,
    1.93962606641254e-09,
    1.2127804625204909e-09,
    7.271909857743929e-10,
    4.553560843939799e-10,
    2.8464779729699505e-10,
    1.7149585822055624e-10,
    1.0391595992936689e-10,
    7.169593822505828e-11,
    4.428909088905965e-11,
    2.6688556125505294e-11,
    1.7364769200097248e-11,
    1.1213007457386188e-11,
    7.227121990623395e-12,
    4.6117588471589875e-12,
    2.7617636404024372e-12,
    1.85129634166682e-12,
    1.1581756421803369e-12
  ],
  "rk": [
    1.0,
    0.0029865663334066495,
    0.00026658212500808084,
    0.00011672035937243327,
    6.1427090631507e-05,
    3.324882024881115e-05,
    1.9971892027339532e-05,
    1.1073106243550082e-05,
    6.428167498929057e-06,
    4.622149741386465e-06,
    2.9869853932841743e-06,
    2.0344799177917645e-06,
    1.2053665294204663e-06,
    7.079169571372112e-07,
    4.864475284825046e-07,
    3.2760673606780967e-07,
    1.985286568907795e-07,
    1.2524178796066647e-07,
    7.77993881297622e-08,
    5.183567940064105e-08,
    2.9435104159964163e-08,
    1.9993223218994963e-08,
    1.2646994282802171e-08,
    8.045317621899202e-09,
    5.414417591594074e-09,
    3.3696720267028326e-09,
    2.1399958178920146e-09,
    1.3457291878718884e-09,
    8.58017866451354e-10,
    5.326116246863559e-10,
    3.455078645758226e-10,
    2.212498882919845e-10,
    1.552536027033844e-10,
    9.072970391482447e-11,
    5.893251600515896e-11,
    3.6770482012129906e-11,
    2.257103409479423e-11,
    1.3039956672180383e-11,
    6.853037566782739e-12,
    3.692957985229443e-12,
    2.4939047153343493e-12,
    2.000584087072745e-12,
    1.2820470282172221e-12,
    8.169552470723659e-13,
    5.077388953853109e-13,
    3.1110852355264333e-13,
    1.9985523472524426e-13,
    1.2056402142887492e-13,
    7.177906309653553e-14,
    4.7645269485794774e-14,
    2.98731371189367e-14,
    1.763038194957074e-14,
    1.1443561826430004e-14,
    7.376698811195409e-15,
    4.742389535445166e-15,
    3.0891339559638325e-15,
    1.7736668446112214e-15,
    1.108219950537577e-15,
    7.238756653690421e-16
  ],
  "exit_code": 0,
  "iters": 58,
  "mtx": "orsreg_1",
  "method": "max-lf_alt-o-repeat_m3",
  "x_id": "randn"
}