{
  "fre": [
    0.2284587430602946,
    0.15883829234807526,
    0.12855047565556693,
    0.08745906503709522,
    0.057225818726022566,
    0.040150830088344865,
    0.03270183082154567,
    0.02277925967861928,
    0.01736369225830228,
    0.014287762583792598,
    0.01082136390314718,
    0.00843756932813636,
    0.006812571009848994,
    0.004489693607831027,
    0.00266138184381008,
    0.001870046904209347,
    0.0013541296176455496,
    0.0009061993701406878,
    0.0006614681441938728,
    0.0004966660788964184,
    0.0004618571155546935,
    0.00039282520164354883,
    0.0002865230281765554,
    0.00019460309652779778,
    0.00013653206263794764,
    8.54673593884804e-05,
    5.656550831206167e-05,
    4.290744822810158e-05,
    2.9125571363613773e-05,
    1.937330548760632e-05,
    1.54090076061178e-05,
    1.086357219926615e-05,
    6.783454614301527e-06,
    4.810705751417539e-06,
    2.8740148327482693e-06,
    1.7219046878028967e-06,
    1.2939956971340978e-06,
    9.011374840036984e-07,
    5.345335493010132e-07,
    4.1614376610920454e-07,
    3.786313726087564e-07,
    2.665186442803698e-07,
    1.9743568470004053e-07,
    1.4279983761602088e-07,
    1.0082147083165711e-07,
    7.365914062888969e-08,
    5.667070219302441e-08,
    3.7548292567453166e-08,
    2.567375085072802e-08,
    1.991386653062552e-08,
    1.4594693149722554e-08,
    1.0408704307226135e-08,
    7.6408351151793e-09,
    5.080626770982665e-09,
    3.0179898045889546e-09,
    2.3275235144417167e-09,
    1.899087302463258e-09,
    1.3091341398571859e-09,
    9.434967077533273e-10,
    6.754440236261119e-10,
    6.258137231336008e-10,
    5.142326229847225e-10,
    3.6116618193219077e-10,
    2.7645434451750093e-10,
    1.8573060072807168e-10,
    1.1499632255354243e-10,
    8.210759921300043e-11,
    6.094112122946912e-11,
    4.145377597825501e-11,
    3.3498179838955835e-11,
    2.4122532484948057e-11,
    1.6564826977729826e-11,
    1.218020479795459e-11,
    8.663064962624296e-12,
    5.233718119856202e-12,
    3.572761943259338e-12,
    2.6519077426047792e-12,
    1.861643899089025e-12,
    1.2184243604159155e-12,
    8.522776797222426e-13
  ],
  "rk": [
    1.0,
    0.0055299869035590025,
    0.0010701279156973547,
    0.00030048997924105183,
    0.00018897455152861595,
    9.314184495017533e-05,
    5.150810101561647e-05,
    3.709254150620768e-05,
    2.370996500938268e-05,
    1.5628844385211396e-05,
    1.1744559225781528e-05,
    8.654645599251553e-06,
    6.362034605867204e-06,
    4.927160665699458e-06,
    3.2586305792592057e-06,
    2.0280488538496757e-06,
    1.5101832511223974e-06,
    1.1506062456551227e-06,
    7.929060737720617e-07,
    5.435267940281939e-07,
    3.8471851987088915e-07,
    3.211743720375894e-07,
    2.707503495050336e-07,
    2.1130410807425384e-07,
    1.5111760745945954e-07,
    1.0522024409946749e-07,
    6.419368730254289e-08,
    4.514795359537015e-08,
    3.673990155427732e-08,
    2.6315592230654464e-08,
    1.6510377623056162e-08,
    1.2401548234431677e-08,
    8.914374535933032e-09,
    5.8223182257153525e-09,
    4.4030522618290905e-09,
    2.9889871740401354e-09,
    1.7904848191655358e-09,
    1.2929037865448534e-09,
    8.915414244362697e-10,
    5.476469754448901e-10,
    4.312081896410551e-10,
    3.6412704325400875e-10,
    2.5396529142318085e-10,
    1.8226102272613573e-10,
    1.312813027426336e-10,
    8.429574169214987e-11,
    5.820863702651893e-11,
    4.605670797625316e-11,
    3.221465807436408e-11,
    2.1335345752954215e-11,
    1.5654832247125216e-11,
    1.0695138105908642e-11,
    7.798901253550853e-12,
    6.0355946812059476e-12,
    4.497691270911629e-12,
    2.70235396452025e-12,
    1.8109580907521257e-12,
    1.4329812669633718e-12,
    9.950395970815343e-13,
    7.677142729707046e-13,
    6.038503069447305e-13,
    5.020401905826644e-13,
    4.031066794767305e-13,
    2.88311020880805e-13,
    2.1881398737778107e-13,
    1.4847039085774287e-13,
    9.309271968855469e-14,
    6.783389922763258e-14,
    5.311596823677766e-14,
    3.4401328295365563e-14,
    2.666397899581024e-14,
    1.8642395956541067e-14,
    1.2411341285263822e-14,
    9.392591724545767e-15,
    7.266181791529644e-15,
    4.953922839156997e-15,
    3.4145091748340316e-15,
    2.361177633928647e-15,
    1.596362300704153e-15,
    1.146012689410197e-15,
    9.005772411413889e-16
  ],
  "exit_code": 0,
  "iters": 80,
  "mtx": "orsreg_1",
  "method": "max-st_alt-o_m2",
  "x_id": "randn"
}