{
  "fre": [
    0.263242215687197,
    0.18000416856449405,
    0.15022403843420534,
    0.11498870184188603,
    0.08312823372881215,
    0.06389835255907378,
    0.04938411460952747,
    0.040790194034787376,
    0.030269598191624423,
    0.02479310913061228,
    0.020566473724527627,
    0.016446671752654487,
    0.012424321190286313,
    0.009383327470876269,
    0.007078643977774445,
    0.004367091080743397,
    0.0027555457001088033,
    0.001888838405176623,
    0.0014671662392462977,
    0.0010404316998253716,
    0.0009813362321940316,
    0.0008184980952527009,
    0.0006246259467439161,
    0.00047526336642108626,
    0.00035480792915147804,
    0.00026932994890900607,
    0.00020296119839225454,
    0.00014100793352398065,
    9.863891445376766e-05,
    6.875967254098725e-05,
    4.806647659752096e-05,
    3.3523415241629476e-05,
    2.2959279177930212e-05,
    1.6802371173930705e-05,
    1.1599806996412071e-05,
    8.467873549197977e-06,
    6.3212613530629725e-06,
    4.416727230355414e-06,
    3.34794929726499e-06,
    2.5494719699597516e-06,
    2.3843554628905433e-06,
    1.8420902385881431e-06,
    1.3071124707650392e-06,
    9.152484836589914e-07,
    6.237622763510685e-07,
    4.633110732059274e-07,
    3.425853836270773e-07,
    2.310733084513619e-07,
    1.6273172454682677e-07,
    1.1250998733477718e-07,
    8.190188852316022e-08,
    6.268196785519908e-08,
    4.852123366431589e-08,
    3.916538598159544e-08,
    2.981184267686651e-08,
    2.365196484893063e-08,
    1.703525392274963e-08,
    1.2583973972603487e-08,
    1.0041103055393429e-08,
    7.320069756433533e-09,
    6.916920881007133e-09,
    5.866628029939539e-09,
    4.444309398063501e-09,
    3.4353863108801904e-09,
    2.5766101490122027e-09,
    1.706080765386301e-09,
    1.2810874387252385e-09,
    8.554007893033614e-10,
    5.6644762741683e-10,
    3.972737868152456e-10,
    2.778660333975806e-10,
    2.0386061035122023e-10,
    1.3278884099667144e-10,
    1.0082766311356991e-10,
    7.710534151448447e-11,
    4.8903296387386e-11,
    3.234003402278297e-11,
    2.6258855605779944e-11,
    2.048540134736297e-11,
    1.4481026006497186e-11,
    1.3588543280887626e-11,
    1.11326812151805e-11,
    8.62582908497034e-12,
    4.881739856371432e-12,
    3.3131326975769222e-12,
    2.5689586661727433e-12,
    1.75639830569942e-12,
    1.1787168570178242e-12,
    9.344970327000702e-13
  ],
  "rk": [
    1.0,
    0.007399378067562947,
    0.0016310587100809377,
    0.00032507415245502437,
    0.0002125139662869702,
    0.00012162057131408643,
    7.989327333745563e-05,
    5.1903665467737225e-05,
    3.874786099675385e-05,
    2.5493553992271116e-05,
    1.8552732627969275e-05,
    1.4104908908017388e-05,
    1.1157858926565376e-05,
    8.526193221950563e-06,
    6.59485634531109e-06,
    5.263072940160919e-06,
    3.5379690998008164e-06,
    2.308674342528366e-06,
    1.6221578353355677e-06,
    1.2528273277751391e-06,
    9.050771991810955e-07,
    7.495717151883794e-07,
    5.941046070514877e-07,
    4.3971060351530173e-07,
    3.2696518358155754e-07,
    2.4861394468105034e-07,
    1.9121281820549025e-07,
    1.4956916652126881e-07,
    1.0919694983620045e-07,
    7.57754624044451e-08,
    5.31803538659563e-08,
    3.809163883754313e-08,
    2.8542918470430915e-08,
    2.0717851846710644e-08,
    1.4877954206973557e-08,
    1.0259051283269462e-08,
    7.483365834491048e-09,
    5.636127930116268e-09,
    3.880123236175325e-09,
    2.823758753392969e-09,
    2.24911595740948e-09,
    1.945050247226914e-09,
    1.499593340000399e-09,
    1.082042425579442e-09,
    8.016495094864498e-10,
    5.558660261380772e-10,
    4.0596588610534575e-10,
    3.0153230801779824e-10,
    2.0935670550045434e-10,
    1.4762745964638835e-10,
    1.0181537732589393e-10,
    7.137931628948259e-11,
    5.164607913122506e-11,
    3.697716772107401e-11,
    2.8549942820396035e-11,
    2.0652258993010937e-11,
    1.583399750857851e-11,
    1.187422602319335e-11,
    8.529813603338608e-12,
    7.017080497464698e-12,
    5.71248532671278e-12,
    4.957560936781819e-12,
    3.978891763845925e-12,
    2.9607256783337293e-12,
    2.3067539662845002e-12,
    1.809982528017512e-12,
    1.290811308976414e-12,
    9.7178175918313e-13,
    6.785804534228215e-13,
    4.741460996994668e-13,
    3.312343191864261e-13,
    2.323362398736886e-13,
    1.7620568420354427e-13,
    1.1598638031739377e-13,
    8.455874720553112e-14,
    6.598410517484974e-14,
    4.616617106608669e-14,
    2.8731496734397327e-14,
    2.1987372231251636e-14,
    1.6999451424496003e-14,
    1.2973474573614606e-14,
    1.0992225071024523e-14,
    8.921606979566424e-15,
    7.274703684052908e-15,
    4.8007093842009935e-15,
    3.157377055543588e-15,
    2.306659617735995e-15,
    1.6083982830691598e-15,
    1.0377344866676782e-15,
    8.220403031651399e-16
  ],
  "exit_code": 0,
  "iters": 89,
  "mtx": "orsreg_1",
  "method": "max-st_add_m2",
  "x_id": "randn"
}