{
  "fre": [
    1.0064096440885468,
    0.7587329418901454,
    0.4453616970329662,
    0.18717505177061608,
    0.05416764503798766,
    0.03268006550903795,
    0.022967263676152167,
    0.0033342360758002814,
    0.0005180543525199574,
    0.00039111116347217094,
    0.00028611101287354633,
    0.00015998331775946708,
    6.90351381625059e-05,
    3.629328326990515e-05,
    2.1069874214874924e-05,
    1.1766897199605737e-05,
    6.079000066799525e-06,
    3.918556264242604e-06,
    1.6827985419136691e-06,
    1.049606398883226e-06,
    8.039822093815063e-07,
    5.052831369740519e-07,
    3.111786119707255e-07,
    1.755570809906152e-07,
    1.0016728510550654e-07,
    4.910158921709503e-08,
    2.4173932123143592e-08,
    1.4151297796425375e-08,
    8.768855465984256e-09,
    5.1966411771205126e-09,
    3.2379325087569754e-09,
    1.4689738962780483e-09,
    7.310634915807231e-10,
    3.816249413514727e-10,
    1.9920445409625088e-10,
    1.178218153857111e-10,
    6.390847245490475e-11,
    3.676158824949434e-11,
    2.155505700717884e-11,
    1.3433697236444656e-11,
    1.103358228612346e-11,
    6.90460308763458e-12,
    3.876044633870548e-12,
    2.1163429695672917e-12,
    1.129540303453165e-12,
    5.906659593536647e-13,
    2.9236374118961904e-13,
    1.6569176368041983e-13,
    9.150574058106933e-14,
    6.208561698729534e-14,
    4.905324301929569e-14,
    3.8150207036809425e-14,
    3.583348862613821e-14,
    3.413440381759675e-14,
    3.3693354998019266e-14,
    3.3259674728860464e-14,
    3.295293796933139e-14,
    3.275886879014004e-14,
    3.27403658421521e-14,
    2.5637385830651682e-14,
    3.025103880733028e-14,
    3.027233845880676e-14,
    3.040985561158775e-14,
    3.0938040593574196e-14,
    3.265632524557666e-14,
    3.329948534201443e-14,
    3.36072567285648e-14,
    3.3562039332027323e-14,
    3.362292589960273e-14
  ],
  "rk": [
    1.0,
    0.9996051586076665,
    0.8800507582711709,
    0.6762935366933874,
    0.4447426931114605,
    0.13275341889253572,
    0.060024316191154,
    0.04662797265797981,
    0.01663095416331,
    0.0023671606545745184,
    0.001109722481646326,
    0.0006646187080422341,
    0.00042187934108960887,
    0.0002158808386993452,
    0.00010693372682347403,
    6.307794125372499e-05,
    2.720227767858961e-05,
    1.5317520724183593e-05,
    1.0526485800229548e-05,
    5.976165545899319e-06,
    3.024285380495074e-06,
    2.237617431673594e-06,
    1.4659365747185382e-06,
    8.90621048979776e-07,
    4.896402659403056e-07,
    2.944681754829523e-07,
    1.661220751231197e-07,
    8.050242791646441e-08,
    4.3157850963424585e-08,
    2.338883765814382e-08,
    1.379921821433575e-08,
    8.507368971258847e-09,
    3.7173547495992947e-09,
    2.1829205670014914e-09,
    1.1999458455839907e-09,
    6.79790794587492e-10,
    3.4838705827803104e-10,
    1.906900352444403e-10,
    1.1562800750532646e-10,
    5.840794136405598e-11,
    3.558655282652056e-11,
    2.7245510291876178e-11,
    1.7944889195005706e-11,
    1.0469776642615566e-11,
    6.15802015023691e-12,
    3.519727655955054e-12,
    1.9188826050531166e-12,
    9.805851675413304e-13,
    5.881651489009259e-13,
    2.6575681790219793e-13,
    1.5840987464817213e-13,
    8.8317412948668e-14,
    4.271854418227666e-14,
    2.3889383677043927e-14,
    1.3700384200279963e-14,
    7.6364956326879e-15,
    4.340261377771737e-15,
    2.781118869886894e-15,
    1.361569861411141e-15,
    4.0530471850457843e-13,
    9.76329069050016e-14,
    7.190911886201209e-14,
    4.798423335730996e-14,
    3.1212536306301e-14,
    1.726500301996618e-14,
    9.702072969106659e-15,
    5.8414030300625804e-15,
    3.566708788350765e-15,
    1.6796078348221624e-15,
    4.1038962343223764e-13
  ],
  "exit_code": -1,
  "iters": 69,
  "mtx": "orsreg_1",
  "method": "max-st_alt-o-repeat_m2",
  "x_id": "ones"
}