{
  "fre": [
    0.31224601428806437,
    0.22294268858301772,
    0.15710637074167272,
    0.11019244382190216,
    0.06918025986545188,
    0.05108332548297836,
    0.03172909832568415,
    0.02141805969640062,
    0.01547501762588985,
    0.011091359282044567,
    0.008078093413381063,
    0.005384131876213465,
    0.0033192165924563048,
    0.0023346301854227326,
    0.001588409278939697,
    0.0010726028536163807,
    0.0007366175780088643,
    0.0004700586691312073,
    0.00033811290080804844,
    0.0002543782879289399,
    0.00022782105829164334,
    0.00018054216055133366,
    0.00010497534268504846,
    6.655581810344466e-05,
    4.86720421290701e-05,
    2.9910943684113152e-05,
    1.8998543144401213e-05,
    1.2036658915249382e-05,
    7.402688048309849e-06,
    5.587980388407017e-06,
    3.498331857822008e-06,
    2.1543521370579133e-06,
    1.1994628841902327e-06,
    6.676161801748702e-07,
    4.408019200550314e-07,
    2.5629519171122086e-07,
    1.2617888064807764e-07,
    7.000907577532033e-08,
    4.070445145481991e-08,
    2.953655147850691e-08,
    2.64949123627353e-08,
    1.824965320101002e-08,
    1.1318558696868859e-08,
    7.4392936555643875e-09,
    4.663529341815251e-09,
    2.941056313155382e-09,
    2.023171772275432e-09,
    1.2179353349748161e-09,
    8.132528591304986e-10,
    5.603305338735527e-10,
    3.3179419906985835e-10,
    2.5425321306253003e-10,
    1.7903116991097258e-10,
    1.0095149757605206e-10,
    6.854130629983105e-11,
    4.205202481947369e-11,
    2.5120123266129826e-11,
    1.860765918198043e-11,
    1.2661436605524252e-11,
    7.424627214936561e-12,
    6.694707942587285e-12,
    5.256548139238981e-12,
    3.572091254515033e-12,
    2.2480509923401735e-12,
    1.3273155692227734e-12,
    9.415965709377273e-13
  ],
  "rk": [
    1.0,
    0.004249169968598504,
    0.0005750922962098738,
    0.00028269264181826734,
    0.00016719633041339214,
    8.789651098841616e-05,
    5.684141531098612e-05,
    3.5374995900612185e-05,
    2.0469865784050396e-05,
    1.3237202973828124e-05,
    8.64762800430558e-06,
    6.320505717549833e-06,
    4.602476479042524e-06,
    2.8993120562599727e-06,
    1.8077649956457913e-06,
    1.1914504818315485e-06,
    8.04019333584213e-07,
    5.787369394302735e-07,
    3.858353311184022e-07,
    2.574513295693622e-07,
    1.822328893681618e-07,
    1.5041498420932273e-07,
    1.2467965825700738e-07,
    8.307042105644548e-08,
    5.083842395380013e-08,
    3.590536600944514e-08,
    2.2160976230157134e-08,
    1.571804161911276e-08,
    1.1205327523609541e-08,
    6.702433432540971e-09,
    4.432421308139687e-09,
    2.836013507960641e-09,
    1.995564053742507e-09,
    1.2865036449881484e-09,
    7.29290142028766e-10,
    4.717057113536391e-10,
    2.8734355612475277e-10,
    1.5848030919774124e-10,
    9.498347590668209e-11,
    4.637758001130437e-11,
    2.9147270877155684e-11,
    2.394478728509918e-11,
    1.6169477266385577e-11,
    1.0205284671118111e-11,
    6.802456103450339e-12,
    4.413706158558179e-12,
    2.696865631478271e-12,
    1.8015740449718644e-12,
    1.1155067007174805e-12,
    7.205372424736312e-13,
    4.94253073814372e-13,
    2.870629602410217e-13,
    2.0714150769003504e-13,
    1.5359062809210169e-13,
    9.188695059064135e-14,
    6.14974381947897e-14,
    3.6511305674100373e-14,
    2.232959423300001e-14,
    1.5938346135397117e-14,
    1.1406331821685158e-14,
    7.254822995165629e-15,
    5.635207207137857e-15,
    3.99798114537242e-15,
    2.853065064898784e-15,
    1.926971135935587e-15,
    1.1173471115211838e-15,
    7.795361204908508e-16
  ],
  "exit_code": 0,
  "iters": 66,
  "mtx": "orsreg_1",
  "method": "max-st_alt-o_m4",
  "x_id": "randn"
}