{
  "fre": [
    0.5765444163589472,
    0.3702392103544067,
    0.24259624016635858,
    0.1892346447941712,
    0.1300164248895845,
    0.08911246933362339,
    0.07168043167275476,
    0.059950170674994016,
    0.04293526255551343,
    0.029044896162691104,
    0.01691341068396275,
    0.014397854140768223,
    0.010728143021712589,
    0.006973666900551688,
    0.0022055563345796986,
    0.0010840943845202798,
    0.0003181863536838158,
    0.00017117070361979283,
    0.00014379320409735346,
    0.00011186368296367559,
    0.00010241524842717358,
    7.88216186227539e-05,
    5.98722212758179e-05,
    3.821001562717675e-05,
    2.6148778868884316e-05,
    1.8362735206777993e-05,
    1.1750357787561049e-05,
    5.387932839296098e-06,
    2.963577532929405e-06,
    1.8816737176237474e-06,
    1.404023683148375e-06,
    9.764860052298346e-07,
    6.645108695121426e-07,
    4.855940984836732e-07,
    3.340441383744932e-07,
    2.3000172529245465e-07,
    1.691967827983437e-07,
    8.888894145901103e-08,
    5.126300625516857e-08,
    3.5483448514149076e-08,
    3.2389331676490383e-08,
    2.2859970147493326e-08,
    1.915757020577272e-08,
    1.2705051817617571e-08,
    9.970240007978938e-09,
    6.8967571547823025e-09,
    4.5282460750926256e-09,
    2.322540095272314e-09,
    1.6257820365243866e-09,
    9.568592022561356e-10,
    7.079993942914731e-10,
    4.0865026780543477e-10,
    2.5505929512065723e-10,
    1.8379107447049514e-10,
    1.189991605040231e-10,
    8.870645341521238e-11,
    5.2953082201241505e-11,
    3.5910794470185805e-11,
    2.5770258769774778e-11,
    1.5881155465981327e-11,
    1.4541308009067678e-11,
    1.1401585412937951e-11,
    8.528642108884359e-12,
    4.964880012891941e-12,
    3.492623585661613e-12,
    2.4189879662125817e-12,
    1.3305538715114268e-12,
    7.490498907967931e-13,
    4.835999111191647e-13,
    3.274364878316308e-13,
    2.584756816868283e-13,
    1.8328020846303097e-13,
    1.4004134417085595e-13,
    9.548786962136672e-14,
    6.410351058232859e-14,
    5.010892517780691e-14,
    4.5724887306983085e-14,
    4.341723525158735e-14,
    4.055302664577795e-14,
    3.909942273274296e-14,
    3.665588900487284e-14,
    3.701097796762961e-14,
    3.578872932956721e-14,
    3.3565720753815946e-14,
    3.577029498031748e-14,
    3.464755451083155e-14,
    3.341529602836756e-14,
    3.384010500914192e-14,
    3.285858282883744e-14
  ],
  "rk": [
    1.0,
    0.36757318273184003,
    0.14204849074147372,
    0.025069586608450333,
    0.015561944222303609,
    0.006764091644718204,
    0.00313985621399959,
    0.0021323883145557207,
    0.00136420424011316,
    0.0009364754599056825,
    0.0006389028359724269,
    0.00034009042092260437,
    0.0002854624701894131,
    0.0002088853769900804,
    0.00016151255026110534,
    8.20970135760845e-05,
    4.500701477954194e-05,
    2.068260447813172e-05,
    7.162917962679705e-06,
    4.168870157551578e-06,
    2.8100249418364204e-06,
    2.350419289248674e-06,
    1.8071223580527158e-06,
    1.4227646859734554e-06,
    9.410903474262733e-07,
    6.187041529804567e-07,
    4.5256094943788694e-07,
    3.215277828520322e-07,
    1.8174605664289296e-07,
    1.1361493937539397e-07,
    6.978025958994039e-08,
    4.41084470936558e-08,
    3.1731971779146125e-08,
    1.792646032371786e-08,
    1.3246521264165987e-08,
    8.56720033553976e-09,
    5.490183452536422e-09,
    4.136688951013033e-09,
    2.48308998950618e-09,
    1.4187878923564768e-09,
    1.0406850950757474e-09,
    8.603833307324592e-10,
    5.663143711207304e-10,
    4.5682213768877367e-10,
    2.911623204781849e-10,
    2.2294080963619668e-10,
    1.5592874620723843e-10,
    1.1080084606186376e-10,
    6.693633195703285e-11,
    4.868934501033934e-11,
    3.1489757470039226e-11,
    2.1666542663196595e-11,
    1.2525484987164067e-11,
    8.13120275064655e-12,
    4.901846374329796e-12,
    3.4304683079832387e-12,
    2.3991146162258785e-12,
    1.4589105971138209e-12,
    8.954854432295002e-13,
    6.673337283140984e-13,
    4.564789017741689e-13,
    3.6851890305151436e-13,
    2.6707241133761194e-13,
    2.1011511009083525e-13,
    1.2189805625238325e-13,
    8.711469219560162e-14,
    6.405895106277465e-14,
    3.961246698219784e-14,
    2.3918525107385796e-14,
    1.5812007240001132e-14,
    9.627046333698736e-15,
    7.156053535291453e-15,
    4.6226080434576325e-15,
    3.5098373098749055e-15,
    2.25117320370403e-15,
    1.393087248947212e-15,
    3.933356209386893e-15,
    1.1054519940930741e-15,
    3.587441245278272e-15,
    1.0539054148185141e-15,
    3.4891899769074588e-15,
    3.294404937590936e-15,
    3.245664748278854e-15,
    3.2194774714061367e-15,
    3.2412898191583425e-15,
    3.1149225853523168e-15,
    3.1145939016197477e-15,
    3.239393263158516e-15,
    3.183527877316921e-15,
    3.1686113922112294e-15
  ],
  "exit_code": 77,
  "iters": 89,
  "mtx": "orsreg_1",
  "method": "max-lf_alt-o_m3",
  "x_id": "sine"
}