{
  "fre": [
    0.18288136666108568,
    0.10496491024753406,
    0.0763731273188054,
    0.04668496135664091,
    0.03246149120158953,
    0.020799193214314178,
    0.014504333184583754,
    0.008028110681308575,
    0.004101347662754565,
    0.0017973292158527923,
    0.0011298868292264383,
    0.0005746073351046994,
    0.00037198643082037036,
    0.00021943471953482927,
    0.00011576800158123648,
    4.803080506956511e-05,
    2.7127000410306656e-05,
    1.4117489686783988e-05,
    7.487985709926801e-06,
    4.1192561796616895e-06,
    3.2208495057323905e-06,
    2.04441709073572e-06,
    1.024963925484545e-06,
    5.661777738146151e-07,
    3.0743653271531167e-07,
    1.8919375258401714e-07,
    1.1051867222772851e-07,
    5.733616372737208e-08,
    3.244268905612733e-08,
    1.8588044533811256e-08,
    1.1538158598720712e-08,
    6.274621965070671e-09,
    3.820587437942935e-09,
    2.0710930896148933e-09,
    1.1311463852015553e-09,
    5.463902304566535e-10,
    3.244948126798828e-10,
    1.7892226390202317e-10,
    1.0777531294652183e-10,
    5.5962672486363263e-11,
    4.316220221027986e-11,
    2.7087100021723792e-11,
    1.4725497580341745e-11,
    8.656345482050726e-12,
    4.745065084860997e-12,
    2.6663015025539958e-12,
    1.5659697735977973e-12,
    9.383698035733359e-13
  ],
  "rk": [
    1.0,
    0.002140887746717681,
    0.00023036613438602303,
    0.00010181833404130154,
    5.0274839397432665e-05,
    2.739160397469696e-05,
    1.5007672903919667e-05,
    9.51452372259558e-06,
    5.7769625046903685e-06,
    3.3942896331970836e-06,
    1.5931039634980845e-06,
    9.229458461934902e-07,
    4.83198044010065e-07,
    2.9443712970723407e-07,
    1.6291934040090704e-07,
    9.923926504669006e-08,
    4.824370823865695e-08,
    2.553494841696565e-08,
    1.3290492874798398e-08,
    7.240363388421903e-09,
    3.941242972503056e-09,
    2.6258566016718135e-09,
    1.6704025752810364e-09,
    8.707919380050779e-10,
    4.940588716655407e-10,
    2.59683823049268e-10,
    1.502030087578852e-10,
    8.575540252025601e-11,
    4.949764956550206e-11,
    2.735204653126431e-11,
    1.478864275937098e-11,
    8.302041941805512e-12,
    4.776044236378213e-12,
    2.9759391603657765e-12,
    1.6283429552862524e-12,
    9.114177634081798e-13,
    4.886904499082488e-13,
    2.899279401475182e-13,
    1.5337891868893773e-13,
    8.712599993048267e-14,
    4.9294723194505286e-14,
    3.387708432859601e-14,
    2.1597676099457516e-14,
    1.2003783510017732e-14,
    6.668385710159805e-15,
    3.837912443754958e-15,
    2.2435112612632785e-15,
    1.259871970577766e-15,
    7.310385468515587e-16
  ],
  "exit_code": 0,
  "iters": 48,
  "mtx": "orsreg_1",
  "method": "max-st_alt-o-repeat_m2",
  "x_id": "randn"
}