{
  "fre": [
    0.17848092701786905,
    0.10681203576866487,
    0.08884601554390652,
    0.0727617770810352,
    0.048466228886775875,
    0.031454288536285235,
    0.021764701342540597,
    0.014205505325928907,
    0.011362240432769267,
    0.00902341395371607,
    0.005357417210266619,
    0.0009027681414113415,
    0.00027006985539875086,
    0.00018863437842854045,
    0.00015187230592265196,
    0.000115456653179705,
    8.570509659928815e-05,
    5.1162376567450706e-05,
    3.829310716434464e-05,
    3.105031676310206e-05,
    2.7705673550604166e-05,
    2.187478226922921e-05,
    1.1711208207021589e-05,
    7.974802576755629e-06,
    5.334572990280313e-06,
    3.079419564236229e-06,
    1.6592734531789134e-06,
    8.990296060807903e-07,
    5.382790262504583e-07,
    3.9049444926110504e-07,
    2.840895330105117e-07,
    1.9167105748278392e-07,
    1.514737138871147e-07,
    1.015652075168534e-07,
    6.060810159108236e-08,
    3.942336572885732e-08,
    2.2346944350477984e-08,
    1.4230130152989504e-08,
    9.103713800624587e-09,
    5.628786483745459e-09,
    5.109138981221982e-09,
    3.917134013294378e-09,
    2.611376474690961e-09,
    1.8090080382416391e-09,
    1.0677167673048987e-09,
    6.943884648932409e-10,
    4.665997058461617e-10,
    3.1001889194403103e-10,
    2.0245955259041517e-10,
    1.4488739651734657e-10,
    8.662364438642342e-11,
    5.940985832284322e-11,
    3.876047523476377e-11,
    2.4132563693166055e-11,
    1.4849039339328303e-11,
    8.961422347598497e-12,
    4.80779563302791e-12,
    3.673864861029109e-12,
    2.70811872782577e-12,
    2.038170210681303e-12,
    1.835247481806017e-12,
    1.3752440875210277e-12,
    9.280908513629738e-13,
    5.081738367342726e-13,
    2.7330171404035195e-13,
    1.799356961114638e-13,
    1.0776766421899399e-13,
    6.825660677202679e-14,
    4.991630714583555e-14,
    4.055549439207792e-14,
    3.436728327851089e-14,
    3.01727161373561e-14,
    2.972330684289876e-14,
    2.5910322186524235e-14,
    2.7373185510934914e-14,
    2.7913968516857525e-14,
    2.7410597342967187e-14,
    2.4255772003676937e-14,
    2.44246643292543e-14,
    2.7233860425440256e-14,
    2.3972645115879374e-14,
    2.5360208464002184e-14,
    2.3830285353663175e-14
  ],
  "rk": [
    1.0,
    0.14538826266705143,
    0.008515508799865353,
    0.004227436390471842,
    0.002726124390913922,
    0.0018042598301835702,
    0.001100139743846964,
    0.000607820801190525,
    0.00032682649264846163,
    0.0002356876436477586,
    0.00020639531157518571,
    0.00014320590389022746,
    4.9997480577230276e-05,
    1.5045595212118707e-05,
    9.377790481919724e-06,
    5.2729554618142395e-06,
    3.662222253357116e-06,
    2.3792045645266945e-06,
    1.4450056744313604e-06,
    9.971472381322193e-07,
    7.390948323016249e-07,
    6.535068232174608e-07,
    5.254981830479292e-07,
    3.0757442909612905e-07,
    2.290176894530674e-07,
    1.6643771606942004e-07,
    1.1421482624072202e-07,
    6.816813904611559e-08,
    3.689926283193548e-08,
    2.0763751720979314e-08,
    1.3807550810887208e-08,
    9.539644799800473e-09,
    5.958191033697576e-09,
    4.508240243462632e-09,
    3.0057988795236975e-09,
    1.8466505908621161e-09,
    1.2331557627146745e-09,
    6.966429020788635e-10,
    4.596474029814122e-10,
    3.091858477023117e-10,
    1.7308652026941505e-10,
    1.380002020243905e-10,
    1.024715029335428e-10,
    6.958820557781653e-11,
    5.136163932415494e-11,
    3.346643626376304e-11,
    2.3055031316387543e-11,
    1.466054586912955e-11,
    9.445271480531934e-12,
    6.552790958732102e-12,
    4.8813928857864e-12,
    2.9258357024214415e-12,
    2.0013080442503937e-12,
    1.3243437705680537e-12,
    8.190893494222363e-13,
    5.226236896434612e-13,
    3.407642551917662e-13,
    1.595550362274483e-13,
    1.073531529163206e-13,
    7.296785417876629e-14,
    5.160619145487976e-14,
    4.400971412984833e-14,
    3.3522006740044984e-14,
    2.4871474729648935e-14,
    1.5701778247074183e-14,
    9.161616194748889e-15,
    6.518925472787029e-15,
    4.362152876101128e-15,
    2.6469742564003383e-15,
    1.6822402380541668e-15,
    1.0935274399005794e-15,
    3.7515129622620274e-15,
    1.0051002569546138e-15,
    3.316879125571875e-15,
    3.2388491109452864e-15,
    3.2186575950496657e-15,
    3.126809672666399e-15,
    3.1388622946341633e-15,
    3.0516017871037356e-15,
    3.0525685563511196e-15,
    3.230438024267581e-15,
    3.2359326652696796e-15,
    3.2478929826981396e-15,
    3.1337917713442983e-15
  ],
  "exit_code": 71,
  "iters": 83,
  "mtx": "orsreg_1",
  "method": "max-st_alt-o_m3",
  "x_id": "sine"
}