{
  "fre": [
    0.9134083943253352,
    0.510029850658918,
    0.17613351845150096,
    0.04481432237356894,
    0.02954500356209314,
    0.012601136763388237,
    0.000694409010507991,
    0.0003061314290433641,
    0.00020009129890974044,
    8.109797822505407e-05,
    2.9050789712651702e-05,
    1.6439854864755115e-05,
    7.173263011284613e-06,
    3.821117696818739e-06,
    1.7847489895400517e-06,
    8.291068082620819e-07,
    3.458056197566693e-07,
    1.6460159766471705e-07,
    7.983174611415686e-08,
    4.060342474689709e-08,
    3.010422143095516e-08,
    1.2861845176969642e-08,
    6.586245783756945e-09,
    3.0301516628102745e-09,
    1.493442673478095e-09,
    8.259377251556406e-10,
    4.237541661006106e-10,
    1.8929487707190871e-10,
    8.740396913961692e-11,
    3.7875066312472243e-11,
    2.1010200780263622e-11,
    1.1098078914953514e-11,
    3.78845356160961e-12,
    1.8417301243343524e-12,
    8.436826066090172e-13,
    3.964111687012639e-13,
    1.9260242717612059e-13,
    9.84770524836469e-14,
    5.964347911382265e-14,
    3.465197251227467e-14,
    2.776984775274428e-14,
    2.8746407549852744e-14,
    2.8081093050649702e-14,
    3.5942973385040935e-14,
    3.7841563207444205e-14,
    3.851722682079578e-14,
    3.855399034124172e-14,
    3.8701445198623047e-14
  ],
  "rk": [
    1.0,
    0.9774485216692237,
    0.7332142470040617,
    0.4264282153693262,
    0.08122727976432127,
    0.051056892400160654,
    0.030538556663561804,
    0.0033061921232102084,
    0.0006677669385028865,
    0.00038091491877257803,
    0.0001933172538528312,
    7.586306114014767e-05,
    3.967245135436973e-05,
    1.4512239911959767e-05,
    8.220547502570191e-06,
    4.286498878340895e-06,
    1.9179807478230317e-06,
    7.670818662465909e-07,
    4.0004865131596967e-07,
    2.0123010129229938e-07,
    1.00743382420783e-07,
    6.728064687989628e-08,
    3.3692756958169094e-08,
    1.496862550260135e-08,
    6.96707765959613e-09,
    3.6319475083969144e-09,
    1.881171145025089e-09,
    9.545906057459017e-10,
    4.3830512736495637e-10,
    2.2331081219552997e-10,
    9.262893775873312e-11,
    4.725195991006886e-11,
    2.5709011989123295e-11,
    1.1667919720012368e-11,
    4.9005641311314664e-12,
    2.1394900449433983e-12,
    9.718444613513355e-13,
    5.249455211392437e-13,
    2.176213640006105e-13,
    1.0714624782936691e-13,
    4.170332309467819e-13,
    1.0229042304660203e-13,
    6.524275974689748e-14,
    3.7970098669662813e-14,
    1.431780708735455e-14,
    6.838165958491447e-15,
    3.2721963016535263e-15,
    1.3589027637277582e-15,
    3.688495527186699e-13
  ],
  "exit_code": -1,
  "iters": 48,
  "mtx": "orsreg_1",
  "method": "max-lf_alt-o-repeat_m4",
  "x_id": "ones"
}