{
  "fre": [
    0.29237034302703324,
    0.040740589680496035,
    0.010199622194078413,
    0.003925515234103111,
    0.0013044581519922574,
    0.0008315813178926764,
    0.0006141968013690063,
    0.0004653963730993209,
    0.000284861068043554,
    0.00016869018910072896,
    5.130121084348796e-05,
    2.795317688669331e-05,
    6.794088666462228e-06,
    1.4465792390913343e-06,
    8.874739074145214e-07,
    6.914149594686405e-07,
    3.9516796603950497e-07,
    1.2025559501480301e-07,
    3.8272177429944375e-08,
    2.427265792178072e-08,
    1.7020474056615843e-08,
    6.700014294626149e-09,
    3.890760980736331e-09,
    2.0770470222175876e-09,
    9.014632808994818e-10,
    4.021815901233604e-10,
    2.39246467782592e-10,
    9.433572563338837e-11,
    3.745435990099368e-11,
    2.0186146509174747e-11,
    1.2115704551081952e-11,
    4.69106415280241e-12,
    2.3329797595867934e-12,
    1.1151965123720103e-12,
    4.592091242176213e-13,
    2.629794096535585e-13,
    1.5109225630412583e-13,
    6.783220693542676e-14,
    4.335673161813859e-14,
    3.663732657299565e-14,
    3.3825374643093785e-14,
    3.254708221331649e-14,
    3.333427387096712e-14,
    2.981526729235794e-14,
    2.9854775997024876e-14,
    3.020117016214427e-14,
    3.018557036992809e-14,
    2.5382050141281374e-14,
    2.7981527212997024e-14,
    2.6012808992737147e-14,
    2.6236709295751378e-14,
    2.5803501437944688e-14
  ],
  "rk": [
    1.0,
    0.32798188436507286,
    0.039730641286457063,
    0.008291063010996845,
    0.0025192298178929986,
    0.0005152084101827479,
    0.00011728870314621754,
    3.8528837761645423e-05,
    9.738843226341417e-06,
    5.413817472414515e-06,
    3.5390415884308937e-06,
    1.1603524693664788e-06,
    6.906794485459501e-07,
    2.2748950455525073e-07,
    7.37405166440489e-08,
    2.3746642493001573e-08,
    1.297252836883534e-08,
    8.139840265217766e-09,
    3.6805376346241913e-09,
    1.1714370758913526e-09,
    5.88644558773673e-10,
    3.927729563822398e-10,
    1.7090407459017497e-10,
    9.025574094699432e-11,
    4.552451502790928e-11,
    2.3278359796180325e-11,
    9.554717862109918e-12,
    5.5894857133950565e-12,
    2.7299213583464754e-12,
    1.1778328011696013e-12,
    4.646328092072929e-13,
    2.7344106105125617e-13,
    1.2087204565579501e-13,
    5.911156336594953e-14,
    2.9695779348288254e-14,
    1.311708685261077e-14,
    6.198118866239254e-15,
    3.3701129462235013e-15,
    1.6192985866052566e-15,
    3.828398677754381e-15,
    3.4239984759402243e-15,
    3.3271860595214433e-15,
    3.3368809910100773e-15,
    3.3298896888298055e-15,
    3.2664406936749805e-15,
    3.2420170898014835e-15,
    3.352035402055924e-15,
    3.2264682526491374e-15,
    3.1890851907204694e-15,
    3.2165685336888485e-15,
    3.2012997701263816e-15,
    3.2066112352328946e-15,
    3.2388216520048065e-15
  ],
  "exit_code": 38,
  "iters": 52,
  "mtx": "orsreg_1",
  "method": "max-lf_alt-o-repeat_m4",
  "x_id": "sine"
}