{
  "fre": [
    0.04072260925550142,
    0.003095480815757691,
    0.002076461752973226,
    0.0011884356861295725,
    0.00045588727484563825,
    0.00026464595932388393,
    0.00014778664408848126,
    1.6406635094259363e-05,
    2.975595587098421e-06,
    1.8378410001652859e-06,
    6.280976854173162e-07,
    3.695772422174461e-07,
    1.3026336541681349e-07,
    4.329419044482971e-08,
    1.9246672736821234e-08,
    8.821840924417646e-09,
    4.619951465479845e-09,
    1.627626777881503e-09,
    6.521822062004423e-10,
    3.0443391853717864e-10,
    2.091779126837318e-10,
    9.812194398085593e-11,
    4.114158393169299e-11,
    1.787387983625088e-11,
    7.446943852693183e-12,
    3.778003790621551e-12,
    1.3783365688980076e-12,
    5.683928423589076e-13,
    2.5203118233453734e-13,
    1.201959237857602e-13,
    5.474556990980295e-14,
    3.853329295824291e-14,
    3.163764477814952e-14,
    3.075058359180307e-14,
    2.97820786637715e-14,
    2.5860755336599832e-14,
    2.5689674103557186e-14,
    2.6143007237652073e-14,
    2.523993177075517e-14,
    2.4392553961428487e-14,
    2.6872640570547384e-14,
    2.852110761433403e-14,
    2.576260562304673e-14,
    2.6487075152565184e-14,
    2.7453087124064254e-14
  ],
  "rk": [
    1.0,
    0.06647146769569293,
    0.0010665159637396537,
    6.515291794535527e-05,
    3.840131530995384e-05,
    1.199645827136251e-05,
    6.006913850018581e-06,
    3.8109773608397612e-06,
    5.648895217231186e-07,
    1.068342902500438e-07,
    5.542066197381802e-08,
    1.5849997996237892e-08,
    9.494796254867311e-09,
    4.158921689663769e-09,
    1.504057493335641e-09,
    6.841529503621376e-10,
    2.488999884901592e-10,
    1.2245578826543867e-10,
    4.879491113313114e-11,
    1.970304184053552e-11,
    8.724684835136676e-12,
    5.229180820491617e-12,
    2.864424052427636e-12,
    1.0741564919314381e-12,
    4.919740404127078e-13,
    2.24465173297451e-13,
    1.0444624797075737e-13,
    4.503338786862647e-14,
    1.9999574644615443e-14,
    7.720358147708589e-15,
    3.3774189712525732e-15,
    1.587699052993604e-15,
    3.926628074482172e-15,
    3.4890755959115953e-15,
    3.394519764068743e-15,
    3.3487942353324676e-15,
    3.188458916011409e-15,
    3.3405999703321742e-15,
    3.2963209257085053e-15,
    3.3758833721263065e-15,
    3.270907841939391e-15,
    3.1907264146284287e-15,
    3.317982258346591e-15,
    3.2657082268565e-15,
    3.2446035384140816e-15,
    3.174261786643651e-15
  ],
  "exit_code": 31,
  "iters": 45,
  "mtx": "orsreg_1",
  "method": "max-st_alt-o-repeat_m4",
  "x_id": "sine"
}