{
  "fre": [
    0.06695811711059423,
    0.005318067941138976,
    0.003266626111586018,
    0.002235361787694133,
    0.001138847890682243,
    0.0005946977024982832,
    0.00040999294825346634,
    0.0002591497031853676,
    0.00012753032656325899,
    3.164612788675043e-05,
    6.393776217407891e-06,
    3.0105315170170094e-06,
    1.9539648985060503e-06,
    8.12167078568281e-07,
    5.560841454129982e-07,
    2.9641954546332527e-07,
    1.421201271886284e-07,
    6.061066798832315e-08,
    2.9855314487572367e-08,
    1.4718684273801942e-08,
    1.1216374196496999e-08,
    6.403537032985339e-09,
    3.763219403759736e-09,
    1.9654474263268205e-09,
    9.624501366264751e-10,
    4.786751925910836e-10,
    2.550141727991266e-10,
    1.466959762395393e-10,
    8.011967830029255e-11,
    3.5179601878772324e-11,
    2.0263773286845143e-11,
    9.386056058890158e-12,
    5.4806351608894135e-12,
    2.897175519759196e-12,
    1.4812050187514509e-12,
    8.118711918512342e-13,
    3.8699460956721356e-13,
    2.124738995528876e-13,
    1.213807547645764e-13,
    7.028701073753347e-14,
    6.292308105914882e-14,
    5.3848621324123005e-14,
    4.2556946662046477e-14,
    3.681363318849265e-14,
    3.6576112784970256e-14,
    3.204889418573417e-14,
    3.164163488075303e-14,
    3.062535344372525e-14,
    3.171896047866262e-14,
    2.905438921240031e-14,
    2.85777058058251e-14,
    2.880763927558586e-14,
    2.627152957389178e-14,
    2.8579055848675686e-14
  ],
  "rk": [
    1.0,
    0.10148840785475782,
    0.002165639081422221,
    0.00012077356425652536,
    7.066932057052996e-05,
    3.38939578828367e-05,
    1.9794224628223015e-05,
    9.055928307853319e-06,
    5.277315860008863e-06,
    3.0874814969259306e-06,
    1.4783926115033964e-06,
    2.717778277467988e-07,
    9.668335892140197e-08,
    6.044626059780741e-08,
    2.2511459017846282e-08,
    1.3805042766628037e-08,
    8.048359522115053e-09,
    4.517042675824559e-09,
    1.9003613130349593e-09,
    1.0605140244513184e-09,
    5.285415787026537e-10,
    3.140517123051919e-10,
    1.7560495593936677e-10,
    1.0181800189200132e-10,
    5.5404742503204683e-11,
    3.011739712664915e-11,
    1.5200900774699653e-11,
    6.673646804136889e-12,
    4.217194777836835e-12,
    2.549969957640834e-12,
    9.515548714838656e-13,
    5.751753087273713e-13,
    2.769912500160239e-13,
    1.4383530581206748e-13,
    7.74119364707843e-14,
    4.509294594352089e-14,
    2.6213286214414222e-14,
    1.0567191495660058e-14,
    5.430751853735418e-15,
    3.2451265971840065e-15,
    4.244080630882062e-15,
    1.4471965973540806e-15,
    3.648016618101796e-15,
    3.635842478650184e-15,
    3.451459051981247e-15,
    3.4522635939182606e-15,
    3.3186073796927093e-15,
    3.2281006683347884e-15,
    3.3123581001544842e-15,
    3.362084357494514e-15,
    3.2550537893982932e-15,
    3.258634836471485e-15,
    3.3132847693645836e-15,
    3.137157870180688e-15,
    3.1509034008845574e-15
  ],
  "exit_code": 41,
  "iters": 54,
  "mtx": "orsreg_1",
  "method": "max-st_alt-o-repeat_m3",
  "x_id": "sine"
}