{
  "fre": [
    0.14671922330692733,
    0.010782165246066629,
    0.0037173295549985806,
    0.0025633602683353576,
    0.002050676650453093,
    0.0011246070288609053,
    0.0005756169898137703,
    0.00039126895094980144,
    0.0002906334110238739,
    0.00015499931156108602,
    4.335014944792911e-05,
    8.730468428719158e-06,
    3.721588507928851e-06,
    2.438904495360831e-06,
    1.0543666436303166e-06,
    7.649426124998517e-07,
    4.712993165654718e-07,
    2.4769804048038866e-07,
    1.0972376726142497e-07,
    6.054036174991857e-08,
    4.508461340323241e-08,
    2.8791696477849038e-08,
    1.773151509723595e-08,
    1.2092761688987392e-08,
    6.709448500628686e-09,
    2.8743032292018112e-09,
    1.470449732349916e-09,
    7.96819260781088e-10,
    3.0381158068609324e-10,
    2.0020625120269773e-10,
    1.3084193010265125e-10,
    7.819138438378461e-11,
    4.325044050596759e-11,
    2.396487108097857e-11,
    1.4034604196076827e-11,
    8.14568410083346e-12,
    5.5259157579379954e-12,
    2.5196261631497076e-12,
    1.0856650801390281e-12,
    5.240494062755599e-13,
    4.0473215505361286e-13,
    2.515461022353067e-13,
    1.6702841834744937e-13,
    1.0698043879866172e-13,
    5.975424570430907e-14,
    4.36997860999912e-14,
    3.7949127570375153e-14,
    3.537299688420659e-14,
    3.516680687914129e-14,
    3.101245489241813e-14,
    3.044333545933345e-14,
    3.178393344506352e-14,
    2.8870790699656303e-14,
    2.7674005320858188e-14,
    2.9340331867255146e-14,
    2.854884898743701e-14,
    2.821653073180715e-14,
    2.7719017953792344e-14,
    2.6996790193614766e-14
  ],
  "rk": [
    1.0,
    0.2514387311161174,
    0.008698705786407322,
    0.0007581674069596379,
    0.00012601460690174967,
    6.160501349866492e-05,
    3.651259301441043e-05,
    1.717193721765926e-05,
    9.766181984678838e-06,
    6.3495822467575485e-06,
    4.1382655143449515e-06,
    1.565455549895799e-06,
    3.514565164533995e-07,
    1.2510623433678237e-07,
    8.08047855958246e-08,
    3.372143066838411e-08,
    1.978905936760342e-08,
    1.1864051428064282e-08,
    7.280924658302289e-09,
    3.3540810917640596e-09,
    2.075960598384914e-09,
    1.4013308791550656e-09,
    8.164396829483897e-10,
    4.6560709098442736e-10,
    2.91336275456048e-10,
    1.859807297990198e-10,
    9.086181175457194e-11,
    4.868572057348684e-11,
    2.568197948876766e-11,
    1.1341871020001192e-11,
    5.907737135462395e-12,
    3.725240164327918e-12,
    1.9920774568615115e-12,
    1.1901852203367031e-12,
    7.03335888996403e-13,
    4.2602525293509933e-13,
    2.1668157529569116e-13,
    1.4177197007136619e-13,
    7.667288362508755e-14,
    3.8728071547057736e-14,
    2.0323848739223972e-14,
    1.294701903475941e-14,
    6.996793720066988e-15,
    4.229958683211651e-15,
    2.8762560972854794e-15,
    1.5838526910735247e-15,
    3.8727604335191915e-15,
    1.0556844679889833e-15,
    3.5365349068983e-15,
    3.328938437133266e-15,
    3.1243282155777447e-15,
    3.2627297217965125e-15,
    3.1264087134278816e-15,
    3.044642244582284e-15,
    3.202193071144562e-15,
    3.0878212029901054e-15,
    3.0690820236339073e-15,
    3.0952288946999242e-15,
    3.151004279523596e-15,
    3.2467267033407897e-15
  ],
  "exit_code": 46,
  "iters": 59,
  "mtx": "orsreg_1",
  "method": "max-st_alt-o-repeat_m2",
  "x_id": "sine"
}