{
  "fre": [
    0.47700979856773623,
    0.1213696831091366,
    0.09006310170283173,
    0.026702510980647125,
    0.012808160553098883,
    0.005953804112795829,
    0.0016616916153105884,
    0.0010079386001570158,
    0.0008356457590032556,
    0.0006131702230737326,
    0.0005445474959224771,
    0.00041056831105334393,
    0.00029752833768275993,
    0.0002011125668957486,
    8.154577418843896e-05,
    5.135781060953403e-05,
    3.064909311099925e-05,
    1.2226557545187872e-05,
    3.6161709413908516e-06,
    1.6469367590486647e-06,
    1.4373011832587418e-06,
    1.1125245682157466e-06,
    8.583008465053689e-07,
    5.800876748085797e-07,
    3.2947661349164916e-07,
    1.7324749684108894e-07,
    1.1556635659926095e-07,
    5.45163932385313e-08,
    2.7007513271273805e-08,
    1.3525673837470526e-08,
    9.342688552332898e-09,
    7.2814761981981595e-09,
    5.089742604476572e-09,
    2.351739986513155e-09,
    1.0384315628082925e-09,
    5.810227432154742e-10,
    4.2476766099570924e-10,
    3.144085654741765e-10,
    1.8488596249071578e-10,
    8.103287458397648e-11,
    7.137202423959973e-11,
    5.569513524352809e-11,
    3.776643079829283e-11,
    2.150216569337052e-11,
    9.768330654453568e-12,
    5.2785463360214565e-12,
    3.5658010522482315e-12,
    2.3108432758809055e-12,
    1.3350027935687098e-12,
    6.635395889253995e-13,
    3.9789256172654437e-13,
    2.047168137750975e-13,
    1.0580543839043687e-13,
    6.916720980370274e-14,
    5.6627491505214006e-14,
    4.749832403466686e-14,
    4.345795701852315e-14,
    3.7834481648257615e-14,
    3.722233450220397e-14,
    3.6083186780741334e-14,
    3.4270659703042106e-14,
    3.3876471226124234e-14,
    3.243028512396906e-14,
    3.329996704966348e-14,
    3.419087109172302e-14,
    3.195974128584818e-14,
    3.0985375972542246e-14,
    2.8440287530900337e-14
  ],
  "rk": [
    1.0,
    0.5208715308950306,
    0.07573922311759376,
    0.030227288978901215,
    0.011752266481859456,
    0.004950857156642974,
    0.0017602382045484128,
    0.0007064370737538919,
    0.00019787680137773898,
    0.00010178948782085752,
    2.6370077313918932e-05,
    1.3226794332686726e-05,
    8.305821837989188e-06,
    5.5926481903408725e-06,
    4.155066105785008e-06,
    1.9044586896413629e-06,
    1.203111129901458e-06,
    7.194591905978043e-07,
    3.6457027835616374e-07,
    1.8108791056150558e-07,
    8.318940678729654e-08,
    4.883818098788189e-08,
    2.5132099215024933e-08,
    1.761055788867826e-08,
    1.1624085703135714e-08,
    7.3819296628342294e-09,
    4.210633777059973e-09,
    2.825462731278742e-09,
    1.5906712263314971e-09,
    9.122344442454453e-10,
    4.6488917265496393e-10,
    2.3219030041478428e-10,
    1.519471927435099e-10,
    1.0816288296955715e-10,
    6.285054629413686e-11,
    3.23841021401557e-11,
    1.629531388841655e-11,
    9.610927389647528e-12,
    6.8018925242252335e-12,
    4.419180312927195e-12,
    2.3674937126166746e-12,
    1.5800262156096255e-12,
    1.1164417155010642e-12,
    7.551874787920387e-13,
    5.014523206420965e-13,
    2.6615350774563937e-13,
    1.440642566296697e-13,
    8.470329336074275e-14,
    5.451558132352658e-14,
    3.5040930910227374e-14,
    1.9266853861673948e-14,
    1.240976635306817e-14,
    6.70397689840979e-15,
    3.4725894910363364e-15,
    1.7640518830830287e-15,
    1.0826215858837162e-15,
    3.827961506681109e-15,
    3.316068432895086e-15,
    3.3278916419827173e-15,
    3.329626565485079e-15,
    3.2997731542558145e-15,
    3.28164443319985e-15,
    3.219596276205359e-15,
    3.12045916907522e-15,
    3.2585462486485964e-15,
    3.2544971015127438e-15,
    3.1618920869894037e-15,
    3.1767820625214372e-15,
    3.2595306809620764e-15
  ],
  "exit_code": 55,
  "iters": 68,
  "mtx": "orsreg_1",
  "method": "max-lf_alt-o-repeat_m2",
  "x_id": "sine"
}