{
  "fre": [
    0.925747059460858,
    0.9299336757922613,
    0.9300350433813688,
    0.930057158804779,
    0.9300585232298523,
    0.930046157445872,
    0.9299960548008365,
    0.9295330589271377,
    0.920315568065902,
    0.7371348256277483,
    0.5959516123999798,
    0.5433661454617005,
    0.48377334148440154,
    0.4053715143344736,
    0.3210093587390006,
    0.23339644772202917,
    0.1452227139341897,
    0.06639515169650498,
    0.018073861960674453,
    0.0043940825890208405,
    0.003273818209704647,
    0.002995404100882753,
    0.002957004071064883,
    0.00295593539813751,
    0.002940492543791845,
    0.00294001709446436,
    0.002810506791958472,
    0.0019438243447967303,
    0.0010951447509040312,
    0.0008207935607421871,
    0.00047366298610905755,
    0.00014791860913785152,
    6.0663909614768116e-05,
    2.9097161559943944e-05,
    1.5201711783421582e-05,
    8.277220694676539e-06,
    5.2731085967343655e-06,
    3.669711922480053e-06,
    1.2889242157690965e-06,
    1.2716039609577128e-07,
    1.11132927275005e-07,
    1.0413333646641762e-07,
    9.609601322854043e-08,
    8.705056262907909e-08,
    8.348710493919444e-08,
    8.341904958804583e-08,
    8.291673688564372e-08,
    7.174892211708395e-08,
    1.7320908914738574e-08,
    1.9869076832167164e-08,
    1.701057747928548e-08,
    1.2927591073481262e-08,
    7.00354431670091e-09,
    2.7875063227617064e-09,
    1.163651006168969e-09,
    6.861494113731746e-10,
    4.0961418014794167e-10,
    1.608583469493985e-10,
    3.7809958815733976e-11,
    2.5115478892822916e-11,
    2.33691886779335e-11,
    2.3347935280387715e-11,
    2.334821096898526e-11,
    2.334358832064524e-11,
    2.3341050716309852e-11,
    2.3326217631283104e-11,
    2.3220310918718706e-11,
    2.1340893771972888e-11,
    1.1147213219183572e-11,
    8.625971243637827e-12,
    6.339066059354295e-12,
    3.59283244712678e-12,
    1.3800454964662616e-12,
    5.683278516651543e-13,
    2.3417506371740867e-13,
    1.059022977546123e-13,
    6.205078196406112e-14,
    4.2734550885621914e-14,
    2.2743761512112174e-14,
    5.0092346937559895e-15,
    4.5515558993326324e-15,
    4.527536904125228e-15,
    4.527368644772834e-15,
    4.526590248958505e-15,
    4.526456441512613e-15,
    4.523978219547554e-15,
    4.517181441084728e-15,
    4.392219970340861e-15,
    2.800466861973445e-15
  ],
  "rk": [
    1.0,
    0.5272468067431308,
    0.5205195728972238,
    0.5204947362256271,
    0.5204240761917233,
    0.5204240288586779,
    0.5204064356559474,
    0.520381981086898,
    0.5201220759140244,
    0.5153878874807715,
    0.39838510069846533,
    0.188497952323102,
    0.12845096833933342,
    0.09538464287786692,
    0.06947946678966285,
    0.05147194604042612,
    0.03830622766746148,
    0.026965971291168782,
    0.016479145134169322,
    0.007207729361377672,
    0.001988915324830571,
    0.0007885504773760053,
    0.0007006282687240696,
    0.0006704636268956113,
    0.0006672058780736855,
    0.0006594620790181027,
    0.0006594563930313236,
    0.0006295711503077214,
    0.00047210726962290504,
    0.00019550983578572593,
    0.00015152499682953035,
    0.00010825692807915041,
    6.473680114730839e-05,
    3.495322604274117e-05,
    1.7961271493914145e-05,
    8.336445915382016e-06,
    3.727184614213244e-06,
    1.548641763961829e-06,
    7.518763320420576e-07,
    3.5353551559298554e-07,
    4.923970846108431e-08,
    4.434059389888812e-08,
    4.25151570675483e-08,
    4.031879450690611e-08,
    3.7677144796463155e-08,
    3.648619591761068e-08,
    3.644165093294462e-08,
    3.636181946119995e-08,
    3.428119845518334e-08,
    1.5591447235803286e-08,
    7.494863149860626e-09,
    5.397685008614616e-09,
    3.8854352223823455e-09,
    2.3012612999005625e-09,
    1.0926378906211928e-09,
    5.06073433759737e-10,
    3.124501736936751e-10,
    1.948811873053556e-10,
    9.137595453736659e-11,
    2.694035489716034e-11,
    6.04629016834001e-12,
    5.329971027373538e-12,
    5.3284927836780165e-12,
    5.328478815372696e-12,
    5.32603167534197e-12,
    5.325718895364666e-12,
    5.32239183534578e-12,
    5.304200051471049e-12,
    4.982495872320134e-12,
    2.5568807300510333e-12,
    1.6977721835403514e-12,
    1.371024076097497e-12,
    9.900386961134216e-13,
    5.569834806926406e-13,
    2.832797186608374e-13,
    1.2524714014438854e-13,
    4.6905952924262287e-14,
    1.5864044116061857e-14,
    7.45522100117498e-15,
    4.350098961460088e-15,
    1.936149699901939e-15,
    1.2223413726143608e-15,
    1.217773447824887e-15,
    1.2161939453074282e-15,
    1.2156460323970159e-15,
    1.215637762022849e-15,
    1.214036199141687e-15,
    1.212302999213258e-15,
    1.1881638721201426e-15,
    1.565595791639404e-15
  ],
  "exit_code": -1,
  "iters": 89,
  "mtx": "pde2961",
  "method": "max-st_alt-o-repeat_m4",
  "x_id": "ones"
}