{
  "fre": [
    0.02467129317104417,
    0.013433238245230962,
    0.013291317245709174,
    0.013480654463534934,
    0.013538032460603203,
    0.01357800491015477,
    0.013576971076223491,
    0.01355940520078676,
    0.013007271502270911,
    0.005871015094497502,
    0.0020476892283829147,
    0.0016583593185902858,
    0.001334478537102965,
    0.0010791013574098715,
    0.000848073711770414,
    0.0006406940053790831,
    0.0004984768443239584,
    0.0003986993944798047,
    0.0002474624326051545,
    9.832139600026e-05,
    6.36539983156571e-05,
    4.966043979686367e-05,
    4.9945561856360594e-05,
    4.931567372856884e-05,
    4.81502756276773e-05,
    4.241368165571672e-05,
    2.9493818240671257e-05,
    2.380729085538795e-05,
    1.6230676934826426e-05,
    1.0648644466303938e-05,
    3.4895376293759406e-06,
    1.1563474912245684e-06,
    6.645142639542716e-07,
    3.852635753273941e-07,
    1.583886456439853e-07,
    7.617453799879549e-08,
    4.232551494138661e-08,
    2.2610106679050057e-08,
    7.657893721550691e-09,
    5.7485511934956356e-09,
    5.436956566227774e-09,
    5.421499512614687e-09,
    5.430297703904479e-09,
    5.320168231175882e-09,
    4.6999754056641775e-09,
    3.774576324141536e-09,
    3.1319645876130917e-09,
    1.6863870217475263e-09,
    1.2237720577995704e-09,
    6.383949457833559e-10,
    3.176178778236978e-10,
    1.2936081428696883e-10,
    5.7228846172338006e-11,
    2.971793378546746e-11,
    1.3482522353945607e-11,
    4.753761828798686e-12,
    2.1421357219559838e-12,
    8.325938261479485e-13,
    3.357909038989541e-13,
    1.4445474423672788e-13,
    1.1046555320485644e-13,
    9.025962168542078e-14,
    7.636722142916993e-14,
    7.626050569512023e-14,
    7.351029402596416e-14,
    7.04339716309567e-14,
    5.824242189389993e-14,
    3.07933885739424e-14,
    2.800521480900347e-14,
    2.100795580671745e-14,
    1.5516863916815794e-14,
    6.809548100425354e-15
  ],
  "rk": [
    1.0,
    0.011119400807280654,
    0.004004436396774527,
    0.003320823763291693,
    0.003200148306977353,
    0.0031521318936364937,
    0.0031403427680794203,
    0.0031305978691322962,
    0.003129815568979456,
    0.003047910626745046,
    0.0018434276214122564,
    0.00030219884580859135,
    0.00012270834292947192,
    8.392945187538923e-05,
    6.18011724984134e-05,
    4.9624772762436226e-05,
    3.8824504270150925e-05,
    2.9671439550405436e-05,
    2.341836156676251e-05,
    1.601506975329302e-05,
    7.495455449606467e-06,
    3.932330392966208e-06,
    3.020471806631482e-06,
    3.0131567782002186e-06,
    2.978600245709213e-06,
    2.918420908331973e-06,
    2.643514241885649e-06,
    1.7817665203311021e-06,
    1.33599795864382e-06,
    1.0034466400964967e-06,
    6.459882652915081e-07,
    3.090240596396916e-07,
    1.0431877972520473e-07,
    4.5811578098079915e-08,
    2.2376270271467493e-08,
    8.65189971724573e-09,
    3.0229090952920523e-09,
    1.436995137141475e-09,
    4.990720634650565e-10,
    2.2000923547008499e-10,
    1.659087611755244e-10,
    1.5367461806579737e-10,
    1.532101499256638e-10,
    1.52927170824412e-10,
    1.477387925130792e-10,
    1.187480154009031e-10,
    8.361925520543818e-11,
    7.001126980726213e-11,
    4.474558496302208e-11,
    3.532920760713622e-11,
    2.477712203750571e-11,
    1.669056515474993e-11,
    9.338186629480221e-12,
    4.254699172909836e-12,
    1.7266578908302887e-12,
    7.017371979738475e-13,
    2.221613187126106e-13,
    9.996667732251657e-14,
    4.270550786706557e-14,
    1.8118795476868173e-14,
    9.275023752986871e-15,
    6.3835369069062975e-15,
    5.387054008990808e-15,
    4.953746861418957e-15,
    4.953639597976986e-15,
    4.804384305019097e-15,
    4.724302890400624e-15,
    4.43582381771915e-15,
    3.1986207144462214e-15,
    2.5979004850859442e-15,
    1.7565357312202265e-15,
    1.1963723316972282e-15,
    6.85243112491779e-16
  ],
  "exit_code": 0,
  "iters": 72,
  "mtx": "pde2961",
  "method": "max-lf_alt-o-repeat_m4",
  "x_id": "sine"
}