{
  "fre": [
    0.0297315226195153,
    0.016266124949961554,
    0.01639709194813983,
    0.0166692532778389,
    0.01674762000596222,
    0.01679558323183291,
    0.01679313442941782,
    0.016766217902273128,
    0.01602010975206418,
    0.006846335725104479,
    0.0027352733587574663,
    0.0022939806011517596,
    0.0018803172417885998,
    0.0015127088966801945,
    0.0011587270875618937,
    0.0008387002601807235,
    0.0006319667508136695,
    0.0005306870224391873,
    0.000433468544621292,
    0.00026604275357599617,
    0.00023242308102213106,
    0.000196809346818996,
    0.0001947158059278111,
    0.00019295901861114995,
    0.0001872607217344037,
    0.0001553023691985824,
    0.000103477563389277,
    7.941560033649982e-05,
    4.600522345910112e-05,
    2.5009178156979472e-05,
    7.424884833504493e-06,
    3.8121670475769816e-06,
    1.594718982796432e-06,
    7.095571912277422e-07,
    3.307039812548063e-07,
    1.7848941771985072e-07,
    8.66910429717969e-08,
    4.311800372268101e-08,
    1.2645260953797657e-08,
    9.617598894314541e-09,
    9.104622896132343e-09,
    9.071949925219077e-09,
    9.076203908283511e-09,
    8.80283597624718e-09,
    7.40971617730931e-09,
    6.2484704600856306e-09,
    4.4457402552775576e-09,
    2.6624521695495547e-09,
    1.736589011389104e-09,
    8.177023227453018e-10,
    2.973265833700643e-10,
    1.2109631389826062e-10,
    6.409361210221387e-11,
    3.6997708051609624e-11,
    1.3238696926242964e-11,
    5.577136728015687e-12,
    1.359761754121383e-12,
    3.4464983047386205e-13,
    2.0722461414630107e-13,
    1.3510129957245667e-13,
    1.190312602535362e-13,
    1.0930545869734929e-13,
    1.101595974754412e-13,
    1.0406345675402417e-13,
    9.767307121121989e-14,
    9.170449783458477e-14,
    7.453303821914169e-14,
    5.931731880673378e-14,
    5.068061132702245e-14,
    3.029151563734602e-14,
    9.999973702422679e-15
  ],
  "rk": [
    1.0,
    0.011385164373451565,
    0.004064422232950659,
    0.0034004264670613234,
    0.0032905801199359986,
    0.0032470235256098225,
    0.0032368799788835877,
    0.003227748228671985,
    0.003226614183886825,
    0.0031381821507766145,
    0.0018618908423852418,
    0.00029811834395279213,
    0.00011315559722116695,
    7.196722560131016e-05,
    4.86824467883737e-05,
    3.738608758160816e-05,
    2.7123050187927366e-05,
    1.8116402681532407e-05,
    1.2223798066727823e-05,
    9.335993890096254e-06,
    6.312246732910375e-06,
    4.652834378559886e-06,
    4.0678471675226e-06,
    4.0558171472941905e-06,
    4.02913352922958e-06,
    3.9466497227463e-06,
    3.4946434246471196e-06,
    2.5464823636119976e-06,
    2.093854875432225e-06,
    1.5565212636787067e-06,
    1.0886316191438987e-06,
    4.209211993074695e-07,
    2.045996178369658e-07,
    8.954473074245341e-08,
    3.6065570839139754e-08,
    1.1332359266844218e-08,
    4.577651304927996e-09,
    2.122948512533859e-09,
    1.144362604251619e-09,
    3.751157599412371e-10,
    2.880702557207161e-10,
    2.615988872810204e-10,
    2.6095338653777627e-10,
    2.591934082238866e-10,
    2.4029259028355804e-10,
    1.6301655896706286e-10,
    1.1563920986499806e-10,
    8.69579181656811e-11,
    5.481043995810739e-11,
    4.001833754343841e-11,
    2.560798483149397e-11,
    1.5464387893454346e-11,
    8.873293323122178e-12,
    3.702256910752922e-12,
    1.5054951374864822e-12,
    4.576864721087134e-13,
    2.1642795341406017e-13,
    8.599683501966538e-14,
    3.0503842675900124e-14,
    1.4024431906229507e-14,
    6.3070953627820595e-15,
    4.2682824255176974e-15,
    3.921390940314694e-15,
    3.8542023862661326e-15,
    3.51089228572734e-15,
    3.2989540801003338e-15,
    3.1864590400026777e-15,
    2.7246821295567457e-15,
    1.9410806025425952e-15,
    1.5470331712412884e-15,
    1.105679727931803e-15,
    5.371889256387929e-16
  ],
  "exit_code": 0,
  "iters": 71,
  "mtx": "pde2961",
  "method": "max-st_alt-o-repeat_m4",
  "x_id": "sine"
}