{
  "fre": [
    0.21305586468793086,
    0.19514684168283009,
    0.19150177917016672,
    0.1911255595914416,
    0.18963407596714366,
    0.18955360273600255,
    0.18930336901978084,
    0.18440743499617937,
    0.14652782619023264,
    0.08056035697715602,
    0.04697405901553717,
    0.030852974723397396,
    0.02285544061356272,
    0.017389602331442704,
    0.013508759889885608,
    0.009945398899785117,
    0.007190369152363375,
    0.004993140075677707,
    0.0028095239317877823,
    0.0012051649268649586,
    0.0005539691271663754,
    0.0005535475134529809,
    0.000551187165253414,
    0.0005466878842470067,
    0.0005395296269208335,
    0.0005194084546049647,
    0.00040620136511518664,
    0.00015879166533362758,
    6.671899712223352e-05,
    3.6800305435284114e-05,
    2.473205578788624e-05,
    1.911891015197962e-05,
    1.5227334731759905e-05,
    1.2299738332925565e-05,
    9.870109183038226e-06,
    7.322843769913088e-06,
    4.714145331526766e-06,
    2.2565298206790575e-06,
    1.2799124387208517e-07,
    1.3554820517700264e-07,
    1.3181431303898714e-07,
    1.3207282636510794e-07,
    1.3209269196905377e-07,
    1.3177559894371924e-07,
    1.316105652504482e-07,
    1.3010278695914123e-07,
    1.1832007045479857e-07,
    6.530072800870071e-08,
    3.0424455641396096e-08,
    1.675601098655817e-08,
    1.0402271587115153e-08,
    7.462684035223445e-09,
    5.709715448431431e-09,
    4.714617222351944e-09,
    3.999261468390859e-09,
    3.147760101324519e-09,
    2.2154450419026354e-09,
    1.1026803127758652e-09,
    4.4029335933160127e-10,
    9.149680011028777e-11,
    7.707741184500021e-11,
    7.708408952034997e-11,
    7.700867462413058e-11,
    7.678687409251059e-11,
    7.655308526763421e-11,
    7.585917501909422e-11,
    7.108842142458236e-11,
    4.137305389166186e-11,
    1.772497166166877e-11,
    9.711261122113732e-12,
    6.406081166582488e-12,
    4.950724087770196e-12,
    3.864126737998653e-12,
    3.0013708751905042e-12,
    2.14952809333917e-12,
    1.6040735585693558e-12,
    1.151743416957633e-12,
    6.029453282774246e-13,
    2.479975537170096e-13,
    4.3827499083149054e-14,
    3.681322132002526e-14,
    3.681021798603197e-14,
    3.677929031461476e-14,
    3.670684057264556e-14,
    3.664350467396453e-14,
    3.640091208244935e-14,
    3.448519861917204e-14,
    2.1726375851135714e-14,
    9.903858215880632e-15,
    5.283189819902785e-15,
    3.2379040421874818e-15
  ],
  "rk": [
    1.0,
    0.06047344695960113,
    0.05465123835857254,
    0.05318858215192778,
    0.05305423602883962,
    0.052563355712627956,
    0.052517042458602975,
    0.052421690058052285,
    0.05069470447349697,
    0.040267271383153266,
    0.022536786883135786,
    0.01400061728284128,
    0.010067884034376924,
    0.007751738442136262,
    0.005887097230450814,
    0.00436156643711594,
    0.0031702649172890137,
    0.0022640125331276286,
    0.0013348829948867818,
    0.0005815756656845418,
    0.00019716222297169357,
    0.00011723281248385922,
    0.00011719973132737942,
    0.00011705446680774083,
    0.000116358846991021,
    0.00011531775550360486,
    0.00011193180174868695,
    9.24044252357212e-05,
    4.0369353647370014e-05,
    1.7309605884795043e-05,
    9.204331798806361e-06,
    5.731415656217936e-06,
    4.343125329599309e-06,
    3.4920187024502637e-06,
    2.8338528298681554e-06,
    2.407372626177389e-06,
    1.8963684826278308e-06,
    1.0733860904699295e-06,
    3.96418802183531e-07,
    3.5126378473102816e-08,
    3.051670558295293e-08,
    3.0007663176559116e-08,
    2.9995190319750205e-08,
    2.997396786540289e-08,
    2.995110150579091e-08,
    2.987640983839624e-08,
    2.960953107033079e-08,
    2.730918905466902e-08,
    1.636226173104288e-08,
    8.277946191609405e-09,
    5.028714285954973e-09,
    3.4957932801992456e-09,
    2.6782839086597125e-09,
    2.106767512362849e-09,
    1.711983423894173e-09,
    1.3915801693325858e-09,
    1.0421842694951324e-09,
    5.597226485197989e-10,
    2.2399932958664845e-10,
    7.185178310290017e-11,
    1.653179623212915e-11,
    1.4779767146619968e-11,
    1.4776767618398065e-11,
    1.4771828465287918e-11,
    1.474916757372925e-11,
    1.4720001204277127e-11,
    1.4626137104648343e-11,
    1.3976108052261092e-11,
    9.489394130063056e-12,
    4.67755468054539e-12,
    2.7104219179964653e-12,
    1.8938913652038613e-12,
    1.5031546630922326e-12,
    1.1919551972929833e-12,
    9.113353227608388e-13,
    7.131506367636606e-13,
    5.32790934476861e-13,
    2.9742316038420156e-13,
    1.2361898964175989e-13,
    4.1328420295411224e-14,
    9.054326684596125e-15,
    7.846751397903358e-15,
    7.846727575813794e-15,
    7.843918885015632e-15,
    7.833696872785957e-15,
    7.821741639103032e-15,
    7.77624642322182e-15,
    7.439850644752377e-15,
    5.08981234194625e-15,
    2.5046652914713216e-15,
    1.3882789153323997e-15,
    9.05808025678164e-16
  ],
  "exit_code": 0,
  "iters": 91,
  "mtx": "pde2961",
  "method": "max-st_alt-o-repeat_m4",
  "x_id": "randn"
}