{
  "fre": [
    0.9268268739623725,
    0.931011003102435,
    0.931105652968346,
    0.9311274954790074,
    0.9311283715316595,
    0.9311160006353435,
    0.9310652873088717,
    0.9305985407125871,
    0.9213039447707142,
    0.7373121728007669,
    0.5964964913325396,
    0.5439208010807199,
    0.48432001133192587,
    0.4059087853121153,
    0.32152321997944616,
    0.2338607856137324,
    0.14555173972084431,
    0.06650950652157703,
    0.01796898272730288,
    0.00420730440933145,
    0.0031145665567117948,
    0.002874458298056906,
    0.0028342050102743988,
    0.0028316792549127347,
    0.0028151038168914987,
    0.002817500771320875,
    0.002698980389542326,
    0.002016809415451362,
    0.0011363643857704837,
    0.0008541506999681059,
    0.0005791705449619881,
    0.0001926955043433587,
    7.391974881091979e-05,
    3.331180526620926e-05,
    1.7080308982204598e-05,
    8.941981270108363e-06,
    5.570373862751239e-06,
    3.966440299073455e-06,
    1.6607327832909447e-06,
    1.2044591039195747e-07,
    1.0545492781335486e-07,
    9.928660924231961e-08,
    9.620131743025972e-08,
    9.595799313174783e-08,
    9.59590302011824e-08,
    9.587047371324509e-08,
    9.5321684191995e-08,
    8.542571084897074e-08,
    1.396914213791696e-08,
    1.2665128423278632e-08,
    1.2187100467862165e-08,
    1.0931871656952381e-08,
    8.449705675915116e-09,
    5.066064872557638e-09,
    2.39934344567806e-09,
    1.2223102736783314e-09,
    6.238384711466871e-10,
    2.2153442551686683e-10,
    5.445319915221205e-11,
    2.7214217975425512e-11,
    2.1967178735232572e-11,
    1.9749367991775414e-11,
    1.9103492422028938e-11,
    1.8752703763790537e-11,
    1.8710828922714434e-11,
    1.8710989814812138e-11,
    1.8701124659740235e-11,
    1.8621254170070628e-11,
    1.716888635065246e-11,
    7.858418703250783e-12,
    5.6376540124019656e-12,
    4.15258278530674e-12,
    2.3461323708287507e-12,
    8.840265094021491e-13,
    3.9265303766379533e-13,
    1.7915457471742315e-13,
    8.570239522783084e-14,
    5.2091831610018105e-14,
    3.509058732990391e-14,
    1.551753205563636e-14,
    1.3702380189138677e-14,
    1.3593025733245471e-14,
    1.355934890782726e-14,
    1.354541392307499e-14,
    1.3522724747253562e-14,
    1.3527915232647286e-14,
    1.3546550495654906e-14,
    1.2944089857530327e-14,
    8.797358113385133e-15,
    4.312979544882639e-15,
    3.547689915605497e-15
  ],
  "rk": [
    1.0,
    0.5291189075975485,
    0.5224833336693879,
    0.5224618549422072,
    0.5223931677503142,
    0.5223931483340949,
    0.5223756895845764,
    0.5223507780492737,
    0.5220882493541965,
    0.5173017684285226,
    0.39929826291441534,
    0.18868364851249764,
    0.12860378756344776,
    0.09553064964710806,
    0.0696404384989227,
    0.0516440484451756,
    0.03848689809337587,
    0.02714199670285546,
    0.016635380745153316,
    0.007320215836507137,
    0.002023710930746135,
    0.0007894289382825023,
    0.0007095415955005983,
    0.0006778904554969868,
    0.0006734216760204494,
    0.0006640732455082983,
    0.0006638224408521702,
    0.000631405885706758,
    0.0005157132931329385,
    0.00021295085425355206,
    0.00015872544654408006,
    0.00012258298646244115,
    7.299241627697353e-05,
    4.085188006218189e-05,
    2.041447985313061e-05,
    9.524078720145366e-06,
    4.178145505505248e-06,
    1.6795007713897784e-06,
    7.724193935234465e-07,
    3.832279984327395e-07,
    4.315427469844661e-08,
    3.8565476130539425e-08,
    3.6891290238948334e-08,
    3.604413622730669e-08,
    3.5977860079558206e-08,
    3.5977772978160615e-08,
    3.596221199905048e-08,
    3.58730126404352e-08,
    3.418569964725245e-08,
    1.6050262346964073e-08,
    6.100816584248111e-09,
    4.116705690005762e-09,
    3.128698120230913e-09,
    2.2862967583784815e-09,
    1.4725512148504528e-09,
    8.160790284004068e-10,
    4.751393102702303e-10,
    2.7314201176844924e-10,
    1.2423156219666638e-10,
    3.5971926855784815e-11,
    8.95046663991432e-12,
    6.487891263568347e-12,
    5.795490988174262e-12,
    5.5691822358953455e-12,
    5.429352384488808e-12,
    5.4126822236764266e-12,
    5.412415053042354e-12,
    5.4103948381157175e-12,
    5.395012744580408e-12,
    5.118338057612978e-12,
    2.611496117619405e-12,
    1.5564123813560251e-12,
    1.234377112481418e-12,
    8.842589480534534e-13,
    4.789815191718353e-13,
    2.3237454538107496e-13,
    1.0244282252697352e-13,
    4.074174931269545e-14,
    1.5742376664788366e-14,
    8.387499554016668e-15,
    4.609232092657312e-15,
    3.280611587233845e-15,
    3.272742272263962e-15,
    3.249381299812035e-15,
    3.248979296890556e-15,
    3.2447156985219133e-15,
    3.24461994554387e-15,
    3.21660024241965e-15,
    3.0853569415486107e-15,
    2.389317633202323e-15,
    1.088578302441333e-15,
    1.6180851764162744e-15
  ],
  "exit_code": -1,
  "iters": 91,
  "mtx": "pde2961",
  "method": "max-lf_alt-o-repeat_m4",
  "x_id": "ones"
}