{
  "fre": [
    0.43703139636490723,
    0.33988081191936836,
    0.2900709755904919,
    0.22659591741305804,
    0.13027274187377158,
    0.07224057539611418,
    0.05606041701572183,
    0.031135233088998945,
    0.01992143718429507,
    0.010313381522879165,
    0.004685525714487806,
    0.0028410222972213846,
    0.0011155712704242168,
    0.000754162698425869,
    0.0002718141450750644,
    0.00019236589230491648,
    9.685958979471513e-05,
    6.767259255331212e-05,
    2.2229602186123503e-05,
    1.1816570280055358e-05,
    8.977111176728904e-06,
    5.071675756758728e-06,
    3.6516354835090117e-06,
    2.667198067507077e-06,
    2.0179256131777234e-06,
    1.2445669462964165e-06,
    3.987664113275469e-07,
    2.963083293484591e-07,
    1.1581126292494444e-07,
    7.720347736422238e-08,
    3.904695498539562e-08,
    2.3571062399643674e-08,
    1.2487153748628496e-08,
    6.777440289425815e-09,
    3.859214846800788e-09,
    1.9439911672353333e-09,
    1.1725575941610299e-09,
    5.18047857685437e-10,
    2.378244902080436e-10,
    1.3485709466899783e-10,
    1.0941965335830924e-10,
    7.741435700243165e-11,
    4.810425455461715e-11,
    3.3936076566253814e-11,
    2.438255125238506e-11,
    1.1112441603276829e-11,
    7.450914712704777e-12,
    4.265476736052189e-12,
    2.4396669388519598e-12,
    1.1833941771986332e-12,
    6.134435226808924e-13,
    3.2880932249329545e-13,
    1.8162080696120955e-13,
    1.0611613491593043e-13,
    6.485552819892089e-14,
    4.4438567033971503e-14,
    1.780683161656748e-14
  ],
  "rk": [
    1.0,
    0.05404873890269212,
    0.01674261402507207,
    0.010333862409353953,
    0.008380641518087428,
    0.005407784535392238,
    0.002828918010448262,
    0.002172109777677605,
    0.0013051563292809424,
    0.0007985703585106629,
    0.00044271483684950146,
    0.00018487824530654794,
    0.00012786056205847557,
    5.294559424281292e-05,
    3.314446199772826e-05,
    1.2780062150580958e-05,
    7.642815990375982e-06,
    3.9719441356223724e-06,
    2.718199474887455e-06,
    1.1048544337744757e-06,
    5.649091404213206e-07,
    4.228677040776588e-07,
    2.189999442785651e-07,
    1.4165960351497578e-07,
    9.413334250965317e-08,
    7.679612670307213e-08,
    5.777782580634654e-08,
    2.131134292136581e-08,
    1.4183966621587972e-08,
    5.610026334844837e-09,
    3.2041492392923005e-09,
    1.756183740330158e-09,
    9.824016621941216e-10,
    5.354824043870188e-10,
    2.8957504548785313e-10,
    1.7362499515661415e-10,
    8.579649086845978e-11,
    5.151577280231275e-11,
    2.437022250464524e-11,
    1.2209291226861618e-11,
    7.359974317392769e-12,
    4.670297131148457e-12,
    2.95585191533693e-12,
    1.9719773601803755e-12,
    1.3819011601982006e-12,
    9.609457176386788e-13,
    4.767742171785367e-13,
    3.201168022351826e-13,
    1.822261029595651e-13,
    1.0399083168490782e-13,
    5.944871533837352e-14,
    3.304226431340779e-14,
    1.78002445477759e-14,
    8.127349721615866e-15,
    4.725083374686664e-15,
    2.4121405361893933e-15,
    1.6606154528031139e-15,
    8.216023601908081e-16
  ],
  "exit_code": 0,
  "iters": 57,
  "mtx": "rdb1250l",
  "method": "max-lf_add_m4",
  "x_id": "ones"
}