{
  "fre": [
    0.439880207335924,
    0.34999290181096465,
    0.3065264448878504,
    0.2661128150085504,
    0.15935245358407915,
    0.07616726423758577,
    0.05412719041173101,
    0.03455536653668561,
    0.01883613669177972,
    0.010823776354641292,
    0.004191578288207966,
    0.0027928207619376828,
    0.001267573887877217,
    0.0008777640977905035,
    0.00036727364731641574,
    0.00024894610839786317,
    0.00011938521273546604,
    8.153455797885798e-05,
    2.3937612271002512e-05,
    1.3463053074209439e-05,
    1.1415156484686274e-05,
    7.28161696637001e-06,
    5.027491360938539e-06,
    2.7864355652342536e-06,
    2.0147083672249558e-06,
    1.0504849660481445e-06,
    5.594377542890199e-07,
    3.4342235180399885e-07,
    1.7888609305745123e-07,
    1.1465801912132509e-07,
    5.1486234369221725e-08,
    2.673523624741013e-08,
    1.625984995103531e-08,
    7.861594389189137e-09,
    4.7543706222123445e-09,
    2.2625905264964015e-09,
    1.408061521492232e-09,
    7.744075623797723e-10,
    4.2296078339878977e-10,
    2.0913273370437523e-10,
    1.7986454287522007e-10,
    1.243106184918998e-10,
    7.685845156594696e-11,
    5.615916550366032e-11,
    3.3121061064872347e-11,
    1.2725085112083379e-11,
    9.503512282421053e-12,
    7.10069751554152e-12,
    3.9768462145660365e-12,
    1.6553771059505236e-12,
    1.238231856115883e-12,
    5.870831118124055e-13,
    3.589191099669444e-13,
    1.7124456597205936e-13,
    8.204841445935659e-14,
    5.1974483053893846e-14,
    2.1958284259824688e-14,
    1.4059997975914899e-14
  ],
  "rk": [
    1.0,
    0.053748040346814345,
    0.01719443168195365,
    0.011670646295512094,
    0.00964550768767616,
    0.006811141250939285,
    0.0035951544281025987,
    0.0021160024703209173,
    0.00147426090439651,
    0.0007397335339467034,
    0.00044233255060108304,
    0.00017392394147324193,
    0.0001248515539055586,
    5.5701723848213344e-05,
    3.4725269560178266e-05,
    1.4982825422984859e-05,
    9.248084678398023e-06,
    4.710808923738582e-06,
    3.2792179536084726e-06,
    1.2296738251171532e-06,
    5.53064553476226e-07,
    4.6487920928452547e-07,
    3.3995640670342594e-07,
    2.4856568535533045e-07,
    1.0512556221966292e-07,
    7.160122385338246e-08,
    4.356347793832132e-08,
    2.4477179062678088e-08,
    1.5343940106874848e-08,
    7.788438494134119e-09,
    4.690102377005989e-09,
    2.429220724235413e-09,
    1.209219746755241e-09,
    7.921268775903728e-10,
    3.4605376468814777e-10,
    2.1362549880033986e-10,
    9.360710259741894e-11,
    5.885500583939712e-11,
    3.327365782971981e-11,
    1.9584996958059815e-11,
    1.012550198091529e-11,
    7.3862525645082e-12,
    4.7307541179293354e-12,
    2.884468221434709e-12,
    2.1361181299176018e-12,
    1.4071665540046117e-12,
    6.62074041518698e-13,
    4.1051038969782707e-13,
    2.93510867812375e-13,
    1.83015739125601e-13,
    8.101654001559614e-14,
    5.342169170602083e-14,
    2.878397475016328e-14,
    1.4665596323624106e-14,
    7.510259080033266e-15,
    3.375076288803586e-15,
    2.1850786014706717e-15,
    1.035817187734296e-15,
    6.198185817878886e-16
  ],
  "exit_code": 0,
  "iters": 58,
  "mtx": "rdb1250l",
  "method": "max-lf_add_m4",
  "x_id": "sine"
}