{
  "fre": [
    0.30364118009283886,
    0.15744119654001948,
    0.1303494366241859,
    0.10239060774795329,
    0.0759267079008716,
    0.06161356688254125,
    0.038943562094670245,
    0.02217666348853041,
    0.014603039295304631,
    0.006236686401122514,
    0.0024796316208170154,
    0.0012431359078227495,
    0.0009821047964638752,
    0.0003253787083182634,
    0.00016877896254226886,
    0.00012705515391075005,
    6.665528760510909e-05,
    3.4587830101046704e-05,
    1.7880352975447114e-05,
    1.1296649192867876e-05,
    9.379055468307103e-06,
    5.763737312373813e-06,
    3.5158203460070958e-06,
    2.015250765267347e-06,
    1.542628156598064e-06,
    9.18691467085998e-07,
    4.534134448036288e-07,
    2.790183450545855e-07,
    1.4144753754642977e-07,
    9.013129983537871e-08,
    4.022198142333294e-08,
    2.3550073628597268e-08,
    1.617178289240914e-08,
    6.1264787194831914e-09,
    4.083610416359708e-09,
    1.8228064378413799e-09,
    6.64444194704872e-10,
    3.7093009013136607e-10,
    2.5529032192958627e-10,
    1.6319542312331453e-10,
    1.3253487683214088e-10,
    7.492519184845604e-11,
    3.808363437752884e-11,
    2.449817378217408e-11,
    1.6879010312767806e-11,
    1.3666150828463305e-11,
    9.542002385022952e-12,
    3.548446735562779e-12,
    1.9604707055741137e-12,
    1.2211101529128908e-12,
    4.5370028883100105e-13,
    3.0045615876994375e-13,
    1.8832219525924023e-13,
    1.0737146084652899e-13,
    5.713958671477063e-14,
    4.061038488434135e-14
  ],
  "rk": [
    1.0,
    0.04010585494521968,
    0.00793797496196731,
    0.004454522125964861,
    0.0028418870334204374,
    0.0014996177845243435,
    0.0010583883968573432,
    0.0006691985333991992,
    0.0003458927717389926,
    0.00023628744538488683,
    0.00013148948842006455,
    6.8581271763675e-05,
    2.6990334936496318e-05,
    1.8225237448017617e-05,
    8.912564928863851e-06,
    3.6378845488349888e-06,
    2.4093928360765104e-06,
    1.2840546412080313e-06,
    7.15849853363927e-07,
    3.232892910659774e-07,
    2.141076691722825e-07,
    1.698770558322661e-07,
    1.2573751627106357e-07,
    8.67266681783961e-08,
    4.104848435537849e-08,
    2.498434325591396e-08,
    1.6912829406487345e-08,
    9.197632079983631e-09,
    5.478500197150108e-09,
    2.792097854273445e-09,
    1.7635111021453432e-09,
    8.906668565903295e-10,
    3.7185552150086586e-10,
    2.722742527700547e-10,
    1.1428662166279299e-10,
    7.300885037315283e-11,
    4.200088881969473e-11,
    1.7031404377791924e-11,
    7.6048770163832e-12,
    4.450693767786942e-12,
    3.0997698581557344e-12,
    2.2218627631215874e-12,
    1.4441254179712482e-12,
    8.657692260444571e-13,
    5.580218513700885e-13,
    2.911624270736096e-13,
    2.176477247122246e-13,
    1.639327550508018e-13,
    7.969589409430173e-14,
    4.0029992865569376e-14,
    2.6371837848717054e-14,
    1.0451978463077262e-14,
    5.497761516312713e-15,
    3.542049907534527e-15,
    2.1378187961483877e-15,
    1.0490982700979128e-15,
    7.143530362219578e-16
  ],
  "exit_code": 0,
  "iters": 56,
  "mtx": "rdb1250l",
  "method": "max-lf_add_m4",
  "x_id": "randn"
}