{
  "fre": [
    0.21873847889166614,
    0.21887462198000002,
    0.18538962740355427,
    0.09680109769032272,
    0.1135997609637964,
    0.12676194196125098,
    0.08006524830413776,
    0.07995926274736437,
    0.043183884852312074,
    0.05067432160657024,
    0.012663479031300186,
    0.012075764004153042,
    0.011214957208161092,
    0.005969619979280814,
    0.005744754018314173,
    0.003630118753969859,
    0.002537625242482984,
    0.00029101749288988854,
    9.171018226698264e-05,
    3.187582441223281e-05,
    4.193682640441436e-05,
    3.731422882048954e-05,
    4.164720253621313e-05,
    3.8164549405185635e-05,
    3.676975896724388e-05,
    3.164648857101565e-05,
    2.4582254568578067e-05,
    2.260698665546736e-05,
    1.7467802668083628e-05,
    1.4574461484748673e-05,
    9.542454705867307e-06,
    1.0849875297846992e-05,
    5.680134360231395e-06,
    4.314014196409981e-06,
    4.301574439342439e-06,
    6.660896223199029e-07,
    1.4826991999842888e-07,
    5.7602550607966274e-08,
    9.956035399372873e-09,
    1.83086137985727e-09,
    2.088994736697447e-09,
    1.964253168325692e-09,
    1.6019972259899596e-09,
    2.1674766111778295e-09,
    1.9501429913693557e-09,
    1.6724376817142252e-09,
    1.3725243614306202e-09,
    1.1635364998114477e-09,
    1.0621510090598793e-09,
    9.617962021537446e-10,
    3.4708619916171233e-10,
    3.905670095296535e-10,
    3.0139456090677873e-10,
    7.021142673692244e-11,
    3.69415409738568e-11,
    2.0217126693669895e-11,
    5.155766505012696e-12,
    1.8281708931779373e-12,
    5.757034824174739e-13,
    1.3055585197858755e-13,
    1.6570182407725855e-13,
    1.6044618052525653e-13,
    1.4312963757543147e-13,
    1.4609835543705845e-13,
    1.1092895795751471e-13,
    1.2107288170434001e-13,
    7.309715273628264e-14,
    8.073080332165773e-14,
    4.7471027615697616e-14,
    4.9086569544984343e-14,
    2.823936947660756e-14
  ],
  "rk": [
    1.0,
    0.010730334510837393,
    0.010722345676069934,
    0.00958646312939859,
    0.008223314565076707,
    0.006217026065838906,
    0.006142569248278614,
    0.003859277024878961,
    0.002690198265205449,
    0.0019126468056865614,
    0.0018066220368051652,
    0.0006547410418822487,
    0.00035843890168714475,
    0.0003571064437951703,
    0.00018852086763330008,
    0.00018813034450650414,
    9.544844763613417e-05,
    8.770483296467659e-05,
    2.3436913854090207e-05,
    1.0120579290264061e-05,
    2.8314965326873165e-06,
    2.5579013213378324e-06,
    1.7675040642580388e-06,
    1.7437524759223998e-06,
    1.464222317661609e-06,
    1.4605382361232768e-06,
    9.798057522744684e-07,
    9.070682292245353e-07,
    6.671106653746072e-07,
    6.266446825323376e-07,
    4.511723823769311e-07,
    3.8301136004050527e-07,
    2.8187166028581026e-07,
    2.196586276107133e-07,
    1.2505817329462654e-07,
    1.2505685646094325e-07,
    4.423109145158035e-08,
    1.4406289997522733e-08,
    4.021089117673008e-09,
    6.143785485519376e-10,
    1.0838409921097493e-10,
    1.037528240430867e-10,
    9.656514413847063e-11,
    9.449728465779962e-11,
    7.942979955596073e-11,
    7.754649659699405e-11,
    5.0830567146696706e-11,
    4.8155606647793406e-11,
    3.012813435361818e-11,
    2.958113513188849e-11,
    2.4239393935560563e-11,
    1.3109540939086994e-11,
    1.033487722253965e-11,
    9.792402754683683e-12,
    3.924748944637809e-12,
    1.2517919691237362e-12,
    1.0848746406881183e-12,
    4.599442068866939e-13,
    1.2449424911359705e-13,
    3.9506514764942803e-14,
    8.479256838761853e-15,
    7.850845003413635e-15,
    6.656761550015196e-15,
    6.540314631068517e-15,
    4.9459506248394216e-15,
    4.5701762023388735e-15,
    3.501584656644194e-15,
    2.3455543855767784e-15,
    2.1507989768106065e-15,
    1.6243509328519512e-15,
    1.431343448633298e-15,
    9.223449695776104e-16
  ],
  "exit_code": 0,
  "iters": 71,
  "mtx": "rdb3200l",
  "method": "max-lf_add_m4",
  "x_id": "sine"
}