{
  "fre": [
    4.340635298307546,
    1.5216134737425784,
    1.4583382144189105,
    0.6089377783942532,
    0.706236399952596,
    0.4164113855620232,
    0.5444950306300562,
    0.23878285971080881,
    0.3139393134391381,
    0.20895254158895368,
    0.25349380788133585,
    0.06383566727340373,
    0.07206898066741807,
    0.03180811437306918,
    0.010208198083192076,
    0.009684029411457924,
    0.010641062520674274,
    0.0017511633009711024,
    0.0004506715537131299,
    0.00012999811696538642,
    0.00018704708033992034,
    0.00014676551067709757,
    0.00016355455836607053,
    0.00016002834145480586,
    0.00010835932459923154,
    0.00010521074138469927,
    6.749051905316605e-05,
    7.453528766443417e-05,
    6.34145939829749e-05,
    6.607586849782987e-05,
    4.096412755815347e-05,
    3.961708454373481e-05,
    2.536929747884299e-05,
    5.025015106576974e-06,
    4.505313016993861e-06,
    5.088575512586911e-06,
    7.306487829627003e-07,
    2.462429506991316e-07,
    4.37993856908835e-08,
    4.1179149392460054e-09,
    5.047570555845363e-09,
    4.159712941180849e-09,
    4.465003169158007e-09,
    3.1936820844240368e-09,
    4.267278159181996e-09,
    2.378581224557861e-09,
    2.9169047364938702e-09,
    1.2604885431194654e-09,
    1.405456221146527e-09,
    9.208781549573812e-10,
    7.514023368309156e-10,
    4.4929531487398333e-10,
    5.392801966815057e-10,
    2.284161830533513e-10,
    1.8041300090568778e-10,
    1.8209998902394107e-10,
    1.3815705821231749e-11,
    4.565015864515358e-12,
    1.096150026243552e-12,
    2.966716184174542e-13,
    4.1417724877866246e-13,
    3.343018389719669e-13,
    2.9056392917517533e-13,
    3.374205069099658e-13,
    3.237438189277095e-13,
    2.9061121979310263e-13,
    2.1082932605102292e-13,
    1.6976490544045295e-13,
    1.1274693787823044e-13,
    1.1898993857692958e-13,
    8.705862068731962e-14,
    9.657511435087194e-14,
    4.222573493729579e-14,
    2.8199177323773897e-14
  ],
  "rk": [
    1.0,
    0.0960617135106526,
    0.04067349124403083,
    0.03216579523334612,
    0.018111807692937503,
    0.01658847904643374,
    0.012586080046895895,
    0.011988913995682788,
    0.008239220184784483,
    0.006570663475340904,
    0.005255618632631218,
    0.0046361114469947945,
    0.0016333935579913637,
    0.001162149060928463,
    0.0009080828215048789,
    0.00039342894978409477,
    0.00014286389049838856,
    0.00013945621870683852,
    6.43448343389633e-05,
    2.1115904593973983e-05,
    4.837144391791618e-06,
    4.163706731536569e-06,
    3.6597321713735036e-06,
    3.344828391888264e-06,
    2.799264788966561e-06,
    2.4805891943391016e-06,
    1.798472729858177e-06,
    1.3761680413496174e-06,
    1.0668872440918453e-06,
    1.0015317053064764e-06,
    9.315368049664353e-07,
    7.524947498319028e-07,
    5.707870101099578e-07,
    5.068271525311889e-07,
    2.0576455221882014e-07,
    8.429557807652917e-08,
    8.201905601335609e-08,
    2.6183232833868475e-08,
    8.919109123552693e-09,
    1.3072985045312203e-09,
    1.605420872568445e-10,
    1.5361589972666382e-10,
    1.5038513465064378e-10,
    1.495355728511732e-10,
    1.0871477505810026e-10,
    9.459971867457082e-11,
    6.141060643749032e-11,
    5.516981830179704e-11,
    2.9376697509546126e-11,
    2.5834216532618576e-11,
    1.7468334220596878e-11,
    1.7048586040279983e-11,
    8.575389425219469e-12,
    7.489392087500979e-12,
    5.308380779409921e-12,
    2.747942186603991e-12,
    2.747563538196039e-12,
    6.307912429416617e-13,
    2.101066741333494e-13,
    3.7760338557400555e-14,
    1.1757250363982193e-14,
    1.1280043408180131e-14,
    9.124323353500948e-15,
    8.780822330575933e-15,
    6.607855676509444e-15,
    6.584256262061711e-15,
    4.4601326672210675e-15,
    3.981291645386103e-15,
    2.4493465019161716e-15,
    1.9890895735723836e-15,
    1.7901312732842424e-15,
    1.5363231720059158e-15,
    1.4610180888673894e-15,
    1.091049273513777e-15,
    4.537686378680846e-16
  ],
  "exit_code": 0,
  "iters": 74,
  "mtx": "rdb3200l",
  "method": "max-lf_add_m4",
  "x_id": "randn"
}