{
  "fre": [
    0.5032375068606576,
    0.365101419101157,
    0.21345268559693464,
    0.17358641821359555,
    0.16032885499851177,
    0.17280683641440914,
    0.06564265666321721,
    0.052446129956376396,
    0.03632704670253993,
    0.01968076266490354,
    0.021790209434554106,
    0.016938092644198252,
    0.010147782079226415,
    0.00491612576503161,
    0.005395930196493455,
    0.0029312843788410333,
    0.0003270532041432983,
    0.0001851029201261837,
    0.0002133685691654285,
    9.385399341104533e-05,
    0.00010039918323024585,
    9.624384125805644e-05,
    9.748254670286699e-05,
    0.0001064013381901893,
    4.0685684291661245e-05,
    3.511616961812411e-05,
    1.7294200192998827e-05,
    1.444572867726019e-05,
    2.381004805198537e-06,
    1.8093407436004401e-06,
    2.2864962974982083e-06,
    2.0821301840005003e-06,
    4.5297406899923646e-07,
    3.184342796474159e-07,
    3.719905023687605e-07,
    2.974665350266767e-07,
    3.961268458991018e-08,
    4.6926681561011985e-08,
    5.089274967636044e-08,
    1.6883898109053607e-08,
    1.5971572131194996e-08,
    1.5425323971149758e-08,
    1.4704706757211074e-08,
    1.3514241859276536e-08,
    1.4524242116929179e-08,
    1.2306576184000702e-08,
    1.1102809291602112e-08,
    3.6836742317015494e-09,
    2.467763300156612e-09,
    2.0489756874813994e-09,
    1.2207864772393868e-09,
    1.3299064972821862e-09,
    6.476175200100958e-10,
    2.703697396551738e-10,
    3.0881666402592794e-10,
    1.1400028306423044e-10,
    1.1041111872248194e-11,
    1.0002350005926491e-11,
    1.134837141054169e-11,
    6.637186915212375e-12,
    7.08144097749903e-12,
    7.362608045654075e-12,
    7.225915703412645e-12,
    7.097141769300553e-12,
    7.477192630364288e-12,
    2.9824876373335194e-12,
    9.191653522048331e-13,
    9.989581202310173e-13,
    7.078103469574015e-13,
    9.965060087130789e-14,
    9.551576504287146e-14,
    1.0751680930287455e-13,
    9.074246538877113e-14,
    8.222319297781227e-14,
    8.18728598424182e-14,
    2.5244270124480297e-14,
    2.5543722694818547e-14,
    2.1261276204734522e-14,
    6.710612294532883e-15
  ],
  "rk": [
    1.0,
    0.13435399347541938,
    0.103632790310791,
    0.02099501278859807,
    0.019329294011172008,
    0.00753917962106232,
    0.007390485196613508,
    0.004310732988932457,
    0.0028396578003427953,
    0.002516362507505662,
    0.001457609691764529,
    0.0010829476083337116,
    0.0009723015967578529,
    0.000811944728479631,
    0.0003629512745780174,
    0.00024085362778328924,
    0.00020502467308813196,
    5.341790762432758e-05,
    1.3645430740607102e-05,
    1.0459844393372351e-05,
    7.431099468136749e-06,
    7.021039852032446e-06,
    6.69951138983895e-06,
    5.777431991469061e-06,
    5.667037789862142e-06,
    3.0788359701937773e-06,
    2.192299675243614e-06,
    1.6444126147091276e-06,
    1.4712846170114917e-06,
    5.799768828838322e-07,
    1.8716492633891693e-07,
    1.2711758885913766e-07,
    1.2484260805614837e-07,
    5.508915731058876e-08,
    2.2195249392655518e-08,
    1.628982917762213e-08,
    1.522013830167231e-08,
    4.63054804406011e-09,
    2.467462234065926e-09,
    2.3972100355949307e-09,
    1.2041218089659686e-09,
    1.1888797615910313e-09,
    1.1693692767661936e-09,
    1.1513747832722768e-09,
    8.141279936948311e-10,
    7.94077202983215e-10,
    6.365632677509354e-10,
    6.265113002753966e-10,
    3.4607736124313044e-10,
    1.6384482323956177e-10,
    1.575540202686029e-10,
    8.233359265278843e-11,
    5.3640667901759364e-11,
    3.6175504922949284e-11,
    1.6977649965102804e-11,
    1.6173362590565107e-11,
    1.0963744290726016e-11,
    2.269334372827963e-12,
    6.972293875543301e-13,
    5.656694399756501e-13,
    4.686686133004092e-13,
    4.4100232679906736e-13,
    4.324065997994373e-13,
    4.297654590346252e-13,
    4.290228840826683e-13,
    3.8374978312373916e-13,
    2.5717603479320776e-13,
    1.114843427154982e-13,
    7.939501978663397e-14,
    7.364688788769564e-14,
    1.9017038723085747e-14,
    7.128268301893716e-15,
    5.499882186734e-15,
    5.148820340809811e-15,
    4.272832522269523e-15,
    4.2726188571689184e-15,
    1.8559207953653178e-15,
    1.244712449063516e-15,
    1.1933112356377667e-15,
    6.187840384840329e-16
  ],
  "exit_code": 0,
  "iters": 79,
  "mtx": "rdb3200l",
  "method": "max-st_add_m4",
  "x_id": "ones"
}