{
  "fre": [
    0.3241334853953667,
    0.28848314735197805,
    0.23076771523633854,
    0.2683275380649483,
    0.19245760183722774,
    0.2757891294384749,
    0.2619190817240833,
    0.19204439319272826,
    0.13168404170397924,
    0.14935790974508437,
    0.07496137558355741,
    0.07359211406887756,
    0.025366857122838735,
    0.028916374974919175,
    0.0078925102023635,
    0.00942328798392691,
    0.007081699582430676,
    0.0010646369661303644,
    0.0001029914699029558,
    3.6432491469058924e-05,
    6.297743286629552e-05,
    5.904920173196967e-05,
    3.7078456202901864e-05,
    4.0995969505751915e-05,
    4.179235149701714e-05,
    3.627641242914339e-05,
    2.935409531579726e-05,
    3.074021544825029e-05,
    2.4498650147620722e-05,
    2.3458928455680998e-05,
    1.0673300794469725e-05,
    1.1252384670529723e-05,
    7.242132860652775e-06,
    3.702937753757192e-06,
    4.2401141928532765e-06,
    9.456482701667525e-07,
    2.2747273502161372e-07,
    6.183146281966126e-08,
    1.4545811683476926e-08,
    1.044181747638711e-09,
    9.97620542951437e-10,
    6.089614817584382e-10,
    9.04936477779693e-10,
    8.618920179442249e-10,
    6.752467327228213e-10,
    4.844873167259098e-10,
    5.320866205315654e-10,
    2.479849412951251e-10,
    3.2741352560527866e-10,
    1.7966729983813335e-10,
    2.1736262421638833e-10,
    8.581794452545951e-11,
    7.433962529662446e-11,
    8.569058840381936e-11,
    2.3873005177238345e-11,
    2.6572778114600826e-11,
    1.1644459343724276e-11,
    2.0148558958709957e-12,
    2.687396580726374e-13,
    4.658461997326195e-14,
    7.678805165582053e-14,
    7.112820578165807e-14,
    4.4792017755958357e-14,
    5.1882447614799e-14,
    3.616303041307446e-14,
    3.4102619982812655e-14,
    2.3730973326729175e-14,
    2.1947759984497908e-14,
    2.5429400801024736e-14,
    1.674629106826587e-14,
    1.626409780028725e-14,
    1.1498662493319991e-14
  ],
  "rk": [
    1.0,
    0.05951305327308248,
    0.057886878232947886,
    0.0501677615513701,
    0.04975509541308907,
    0.04403257672765374,
    0.0286366986018221,
    0.02856809399222883,
    0.018699117216572705,
    0.016418263795408145,
    0.014385579765684223,
    0.007514756927950285,
    0.007511799537779172,
    0.0022161276665378527,
    0.002034756296214997,
    0.000914991352152673,
    0.0006796340956080204,
    0.0006444062979151043,
    0.0002048465410341563,
    2.7296550442333885e-05,
    1.020644949280472e-05,
    8.564964569810041e-06,
    6.7707880940344326e-06,
    5.5048823574393855e-06,
    4.111919752859667e-06,
    4.109341127834462e-06,
    2.8031991265086684e-06,
    2.6227225128691183e-06,
    2.0921426781867e-06,
    1.9474645191979378e-06,
    1.7386098289444555e-06,
    1.1653710379408513e-06,
    9.177161896504156e-07,
    8.328337211438941e-07,
    3.500100724168053e-07,
    3.281932706938798e-07,
    1.433850544675698e-07,
    3.5183423348718955e-08,
    1.0435227591597028e-08,
    2.8183855543234957e-09,
    2.8814701293355975e-10,
    2.0685029912855608e-10,
    1.8547596419049025e-10,
    1.1486076543507803e-10,
    1.1452282488843518e-10,
    7.72373433717018e-11,
    7.09337456797418e-11,
    5.03789250224218e-11,
    3.776423649302457e-11,
    3.143599412565726e-11,
    2.36413276848734e-11,
    2.1505225118576527e-11,
    1.3088731875621065e-11,
    6.371678696424538e-12,
    6.019553944999095e-12,
    1.958903835401202e-12,
    1.8465242618716276e-12,
    1.395682320390754e-12,
    4.28996084688859e-13,
    5.649562336415138e-14,
    1.1810960388605923e-14,
    1.0631013691464624e-14,
    8.970994839991136e-15,
    7.327345232132279e-15,
    5.8456608978989205e-15,
    5.0138415875180266e-15,
    3.1337718904359522e-15,
    2.877352667896461e-15,
    1.881819954582386e-15,
    1.781330991312338e-15,
    1.4635004224396728e-15,
    1.1589273310475138e-15,
    9.398787718707917e-16
  ],
  "exit_code": -1,
  "iters": 72,
  "mtx": "rdb3200l",
  "method": "max-lf_add_m4",
  "x_id": "ones"
}