{
  "fre": [
    0.5280404373281504,
    0.46542613395765275,
    0.37507615294933877,
    0.412900296111795,
    0.2821914248126446,
    0.10532273791551396,
    0.0918051109118248,
    0.04025574712945767,
    0.018713104882341954,
    0.022583483274549353,
    0.002539005071049287,
    0.0015544603471588621,
    0.0019279193799158064,
    0.0003969708327508572,
    0.00015193275453356426,
    4.547009913875117e-05,
    1.4340363992448434e-05,
    1.6950908553262155e-06,
    2.121388322816833e-07,
    6.091298254259815e-08,
    6.157655340046454e-08,
    9.212697808079964e-08,
    6.334200239445981e-08,
    7.564621499612145e-08,
    3.1649206717214495e-08,
    3.271682311829843e-08,
    1.7899190123551963e-08,
    1.2031412914803068e-08,
    4.120003292753645e-09,
    4.907630919991125e-09,
    9.106201284320486e-10,
    4.865072033797887e-10,
    5.84346386803943e-10,
    4.387209556951133e-10,
    7.844283696573416e-11,
    1.8498186441490614e-11,
    2.689507872672882e-11,
    1.0598032560989843e-11,
    6.397317559082591e-13,
    2.1927344433659132e-13,
    2.129863229039061e-13,
    3.179466113481178e-13,
    3.058368003317099e-13,
    2.8005761685468053e-13,
    2.2035595280426637e-13,
    2.268993484136617e-13,
    9.825604087179659e-14,
    1.2016759632491195e-13,
    3.0566288678152565e-14,
    1.823764345916976e-14,
    1.9831136816981335e-14,
    1.0352531993896155e-14,
    1.1682911651785596e-14,
    1.182284604805971e-14,
    1.2491117819230617e-14,
    1.2635361374178689e-14,
    6.5570890319064784e-15
  ],
  "rk": [
    1.0,
    0.12103307074834392,
    0.10490685074558122,
    0.02806084440466179,
    0.027520842965395514,
    0.015491992661804913,
    0.01027960226919508,
    0.0055370309210283145,
    0.004144211742354176,
    0.0014709159131332456,
    0.0013122058059312062,
    0.0005734551906463794,
    0.00014500181103318567,
    0.00013063259310250013,
    6.321201153934675e-05,
    2.300977645302096e-05,
    1.4449009416295394e-05,
    2.891993971975305e-06,
    4.4927780949813193e-07,
    8.854325915683673e-08,
    9.870724437647222e-09,
    9.653259274603871e-09,
    7.806170128746351e-09,
    5.223739222053161e-09,
    4.967887472420776e-09,
    1.9195399594538408e-09,
    1.909936871848713e-09,
    1.3934393314961148e-09,
    1.2140055659602285e-09,
    3.451693314186293e-10,
    3.1667552475244377e-10,
    1.6309963415926767e-10,
    7.291231729324265e-11,
    3.941197314702239e-11,
    3.694734968998825e-11,
    1.6011073386712873e-11,
    3.5183553839315527e-12,
    2.473150077556886e-12,
    1.7188231168177026e-12,
    2.145465266240574e-13,
    5.3465289726654326e-14,
    5.184878260767707e-14,
    3.49704919599961e-14,
    3.4928991932008603e-14,
    1.9109682645461064e-14,
    1.7623668484048132e-14,
    1.755516883689893e-14,
    8.434602209239604e-15,
    7.049109984928344e-15,
    4.027121213264289e-15,
    1.6191388324552893e-15,
    1.5972501972661698e-15,
    1.0434279395774043e-15,
    1.0666425337806203e-15,
    1.0646446671018499e-15,
    1.0609493924601567e-15,
    1.011112252908163e-15,
    8.965868033358049e-16
  ],
  "exit_code": -1,
  "iters": 57,
  "mtx": "rdb5000",
  "method": "max-st_add_m4",
  "x_id": "ones"
}