{
  "fre": [
    0.45165029650630845,
    0.37121760989076724,
    0.4342911243247864,
    0.29676602647345773,
    0.3412969790580867,
    0.21371646473901607,
    0.1117907475032983,
    0.02876606768365111,
    0.03336395178519853,
    0.012375147111523516,
    0.014618461405906821,
    0.006400625842069257,
    0.007732617070023184,
    0.0030872450970749104,
    0.0022767929206800232,
    0.0020720710492473046,
    0.0003987806034680145,
    0.00043922931874078395,
    0.00029894301443811566,
    3.680896078278335e-05,
    3.640224319211604e-05,
    4.569743062598712e-05,
    5.125049989535833e-05,
    5.4774602581621314e-05,
    4.1962246890404e-05,
    4.6596602714725695e-05,
    2.285776330214503e-05,
    7.2823879275975215e-06,
    8.496682052428453e-06,
    3.685319272256346e-06,
    4.233146569273665e-06,
    1.9229881433569443e-06,
    2.289372452141743e-06,
    4.4912730340952683e-07,
    4.85200222717864e-07,
    3.896616014808165e-07,
    7.566775845992738e-08,
    9.058001262770593e-08,
    4.1816230231645845e-08,
    4.486632807137743e-09,
    4.319212446679382e-09,
    5.659061469733016e-09,
    4.771356751481109e-09,
    6.424723509244286e-09,
    4.9210199603265364e-09,
    5.6323670924551566e-09,
    1.5835502965414409e-09,
    7.933850877035066e-10,
    1.0565573740172181e-09,
    4.197850527573607e-10,
    4.622378953226308e-10,
    1.6641433130495977e-10,
    1.796302107391021e-10,
    1.3483763212595184e-10,
    5.810959111604473e-11,
    6.88594283670129e-11,
    1.1780682222725648e-11,
    5.836518794366393e-12,
    7.215059847334298e-12,
    1.4773449248336386e-12,
    1.7065206164318413e-12,
    1.878325441207903e-12,
    1.993259338794823e-12,
    2.2396347025235165e-12,
    1.8983888001437817e-12,
    1.2457219326369066e-12,
    3.14521325879644e-13,
    3.7513332110172415e-13,
    1.9269054407689615e-13,
    1.8790925806277005e-13,
    1.8747007637062088e-13,
    4.800183098656637e-14,
    6.151708069003421e-14,
    1.9976960539445054e-14,
    1.7635202401018697e-14,
    1.4321669652435936e-14,
    5.219988417383022e-15
  ],
  "rk": [
    1.0,
    0.10346293925258229,
    0.08931185655556179,
    0.0524946090168186,
    0.029452682723870843,
    0.02748525627561205,
    0.012498654285452297,
    0.010263174912938414,
    0.0025831610559634123,
    0.00248120505077546,
    0.0013247071028404324,
    0.001019387574053957,
    0.0006326785438183523,
    0.0005122840214731699,
    0.00033137309475966934,
    0.00016621539563019058,
    0.00016478018488011906,
    7.419752331353122e-05,
    3.183634855432886e-05,
    2.8968556472538833e-05,
    7.274274367667149e-06,
    7.098961146581917e-06,
    5.293151873397661e-06,
    5.12815888900264e-06,
    4.330834152082263e-06,
    3.6946868785381565e-06,
    3.3042919978966576e-06,
    2.6317128952247344e-06,
    6.691297958245835e-07,
    6.456203320396033e-07,
    3.205022485737534e-07,
    2.9862685910630995e-07,
    1.8964300827438783e-07,
    1.5383334275080621e-07,
    6.31983441350497e-08,
    3.713614831243152e-08,
    3.599155220216293e-08,
    9.79845821069867e-09,
    6.32156036571539e-09,
    4.9271493183983825e-09,
    1.1435220250538956e-09,
    1.1084598553695586e-09,
    9.98191572122756e-10,
    8.36164340493521e-10,
    6.085152689722377e-10,
    5.541416039135268e-10,
    3.8028450842882076e-10,
    2.1735667774102815e-10,
    9.518457596491471e-11,
    6.845800583662614e-11,
    4.4488882494869546e-11,
    3.3110490347784135e-11,
    1.8781292071606158e-11,
    1.2820012673882187e-11,
    1.192593897896513e-11,
    5.273581482870065e-12,
    4.883671165985951e-12,
    2.3564526704402582e-12,
    5.895448751400227e-13,
    5.056646530898198e-13,
    2.548219299859501e-13,
    2.1586125332624103e-13,
    2.0242771975461285e-13,
    1.9951611154587826e-13,
    1.7172077648262075e-13,
    1.6732718183775774e-13,
    1.0323195603836465e-13,
    5.16602224682807e-14,
    3.0939124359383576e-14,
    2.382745526539665e-14,
    1.3121002461410499e-14,
    1.3120872090252326e-14,
    5.198032078225728e-15,
    4.080349665430295e-15,
    2.2470754575083925e-15,
    1.2741792239123433e-15,
    1.2232464898831117e-15,
    9.293455073282406e-16
  ],
  "exit_code": 0,
  "iters": 77,
  "mtx": "rdb5000",
  "method": "max-st_add_m4",
  "x_id": "sine"
}