{
  "fre": [
    4.277680385394853,
    1.3615233455094082,
    0.7602357603287289,
    0.3934002339700279,
    0.31967017628354155,
    0.4862336582307882,
    0.3123778219491967,
    0.12005407600753369,
    0.14086715278318027,
    0.117673038552239,
    0.05698487149301587,
    0.04115554306142222,
    0.03954615302597804,
    0.011391003253060163,
    0.014786973160233032,
    0.008277846510672317,
    0.00045610670274899557,
    4.403744181747143e-05,
    7.875988593253116e-06,
    1.3751970146587485e-06,
    1.4381284545697831e-06,
    2.0489140861875408e-06,
    1.9151311066298402e-06,
    2.0441579170610647e-06,
    1.8959551469849304e-06,
    1.3803028512991075e-06,
    1.638317460431832e-06,
    1.245272910155069e-06,
    1.3165531122455205e-06,
    1.0722134717891776e-06,
    3.5778479586717205e-07,
    3.134521151682241e-07,
    1.4548141694133866e-07,
    2.990827745546347e-08,
    5.6117082190665045e-09,
    8.224688832980522e-09,
    1.9017746871785073e-09,
    1.3276370021342294e-10,
    2.95603472871413e-11,
    1.6960459101603434e-12,
    2.3289685125496457e-12,
    4.2948600887870625e-12,
    4.061479971892531e-12,
    4.278862318195392e-12,
    2.7712099299264525e-12,
    2.2093781220617613e-12,
    2.5859928464146155e-12,
    1.4447032395493532e-12,
    1.7089701297583177e-12,
    1.3965617040364062e-12,
    7.439194370695348e-13,
    8.534489144766274e-13,
    3.6320673975327256e-13,
    1.7169981719100768e-13,
    2.2419732119298556e-13,
    9.8830653080023e-15,
    4.531527565996408e-15
  ],
  "rk": [
    1.0,
    0.8695597558823838,
    0.15314150720965852,
    0.09260340477303239,
    0.06362811799450172,
    0.061827602149976374,
    0.054890849436462726,
    0.026419172055666393,
    0.014065261708555602,
    0.0137985461148989,
    0.007619683270797823,
    0.00409970367047907,
    0.0038078817660523565,
    0.0028049156979849297,
    0.0011099589516251648,
    0.0009023383374592388,
    0.0007341399972911204,
    0.00010362473784327774,
    1.625389661648257e-05,
    2.7521111909924033e-06,
    3.3567861000732963e-07,
    3.313502359882365e-07,
    2.795673990103011e-07,
    2.6681276026247454e-07,
    2.6014311562503416e-07,
    2.08223741498085e-07,
    1.8651673475537222e-07,
    1.656556294859218e-07,
    1.1552215590148606e-07,
    1.1521974277745896e-07,
    7.710266933570751e-08,
    3.65632729938192e-08,
    3.627369211976266e-08,
    1.3198851988352043e-08,
    9.299820030213203e-09,
    9.170083597137226e-10,
    4.696015814414582e-10,
    2.666399528044956e-10,
    3.3151475201414455e-11,
    5.3353444085013e-12,
    8.422677985572481e-13,
    8.235541269811953e-13,
    6.144537139194179e-13,
    5.999839932464195e-13,
    5.217643612631003e-13,
    3.257588345223891e-13,
    3.134488005076139e-13,
    2.4401864224208537e-13,
    1.5248133262206725e-13,
    1.4747258588228275e-13,
    9.64160982088349e-14,
    6.913482831371511e-14,
    6.782258356565508e-14,
    2.6069201043461138e-14,
    1.682574608962723e-14,
    1.3752371803268997e-14,
    3.016657963884166e-15,
    8.07389645444307e-16
  ],
  "exit_code": 0,
  "iters": 57,
  "mtx": "rdb5000",
  "method": "max-lf_add_m4",
  "x_id": "ones"
}