{
  "fre": [
    0.6989697094905774,
    0.6419986177097508,
    0.5963320921117313,
    0.325865673382312,
    0.5171349131088984,
    0.340155166792162,
    0.3242972190964376,
    0.12220230666167532,
    0.11713292558388996,
    0.06259167088632488,
    0.055413172561517655,
    0.03649950540315546,
    0.022532870975421556,
    0.02483920295607412,
    0.00758001666968607,
    0.00654079835220466,
    0.004185029218212987,
    0.0008377796564404725,
    0.0008875919611429972,
    0.0005895478363341411,
    0.0006891170180954157,
    0.0006639209928417665,
    0.0006213906530401363,
    0.0006253896670416104,
    0.0002845426521116808,
    0.0003196217411724628,
    0.00010304264459379488,
    0.0001274368948323689,
    6.577304535810801e-05,
    7.438454718753728e-05,
    2.1104398996113265e-05,
    1.936682162988004e-05,
    1.9529810913865156e-05,
    5.239343631924815e-06,
    5.734685689522683e-06,
    3.5849155227465735e-06,
    8.251656419640796e-07,
    1.0575237374111156e-06,
    2.1644006586660102e-07,
    1.2505017842631503e-07,
    1.336445623213014e-07,
    1.3294607120291765e-07,
    1.3548196496383087e-07,
    1.2025608986954025e-07,
    4.1765493658658205e-08,
    2.0044777858083882e-08,
    2.1179887051439287e-08,
    1.560372081022968e-08,
    1.0215448402675423e-08,
    6.483704413383821e-09,
    5.594272915843229e-09,
    3.067193919950957e-09,
    2.967577497534231e-09,
    9.643794851474539e-10,
    1.2273828025119587e-09,
    6.046592456492184e-10,
    2.374312849675934e-10,
    2.6344582341321433e-10,
    5.564738691977122e-11,
    2.5667022984135578e-11,
    3.040041590148952e-11,
    3.1003882578211244e-11,
    3.0985706657165584e-11,
    3.601589928505693e-11,
    1.621032701386333e-11,
    1.2496007914245695e-11,
    4.138089307136463e-12,
    4.897698312469762e-12,
    3.2159824933615287e-12,
    2.52647158862362e-12,
    1.2846183508892398e-12,
    8.208444331794193e-13,
    8.84376518386315e-13,
    2.3285325513814887e-13,
    2.3069230833850333e-13,
    2.1519368512060944e-13,
    2.009717057762565e-14
  ],
  "rk": [
    1.0,
    0.020009995059237923,
    0.016476441489977442,
    0.016384328345612792,
    0.009128788374705456,
    0.0053332638205531935,
    0.0046456625718511125,
    0.003509582894158586,
    0.0023820508304036783,
    0.0010804418848662078,
    0.0008604201837780286,
    0.0005310395429362287,
    0.0004716404614662911,
    0.00022283917036986422,
    0.00021769265943583863,
    0.0001263510926374358,
    5.690938923735419e-05,
    5.1248574891547576e-05,
    1.9137237278570073e-05,
    8.201687429461346e-06,
    7.490748897128251e-06,
    7.081485708245607e-06,
    7.054143674642799e-06,
    6.892127719547598e-06,
    6.891469514955898e-06,
    4.34346822886863e-06,
    4.207988447351293e-06,
    1.548681364129756e-06,
    1.201080952356622e-06,
    8.703114197929869e-07,
    6.444438530338357e-07,
    3.746146708156662e-07,
    1.784890701270192e-07,
    1.7846996727456085e-07,
    8.000660350630943e-08,
    5.04857182087299e-08,
    4.419910438937471e-08,
    1.255213700715157e-08,
    1.089914978754351e-08,
    5.65366204471787e-09,
    1.4210638471283935e-09,
    1.4041984193709301e-09,
    1.4037752630647508e-09,
    1.3836227879991006e-09,
    1.3661431611638342e-09,
    9.011773978858588e-10,
    2.5923659531357906e-10,
    2.580374171101206e-10,
    1.5913128192709905e-10,
    1.441850323903788e-10,
    6.074551783208424e-11,
    5.950684324645592e-11,
    3.045433028114695e-11,
    3.0400494660921724e-11,
    1.3125533190825687e-11,
    1.039130811010655e-11,
    7.956852329719948e-12,
    2.6320910097949927e-12,
    2.5962521862350736e-12,
    1.2655575545127132e-12,
    4.258242276295015e-13,
    3.8342054718528367e-13,
    3.822822887089058e-13,
    3.721152385639355e-13,
    3.5619299049772236e-13,
    2.6471517909512736e-13,
    1.555824856284177e-13,
    7.768597990438233e-14,
    4.3844161650051105e-14,
    3.8812263929660236e-14,
    2.3246398583663426e-14,
    1.8497707553330578e-14,
    7.87015445785591e-15,
    7.763633273134617e-15,
    4.010299180342051e-15,
    2.1367166846830502e-15,
    2.1246996372965627e-15,
    6.256554420030237e-16
  ],
  "exit_code": 0,
  "iters": 77,
  "mtx": "rdb5000",
  "method": "max-st_add_m4",
  "x_id": "randn"
}