{
  "fre": [
    9.353286844835775,
    5.3520638884917835,
    2.0505772633069825,
    1.5691930807868788,
    0.6325852180448672,
    0.42441676921794474,
    0.5616457416335894,
    0.2528714305307091,
    0.37513274453662454,
    0.19548182871737993,
    0.1424069662167202,
    0.15947046236074852,
    0.06973792283247367,
    0.03533387166786676,
    0.004650933144329258,
    0.007129998125423393,
    0.0011961945428919762,
    0.00010099265766409023,
    1.3386252943984899e-05,
    2.3040952334990367e-06,
    2.3111174599118294e-06,
    2.7738528914131794e-06,
    3.755131863835336e-06,
    4.003538607651386e-06,
    3.6492355480501083e-06,
    2.358071650055589e-06,
    2.0433182876926154e-06,
    1.759496585891635e-06,
    1.4402262786701359e-06,
    1.6857863517219107e-06,
    8.861717821708218e-07,
    5.74576275613508e-07,
    5.488930438102612e-07,
    1.532205969777795e-07,
    1.9027075541795026e-07,
    1.189259774647419e-08,
    1.3381708072024328e-09,
    1.7298980832609068e-10,
    2.1895691584579267e-11,
    4.254647963531023e-12,
    4.27145758495761e-12,
    5.575984183964042e-12,
    6.56795321161254e-12,
    4.2829101050991485e-12,
    4.662389487686313e-12,
    4.222780505361884e-12,
    4.876740776752975e-12,
    4.667853937608705e-12,
    2.2067134449623674e-12,
    2.4825782411905074e-12,
    1.5215671911755723e-12,
    1.6455022179010945e-12,
    5.446914776597519e-13,
    3.929040006308238e-13,
    4.3679728690658143e-13,
    5.595559826029571e-14,
    7.17032458756974e-15
  ],
  "rk": [
    1.0,
    0.13856049822549057,
    0.07821986030118507,
    0.032280207674157964,
    0.021611148813127923,
    0.010652647326950744,
    0.009498923158660355,
    0.008572869421257978,
    0.005832761825741092,
    0.0047779466416087235,
    0.002549751026729971,
    0.002431620332780271,
    0.0015421302996004682,
    0.0008278939397854203,
    0.0007130912381270226,
    0.00014301703724351605,
    5.4954805157654093e-05,
    2.7051306171293046e-05,
    3.770945147059558e-06,
    4.814067188386293e-07,
    7.90078388467066e-08,
    7.894736680446015e-08,
    7.813440367313118e-08,
    6.092511636427138e-08,
    5.9510437465981165e-08,
    4.605673191913345e-08,
    3.624688343431806e-08,
    3.571512823554183e-08,
    2.2833509623499083e-08,
    2.2005329832680513e-08,
    1.688002227211964e-08,
    9.40759127786559e-09,
    8.638603769749297e-09,
    5.727414125601152e-09,
    1.7653308484421677e-09,
    1.6350719618533783e-09,
    4.403932458271089e-10,
    4.296517186690209e-11,
    8.594255392172529e-12,
    1.1483139751190428e-12,
    1.7300608357320493e-13,
    1.7280635793087005e-13,
    1.7008906794667545e-13,
    9.606952859030377e-14,
    8.225489077903576e-14,
    8.149061642155897e-14,
    7.885468324427821e-14,
    7.678435569591487e-14,
    5.224399365616551e-14,
    3.556995168987673e-14,
    2.452300216390396e-14,
    1.7662037018771207e-14,
    1.7546587535987e-14,
    6.886028231627064e-15,
    6.459597315154917e-15,
    3.4781778871288548e-15,
    1.4307124707806716e-15,
    2.2110287192918341e-16
  ],
  "exit_code": 0,
  "iters": 57,
  "mtx": "rdb5000",
  "method": "max-lf_add_m4",
  "x_id": "randn"
}