{
  "fre": [
    0.17490566535629645,
    0.06262541536875248,
    0.030138622429033025,
    0.017386158178688153,
    0.013781693685851422,
    0.012885778857434358,
    0.01264653872136463,
    0.012558799833051634,
    0.01248705232922253,
    0.012411744979709568,
    0.012342093592662933,
    0.012275377067406482,
    0.012184534349364307,
    0.011977124331402232,
    0.011654544970552709,
    0.011290862191407333,
    0.011097373823591746,
    0.011012111744728145,
    0.010929339239165864,
    0.010782574554329257,
    0.010761570836436979,
    0.010727279449538298,
    0.010615583811976328,
    0.01027072084927583,
    0.00973305440718216,
    0.008816258679913407,
    0.007209022423443423,
    0.0051877207148484416,
    0.0020260585489602608,
    0.000413294836746808,
    6.048329327659661e-05,
    2.3917447553786422e-05,
    2.149755438262845e-05,
    1.9883071332293377e-05,
    1.8303942536530873e-05,
    1.4464317432064869e-05,
    6.672104098114994e-06,
    2.0345333410614614e-06,
    5.774065244389092e-07,
    1.3489208433112702e-07,
    1.1187504194728512e-07,
    8.644849379654279e-08,
    7.811730577190155e-08,
    7.342517710321679e-08,
    6.938589823050866e-08,
    6.435300451907711e-08,
    5.4311877931047803e-08,
    3.391269642148123e-08,
    1.3090335020285401e-08,
    3.3193583026782713e-09,
    2.893751809833892e-09,
    2.8606839447179076e-09,
    2.8441781473580706e-09,
    2.8266909101580548e-09,
    2.8131347856225096e-09,
    2.794941455916527e-09,
    2.773709885546569e-09,
    2.7577742439532065e-09,
    2.744467570146757e-09,
    2.734261230878562e-09,
    2.729880236224325e-09,
    2.7198211688514898e-09,
    2.674361276466463e-09,
    2.4679644402846665e-09,
    1.9322557179750586e-09,
    1.1914762171265204e-09,
    7.778215851729073e-10,
    4.0801486651049087e-10,
    1.2574699007450376e-10,
    3.2061752914266285e-11,
    9.662337043994897e-12,
    7.527233039631836e-12,
    7.233268132423359e-12,
    7.177314459798788e-12,
    7.134096273447887e-12,
    7.0890708401219415e-12,
    7.044318687862694e-12,
    7.008791135103752e-12,
    6.967915515431171e-12,
    6.933838271212684e-12,
    6.906983007407355e-12,
    6.8693397032179246e-12,
    6.841860482156321e-12,
    6.810970683533985e-12
  ],
  "rk": [
    1.0,
    0.005240387155428804,
    0.0020523456850291,
    0.0009752427316629212,
    0.0003844146088761771,
    0.00015678181290724395,
    5.7247051827719046e-05,
    2.1936537003500286e-05,
    6.8953875345105304e-06,
    2.863693608021865e-06,
    1.209717828650702e-06,
    6.872559204364958e-07,
    5.52412241512725e-07,
    5.055624455568415e-07,
    4.5230821469060146e-07,
    3.747904210068146e-07,
    2.6925630557794906e-07,
    2.0089683798266118e-07,
    1.7516130860806163e-07,
    1.632980117897888e-07,
    1.505204380338848e-07,
    1.4714351269954213e-07,
    1.4622143355139503e-07,
    1.4505204007060634e-07,
    1.4152790835230563e-07,
    1.368673922923187e-07,
    1.2943252554223795e-07,
    1.155843657628426e-07,
    9.721338860926418e-08,
    5.980800303167079e-08,
    2.7417253458030867e-08,
    1.1765765578334266e-08,
    7.315441650813992e-09,
    4.607645204132203e-09,
    3.7345757370146735e-09,
    3.3756196213221377e-09,
    2.8827566734210324e-09,
    1.9474444329326226e-09,
    9.410717841821286e-10,
    3.735269128122164e-10,
    1.884929731143399e-10,
    1.180061250837713e-10,
    5.6425777171116525e-11,
    2.9244974962796554e-11,
    1.7449563602237513e-11,
    1.4009162137264772e-11,
    1.2621212720536098e-11,
    1.1227346880370391e-11,
    8.630130026948311e-12,
    5.275010478995457e-12,
    2.039488483078215e-12,
    9.317325717043305e-13,
    4.453034819094186e-13,
    2.616366809250635e-13,
    1.5850452712629684e-13,
    1.106940171928617e-13,
    8.02567213331679e-14,
    5.345301899133894e-14,
    4.144666160238193e-14,
    3.7594652760547396e-14,
    3.718427909836915e-14,
    3.686012449327867e-14,
    3.678607438787969e-14,
    3.650797090399089e-14,
    3.502250005451217e-14,
    3.097710447302268e-14,
    2.4275027630372458e-14,
    1.9663824115448674e-14,
    1.405835490674889e-14,
    7.710645498694744e-15,
    3.748087304061472e-15,
    1.8266204686602152e-15,
    1.05413257943108e-15,
    4.120423857225271e-15,
    3.9791109248880306e-15,
    3.986280113282612e-15,
    3.888056659578811e-15,
    3.93025064856328e-15,
    4.027514981875539e-15,
    3.936757020778374e-15,
    3.948146862799098e-15,
    3.8681571751004944e-15,
    3.950222728097206e-15,
    3.8371692172585554e-15,
    3.9961606204524864e-15
  ],
  "exit_code": 72,
  "iters": 84,
  "mtx": "saylr4",
  "method": "max-st_alt-o_m2",
  "x_id": "sine"
}