{
  "fre": [
    0.1715111574030355,
    0.06159457078420903,
    0.03428750933035165,
    0.02820620020072189,
    0.02568422831560415,
    0.02453457529017826,
    0.023830608283927225,
    0.023253168272917426,
    0.02258775528556034,
    0.021703459930930116,
    0.020671870226928006,
    0.019894848529914032,
    0.01894084901357505,
    0.018234014220573913,
    0.017588223872672715,
    0.01695070049287382,
    0.016520093900554297,
    0.016382605638498027,
    0.016300523526851043,
    0.016223686442208642,
    0.016189160361861625,
    0.016107650336938884,
    0.01582431614057288,
    0.014934955770988896,
    0.011653236119313395,
    0.00744408842955272,
    0.0035470004135273953,
    0.002067526505424509,
    0.0009075041876887979,
    0.0003204978472372554,
    0.00014560819243132162,
    0.0001311203887509787,
    0.00011283068770318349,
    9.394254553057478e-05,
    6.144265205624048e-05,
    2.2003661238743657e-05,
    7.3362476578830265e-06,
    8.520843524130978e-07,
    2.548109924704687e-07,
    1.9562970547622058e-07,
    1.918595223473635e-07,
    1.8881905800996414e-07,
    1.8729580475677565e-07,
    1.864321118704167e-07,
    1.8581416999090242e-07,
    1.850770318718058e-07,
    1.8356817688990247e-07,
    1.796873394952457e-07,
    1.7558627048874867e-07,
    1.7237294729582533e-07,
    1.7035079517703204e-07,
    1.6805585426838615e-07,
    1.6545695034875054e-07,
    1.642754735583368e-07,
    1.6165439506933153e-07,
    1.5754128507838877e-07,
    1.4756278004981518e-07,
    1.1079755096357676e-07,
    5.3183119007490314e-08,
    9.81375050271809e-09,
    9.792060707360591e-09,
    9.760040010108479e-09,
    9.724178718202155e-09,
    9.690463129664804e-09,
    9.644878286688732e-09,
    9.540018077889729e-09,
    9.332839853193917e-09,
    8.238532238508604e-09,
    5.2661934948132494e-09,
    3.3450493945304464e-09,
    2.6261728324822018e-09,
    1.907367470771632e-09,
    1.3591726562351874e-09,
    9.287188554197417e-10,
    6.468298479882665e-10,
    4.397906185549721e-10,
    2.3196773332226024e-10,
    6.52743296035681e-11,
    5.564787958434961e-12,
    1.268862295981241e-12,
    1.1654496381020756e-12,
    1.015280175566006e-12,
    9.98992058585168e-13,
    9.976976679386277e-13,
    9.858744625518887e-13,
    9.910180535359833e-13,
    9.855043661554451e-13,
    9.828861947437998e-13,
    9.849002780233113e-13,
    9.951039174710466e-13,
    1.0041685474262991e-12,
    1.008918652744269e-12
  ],
  "rk": [
    1.0,
    0.00506913912012102,
    0.0015501928354150075,
    0.0005405562448455588,
    0.00019894164458690456,
    6.377427350798541e-05,
    2.2010399572631626e-05,
    8.156336504415933e-06,
    4.4721450425081025e-06,
    3.406289874564206e-06,
    2.739988561501016e-06,
    2.2142697629817204e-06,
    1.8760663444636927e-06,
    1.5085060237963069e-06,
    1.237472784119804e-06,
    1.0107360628315431e-06,
    7.206709451587774e-07,
    4.0766177653154464e-07,
    2.7398383087280535e-07,
    2.3312510601490906e-07,
    2.224425448097329e-07,
    2.2056817204574926e-07,
    2.1947388799386792e-07,
    2.169539010166133e-07,
    2.1075691821072455e-07,
    1.8503818612294573e-07,
    1.4794555374148755e-07,
    1.0344242897670828e-07,
    7.842554432221626e-08,
    5.326649706241237e-08,
    3.075254740191928e-08,
    1.9468897144209203e-08,
    1.6185792317360074e-08,
    1.4339971186952234e-08,
    1.2428462951583306e-08,
    1.0329953415225347e-08,
    6.5591432396611055e-09,
    3.068566172104006e-09,
    1.088916229639816e-09,
    3.16590904193386e-10,
    1.1490981220477344e-10,
    6.282623790147602e-11,
    3.063587812724904e-11,
    1.488806078195527e-11,
    6.305611011282989e-12,
    4.4084342975662045e-12,
    4.011427150034563e-12,
    3.744170505526747e-12,
    3.277565797567232e-12,
    2.843460507632754e-12,
    2.5607243226838152e-12,
    2.435839573302696e-12,
    2.342979938862587e-12,
    2.2654371002213197e-12,
    2.247046757292821e-12,
    2.2231373811545786e-12,
    2.1886265850022488e-12,
    2.119652687890748e-12,
    1.816745425387808e-12,
    1.2400316152462055e-12,
    4.975775798666464e-13,
    2.3703870188364654e-13,
    1.5962794755432657e-13,
    1.3779698842571917e-13,
    1.3355744545460157e-13,
    1.322080023209309e-13,
    1.3029679944197114e-13,
    1.28267908641803e-13,
    1.196016001757801e-13,
    9.385772187865909e-14,
    7.45405444871268e-14,
    6.568038075621668e-14,
    5.5977362194835176e-14,
    4.6378287598033514e-14,
    3.905472092462087e-14,
    3.339531914011147e-14,
    2.7244072473997546e-14,
    1.9463134706382573e-14,
    1.0965551529868236e-14,
    4.719828996614801e-15,
    4.521086706513012e-15,
    1.473873537478781e-15,
    3.9686660229420266e-15,
    3.864663841985972e-15,
    3.888164131748601e-15,
    3.874802547765224e-15,
    3.739334081623515e-15,
    3.83144586742897e-15,
    3.8338258041722035e-15,
    3.798955917177218e-15,
    3.7569594174199566e-15,
    3.777279610815796e-15,
    3.850612506859524e-15
  ],
  "exit_code": 81,
  "iters": 92,
  "mtx": "saylr4",
  "method": "max-st_alt-o_m4",
  "x_id": "sine"
}