{
  "fre": [
    0.07183679325272584,
    0.045999511917283874,
    0.03623377395082456,
    0.030726423643742368,
    0.02814873150437121,
    0.02664075514137596,
    0.025271708941530784,
    0.024104636931422067,
    0.023406608286351216,
    0.022904540816143643,
    0.022591596085641936,
    0.022336800579946792,
    0.022125032371186324,
    0.021879294165826922,
    0.0214902818768945,
    0.020751372518806946,
    0.02012773202711302,
    0.019869639348953628,
    0.019779359828189916,
    0.01969974964199701,
    0.019655910759657,
    0.019513673029488775,
    0.01904768381804058,
    0.018180531337527804,
    0.01569776091203596,
    0.008960869375991406,
    0.004842066761213756,
    0.0031080747314570743,
    0.002002476969395209,
    0.0011049981435278706,
    0.0006523744451509088,
    0.0005016222672531729,
    0.0004118809603371708,
    0.0003111929816550154,
    0.0001858114550211894,
    7.449191510883131e-05,
    2.5271434758794655e-05,
    9.328985132675205e-06,
    3.961670348396339e-06,
    4.943549536991896e-07,
    4.545132843301787e-07,
    4.1518619673865764e-07,
    3.967738094847892e-07,
    3.8953267776010406e-07,
    3.8546762270736746e-07,
    3.8172496460269625e-07,
    3.7617075516532685e-07,
    3.645109349783945e-07,
    3.5016384628672577e-07,
    3.389380964704109e-07,
    3.3252828748414477e-07,
    3.294151388319324e-07,
    3.275079366014744e-07,
    3.248980048433382e-07,
    3.2174074177240247e-07,
    3.1939315689688133e-07,
    3.1752519928659435e-07,
    3.150058986343914e-07,
    3.0966653438219457e-07,
    2.895059603733406e-07,
    2.8885189774484773e-07,
    2.875636415449693e-07,
    2.8522260158661354e-07,
    2.81612920094954e-07,
    2.736918430352708e-07,
    2.502713611172003e-07,
    2.1491661525380296e-07,
    1.746079796088702e-07,
    1.2537235402009772e-07,
    6.547049915750952e-08,
    2.8954810020664787e-08,
    1.7298253537479888e-08,
    1.3256941870290452e-08,
    1.0901628684032916e-08,
    8.099935110698814e-09,
    4.424051679572174e-09,
    1.621443864589453e-09,
    4.822523529992621e-10,
    1.3867205867791748e-10,
    2.8061217742962917e-11
  ],
  "rk": [
    1.0,
    2.9640379722461893e-05,
    5.1802755835474495e-06,
    1.7549760586631403e-06,
    7.581614214002969e-07,
    3.550284715632133e-07,
    2.2451813983178384e-07,
    1.569606470232274e-07,
    1.0675298351047128e-07,
    7.20457174215482e-08,
    4.66299484121961e-08,
    3.166731155095634e-08,
    2.4184491853976024e-08,
    2.0803283740266345e-08,
    1.8820793729066818e-08,
    1.6812520612221182e-08,
    1.2963352860614867e-08,
    8.482135772229083e-09,
    6.044660641644001e-09,
    5.496094685159409e-09,
    5.375519316872356e-09,
    5.346503644496785e-09,
    5.316106848775019e-09,
    5.233384298386071e-09,
    5.091766665442293e-09,
    4.72412407818651e-09,
    3.5989967908735565e-09,
    2.6720435596065655e-09,
    2.119249461030069e-09,
    1.6626679437469573e-09,
    1.2015904799138244e-09,
    8.94532806737975e-10,
    7.668525419282307e-10,
    6.831662667200791e-10,
    5.842007511103303e-10,
    4.454408014422512e-10,
    2.75688760328576e-10,
    1.4658173662403055e-10,
    6.506209539101755e-11,
    3.085892907891747e-11,
    1.2335922020917043e-11,
    7.456050791674989e-12,
    4.178641984387638e-12,
    2.15459986741339e-12,
    1.014097007994744e-12,
    6.26533343455781e-13,
    5.27163656564432e-13,
    4.80441019529756e-13,
    4.146240633877707e-13,
    3.2491972317569803e-13,
    2.3429662946972763e-13,
    1.6332463385757018e-13,
    1.25998196398456e-13,
    1.1070548532831016e-13,
    9.957383390745277e-14,
    9.128987534225772e-14,
    8.765096278039274e-14,
    8.648164448170934e-14,
    8.58061843755915e-14,
    8.493605888119776e-14,
    8.195179947636854e-14,
    7.956786023992051e-14,
    7.846745133812102e-14,
    7.766702685256976e-14,
    7.694658863195668e-14,
    7.576100193147579e-14,
    7.238610349009194e-14,
    6.693158304179608e-14,
    6.018900313784209e-14,
    5.09575985027875e-14,
    3.67342773432178e-14,
    2.3755173989059158e-14,
    1.773591630771556e-14,
    1.535520047466176e-14,
    1.3886264366208356e-14,
    1.1882264007715055e-14,
    8.528961440104837e-15,
    4.890892510671117e-15,
    2.624444560926665e-15,
    1.380415104493347e-15,
    6.489932012588873e-16
  ],
  "exit_code": 0,
  "iters": 80,
  "mtx": "saylr4",
  "method": "max-st_alt-o-repeat_m3",
  "x_id": "randn"
}