{
  "fre": [
    0.09123335040902292,
    0.03852166963806787,
    0.016413191685103957,
    0.009134907295143394,
    0.0071328154581448144,
    0.006538709430293466,
    0.005773163442948998,
    0.005303876500479658,
    0.004946919591351586,
    0.004509683411780867,
    0.0027703257877644575,
    0.0008931098810045865,
    0.0003891886772138016,
    0.00026562709704432553,
    0.00023120465449087837,
    0.00022248871262042395,
    0.00022136004737027915,
    0.0002204444350318743,
    0.00021950123506208374,
    0.00021569237073122244,
    0.00021469023640619875,
    0.00020974564890572804,
    0.0001581452639944252,
    9.354205942204978e-05,
    3.9505328980224825e-05,
    1.1465255991137333e-05,
    2.4808100151200233e-06,
    2.0509103026649348e-07,
    2.2640615846147438e-08,
    1.524347748690539e-08,
    1.3970506894026785e-08,
    1.2511822431961208e-08,
    1.0972034980365105e-08,
    8.281013285808604e-09,
    2.7326405163587154e-09,
    6.902393922300231e-10,
    1.1481921441325536e-10,
    2.3984398802526704e-11,
    6.0773420591525786e-12,
    5.978471856280684e-12,
    5.765688069120418e-12,
    5.658842205846647e-12,
    5.677012493736402e-12,
    5.676019682172861e-12,
    5.670078263762954e-12,
    5.654342302421151e-12,
    5.66781796195041e-12,
    5.671511721062423e-12,
    5.6689768705526664e-12,
    5.6725461325427315e-12,
    5.682056719074574e-12,
    5.688835053208734e-12,
    5.685647437248187e-12,
    5.69685918212981e-12
  ],
  "rk": [
    1.0,
    0.0028911275110826565,
    0.0014088382357818005,
    0.000525835078022184,
    0.00018123156997918891,
    5.038951234220443e-05,
    1.8382410340598995e-05,
    6.818195866284304e-06,
    2.016107668341924e-06,
    9.879167363321852e-07,
    8.657189262771556e-07,
    6.42896666323518e-07,
    3.3133205377386404e-07,
    1.709037274405181e-07,
    9.238754896222442e-08,
    5.302076340512084e-08,
    1.7735905098546192e-08,
    4.482447127076613e-09,
    2.964753322705473e-09,
    2.909647549003953e-09,
    2.8755136752110982e-09,
    2.8460344215564216e-09,
    2.8053297409601114e-09,
    2.436431069748793e-09,
    1.877511625791117e-09,
    1.2279008934421526e-09,
    6.722556323109373e-10,
    3.136007122905421e-10,
    8.98384685353861e-11,
    2.843354931750233e-11,
    7.867020394298469e-12,
    3.762955907112837e-12,
    2.588550638517324e-12,
    2.1394909827282353e-12,
    1.761046281076465e-12,
    9.479255909886824e-13,
    4.4553235335385273e-13,
    1.5593580315396701e-13,
    4.7410790592073664e-14,
    1.2795749182348518e-14,
    6.252836200063303e-15,
    2.5165229956473944e-15,
    3.934115605159255e-15,
    3.913336695644691e-15,
    3.8404623607137405e-15,
    3.912034970984142e-15,
    3.691356309586331e-15,
    3.896045090348817e-15,
    3.960496390284931e-15,
    3.847957211134831e-15,
    3.780620245904272e-15,
    3.7479750633221085e-15,
    3.800994157831058e-15,
    3.846646871617996e-15,
    3.8868087417028186e-15
  ],
  "exit_code": 41,
  "iters": 54,
  "mtx": "saylr4",
  "method": "max-lf_alt-o-repeat_m4",
  "x_id": "sine"
}