{
  "fre": [
    0.11512895608980589,
    0.05150476103351027,
    0.03062756579597848,
    0.02359976544428649,
    0.02034284960060669,
    0.018729559012640885,
    0.01765826255487042,
    0.01689459364686693,
    0.016240827643327453,
    0.015613019619978807,
    0.014806223272918728,
    0.014404076887241905,
    0.014239623237880368,
    0.014070415471672428,
    0.013665983184496949,
    0.012779079681734074,
    0.012450565096326626,
    0.012373033126873169,
    0.012313513215977272,
    0.012254491695753062,
    0.012228537403874338,
    0.012150805928471904,
    0.01193525763063721,
    0.01117451642596542,
    0.009056956907267207,
    0.004773744926951364,
    0.0026295963354502705,
    0.0015823866572502094,
    0.0007276775705677885,
    0.00024454394126494897,
    0.00014099262983445292,
    0.0001155539001318057,
    0.00010198028220815163,
    7.89532264432945e-05,
    4.47234005135373e-05,
    1.878273311289846e-05,
    2.0744937766302138e-06,
    6.47285267912488e-07,
    2.896078403867282e-07,
    1.2409925640356695e-07,
    1.0833568510511259e-07,
    9.341166741259764e-08,
    8.961257847703338e-08,
    8.757998683930743e-08,
    8.58835333113295e-08,
    8.354161077415767e-08,
    8.03835697774218e-08,
    7.48775098483616e-08,
    6.958738998135547e-08,
    6.80406990669813e-08,
    6.703558384388827e-08,
    6.611060193611336e-08,
    6.5395778424291e-08,
    6.498137606912963e-08,
    6.469876031208534e-08,
    6.440669042000732e-08,
    6.38361070718435e-08,
    6.261426498286337e-08,
    5.964349361063631e-08,
    4.8509586121699883e-08,
    4.8400065753115483e-08,
    4.820886231089055e-08,
    4.799273725996075e-08,
    4.769877542210525e-08,
    4.688053203515764e-08,
    4.296876070660828e-08,
    3.345303411280608e-08,
    2.2540024553077925e-08,
    1.667060087650387e-08,
    9.12114605595653e-09,
    4.244411626926468e-09,
    2.6463486885235403e-09,
    2.275646986004134e-09,
    1.8224381971312543e-09,
    1.1807398723396634e-09,
    5.413291385730628e-10,
    1.3212814584885357e-10
  ],
  "rk": [
    1.0,
    5.8877448771706935e-05,
    2.3492982743386446e-05,
    8.950638299956941e-06,
    4.088775322712442e-06,
    1.638750717672138e-06,
    6.354727092519108e-07,
    2.656858675835311e-07,
    1.3157936072855524e-07,
    8.693691801653971e-08,
    6.642752711957758e-08,
    4.3137097275126425e-08,
    2.4285164385972468e-08,
    1.9076700276066947e-08,
    1.7552982626036442e-08,
    1.5506530392197738e-08,
    9.543048416939548e-09,
    4.964772023490395e-09,
    3.8213964872529e-09,
    3.469013754924444e-09,
    3.3606096145964464e-09,
    3.339655919140062e-09,
    3.3237482776461443e-09,
    3.294732381094985e-09,
    3.194277551834505e-09,
    2.882183935616576e-09,
    2.0789039415163855e-09,
    1.532102457773331e-09,
    1.1923712288108786e-09,
    8.005573224693786e-10,
    4.83051108343301e-10,
    3.3323464665755994e-10,
    2.677545747821978e-10,
    2.402716210869187e-10,
    2.058845141572289e-10,
    1.5237789463235125e-10,
    8.675494694264532e-11,
    3.6764210514569463e-11,
    1.7032718185747184e-11,
    7.033873953578831e-12,
    3.6377216830482926e-12,
    2.1772541316750323e-12,
    9.60048799040537e-13,
    4.464325202075382e-13,
    2.4653767781541503e-13,
    1.9458147805776735e-13,
    1.690046119757367e-13,
    1.5095976352252967e-13,
    1.2200733896859845e-13,
    7.957203417706509e-14,
    5.928930970849883e-14,
    4.53119618385496e-14,
    3.237399239181616e-14,
    2.2788989952521796e-14,
    1.8925703330491132e-14,
    1.79277615120793e-14,
    1.767438488061861e-14,
    1.7472577939846194e-14,
    1.7195520454400732e-14,
    1.6713404899533867e-14,
    1.5040607723954054e-14,
    1.3675840609792153e-14,
    1.3269417177744258e-14,
    1.3134845095950755e-14,
    1.3061062848988257e-14,
    1.2933530543900114e-14,
    1.2357640552130932e-14,
    1.0856091100712295e-14,
    8.86016351816439e-15,
    7.614304442448623e-15,
    5.741718659094406e-15,
    3.8659882005675025e-15,
    2.8641255439070895e-15,
    2.5718595030271804e-15,
    2.2790642194883066e-15,
    1.794779800420638e-15,
    1.1661009580695583e-15,
    6.251284060248509e-16
  ],
  "exit_code": 0,
  "iters": 77,
  "mtx": "saylr4",
  "method": "max-st_alt-o_m3",
  "x_id": "randn"
}