{
  "fre": [
    0.09719337649349807,
    0.04989061291599152,
    0.03408629775974544,
    0.028808187121009257,
    0.026331213937946397,
    0.025142143786005915,
    0.02443759672279034,
    0.02391994692414193,
    0.023532791474110748,
    0.02322450943103947,
    0.022856739371776257,
    0.02233651762586311,
    0.022030938763983626,
    0.021859099078908442,
    0.021584107617516536,
    0.020899209405283455,
    0.020055157188503116,
    0.019812348533809376,
    0.019718383799868643,
    0.019645840780367296,
    0.019583644775539748,
    0.019291127715388896,
    0.01856355615794765,
    0.01658610282617638,
    0.011351097461296486,
    0.006337811564373741,
    0.003866595403763526,
    0.0024124617784930464,
    0.0013526325966953354,
    0.0008201979934140684,
    0.0006379969016251211,
    0.0005098975019943025,
    0.00033824450419170984,
    0.00018804883684442298,
    6.6825663001565e-05,
    1.1987784089239282e-05,
    9.320661263354984e-07,
    1.508552027810856e-07,
    5.8517317568988704e-08,
    5.659227817073445e-08,
    5.103048582130689e-08,
    4.76935573096944e-08,
    4.6845231315603554e-08,
    4.649478754526489e-08,
    4.626120173512083e-08,
    4.604902970613667e-08,
    4.585417089620214e-08,
    4.563840143230716e-08,
    4.522169131262938e-08,
    4.392527732286195e-08,
    4.274454115248301e-08,
    4.215201342206711e-08,
    4.178817065388401e-08,
    4.1318715643983817e-08,
    4.0711220772611776e-08,
    3.998573240683563e-08,
    3.9110694603552156e-08,
    3.745508187864735e-08,
    3.171741099956965e-08,
    2.0759405933275934e-08,
    2.0713341068257767e-08,
    2.062146214338466e-08,
    2.0515000585089466e-08,
    2.037657133048589e-08,
    2.0169920091111634e-08,
    1.9853077402798224e-08,
    1.9179624344509965e-08,
    1.8315171684492076e-08,
    1.6666063558723815e-08,
    1.3075092689121542e-08,
    9.894169129790268e-09,
    8.790830688493014e-09,
    7.709874266756532e-09,
    5.654549352022534e-09,
    2.5837775193580004e-09,
    6.272406750277266e-10
  ],
  "rk": [
    1.0,
    4.8313057829033645e-05,
    1.9623275879996797e-05,
    8.582738621636286e-06,
    4.107901241652335e-06,
    1.8577048434407647e-06,
    8.183347426992911e-07,
    3.5598811590092033e-07,
    1.5869387220429616e-07,
    8.468645777253531e-08,
    5.818628384389601e-08,
    4.5485575047977986e-08,
    3.021777025521832e-08,
    2.0893526776154414e-08,
    1.8509421800689253e-08,
    1.6843199412595196e-08,
    1.3628274304445986e-08,
    8.030896256636593e-09,
    5.866158733387817e-09,
    5.4211847091659035e-09,
    5.351881339006171e-09,
    5.3255830560567805e-09,
    5.270271468914116e-09,
    5.156810292540401e-09,
    4.867760327795376e-09,
    4.024131050837121e-09,
    3.0212179632028752e-09,
    2.348089042821466e-09,
    1.8418067617636152e-09,
    1.35737472539059e-09,
    1.0170617194865663e-09,
    8.662642324505273e-10,
    7.572946282312282e-10,
    6.109082358855723e-10,
    4.49019586275252e-10,
    2.536845438908709e-10,
    9.940100530735137e-11,
    3.556516764229983e-11,
    1.2729554746313405e-11,
    4.986316659992186e-12,
    2.1264194046063622e-12,
    1.1126411840446972e-12,
    4.714167970974967e-13,
    1.984235635108455e-13,
    9.296647445519822e-14,
    4.4783606969927385e-14,
    2.643655766267664e-14,
    2.065470143181489e-14,
    1.909482278952469e-14,
    1.801004061827988e-14,
    1.5495007226594536e-14,
    1.313759106045819e-14,
    1.209855979043227e-14,
    1.1712408224511601e-14,
    1.1427700449961952e-14,
    1.1176864207767234e-14,
    1.097919174955919e-14,
    1.0811456371295685e-14,
    1.055011786294696e-14,
    9.662786790350724e-15,
    7.816670725336388e-15,
    6.42430322131218e-15,
    5.869544637505379e-15,
    5.686434304813614e-15,
    5.592105681139035e-15,
    5.525455619562016e-15,
    5.460683017532403e-15,
    5.333975639550216e-15,
    5.185703463685854e-15,
    4.929429183617411e-15,
    4.308614255587844e-15,
    3.6625496706222215e-15,
    3.4313935709840413e-15,
    3.210384741104261e-15,
    2.7396967893234485e-15,
    1.8288251855498604e-15,
    8.995083400674874e-16
  ],
  "exit_code": 0,
  "iters": 76,
  "mtx": "saylr4",
  "method": "max-st_alt-o-repeat_m2",
  "x_id": "randn"
}