{
  "fre": [
    0.15186336728324876,
    0.08377554455388984,
    0.06826786004716938,
    0.06536244001681883,
    0.06431936665715694,
    0.06375624221352726,
    0.06345537223445628,
    0.06316466972774826,
    0.06278700467357959,
    0.06246085730318747,
    0.06206717364670976,
    0.06133329534539957,
    0.0603736989344686,
    0.05970313819092177,
    0.05881889319436937,
    0.0575760031617479,
    0.05610877168413186,
    0.05561842076947923,
    0.055229059938827256,
    0.0547287557988595,
    0.05461570379100262,
    0.05421729780808564,
    0.05257687294098818,
    0.04745115682697723,
    0.036332557197902474,
    0.02793029070868808,
    0.02213714927207333,
    0.01977219213989934,
    0.015643067367760666,
    0.008899523583084646,
    0.002613546535703697,
    0.0012185844627979575,
    0.0006485121995423563,
    0.00027673840818683075,
    0.00012230411212670755,
    1.4521572016677184e-05,
    3.4611074008846246e-06,
    2.2260687891733478e-06,
    1.1873418414019708e-06,
    7.484643034258502e-07,
    7.246687788582247e-07,
    7.034831318478067e-07,
    6.960717299973616e-07,
    6.931198743115251e-07,
    6.893137382166031e-07,
    6.849114503656921e-07,
    6.769598093684208e-07,
    6.634588859645956e-07,
    6.443193388131822e-07,
    6.339883794364444e-07,
    6.26594010044872e-07,
    6.21558781782755e-07,
    6.145576588320662e-07,
    6.068128710026539e-07,
    6.021188792377471e-07,
    5.91704795001245e-07,
    5.689112143983833e-07,
    4.6216298641795484e-07,
    2.186770750017796e-07,
    8.745319578031547e-08,
    8.723534855000888e-08,
    8.68210078050512e-08,
    8.646033452312289e-08,
    8.612616876346686e-08,
    8.575359270841605e-08,
    8.478244670673339e-08,
    8.229612116425535e-08,
    7.94051061536125e-08,
    7.547303938555169e-08,
    6.489185398111315e-08,
    4.981057067002816e-08,
    3.5575115470153e-08,
    3.100218254631715e-08,
    2.6500012187569837e-08,
    2.0930204228403663e-08,
    9.61951993433276e-09,
    1.5526350800626837e-09,
    2.7505823954417757e-10,
    1.214700684220478e-10
  ],
  "rk": [
    1.0,
    6.91752121049428e-05,
    2.1165076959882028e-05,
    6.4117012682016005e-06,
    2.2986297673226115e-06,
    8.320679823656452e-07,
    2.913876326626007e-07,
    1.2031060264321785e-07,
    7.436587777246323e-08,
    4.8425872309203606e-08,
    3.728835114388716e-08,
    3.284317519781344e-08,
    2.8284885926125722e-08,
    2.3981337019472103e-08,
    2.192043628200248e-08,
    2.0144372360037152e-08,
    1.817678473736721e-08,
    1.591674959331673e-08,
    1.5399549444394086e-08,
    1.5193875453552262e-08,
    1.5072745004230076e-08,
    1.5024679500358268e-08,
    1.4953011883161806e-08,
    1.4683929336051918e-08,
    1.3870508698473168e-08,
    1.2006429550175528e-08,
    1.0395647255875689e-08,
    9.092926077108525e-09,
    8.532358806565961e-09,
    7.628857337798661e-09,
    5.767660083667233e-09,
    2.9886763260734076e-09,
    1.897333806264178e-09,
    1.3554428987398364e-09,
    8.542976488473602e-10,
    4.925967543799892e-10,
    2.7725935054222887e-10,
    1.1025507002229753e-10,
    4.053344055041e-11,
    1.8577606734963797e-11,
    9.71793001806335e-12,
    5.997113448268802e-12,
    2.9412758527382726e-12,
    1.1558279902484936e-12,
    6.415321583713125e-13,
    4.882482038240292e-13,
    4.3169609212513464e-13,
    3.8787932373597343e-13,
    3.3343506434704253e-13,
    2.613920768885221e-13,
    2.1758351808465657e-13,
    1.9110302356461623e-13,
    1.8079965433125827e-13,
    1.7326608150123694e-13,
    1.6759276484334277e-13,
    1.6584140009098263e-13,
    1.6344000944684177e-13,
    1.6004257693685152e-13,
    1.434652554315986e-13,
    9.791224305172032e-14,
    6.100824925547107e-14,
    4.0655984030745605e-14,
    2.888101407749411e-14,
    2.481706406175022e-14,
    2.39217168570681e-14,
    2.3712382492653478e-14,
    2.3440903576406736e-14,
    2.2953924567411326e-14,
    2.2402009956522315e-14,
    2.18391141925585e-14,
    2.0192543533703912e-14,
    1.742525377086909e-14,
    1.4331255843686453e-14,
    1.3348626025967628e-14,
    1.2423322590295665e-14,
    1.0926557928972386e-14,
    7.389379209141647e-15,
    2.904317194200696e-15,
    1.2949462736091084e-15,
    6.75519978407397e-16
  ],
  "exit_code": 0,
  "iters": 79,
  "mtx": "saylr4",
  "method": "max-st_alt-o_m4",
  "x_id": "randn"
}