{
  "fre": [
    0.10203908533957629,
    0.0551162456644056,
    0.03695057622286796,
    0.031101915827220494,
    0.027816784501023838,
    0.02643347103619661,
    0.025780632199796042,
    0.025387849911323753,
    0.025084824613623536,
    0.024746646296829378,
    0.02450436570809304,
    0.02431462012806876,
    0.02404803121748122,
    0.023747161041785637,
    0.023451222922392323,
    0.023059935563088517,
    0.022667326391584332,
    0.022316981727547522,
    0.021853871906539955,
    0.021355384311855602,
    0.02130115622240468,
    0.021204854910782694,
    0.02109479496369281,
    0.02089230393713649,
    0.020596932348682657,
    0.020225632641719057,
    0.019561622326832864,
    0.018551585468048942,
    0.017228554841176812,
    0.015562475209763778,
    0.014257691475198852,
    0.013223280585069911,
    0.011807309682951291,
    0.008942391289376721,
    0.005257807297701965,
    0.0019853565772510163,
    0.0004941606101450874,
    9.018568777791535e-05,
    2.1914800423720967e-05,
    9.985999353863807e-06,
    9.946255593958224e-06,
    9.886408248672472e-06,
    9.841081682357754e-06,
    9.802900518404945e-06,
    9.765348416891923e-06,
    9.724167086149184e-06,
    9.677378986555641e-06,
    9.623067590362144e-06,
    9.543887288135309e-06,
    9.403048119468728e-06,
    9.149018413251679e-06,
    8.946617576367799e-06,
    8.763437248509927e-06,
    8.609977862596269e-06,
    8.441464217015808e-06,
    8.189557534610751e-06,
    7.821052550736219e-06,
    7.399518474657428e-06,
    6.416993985022329e-06,
    4.696166051294881e-06,
    4.685244980660309e-06,
    4.663535630567161e-06,
    4.636855425495308e-06,
    4.596429599628855e-06,
    4.547489502295858e-06,
    4.488714775382001e-06,
    4.386235129003706e-06,
    4.194984098751886e-06,
    3.948311365045551e-06,
    3.6015845559771287e-06,
    3.318833988852008e-06,
    3.112964181796194e-06,
    2.8767079103149273e-06,
    2.2912524842601988e-06,
    1.4721341173232844e-06,
    6.385276747732689e-07,
    1.5618076530221152e-07,
    3.043041817057431e-08,
    6.7833999008038445e-09,
    3.561929642997094e-09,
    3.5477956144881225e-09,
    3.527985930910344e-09,
    3.512225752686962e-09,
    3.4985386761014346e-09,
    3.4857775343644075e-09,
    3.4704365384095113e-09,
    3.4541414776087542e-09,
    3.435264558450116e-09,
    3.4054395678539747e-09
  ],
  "rk": [
    1.0,
    5.1207255762321416e-05,
    2.195751294270337e-05,
    1.1359194762583317e-05,
    5.970385810107803e-06,
    3.085041164226592e-06,
    1.4917231938154986e-06,
    6.272343872485205e-07,
    2.834858339013155e-07,
    1.6321221008815436e-07,
    8.754032470695584e-08,
    4.6877301620099497e-08,
    3.4214584567167364e-08,
    2.6973969041155915e-08,
    2.199813233623976e-08,
    1.8767443198393527e-08,
    1.580023232715407e-08,
    1.323638471935418e-08,
    1.142310547114735e-08,
    9.387046261395353e-09,
    7.063964502043444e-09,
    6.284188856819657e-09,
    5.928178512037738e-09,
    5.801149320374011e-09,
    5.701327041398293e-09,
    5.601760033389908e-09,
    5.512659394802991e-09,
    5.379311576104547e-09,
    5.1878174887722015e-09,
    4.950338593078696e-09,
    4.64444538067128e-09,
    4.400234829110631e-09,
    4.211637367696646e-09,
    3.96827450187194e-09,
    3.4516143592525768e-09,
    2.6316270584709067e-09,
    1.5931886986495707e-09,
    7.995630341953561e-10,
    3.493512945202142e-10,
    1.7524456255217125e-10,
    1.0567878293127266e-10,
    6.858140213208542e-11,
    3.3751975440865394e-11,
    1.507763211767498e-11,
    7.394931825902064e-12,
    4.5215829130854345e-12,
    3.519546148896412e-12,
    3.1201976949350986e-12,
    2.95782833726067e-12,
    2.8586052195515032e-12,
    2.754160092940703e-12,
    2.59397995916601e-12,
    2.4830575027144117e-12,
    2.403959752590606e-12,
    2.352011711273156e-12,
    2.306866518950139e-12,
    2.253224097146657e-12,
    2.1862065527121765e-12,
    2.121212730379488e-12,
    1.9673893771468974e-12,
    1.6759795356299468e-12,
    1.4461347983254164e-12,
    1.340041834705293e-12,
    1.2932678484904325e-12,
    1.261846081782796e-12,
    1.2393183282011856e-12,
    1.2221404460347491e-12,
    1.1987579076023363e-12,
    1.159867260357679e-12,
    1.1147634099843603e-12,
    1.0508218047465594e-12,
    9.967334126814695e-13,
    9.581069787265493e-13,
    9.191320420528216e-13,
    8.211808417495232e-13,
    6.546476200772327e-13,
    4.2298438923687107e-13,
    2.0873903115958084e-13,
    9.67077374756127e-14,
    4.822235821911771e-14,
    2.9405550869683925e-14,
    1.8809456840659716e-14,
    9.513757615361017e-15,
    4.3539643239181856e-15,
    2.1122374291979015e-15,
    1.4024287720820968e-15,
    1.1411964545072184e-15,
    1.038982923456779e-15,
    1.0013759511984417e-15,
    9.917074736428953e-16
  ],
  "exit_code": 0,
  "iters": 89,
  "mtx": "saylr4",
  "method": "max-lf_alt-o-repeat_m2",
  "x_id": "randn"
}