{
  "fre": [
    0.13089675666791764,
    0.05930782324029998,
    0.04167400587717994,
    0.03611705996236171,
    0.03335845919738738,
    0.031682992585132144,
    0.030585547075039386,
    0.02975174404844035,
    0.0290120305921954,
    0.028457328812199343,
    0.028080285240938824,
    0.027822094118405756,
    0.027715961060821692,
    0.027641508411348093,
    0.02750648049570743,
    0.027203985310711762,
    0.026618807616431577,
    0.025762981317243274,
    0.025149254971143536,
    0.024867602550995627,
    0.024810063638476793,
    0.024676973365610665,
    0.02416865622533669,
    0.02206678552374463,
    0.01888822299976899,
    0.016686779960003766,
    0.015231306128395478,
    0.013246015095866346,
    0.010420687232184325,
    0.007907180967229279,
    0.005756556923054247,
    0.003500763766013159,
    0.001385859964435365,
    0.00031267678160255217,
    8.934634072337885e-05,
    1.7479349479825595e-05,
    7.336603249551601e-06,
    1.8311718457339231e-06,
    2.133039388149044e-07,
    9.437955583651966e-08,
    8.619931276577845e-08,
    8.129035572268494e-08,
    7.992074695701448e-08,
    7.915824927614987e-08,
    7.836604562150213e-08,
    7.769175570152893e-08,
    7.666473844705062e-08,
    7.539840693871026e-08,
    7.420357309237525e-08,
    7.33048454061778e-08,
    7.218557722703655e-08,
    7.007466165117092e-08,
    6.876339426497452e-08,
    6.770867461084646e-08,
    6.726916310073191e-08,
    6.698292566612273e-08,
    6.66792450653771e-08,
    6.502194505288112e-08,
    5.323221644040758e-08,
    3.1222891908521586e-08,
    3.1143419430796326e-08,
    3.099628317259378e-08,
    3.0868504496117564e-08,
    3.075207787903767e-08,
    3.046619170415034e-08,
    2.9115375726132752e-08,
    2.5854122257824925e-08,
    1.8980071811506395e-08,
    9.906816967332818e-09,
    5.3383843481335055e-09,
    2.914687159065446e-09,
    1.4640563959714425e-09,
    7.254731614007089e-10,
    4.802449975699659e-10
  ],
  "rk": [
    1.0,
    6.232280626789714e-05,
    1.8269700882012283e-05,
    7.06764921514897e-06,
    3.0271726511854227e-06,
    1.2570990622762945e-06,
    5.436277199972547e-07,
    2.631107822369721e-07,
    1.654445587767174e-07,
    1.1184817780494038e-07,
    7.674858256874242e-08,
    5.073938887098412e-08,
    2.1296508553885866e-08,
    1.075338241431403e-08,
    9.287715162950728e-09,
    8.957323081977618e-09,
    8.615872942347935e-09,
    8.101281054270947e-09,
    7.416865877063432e-09,
    6.979732985994406e-09,
    6.835476590295048e-09,
    6.809497175460679e-09,
    6.788821015094959e-09,
    6.7149529924337715e-09,
    6.356148818448154e-09,
    5.781408479647826e-09,
    5.366339737781889e-09,
    5.0942600401104595e-09,
    4.7344084391149036e-09,
    4.1706764296123405e-09,
    3.5775700348052225e-09,
    3.006824498048045e-09,
    2.3286207196182525e-09,
    1.4676058469337866e-09,
    7.071599172458513e-10,
    3.987863363463756e-10,
    1.8754991246297779e-10,
    7.80795696354318e-11,
    2.7220999426927924e-11,
    9.499817989108858e-12,
    3.8742720452247834e-12,
    1.9993134922674053e-12,
    8.280086586271093e-13,
    3.582541451948673e-13,
    1.97616841878952e-13,
    1.2240120886723753e-13,
    9.801460168340592e-14,
    8.035196357801914e-14,
    6.434576736116636e-14,
    5.231158584875106e-14,
    4.603979793004314e-14,
    4.096261665456645e-14,
    3.157743353508128e-14,
    2.5062515689303776e-14,
    2.009425169119572e-14,
    1.8626967316981028e-14,
    1.8330696658650717e-14,
    1.8248130405948642e-14,
    1.799460222664207e-14,
    1.6170265023538472e-14,
    1.2256267731225583e-14,
    1.0036147828132223e-14,
    8.821609383689259e-15,
    8.486817310102174e-15,
    8.424726858628197e-15,
    8.371340715031951e-15,
    8.147105758515371e-15,
    7.626142297087388e-15,
    6.482830105737068e-15,
    4.711496260045718e-15,
    3.4961549667483107e-15,
    2.6527478723403945e-15,
    1.872226535377362e-15,
    1.2606454475066317e-15,
    9.546157092648494e-16
  ],
  "exit_code": 0,
  "iters": 74,
  "mtx": "saylr4",
  "method": "max-st_alt-o_m2",
  "x_id": "randn"
}