{
  "fre": [
    0.07366815515808352,
    0.024421089633200593,
    0.01002617720539452,
    0.007091224908947174,
    0.006194225761700297,
    0.005776590690909643,
    0.0052862789730435235,
    0.004823656037434494,
    0.004354626585443552,
    0.0030837627351488284,
    0.0017812379928491542,
    0.001336547849644034,
    0.0010611702908995468,
    0.0010224543783637706,
    0.0010149084532392616,
    0.0010104643022977075,
    0.0010054461254995124,
    0.0009638146825064255,
    0.0004832937039661992,
    0.00012323948832963923,
    0.00012257153114774558,
    0.00012169788540122277,
    0.00012112548516302143,
    0.0001197102428448581,
    0.0001104215240785907,
    7.758670508859954e-05,
    5.894153628446175e-05,
    5.0029985036002505e-05,
    3.121372225518778e-05,
    1.5506457459628653e-05,
    7.121741312369856e-06,
    2.2363187777952317e-06,
    1.6784678078137072e-07,
    1.6627670387720348e-08,
    2.6888652652078266e-09,
    5.220816702171632e-10,
    2.854736274188898e-10,
    8.523873352055684e-11,
    2.2174097028542913e-11,
    9.881697614418787e-12,
    9.86717267328412e-12,
    9.84655627990449e-12,
    9.865847280347797e-12,
    9.839931050509024e-12,
    9.843454824823683e-12,
    9.840605357044266e-12,
    9.817795867357326e-12,
    9.825544238459997e-12,
    9.82592982457808e-12,
    9.809969399861676e-12,
    9.792498530401347e-12,
    9.780863654414374e-12,
    9.792766362070911e-12,
    9.800675597904895e-12
  ],
  "rk": [
    1.0,
    0.0023539288637641894,
    0.0008517582555294184,
    0.0002488370881563794,
    7.606044397462123e-05,
    1.7254890700837502e-05,
    3.9242116792085575e-06,
    1.7506925088026511e-06,
    1.0369220873353509e-06,
    8.432373361298554e-07,
    6.463461984091862e-07,
    3.9629259728555747e-07,
    2.7651232008634556e-07,
    1.374372213873901e-07,
    4.947831952201765e-08,
    1.6557639231626926e-08,
    1.3707076254880798e-08,
    1.3541302208694324e-08,
    1.3233516558397184e-08,
    9.310736055941322e-09,
    4.693636729768786e-09,
    2.7058355427080634e-09,
    1.7095427604225075e-09,
    1.6397145059679422e-09,
    1.621833285660559e-09,
    1.549181652405984e-09,
    1.2776298779301374e-09,
    1.0979941461106025e-09,
    1.0050221576353808e-09,
    7.799644074241633e-10,
    5.362323016428661e-10,
    3.568650150102012e-10,
    1.9791194049890003e-10,
    5.0556609196019676e-11,
    1.2554850665313007e-11,
    4.085361546063165e-12,
    1.4144824445416062e-12,
    2.7430943744272577e-13,
    6.859405248325483e-14,
    1.7700097316836167e-14,
    5.233060473869566e-15,
    1.6047927425633941e-15,
    4.042784476084938e-15,
    3.84725958245371e-15,
    3.866844199349016e-15,
    3.8044648088979095e-15,
    3.744090386899767e-15,
    3.880297859096171e-15,
    3.807581186495839e-15,
    3.8482161149319126e-15,
    3.915327244103493e-15,
    3.799438241931612e-15,
    3.784532944990663e-15,
    3.894867458345881e-15,
    3.8818915057420635e-15
  ],
  "exit_code": 41,
  "iters": 54,
  "mtx": "saylr4",
  "method": "max-st_alt-o-repeat_m4",
  "x_id": "sine"
}