{
  "fre": [
    0.03752772885460167,
    0.015490851239071136,
    0.011497862405342698,
    0.009119107997289754,
    0.0070126415176369125,
    0.005721742883370509,
    0.004619006279238245,
    0.003870204333485123,
    0.0032765580032409355,
    0.0026245046792095364,
    0.0014686674291135883,
    0.0008429114558576383,
    0.0007255458327978938,
    0.0006708197722437584,
    0.000628522215716526,
    0.0005989857865777041,
    0.0005495384007636318,
    0.0004438903233196345,
    0.00011301209507302387,
    2.4015406888754565e-05,
    2.3124305933751915e-05,
    2.1894200157144132e-05,
    2.114781839060935e-05,
    2.0440781381273383e-05,
    1.584569729172886e-05,
    4.022679421842041e-06,
    2.0203716718694865e-06,
    1.6178199797999012e-06,
    1.2740229383758819e-06,
    8.119096270958124e-07,
    3.3987509069076905e-07,
    1.2832516027842265e-07,
    4.4294525126189425e-08,
    1.0192507138843954e-08,
    2.3049756974191803e-09,
    1.7265050118095287e-09,
    1.3061317329860901e-09,
    6.981426863614018e-10,
    1.4860397920898505e-10,
    4.909162200208752e-11,
    3.561694803944988e-11,
    2.921592940960643e-11,
    2.736447466261599e-11,
    2.5734957226811363e-11,
    2.4322376777221374e-11,
    2.3313344214806326e-11,
    2.2434152212609438e-11,
    2.0328488619297422e-11,
    1.3558982722685319e-11,
    6.305471792241793e-12,
    1.845192249402325e-12,
    5.802919890149773e-13,
    2.0368927354412128e-13,
    6.430247931042501e-14,
    2.2202682890886182e-14
  ],
  "rk": [
    1.0,
    0.0349272490968901,
    0.0042998372783265085,
    0.0008264007325037831,
    0.0003295677933177063,
    0.00015973910293651418,
    8.96764806703803e-05,
    5.0709038377001804e-05,
    3.252967393652483e-05,
    2.4583160386828566e-05,
    1.9757801504024657e-05,
    1.3161455222344557e-05,
    6.930271537848562e-06,
    4.318943309719547e-06,
    2.844661007411964e-06,
    2.0982083199645616e-06,
    1.871574025264178e-06,
    1.7457571079785789e-06,
    1.5459377410837981e-06,
    7.159877232339747e-07,
    2.923443098282086e-07,
    1.6154691564843815e-07,
    9.014642716869173e-08,
    7.108955871733589e-08,
    6.695137966873193e-08,
    5.762145296131057e-08,
    2.4137619223001946e-08,
    1.1904721040010523e-08,
    8.841819012726054e-09,
    7.369927458004036e-09,
    5.4005306624146575e-09,
    3.1813132744094074e-09,
    1.8065802587995433e-09,
    1.022511109725022e-09,
    4.754289659674693e-10,
    1.6462841761488547e-10,
    5.820389845688924e-11,
    2.6665305485727698e-11,
    1.718146202313019e-11,
    7.902526413606959e-12,
    3.2458247923096044e-12,
    1.4396200120646119e-12,
    5.930165178582531e-13,
    3.170570006201585e-13,
    1.9149901000060646e-13,
    1.0973932160127418e-13,
    7.801851262524009e-14,
    7.235600261114544e-14,
    6.709060678087472e-14,
    5.355292841608683e-14,
    3.548674439139463e-14,
    1.8383708134950938e-14,
    9.124727125747345e-15,
    4.370054354725676e-15,
    1.676820101687036e-15,
    5.179109002085343e-16
  ],
  "exit_code": 0,
  "iters": 55,
  "mtx": "sherman4",
  "method": "max-lf_alt-o-repeat_m4",
  "x_id": "sine"
}