{
  "fre": [
    0.7308062421883356,
    0.6603223753100705,
    0.565282570510596,
    0.5059138189458183,
    0.4546288013764286,
    0.37341930318746946,
    0.24446084834789022,
    0.09936602438071336,
    0.049823655753731586,
    0.023058999827691048,
    0.016148852242383417,
    0.01323646337555422,
    0.010816105479983455,
    0.007942200677211896,
    0.004212493052398487,
    0.0009824449744557605,
    0.00036134165067422744,
    0.0001541362645528043,
    7.360961822704567e-05,
    3.6988836797400556e-05,
    2.844458033980678e-05,
    1.3958331972288257e-05,
    9.325354360372515e-06,
    7.397304633797356e-06,
    6.549180813872284e-06,
    5.833066048997774e-06,
    5.09366672600094e-06,
    4.140173153192678e-06,
    2.6050036518630485e-06,
    1.4386938053716357e-06,
    8.646963256140694e-07,
    5.470155630614062e-07,
    3.188598280368136e-07,
    1.7541131024399334e-07,
    1.1952973556743452e-07,
    8.578326813204843e-08,
    6.32894074839334e-08,
    4.193912660829787e-08,
    1.5850153103993533e-08,
    5.755793371456996e-09,
    4.63465973194468e-09,
    3.2380305459569207e-09,
    2.5559129369252307e-09,
    1.857969433494883e-09,
    1.417237943295072e-09,
    8.872426112681755e-10,
    5.163663908225469e-10,
    2.482639904494425e-10,
    1.816647206802914e-10,
    1.43876297172122e-10,
    1.1082529460277304e-10,
    8.82600829964107e-11,
    7.164133780268142e-11,
    6.172258087811595e-11,
    4.612366341369918e-11,
    2.550400908296074e-11,
    9.769562254706402e-12,
    4.32780922467252e-12,
    2.0766096379332817e-12,
    6.911542633830498e-13,
    5.763353352433399e-13,
    4.0420199455740126e-13,
    3.097547116553446e-13,
    2.71002898679748e-13,
    2.260703739721518e-13,
    2.0009205402569657e-13,
    1.7299987096537928e-13
  ],
  "rk": [
    1.0,
    0.011840470955443747,
    0.007147320235533636,
    0.003601725459090548,
    0.002635609931618716,
    0.0023025064077035104,
    0.0020025660288855327,
    0.001564563675297344,
    0.0009416788938515837,
    0.0006163885094862404,
    0.0003286722126819403,
    0.0001874962154789433,
    0.00011835271201062107,
    8.246657068299276e-05,
    6.120486664774386e-05,
    4.1056073085718685e-05,
    1.831653555593e-05,
    9.338701418889338e-06,
    4.090129778000419e-06,
    1.7066330765548373e-06,
    8.506032956107161e-07,
    5.595581128108164e-07,
    2.633751161561885e-07,
    1.329779012350483e-07,
    7.393679135991974e-08,
    4.73597355130482e-08,
    3.368325995929115e-08,
    2.7665562998146008e-08,
    2.308273283097511e-08,
    1.5665420547314203e-08,
    1.0051455043718168e-08,
    6.720663328879505e-09,
    4.6090719877455615e-09,
    3.113352985347887e-09,
    1.9069437422058055e-09,
    1.1581140210617922e-09,
    7.041240038673035e-10,
    5.075275777908541e-10,
    3.633510971947151e-10,
    1.856822461552163e-10,
    9.734253808422232e-11,
    6.045015617139815e-11,
    3.227359090315984e-11,
    2.2396752137162098e-11,
    1.4931912045567857e-11,
    1.1154517828890789e-11,
    7.438994849599797e-12,
    4.752868070043355e-12,
    2.3420830782516953e-12,
    1.5411327801498345e-12,
    1.1593880888420186e-12,
    8.304615064103383e-13,
    5.567024239271968e-13,
    3.757978822772879e-13,
    3.188875798667697e-13,
    2.665733155915149e-13,
    1.872245460782065e-13,
    1.1073756871912327e-13,
    5.4255293361019406e-14,
    3.1318831712778024e-14,
    1.592148662338366e-14,
    1.035009888178021e-14,
    5.830913884286636e-15,
    3.1296804799660363e-15,
    2.247100560483063e-15,
    1.3896535064365072e-15,
    1.0608570925615836e-15,
    8.90987351528094e-16
  ],
  "exit_code": 0,
  "iters": 67,
  "mtx": "sherman1",
  "method": "max-st_alt-o_m2",
  "x_id": "ones"
}