{
  "fre": [
    0.07581353089521245,
    0.04978094154064335,
    0.03443859028312527,
    0.025530654112318682,
    0.018320953059345706,
    0.015145199146310882,
    0.012657554750544022,
    0.01068167621031538,
    0.009230529792474488,
    0.007266579800493931,
    0.004932226734863072,
    0.0034016004205826627,
    0.003036081947897904,
    0.002952053346404677,
    0.002853502911140549,
    0.002630255492594359,
    0.0021012396741564563,
    0.0013710821920724112,
    0.000530271529610123,
    0.00010057906236385995,
    9.644724961938062e-05,
    9.098779247787655e-05,
    8.768572562062316e-05,
    8.426768166021718e-05,
    7.842865178178467e-05,
    7.346035842259132e-05,
    5.9508740148162655e-05,
    2.6364879496641575e-05,
    1.0738033953226604e-05,
    8.573739336457024e-06,
    6.537335195520328e-06,
    2.9984017465171028e-06,
    1.3696342087351964e-06,
    3.8459479588348465e-07,
    1.4949879476193618e-07,
    7.883567473496946e-08,
    4.569281441395466e-08,
    2.4463202438916473e-08,
    8.166195416021955e-09,
    2.1488733259804684e-09,
    1.7083487369382313e-09,
    1.4674206401776534e-09,
    1.3900568445330898e-09,
    1.2991780494741667e-09,
    1.1802549049802483e-09,
    1.1033425934829565e-09,
    1.043325775291468e-09,
    8.941999771069171e-10,
    6.12842075005225e-10,
    5.324961959743167e-10,
    4.80698078740516e-10,
    4.034397098566371e-10,
    2.344626223395327e-10,
    6.66482125094075e-11,
    1.1514233387820147e-11,
    3.1372124222577475e-12,
    6.432178937114174e-13,
    3.0723988757116903e-13,
    4.7347377304906706e-14,
    1.4433905492990906e-14
  ],
  "rk": [
    1.0,
    0.016236584302872722,
    0.002956082479500891,
    0.0010026069037141969,
    0.0006003051446997367,
    0.00030930224952586765,
    0.00017247425876286478,
    0.00010929486230479494,
    7.46551383655339e-05,
    5.922754997701224e-05,
    4.7302519883136455e-05,
    3.533896086753347e-05,
    2.235796082651391e-05,
    9.802393714449872e-06,
    6.9508399028917975e-06,
    6.542583332200539e-06,
    6.138569196919825e-06,
    5.181210460930474e-06,
    4.085490276774455e-06,
    2.64901405199267e-06,
    1.1524045605740833e-06,
    6.88509000842662e-07,
    3.5529663830363997e-07,
    2.456393469997802e-07,
    2.07905427440658e-07,
    1.8061296211794412e-07,
    1.714416670306725e-07,
    1.547470572498545e-07,
    1.0027431425939674e-07,
    5.5922990247351144e-08,
    4.9181036880111265e-08,
    4.254125350298185e-08,
    2.4179137317589973e-08,
    1.4736239139893732e-08,
    7.31439546697649e-09,
    3.1668754099858504e-09,
    1.634825876808659e-09,
    9.26212152398051e-10,
    5.285503451527011e-10,
    1.7938066410600152e-10,
    6.80323584437557e-11,
    3.536538685481442e-11,
    1.2275690852333707e-11,
    6.82963528484886e-12,
    5.031941653816147e-12,
    3.5012797814361486e-12,
    2.798270512895064e-12,
    2.5858564598640283e-12,
    2.2505101705879373e-12,
    1.6106770218930652e-12,
    1.4150409003992218e-12,
    1.3181241475098455e-12,
    1.1656857295736195e-12,
    8.720476003791112e-13,
    4.851820310770969e-13,
    1.9230327752070412e-13,
    6.414745325922414e-14,
    2.8141018358471585e-14,
    1.1264953677234271e-14,
    3.182432701481004e-15,
    6.380718616464944e-16
  ],
  "exit_code": 0,
  "iters": 60,
  "mtx": "sherman4",
  "method": "max-lf_alt-o_m4",
  "x_id": "randn"
}