{
  "fre": [
    0.14582051403700444,
    0.03621649857959004,
    0.016583477866573843,
    0.012979891935161636,
    0.0074918785302477,
    0.00452718668268903,
    0.003358161990813216,
    0.0027634120883553446,
    0.002370637436637284,
    0.0018893295620514622,
    0.0013628252101150476,
    0.0009850524599341538,
    0.0003562460035798128,
    0.00014573956521503678,
    0.00010147555028312306,
    6.871328053158772e-05,
    4.359719407602873e-05,
    9.509700067404586e-06,
    2.1462877634298996e-06,
    4.952203789407117e-07,
    3.202785342474492e-07,
    1.852268578007868e-07,
    1.3873516580121516e-07,
    1.1545350121697651e-07,
    8.324285482905897e-08,
    5.510990130680895e-08,
    2.6378983217310216e-08,
    1.0590674422058115e-08,
    5.707354237032213e-09,
    3.734343424789289e-09,
    2.1579157312032915e-09,
    8.04429437662043e-10,
    2.3014474367573542e-10,
    1.1230130680427237e-10,
    9.234537448845742e-11,
    6.705323686957616e-11,
    3.517991039885199e-11,
    1.5863654873129488e-11,
    6.4152475346401304e-12,
    1.5313838888972622e-12,
    1.0532062981245424e-12,
    6.452176982183768e-13,
    4.5185787886399105e-13,
    3.0182003670606523e-13,
    1.772702251708523e-13
  ],
  "rk": [
    1.0,
    0.0478778258696758,
    0.011404768114474287,
    0.0028096876683856658,
    0.0017036488047746145,
    0.001000792514319711,
    0.00038113092261161604,
    9.844224420452016e-05,
    2.5150063316312064e-05,
    1.1507688239244765e-05,
    7.510060528926493e-06,
    4.896310058161575e-06,
    3.7854729444769224e-06,
    2.0203308876519603e-06,
    9.304627612544423e-07,
    5.486918908772673e-07,
    3.327287866929165e-07,
    2.3678028567166024e-07,
    9.793801006498275e-08,
    3.6617212119405604e-08,
    1.0798127928800632e-08,
    4.54145667974416e-09,
    1.7249544995307193e-09,
    6.812182187449346e-10,
    4.2190319399625037e-10,
    2.915017740389007e-10,
    2.0994934912857022e-10,
    1.3352150322886432e-10,
    7.053273534574761e-11,
    3.271275542332057e-11,
    1.7579485226197853e-11,
    1.0500768033723271e-11,
    5.480154070117631e-12,
    2.422846560767225e-12,
    9.520827908675754e-13,
    4.900617528567546e-13,
    3.117831169388711e-13,
    1.7808020499898401e-13,
    9.220789303468681e-14,
    5.034628287999182e-14,
    1.9250358741035442e-14,
    1.0034593910244563e-14,
    4.555380006983386e-15,
    2.365865735384565e-15,
    1.4707806705789382e-15,
    9.627784888396668e-16
  ],
  "exit_code": 0,
  "iters": 45,
  "mtx": "sherman1",
  "method": "max-lf_alt-o-repeat_m4",
  "x_id": "sine"
}