{
  "fre": [
    0.131278153719799,
    0.06122202114430156,
    0.043752355570781505,
    0.036998758194491096,
    0.033196431311792535,
    0.029694485064754576,
    0.026065184813784788,
    0.022790005810707475,
    0.019931388933715925,
    0.016451784638980088,
    0.013517876006172077,
    0.010335182128797811,
    0.0070571668510555465,
    0.004324999727661432,
    0.003893342233807823,
    0.0037757323019615772,
    0.0036657158508077354,
    0.0035618124749695937,
    0.0034411743097354313,
    0.003227106660321692,
    0.0031609579587162356,
    0.0030055467764340056,
    0.002651185607892945,
    0.0020489801322058415,
    0.0014244224048755956,
    0.00105265745093446,
    0.0007690660894850907,
    0.0006141549166223893,
    0.0004856192845690483,
    0.0002578516392407875,
    0.00012300401379703672,
    7.614904049582278e-05,
    3.887674542574666e-05,
    9.212396131289433e-06,
    3.2613072160134517e-06,
    1.4935835417565185e-06,
    8.056131361866087e-07,
    4.281930174703723e-07,
    2.2106943261164504e-07,
    1.6557758738959663e-07,
    1.3961505171112034e-07,
    9.739182609398617e-08,
    7.294809469209307e-08,
    6.319489589291954e-08,
    5.8188730610419745e-08,
    5.4429295373780865e-08,
    5.089047713584571e-08,
    4.627376049302049e-08,
    3.9840029181829126e-08,
    3.170800417734786e-08,
    2.5618667665268854e-08,
    2.2688738643190324e-08,
    2.1036983321919503e-08,
    1.9588280198523658e-08,
    1.804970312338101e-08,
    1.7376662984023717e-08,
    1.5943633910887233e-08,
    1.2956839756964044e-08,
    7.479706034157651e-09,
    3.41012147830482e-09,
    3.3453072326851393e-09,
    3.2258937610138225e-09,
    3.1028016991739222e-09,
    2.960748000261975e-09,
    2.812354560861449e-09,
    2.6147411764734456e-09,
    2.3490987030202338e-09,
    1.92952273503168e-09,
    1.3813009593223936e-09,
    5.940841748519801e-10,
    2.77958128834148e-10,
    2.48949156609456e-10,
    2.2422093485548879e-10,
    1.7622764564701755e-10,
    9.0335196140312e-11,
    2.8680399160239304e-11,
    8.565186938420705e-12,
    2.485408650681106e-12,
    6.184448057257353e-13,
    4.774182784337612e-13,
    3.8365496078569183e-13,
    2.9244573424908204e-13,
    1.8593006528516456e-13,
    1.3786958348116532e-13,
    1.2386732078619138e-13,
    1.1426901246671498e-13
  ],
  "rk": [
    1.0,
    0.10662688732306515,
    0.02335268939102253,
    0.00549002082766484,
    0.001530105528514799,
    0.0006984846063071154,
    0.00044610222350904193,
    0.00030033828675018293,
    0.0002038025277991841,
    0.0001565454474064782,
    0.00012118845673197922,
    0.00010157101232005174,
    8.462329061367636e-05,
    6.728276557067306e-05,
    4.259962990182172e-05,
    2.853004725436154e-05,
    1.7076227503093052e-05,
    1.0877479591514735e-05,
    8.875207693452718e-06,
    8.363058959513518e-06,
    7.934359467670977e-06,
    7.692939180683345e-06,
    7.4329710734878124e-06,
    7.005762095202541e-06,
    6.237740197821172e-06,
    5.313345896459408e-06,
    4.612146122213579e-06,
    3.7963355391246204e-06,
    3.2958675075078293e-06,
    2.8483787884557696e-06,
    2.0592438143258633e-06,
    1.2997144030469348e-06,
    9.14766376749201e-07,
    6.461497545493825e-07,
    3.5790132019027337e-07,
    1.8035083584518169e-07,
    7.93497042892401e-08,
    3.100144545783472e-08,
    1.5023803022456097e-08,
    7.491514659419091e-09,
    4.71120753103607e-09,
    3.3731232520905537e-09,
    2.2029332174664813e-09,
    1.2158735955628627e-09,
    6.435093481265731e-10,
    3.8270155269760344e-10,
    2.6648004333014743e-10,
    2.133311834088385e-10,
    1.8205414819669882e-10,
    1.5039171040445353e-10,
    1.169517483381594e-10,
    8.71458167730021e-11,
    7.071009601566792e-11,
    6.060685352731497e-11,
    5.341576773641029e-11,
    4.66126822878986e-11,
    4.465899333576412e-11,
    4.2264818112201454e-11,
    3.767682218630467e-11,
    2.8021966208411675e-11,
    1.8495754052327554e-11,
    1.3480303915810498e-11,
    1.023306532930074e-11,
    8.620871993255758e-12,
    7.643664205608607e-12,
    7.1939334605983265e-12,
    6.854925690378625e-12,
    6.486455897124538e-12,
    5.966355354613294e-12,
    5.181599687307546e-12,
    3.742221390232864e-12,
    2.4159152952677484e-12,
    1.8060631851590747e-12,
    1.5652437798137786e-12,
    1.310994096037288e-12,
    8.901843300800231e-13,
    4.709127080468793e-13,
    2.410329813767971e-13,
    1.1642073839204774e-13,
    4.2087935630156335e-14,
    1.975777264851131e-14,
    1.2280026114725705e-14,
    8.625049365174693e-15,
    4.8544878019097574e-15,
    2.0894820973601545e-15,
    1.0619600679481053e-15,
    7.392231791752766e-16
  ],
  "exit_code": 0,
  "iters": 86,
  "mtx": "sherman4",
  "method": "max-st_alt-o-repeat_m2",
  "x_id": "randn"
}