{
  "fre": [
    0.1557799707427549,
    0.07268862461117859,
    0.04702069534585314,
    0.033251210582748256,
    0.018940058297880185,
    0.014184221658012005,
    0.010163536794089786,
    0.008726675700332304,
    0.0071427682243255025,
    0.005477371812471728,
    0.0040304295874429704,
    0.0021274086798680125,
    0.000830406834181341,
    0.00023842239491297034,
    0.00010023412989233825,
    6.631570231690678e-05,
    5.134496482985514e-05,
    3.4620596560311225e-05,
    1.9664324729973895e-05,
    8.947055776979236e-06,
    7.454996867934951e-06,
    5.118206375099119e-06,
    3.156739101679316e-06,
    1.9171710539402447e-06,
    8.075511416320066e-07,
    3.127501544375302e-07,
    1.6283993995154298e-07,
    1.266888768585987e-07,
    1.0690386927828536e-07,
    9.119947343828333e-08,
    7.235651798639021e-08,
    5.315024917019825e-08,
    2.443229763133569e-08,
    8.283295850396135e-09,
    2.386461226976137e-09,
    9.336792408558364e-10,
    3.780864309848542e-10,
    1.1747320145704928e-10,
    4.336897081924616e-11,
    2.0583940990694378e-11,
    1.5147439398062474e-11,
    1.0512317059646045e-11,
    8.35648144587185e-12,
    7.2165828878453366e-12,
    5.934154279291483e-12,
    4.308074746581622e-12,
    1.7613911745965555e-12,
    7.206230778203926e-13,
    4.0545749678069686e-13,
    2.901176776081914e-13,
    1.9653329391715476e-13,
    1.1837278260263134e-13
  ],
  "rk": [
    1.0,
    0.04568332208799989,
    0.006038394905950394,
    0.0015307490985700736,
    0.0007838620057328843,
    0.00034828731013092986,
    0.00020056418841661003,
    8.880331644190474e-05,
    5.4497269716304565e-05,
    3.840339893454899e-05,
    2.529342700430969e-05,
    1.8459883937903617e-05,
    1.2226507449533698e-05,
    7.756012630775664e-06,
    4.015620462332123e-06,
    1.2159848757716616e-06,
    5.348491347740997e-07,
    3.378384546488355e-07,
    2.2424471849629856e-07,
    1.4667762038256707e-07,
    8.134683053145049e-08,
    5.6755567384731536e-08,
    3.682139695854972e-08,
    2.2474259630433384e-08,
    1.4405417107078085e-08,
    7.446540792728633e-09,
    3.576194380512744e-09,
    1.79629412812764e-09,
    8.935953267218158e-10,
    4.935463615314103e-10,
    4.005264104385006e-10,
    3.210696447560075e-10,
    2.665622959379771e-10,
    1.6444771110751755e-10,
    9.110734683300207e-11,
    4.3077520365479774e-11,
    2.0097123854366973e-11,
    9.521732012405418e-12,
    2.8158467772987718e-12,
    1.0356172886686568e-12,
    3.820462683510112e-13,
    2.081456668479518e-13,
    9.829293409735943e-14,
    4.6262861642232665e-14,
    3.448362907598964e-14,
    2.744713780163025e-14,
    2.2228029245826633e-14,
    1.3771399717308055e-14,
    7.151510764040209e-15,
    3.1726457336117756e-15,
    2.1042618243285106e-15,
    1.3247377116718894e-15,
    7.866004702915175e-16
  ],
  "exit_code": 0,
  "iters": 52,
  "mtx": "sherman1",
  "method": "max-st_alt-o_m3",
  "x_id": "sine"
}