{
  "fre": [
    0.184181099384338,
    0.04600077716469921,
    0.02917747746315304,
    0.021609274515540938,
    0.0162841192322317,
    0.012978837212975948,
    0.010780962304136787,
    0.008707947170935287,
    0.007181760115797192,
    0.006026083280814413,
    0.004919098582371758,
    0.0037802582114562157,
    0.0027631524366204118,
    0.0017266293732067606,
    0.0011569777272645654,
    0.0008112133354149231,
    0.0006179512156912857,
    0.0005067465134918609,
    0.0004029412445388896,
    0.00024640021861706095,
    0.0002314161940391795,
    0.00019504239060130063,
    0.00014828509005004824,
    0.00010275356946134387,
    6.771568336111301e-05,
    4.2010157496535954e-05,
    2.9686226252275816e-05,
    2.4809274947007235e-05,
    1.9588798088995013e-05,
    1.5450257433876153e-05,
    1.1218516462409836e-05,
    6.662841156056704e-06,
    3.7092880420223014e-06,
    2.1170182522491682e-06,
    1.0786798672656997e-06,
    6.202193271959789e-07,
    4.276241673038089e-07,
    3.253933775623995e-07,
    2.714879181142184e-07,
    1.9888341463513576e-07,
    1.7705860954168248e-07,
    1.227682795656677e-07,
    5.2810154328907946e-08,
    2.57685360348192e-08,
    1.646400453323011e-08,
    1.2466953563020732e-08,
    1.0240385885837277e-08,
    8.466941490609957e-09,
    6.597759459730597e-09,
    4.976471252217013e-09,
    3.5770525635181505e-09,
    2.3257075041657203e-09,
    1.5458028705560688e-09,
    9.96669039152571e-10,
    6.82748189858471e-10,
    5.305932449795586e-10,
    3.971275430577242e-10,
    2.870944802842767e-10,
    1.7210111212220335e-10,
    6.351930572825043e-11,
    5.808912530972808e-11,
    4.925863366961438e-11,
    4.188401324798462e-11,
    3.3467797437292905e-11,
    2.623086226359239e-11,
    1.693494090933172e-11,
    9.731915743101683e-12,
    7.310623421858976e-12,
    5.558341716830782e-12,
    4.697822820434384e-12,
    3.91655544652741e-12,
    3.1373689859404384e-12,
    2.330308572295402e-12,
    1.6853975785980498e-12,
    9.24732126707485e-13,
    4.452443246808651e-13,
    2.070072395503619e-13,
    1.4126626303280128e-13
  ],
  "rk": [
    1.0,
    0.059456923844969846,
    0.006416561655549064,
    0.0010722445457356147,
    0.0004834837840977689,
    0.00026746473139345077,
    0.00013864507105592488,
    9.00015283942554e-05,
    5.846937854959205e-05,
    3.95546087068337e-05,
    2.8570213267012702e-05,
    2.1389337927269454e-05,
    1.613419669195255e-05,
    1.2072105777725096e-05,
    7.993105777919335e-06,
    5.294621718495625e-06,
    3.640919493829157e-06,
    2.5609809762450667e-06,
    2.0375940289903125e-06,
    1.7275952899571226e-06,
    1.2750823656151523e-06,
    1.0440028387018157e-06,
    8.252655104432552e-07,
    6.347200987003286e-07,
    4.6414552130884747e-07,
    3.3226390920063604e-07,
    2.1040978911244367e-07,
    1.2943994388588863e-07,
    1.0194084595973427e-07,
    8.106889853775648e-08,
    6.712427542864285e-08,
    5.383722726565125e-08,
    3.7400974359069936e-08,
    2.3326803151991937e-08,
    1.501014214787135e-08,
    8.669612034167469e-09,
    4.948047521390294e-09,
    2.7357420420368792e-09,
    1.3899110641084127e-09,
    9.823742858412933e-10,
    7.318409932152945e-10,
    6.040211999996748e-10,
    4.529304034981853e-10,
    2.6010071090006817e-10,
    1.4778687346354401e-10,
    9.376761773408424e-11,
    6.178421468704912e-11,
    4.504279318521189e-11,
    3.550553669968289e-11,
    2.7844916499377432e-11,
    2.121815046925481e-11,
    1.568512054017378e-11,
    1.0708078575574486e-11,
    7.188606057921035e-12,
    4.783512434703351e-12,
    3.241309074725101e-12,
    2.488945648784988e-12,
    1.8868996303274625e-12,
    1.4548363735578031e-12,
    1.0967833779795066e-12,
    6.744764338609282e-13,
    4.576212770214217e-13,
    2.8197997032494144e-13,
    2.081181255698931e-13,
    1.5671856863384577e-13,
    1.269329242574792e-13,
    9.187974590630164e-14,
    5.5108538680882176e-14,
    3.747747418529985e-14,
    2.492472229666297e-14,
    1.948704704761583e-14,
    1.58155082440982e-14,
    1.2653045762286424e-14,
    9.476419610357506e-15,
    7.221268690213278e-15,
    4.7701959709920044e-15,
    3.0155471794515953e-15,
    1.6263678038780763e-15,
    7.695770598916331e-16
  ],
  "exit_code": 0,
  "iters": 78,
  "mtx": "sherman1",
  "method": "max-lf_alt-o-repeat_m3",
  "x_id": "sine"
}