{
  "fre": [
    0.23422851557896013,
    0.09924302304490597,
    0.03835457035685865,
    0.019798583450857755,
    0.015520461370540254,
    0.01247114592993752,
    0.008839530878603195,
    0.005668070581842922,
    0.004297982300746412,
    0.0035505243866842126,
    0.003057516983215077,
    0.002734198251568901,
    0.002468472087854119,
    0.002100897372414199,
    0.0016898411202668706,
    0.0013834818051149216,
    0.0011053582192471227,
    0.0006557327535579802,
    0.00025581884976737175,
    0.00016170907611292923,
    0.00014649114352565767,
    0.00011660366520843365,
    9.868939421470345e-05,
    7.765011585376982e-05,
    4.575140639946229e-05,
    2.7699249335132375e-05,
    1.912915268756057e-05,
    1.5137089402061701e-05,
    1.1506334902331476e-05,
    8.633458861457537e-06,
    6.177629750378344e-06,
    3.5813540134393455e-06,
    1.8249250521516218e-06,
    5.843565635379919e-07,
    1.8731401269756112e-07,
    7.147269827884093e-08,
    3.3988680801819114e-08,
    1.555614430576821e-08,
    1.0108303476653649e-08,
    8.356352222626467e-09,
    7.1527234873546434e-09,
    5.407083465415623e-09,
    3.4541902156200495e-09,
    1.9692392828623206e-09,
    1.0912077601276374e-09,
    6.635865720754879e-10,
    4.20653870376834e-10,
    3.141001149469415e-10,
    2.43627368665547e-10,
    2.0297138161266852e-10,
    1.6780142105093736e-10,
    1.3628367956366153e-10,
    9.10421861468157e-11,
    3.913983911448812e-11,
    1.7383777355751536e-11,
    9.839476850768102e-12,
    7.477464166430815e-12,
    5.938249361358341e-12,
    4.448983175364437e-12,
    2.790251062079143e-12,
    2.5474543306795373e-12,
    1.9812900406202266e-12,
    1.342215865652457e-12,
    7.945223058296086e-13,
    3.7062979809731656e-13,
    2.0454473193959755e-13,
    1.704857733558352e-13
  ],
  "rk": [
    1.0,
    0.08101493765989286,
    0.03291209612267862,
    0.011640415764488064,
    0.00392777858255817,
    0.0021701171794434168,
    0.0016785100162354676,
    0.0011790424147480037,
    0.0006546764783479409,
    0.00029116445023459115,
    0.00011488386353779034,
    4.168941400466449e-05,
    1.9002911494154702e-05,
    1.247234500994981e-05,
    8.884813088740071e-06,
    6.397564447897123e-06,
    4.924698204463097e-06,
    4.142912172378704e-06,
    2.992884998749418e-06,
    1.642264753504949e-06,
    1.0366576826175622e-06,
    7.917549949866708e-07,
    5.266170128384937e-07,
    4.0644482466494565e-07,
    3.24922277468534e-07,
    2.200957611252475e-07,
    1.3684044636494174e-07,
    8.851425708474963e-08,
    6.46811216321475e-08,
    4.747471841728942e-08,
    3.5745795905464726e-08,
    2.810055280427803e-08,
    1.913452362826902e-08,
    1.262216841108493e-08,
    6.486712320240828e-09,
    3.065030559086235e-09,
    1.4058117055212844e-09,
    7.074236159752309e-10,
    3.0935824447954317e-10,
    1.3002007986670215e-10,
    5.892571306547012e-11,
    4.1775376139030666e-11,
    2.891720764929689e-11,
    1.937184553653196e-11,
    1.2131094035312876e-11,
    7.236406064064764e-12,
    4.483261320693842e-12,
    2.6337518205249662e-12,
    1.6706636207524033e-12,
    1.0655990806151394e-12,
    7.677546206522381e-13,
    5.997832918939365e-13,
    5.010159379376471e-13,
    3.8579778656629794e-13,
    2.3528262483667225e-13,
    1.260230306557201e-13,
    7.096453236886697e-14,
    4.3744540020003274e-14,
    3.2089466539613026e-14,
    2.438798542442479e-14,
    1.7167301635219813e-14,
    1.3685417209503017e-14,
    1.0455241445773121e-14,
    7.715231038979894e-15,
    5.393304066992624e-15,
    3.1226625701451998e-15,
    1.4892927635207985e-15,
    8.418093342391335e-16
  ],
  "exit_code": 0,
  "iters": 67,
  "mtx": "sherman1",
  "method": "max-lf_alt-o-repeat_m2",
  "x_id": "sine"
}