{
  "fre": [
    0.09556634279926435,
    0.05000674691679792,
    0.03555835085985985,
    0.02710905686709017,
    0.021171369198958057,
    0.017057410209331523,
    0.013178580560409965,
    0.011442982647865052,
    0.00935399342744484,
    0.007836805227817174,
    0.004905481712715809,
    0.0037626375302953867,
    0.003562792544848774,
    0.0033929458519091015,
    0.00321434543909519,
    0.0029636755015544814,
    0.0026683129120572777,
    0.001464655664956613,
    0.0002664761812775694,
    4.192418900196487e-05,
    3.88268952863281e-05,
    3.579697435787134e-05,
    3.4696978248586494e-05,
    3.300600331191773e-05,
    2.9619581295306163e-05,
    2.63816459752916e-05,
    2.023946467762786e-05,
    1.3328351299832858e-05,
    1.062222123452282e-05,
    7.548480276235462e-06,
    4.789859809597534e-06,
    1.8335636077856713e-06,
    2.9906108023939124e-07,
    5.051153289439006e-08,
    3.6097344448943654e-08,
    2.7026509283817954e-08,
    1.3409905486165037e-08,
    4.486901268015304e-09,
    7.310787956804657e-10,
    1.2348762750342348e-10,
    8.234049101989779e-11,
    6.010211010884889e-11,
    5.129560410383182e-11,
    4.446089969147105e-11,
    3.6993978512303555e-11,
    3.025985281127535e-11,
    2.5892730727504586e-11,
    2.0324061100614782e-11,
    1.6584077435305294e-11,
    1.5430779609886265e-11,
    1.464212537948934e-11,
    1.3923268738981922e-11,
    1.2529079479772013e-11,
    6.790505668409256e-12,
    1.884355858605806e-12,
    7.325317829325452e-13,
    2.1893858064934726e-13,
    3.375088661612748e-14,
    1.4410515993253523e-14
  ],
  "rk": [
    1.0,
    0.06495798535017419,
    0.010974158414821774,
    0.0023608204936166935,
    0.0008616280913293637,
    0.0003985107645881953,
    0.0002444526206532898,
    0.00012511278918335558,
    8.456149709734498e-05,
    6.239166375765757e-05,
    5.1859254335350055e-05,
    3.600431266487337e-05,
    1.9431289392943725e-05,
    1.1925352588512591e-05,
    9.009137642417757e-06,
    7.814840620113715e-06,
    7.0702911011101716e-06,
    6.48391381360963e-06,
    4.7085519958650635e-06,
    1.8973074339648717e-06,
    8.056267387133693e-07,
    4.2507824822598023e-07,
    1.5407787235285338e-07,
    9.51150029142952e-08,
    8.305155481706981e-08,
    7.187614272154777e-08,
    6.485294132631178e-08,
    5.539462313940703e-08,
    4.310630768714166e-08,
    3.7503005459615324e-08,
    3.0379843434768775e-08,
    2.3448212912588586e-08,
    1.384427845987504e-08,
    5.7733297108306065e-09,
    1.64676025616833e-09,
    8.212782545357088e-10,
    4.828932267612092e-10,
    2.382682237053282e-10,
    8.723187398602237e-11,
    2.9347267805506406e-11,
    8.125911578988884e-12,
    2.926268639545273e-12,
    1.0168964761107335e-12,
    5.001786350923504e-13,
    3.5051870683298504e-13,
    2.6070762925374414e-13,
    1.9441824874833315e-13,
    1.5575903572624897e-13,
    1.1288940744013162e-13,
    6.459963534556559e-14,
    4.345080908469577e-14,
    3.523616873166056e-14,
    3.252940451801166e-14,
    3.0390241977297427e-14,
    2.187144225007825e-14,
    1.142618728942763e-14,
    6.726326356508359e-15,
    3.4643630812003106e-15,
    1.0687533497687983e-15,
    5.289552529897582e-16
  ],
  "exit_code": 0,
  "iters": 59,
  "mtx": "sherman4",
  "method": "max-lf_alt-o-repeat_m4",
  "x_id": "randn"
}