{
  "fre": [
    0.13511563173117647,
    0.04841558778601117,
    0.034759297569788954,
    0.026567751993498836,
    0.01682775324218402,
    0.012615310840457876,
    0.009531994204814351,
    0.007207778265925247,
    0.005937487655649379,
    0.00426729992602584,
    0.0028711804964464483,
    0.0018239385960329688,
    0.0012728379672362101,
    0.0008503406885870203,
    0.0006853408862394862,
    0.0005150158404672223,
    0.00021998200890430917,
    6.582407286188214e-05,
    2.9721067906771252e-05,
    2.4719359595022875e-05,
    2.2097672202036816e-05,
    1.662955932674625e-05,
    1.1310411711769959e-05,
    5.936306990140583e-06,
    2.7206572094658878e-06,
    1.1199852854927785e-06,
    5.274754742496278e-07,
    3.226284523471293e-07,
    2.642973009406966e-07,
    2.2961520950364955e-07,
    1.888008927934941e-07,
    1.3633484832212156e-07,
    7.028379708053217e-08,
    4.3641205852453875e-08,
    2.9061334867587166e-08,
    2.0458473287766886e-08,
    1.4168469566355946e-08,
    9.043385221974143e-09,
    4.3293176134144365e-09,
    1.7172498670199349e-09,
    1.4860148180156513e-09,
    1.146315041730256e-09,
    9.043313732050857e-10,
    6.926362361854331e-10,
    4.291264474574696e-10,
    2.9238906039037374e-10,
    2.1361108807457176e-10,
    1.4258472243190257e-10,
    1.0242559618147654e-10,
    7.867808673531184e-11,
    5.079046620143144e-11,
    1.8309009621861162e-11,
    7.215963868733024e-12,
    3.093728574224699e-12,
    1.932123608705936e-12,
    1.6240750115599216e-12,
    1.328114462630898e-12,
    1.0244111011735713e-12,
    6.929653499499392e-13,
    3.610415673999887e-13,
    3.223148981291266e-13,
    2.364191023372369e-13
  ],
  "rk": [
    1.0,
    0.039848909675323826,
    0.0038825114072372057,
    0.0010951641267905566,
    0.0005450346033847232,
    0.00025735003207184664,
    0.00013809053256262738,
    8.368716233345145e-05,
    4.6565161266082084e-05,
    3.460671028468734e-05,
    2.3967650148747812e-05,
    1.594891743648034e-05,
    9.520381498760409e-06,
    6.267032200199662e-06,
    3.721519059983214e-06,
    2.6895227122191952e-06,
    2.1808836745521092e-06,
    1.2916221940107756e-06,
    6.028153034977433e-07,
    2.540083758369091e-07,
    1.3092663399349607e-07,
    9.495303649002667e-08,
    6.635698082233023e-08,
    4.886072196110458e-08,
    3.235847250803168e-08,
    2.0041361278493646e-08,
    1.08995530008594e-08,
    5.981239066074131e-09,
    3.05924065087766e-09,
    1.5729485570798653e-09,
    1.0093521793735007e-09,
    7.409736794086177e-10,
    5.662376645118394e-10,
    3.3773805484636194e-10,
    2.2015236648156376e-10,
    1.440727096110404e-10,
    1.0437429627459417e-10,
    7.491661233359724e-11,
    4.987742595725494e-11,
    2.9329547106649334e-11,
    1.5118355947470693e-11,
    1.0794754250200719e-11,
    6.687878393719853e-12,
    4.5817164170877435e-12,
    3.453181150255368e-12,
    2.2652938596152873e-12,
    1.529746745874995e-12,
    1.1053684671011902e-12,
    7.137233406125289e-13,
    4.579927826552144e-13,
    3.4243623820993655e-13,
    2.5708544273282706e-13,
    1.3710315593061425e-13,
    6.983837829533556e-14,
    3.777115189811091e-14,
    1.6415696744902978e-14,
    8.537146955445078e-15,
    5.5893720087687956e-15,
    3.981405760055087e-15,
    2.8064282698767346e-15,
    1.8341508703486456e-15,
    1.3650964014840391e-15,
    9.50646095987907e-16
  ],
  "exit_code": 0,
  "iters": 62,
  "mtx": "sherman1",
  "method": "max-st_alt-o-repeat_m3",
  "x_id": "sine"
}