{
  "fre": [
    0.04340769529064726,
    0.023538358232438515,
    0.01762685770684012,
    0.012322528352184432,
    0.009819491510315723,
    0.008777712663673125,
    0.007872510743478264,
    0.006841147556677374,
    0.005758866175945409,
    0.0044236040625596825,
    0.00358603530693318,
    0.002424530281757746,
    0.0011493180821258281,
    0.0004716908303361976,
    0.00023151148025911514,
    0.00020287258935472222,
    0.00018930751676837657,
    0.00017674807472742554,
    0.00017086172545004554,
    0.00016681190873448485,
    0.00016479584809736086,
    0.00015640009060413298,
    0.0001153021048094559,
    8.602498522956932e-05,
    4.3708146568182384e-05,
    2.3156925668700857e-05,
    1.771435576507018e-05,
    1.4108856328354678e-05,
    1.1485862337756897e-05,
    7.215771363795873e-06,
    4.55668531189802e-06,
    2.284308271175973e-06,
    7.110670975193806e-07,
    4.34835759263377e-07,
    1.8363710144585317e-07,
    7.355668946356723e-08,
    4.801048325490718e-08,
    1.3488644402435522e-08,
    1.8287209035160583e-09,
    1.863570815951467e-09,
    1.7284408775298626e-09,
    1.631673774910954e-09,
    1.5793101245828435e-09,
    1.5307753426186874e-09,
    1.481612774744044e-09,
    1.4281580275076238e-09,
    1.1781539411860822e-09,
    8.846633964090003e-10,
    7.319078376980153e-10,
    6.509652796253604e-10,
    5.634884648091668e-10,
    4.692679330133755e-10,
    3.5942828529110764e-10,
    1.9852218693490632e-10,
    7.989568311361517e-11,
    4.0557366370536174e-11,
    2.0191499316783863e-11,
    4.4814473395054995e-12,
    1.8352151593603156e-12,
    1.0077976823621563e-12,
    8.706423027808787e-13,
    6.133065766477996e-13,
    5.181963263312688e-13,
    4.622509304490402e-13,
    4.1339123051839886e-13,
    3.673163203549756e-13,
    3.247903614159315e-13,
    2.7545683575182634e-13,
    2.2311532195678798e-13,
    1.8334156772902184e-13,
    1.483730144986172e-13
  ],
  "rk": [
    1.0,
    0.03400443857615557,
    0.003258055883979195,
    0.0012991029719507051,
    0.0005767130383875723,
    0.00023114273201945066,
    0.00013336171363217627,
    9.695703144637141e-05,
    7.227493960164133e-05,
    5.903050265817494e-05,
    4.357817271417213e-05,
    3.5129146381253705e-05,
    2.66760164237722e-05,
    1.598131618609274e-05,
    9.358453207232818e-06,
    4.654168607502232e-06,
    2.3406278807662197e-06,
    1.4097428065929134e-06,
    7.844636385816743e-07,
    5.925100376778617e-07,
    5.348956774049945e-07,
    5.266671246465314e-07,
    5.070562325790909e-07,
    4.050410154669423e-07,
    3.481659120538873e-07,
    2.5795119327537273e-07,
    1.7933809416238605e-07,
    1.4012551563236413e-07,
    1.2167762692116925e-07,
    1.0836204712582893e-07,
    7.704444093488647e-08,
    5.5193512094952255e-08,
    3.65982904802545e-08,
    1.704644112382319e-08,
    1.0709951127025035e-08,
    5.8273942921039256e-09,
    3.2224207811935913e-09,
    1.909387939749125e-09,
    6.740431716507245e-10,
    2.299245861969783e-10,
    7.53494396634582e-11,
    3.576615296513746e-11,
    1.5381442027347843e-11,
    9.136244796863466e-12,
    6.758126118329324e-12,
    6.1379535327211556e-12,
    5.889351147643832e-12,
    4.9532332127761456e-12,
    3.5181791417113645e-12,
    2.675493792339262e-12,
    2.345426232263253e-12,
    2.069634370694121e-12,
    1.802263232262828e-12,
    1.523859146261209e-12,
    1.106271355818921e-12,
    6.29210799366513e-13,
    3.758506356546861e-13,
    2.32657217816487e-13,
    1.2618556445163105e-13,
    6.11008387884753e-14,
    3.4691291954913705e-14,
    2.4338318259306494e-14,
    1.2039504167256833e-14,
    7.146115005340095e-15,
    4.600559370520544e-15,
    3.391962614959781e-15,
    2.5229317304295405e-15,
    2.0754361761563075e-15,
    1.695140540040858e-15,
    1.3164114880084192e-15,
    1.043699847337439e-15,
    7.180163979342433e-16
  ],
  "exit_code": 0,
  "iters": 71,
  "mtx": "sherman4",
  "method": "max-st_alt-o_m3",
  "x_id": "sine"
}