{
  "fre": [
    0.20261076736367137,
    0.12264125856315307,
    0.09504204153478504,
    0.07018195839722004,
    0.05496584422394908,
    0.04244835223821032,
    0.03378848196708841,
    0.028546863338208394,
    0.024458145539071025,
    0.020468250227717817,
    0.01606785613041191,
    0.011449871723719748,
    0.008189071245748617,
    0.006025674417102046,
    0.004100590683269744,
    0.002792787947269803,
    0.002112165397063573,
    0.0015954968131279747,
    0.000973557265275154,
    0.0004177965920376735,
    0.00037166610109524035,
    0.00029045578330676343,
    0.00021663787031944368,
    0.00015688648814503488,
    0.00010849448350891614,
    7.979777020901534e-05,
    6.437929827118388e-05,
    5.376758493765338e-05,
    4.319410453056315e-05,
    3.5923757349958925e-05,
    2.707011678189822e-05,
    1.783523084680355e-05,
    1.0075994411087693e-05,
    4.7836760893123066e-06,
    2.572214600304278e-06,
    1.5090351046386528e-06,
    1.0340533856785428e-06,
    8.508253438169046e-07,
    7.492659915525453e-07,
    5.552724254277074e-07,
    5.150114802533793e-07,
    3.925857883536808e-07,
    1.7712586325543806e-07,
    7.24905063548106e-08,
    4.8596631329011366e-08,
    3.867630703220664e-08,
    3.120778518694349e-08,
    2.6506554706618228e-08,
    2.2611262502137387e-08,
    1.8500217119195207e-08,
    1.300410774905172e-08,
    7.847344382046228e-09,
    5.589878574378636e-09,
    4.5865252130147034e-09,
    3.399563054775679e-09,
    2.2366378405944403e-09,
    1.54174516768428e-09,
    1.0395659477818185e-09,
    3.2658947539862686e-10,
    1.2716010766717844e-10,
    1.0333683696489605e-10,
    7.470182915922414e-11,
    5.948306269009832e-11,
    4.437078479894962e-11,
    3.4246745662660566e-11,
    2.605547530550011e-11,
    2.0069497244834384e-11,
    1.458115677862748e-11,
    9.881977173287906e-12,
    6.898307924336194e-12,
    5.138829972762944e-12,
    4.302129779512609e-12,
    3.7242943828759834e-12,
    2.987854740499533e-12,
    1.866299274249313e-12,
    1.0315533132863863e-12,
    6.36405258672552e-13,
    4.306166245374224e-13,
    3.2639485235218295e-13
  ],
  "rk": [
    1.0,
    0.02995859413055675,
    0.004077033332556443,
    0.0012731813057028274,
    0.0006090879742705422,
    0.00032765414159721635,
    0.00019828751188226537,
    0.00011427563378534376,
    7.353828014667261e-05,
    5.0929634121645845e-05,
    3.9107110178505374e-05,
    3.0759276257804875e-05,
    2.2661318991697933e-05,
    1.6936853604288272e-05,
    1.3437321452529519e-05,
    1.0098071577286855e-05,
    6.870266737150619e-06,
    4.858677458604873e-06,
    3.7454481784054647e-06,
    2.696676448213297e-06,
    1.632405562704741e-06,
    1.1478021487838305e-06,
    7.742772773055301e-07,
    5.420172272477779e-07,
    3.9509446410296e-07,
    2.852888299386211e-07,
    2.023564362857811e-07,
    1.4954177401932408e-07,
    1.1593115404902755e-07,
    8.26138916331343e-08,
    6.47827027570005e-08,
    5.0840915047302444e-08,
    3.8271320697087617e-08,
    2.6821015314100487e-08,
    1.6718830872197116e-08,
    1.0300997973683214e-08,
    6.518713935887169e-09,
    3.9671169142670235e-09,
    2.28611577802132e-09,
    1.773754188518106e-09,
    1.4047219889337502e-09,
    1.1767838474524164e-09,
    9.728551256848423e-10,
    6.264948501456198e-10,
    3.533784187436503e-10,
    2.1988949886717287e-10,
    1.4831903755089804e-10,
    9.275761958289842e-11,
    6.079869594665028e-11,
    4.359354799022062e-11,
    3.4497999436120734e-11,
    2.5825640154066082e-11,
    1.6842634068156143e-11,
    1.1660933645579338e-11,
    9.566719799216147e-12,
    7.478481928942409e-12,
    5.281639529760784e-12,
    3.841492618930484e-12,
    2.9587754889588233e-12,
    1.603526693564819e-12,
    8.714435673738951e-13,
    5.542797713926336e-13,
    2.903135645870248e-13,
    1.9448063989560874e-13,
    1.216490835250355e-13,
    8.351717473869397e-14,
    5.887958060443374e-14,
    4.534318165590726e-14,
    3.532270362641547e-14,
    2.623250898322427e-14,
    1.8578058228501047e-14,
    1.1980798470455553e-14,
    8.358973586040932e-15,
    6.6004093219123294e-15,
    5.431083981079296e-15,
    3.884220507972398e-15,
    2.497167097327162e-15,
    1.6653074490649877e-15,
    1.1197254084888362e-15,
    8.771209028574288e-16
  ],
  "exit_code": 0,
  "iters": 79,
  "mtx": "sherman1",
  "method": "max-lf_alt-o-repeat_m3",
  "x_id": "randn"
}