{
  "fre": [
    0.6933716917674613,
    0.6754444043479358,
    0.6423665610654493,
    0.5926334075900478,
    0.5218151730346089,
    0.3944446943191502,
    0.22408674152994854,
    0.17080743603908613,
    0.13596150506522925,
    0.10062139563660341,
    0.08057616666850738,
    0.030499566951342462,
    0.009036519884479552,
    0.0025663255491340927,
    0.0004671654511301446,
    0.00011160275210574137,
    5.904833135349442e-05,
    1.0666399993132579e-05,
    4.189185199368156e-06,
    1.1212123696570939e-06,
    8.399574081177003e-07,
    6.548156132641928e-07,
    6.238293420578132e-07,
    6.03909380048495e-07,
    5.708676200326515e-07,
    4.995731201854517e-07,
    3.8658095126900704e-07,
    3.2071355341672225e-07,
    2.8487849940378595e-07,
    2.523917002142179e-07,
    2.079888867705235e-07,
    1.2508152187480987e-07,
    5.271695040825909e-08,
    1.0162152887679773e-08,
    2.500305600263394e-09,
    9.061687285447128e-10,
    4.2075495041554255e-10,
    3.0548035779472704e-10,
    1.4613995734382284e-10,
    2.612362903038717e-11,
    2.2812674634892003e-11,
    2.1397395207696464e-11,
    2.0490964864244714e-11,
    1.940289873453018e-11,
    1.8491701387201973e-11,
    1.6980196241789306e-11,
    1.4419362498246825e-11,
    1.1600083365970477e-11,
    7.674592231524015e-12,
    5.1447958133922775e-12,
    3.5605288090679425e-12,
    2.5014315778495603e-12,
    1.5854340557482626e-12,
    5.386541286734199e-13,
    1.6391439671517152e-13,
    5.427134585357394e-14,
    1.3371209177941787e-14,
    3.4679148276867264e-15,
    2.0165185538737833e-15,
    1.3145979013864521e-15,
    1.2648475408409818e-15
  ],
  "rk": [
    1.0,
    0.0670038537555587,
    0.04541267522260301,
    0.03929766264059115,
    0.035607306833472845,
    0.030599455575292908,
    0.024564692479490596,
    0.01575201438129267,
    0.011925651059049833,
    0.009476989640444404,
    0.007314388495191588,
    0.006389863856632807,
    0.003737604348236243,
    0.0020659896989216444,
    0.001008581684131084,
    0.00034089236843043577,
    0.00012313282785814076,
    3.822174959567925e-05,
    1.2411185093437658e-05,
    3.6120611070847564e-06,
    9.638341535200421e-07,
    4.990195520394268e-07,
    1.5487762339035828e-07,
    6.121207057571742e-08,
    4.869629888284193e-08,
    4.34663385504833e-08,
    3.624976940926384e-08,
    2.5161674095914238e-08,
    1.8754338154028917e-08,
    1.54384963408868e-08,
    1.3549597411023937e-08,
    1.2235363597144414e-08,
    9.275866626954556e-09,
    5.563293709797052e-09,
    2.2934596243706904e-09,
    1.2226015699103182e-09,
    5.663357041114676e-10,
    2.591619573624454e-10,
    1.5274678011790753e-10,
    6.485639446902546e-11,
    1.6390710362644867e-11,
    6.5845922612566215e-12,
    2.686264786280366e-12,
    1.6676395489725673e-12,
    1.1643684007875471e-12,
    9.736402970203236e-13,
    8.679151771730413e-13,
    7.683275658754018e-13,
    6.777985588643517e-13,
    5.348700598922839e-13,
    4.169227252055166e-13,
    3.34796955768645e-13,
    2.724324749338734e-13,
    2.0724873968930815e-13,
    1.2637383115055686e-13,
    6.825631453150227e-14,
    2.988805462710649e-14,
    1.0639977432422542e-14,
    3.473576407594303e-15,
    1.272422958292939e-15,
    2.1128483886293576e-15,
    1.7513928866562002e-15
  ],
  "exit_code": -1,
  "iters": 61,
  "mtx": "sherman4",
  "method": "max-st_alt-o_m4",
  "x_id": "ones"
}