{
  "fre": [
    0.7502183304050659,
    0.6716443927351167,
    0.6081136509917909,
    0.5321380236096264,
    0.45078365855177727,
    0.30771334342779777,
    0.19614253446503108,
    0.09438291329169127,
    0.05428326204755286,
    0.04055777948811231,
    0.02903765112067806,
    0.018644869915636002,
    0.011187391117332978,
    0.006662451174251588,
    0.004287679156851528,
    0.0031729937237589536,
    0.0020630526960202233,
    0.0014588819451434357,
    0.0011502096994353878,
    0.0007970331826952069,
    0.0007082298154343546,
    0.0004867980356982562,
    0.0002299565677562406,
    9.686474993860017e-05,
    6.376404678009745e-05,
    3.913637194068575e-05,
    2.737771168640317e-05,
    1.876873813487511e-05,
    1.3516076017516252e-05,
    9.367371289626655e-06,
    5.695789516631227e-06,
    2.144925511711363e-06,
    8.436377522852994e-07,
    4.1201191293487497e-07,
    1.7989497024341396e-07,
    1.2840330699250883e-07,
    1.0839518469385354e-07,
    9.653446410599345e-08,
    8.589702848712812e-08,
    6.611473232082167e-08,
    6.289858182123472e-08,
    5.285951771632686e-08,
    2.984223079611868e-08,
    9.789216485831382e-09,
    3.474694893778851e-09,
    2.117304709996096e-09,
    1.5166243460833466e-09,
    1.154857356298198e-09,
    9.152709207474187e-10,
    6.911004124808925e-10,
    3.6977876135035394e-10,
    1.2949098600748627e-10,
    5.954445018007817e-11,
    3.333919547687885e-11,
    1.61345429751155e-11,
    1.2505311651807364e-11,
    9.661444865236475e-12,
    6.790499678083897e-12,
    5.597930859061635e-12,
    4.780984733058388e-12,
    4.248606068837217e-12,
    2.3645754415621763e-12,
    1.0776001760990519e-12,
    5.607967732661625e-13,
    3.2241675853890034e-13,
    2.0489571870244312e-13,
    1.4683029969837828e-13,
    1.1322285701042707e-13
  ],
  "rk": [
    1.0,
    0.01146990141136847,
    0.0044596934077797525,
    0.002924045756313516,
    0.0022643604370469607,
    0.0019279821852456727,
    0.0014329906059154726,
    0.0010433183280117195,
    0.0005996961356249276,
    0.00032944050678686943,
    0.00022898992248620673,
    0.00017174064022234135,
    0.00012239609620835548,
    7.990700736976355e-05,
    5.152609228709608e-05,
    3.2810799571877904e-05,
    2.3023378408378362e-05,
    1.3861533943460799e-05,
    7.673649296815028e-06,
    5.305760997904171e-06,
    3.6916077178820526e-06,
    2.8969807205096063e-06,
    2.1529523625047666e-06,
    1.3208538609382642e-06,
    7.024026811386089e-07,
    4.842797864741335e-07,
    3.0397913807502605e-07,
    2.1039650889118016e-07,
    1.3867292075993415e-07,
    9.601248868321215e-08,
    6.842100909154074e-08,
    4.7399037077901853e-08,
    2.6092240875121056e-08,
    1.2391040376106193e-08,
    7.047441295233761e-09,
    2.997841163536521e-09,
    1.3820955609133349e-09,
    7.191324040318345e-10,
    4.765068659242301e-10,
    3.814786844553807e-10,
    2.7984906924431665e-10,
    2.3953785523592643e-10,
    2.0653404085403228e-10,
    1.4885713887482994e-10,
    8.684518951274221e-11,
    4.5113321281610154e-11,
    2.5065002067979264e-11,
    1.3024384380333325e-11,
    7.059736331087715e-12,
    4.454639549611594e-12,
    3.385375867694384e-12,
    2.249704545836987e-12,
    1.134329257680718e-12,
    6.265308205065624e-13,
    3.9898012318604745e-13,
    2.0427445341870684e-13,
    1.1926426786305294e-13,
    8.124261467543149e-14,
    4.469429719259724e-14,
    2.9547828721254974e-14,
    2.45179338061179e-14,
    2.1388903611030323e-14,
    1.4568761468497616e-14,
    8.821108085895528e-15,
    5.4635774950763325e-15,
    3.465445887213442e-15,
    2.0721416256604417e-15,
    1.17961826229014e-15,
    7.8378536069718305e-16
  ],
  "exit_code": 0,
  "iters": 68,
  "mtx": "sherman1",
  "method": "max-lf_alt-o-repeat_m2",
  "x_id": "ones"
}