{
  "fre": [
    0.6926305895236742,
    0.6749938011043466,
    0.6383937337985915,
    0.5854424881192475,
    0.5075507108388089,
    0.3438766718247243,
    0.11819328109790912,
    0.06328941745534496,
    0.048761381742626,
    0.03451312764454032,
    0.02554325075543119,
    0.018164727008651967,
    0.008544331797935354,
    0.0013679304900608845,
    0.0001890988086459129,
    6.453857375716783e-05,
    3.1646435316630136e-05,
    8.550132672542502e-06,
    2.3416617981928928e-06,
    3.4786398083893254e-07,
    3.0782837619145915e-07,
    2.844684210714093e-07,
    2.6967237857589945e-07,
    2.571806472004914e-07,
    2.3644949061560531e-07,
    2.128589683901094e-07,
    1.6972559942904638e-07,
    1.4393018857714283e-07,
    1.253903339373259e-07,
    1.0777941487989586e-07,
    8.702525437263229e-08,
    3.5160533721082576e-08,
    6.110811856472575e-09,
    2.2062557967818014e-09,
    1.1355750550302375e-09,
    3.131780096206954e-10,
    2.533342610726822e-11,
    3.5415274328483105e-12,
    1.108294626156157e-12,
    4.2758927188152953e-13,
    1.9781063179975477e-13,
    5.003372600296129e-14,
    4.2114418887572663e-14,
    3.850569554349648e-14,
    3.603220172759503e-14,
    3.3777049429724655e-14,
    3.2326823215085006e-14,
    3.1095971087701126e-14,
    2.6623767072216683e-14,
    1.946521873852709e-14,
    1.618391048290487e-14,
    1.5881125247286904e-14
  ],
  "rk": [
    1.0,
    0.06678827289261648,
    0.045978136922298456,
    0.03933342900266739,
    0.03587042635081181,
    0.030937547742148918,
    0.02391435828863598,
    0.011685857449944399,
    0.006532204787372702,
    0.00420688889371794,
    0.002916447178189478,
    0.002202714484999964,
    0.0016836429978542128,
    0.0011027814887137033,
    0.00048209012851198704,
    0.00012456386178603206,
    5.123112143609844e-05,
    1.5504142375377336e-05,
    4.737649333322067e-06,
    1.8240878992914527e-06,
    3.6024408225329873e-07,
    1.0388196063805126e-07,
    4.2959760790611955e-08,
    2.6420066206617093e-08,
    2.2379652310256784e-08,
    1.917371541876119e-08,
    1.6382400938386436e-08,
    1.1939092477279914e-08,
    8.530289304321396e-09,
    6.932682915883695e-09,
    5.92282062178899e-09,
    5.081938737226588e-09,
    3.207795864011599e-09,
    1.1325023533076782e-09,
    4.454421892163593e-10,
    2.3289710417722027e-10,
    1.1497758395137327e-10,
    3.179271805466053e-11,
    6.19223759914993e-12,
    1.376063138961681e-12,
    4.4671298323009956e-13,
    2.2186366973060419e-13,
    5.697102371351916e-14,
    1.6665136488878887e-14,
    8.023348157868714e-15,
    4.7484588042707045e-15,
    2.792401097679281e-15,
    2.060832218687242e-15,
    1.9431453858238213e-15,
    1.6777254769553032e-15,
    1.0848738494548876e-15,
    2.1519630935635054e-15,
    1.962254860854464e-15
  ],
  "exit_code": -1,
  "iters": 52,
  "mtx": "sherman4",
  "method": "max-st_alt-o-repeat_m4",
  "x_id": "ones"
}