{
  "fre": [
    0.20049334733340415,
    0.09099633086606458,
    0.04578339407817347,
    0.03126304669801114,
    0.0240141898721714,
    0.019122046015723926,
    0.014626874427368873,
    0.012236655811296909,
    0.011207494069990075,
    0.00945976480843319,
    0.008166661539397596,
    0.005984752670843902,
    0.0036683471337797696,
    0.002460216753776642,
    0.0014738108301242346,
    0.0008926652287129508,
    0.0006595068402418169,
    0.0005228905424480672,
    0.00037722021167135877,
    0.0002560385470468162,
    0.00023633417285944688,
    0.000175531348629087,
    0.0001249477283169985,
    8.175719320436674e-05,
    5.283336657812337e-05,
    4.0000229079513954e-05,
    3.115628936741373e-05,
    2.5514578912854476e-05,
    2.0338495956842466e-05,
    1.4700276885623607e-05,
    8.804666181225936e-06,
    4.780882732753289e-06,
    2.0701400520879876e-06,
    8.593821746856201e-07,
    3.530150307034862e-07,
    1.5449215141333365e-07,
    8.781280551265886e-08,
    5.303033794451645e-08,
    3.261389393717975e-08,
    1.173829300421205e-08,
    9.416210445815275e-09,
    5.9154998663951086e-09,
    3.0443119093715907e-09,
    1.8803230515775762e-09,
    1.565651565052791e-09,
    1.3317570497707918e-09,
    1.157805466876235e-09,
    9.873128092472122e-10,
    8.300389035466875e-10,
    5.846517303621007e-10,
    3.913680161530238e-10,
    2.3912528384004495e-10,
    1.4490086565057364e-10,
    1.1120725853132291e-10,
    8.543079775994151e-11,
    6.34431377175459e-11,
    3.792224415603863e-11,
    2.3113508755158902e-11,
    1.3734982625229898e-11,
    8.26869876252588e-12,
    6.686629745305328e-12,
    3.8588346907956684e-12,
    2.5482362816294385e-12,
    2.023175584361724e-12,
    1.5875503567181782e-12,
    1.1545388504300303e-12,
    8.744639994490275e-13,
    6.69582015932055e-13,
    4.560472460109093e-13,
    3.252158801640962e-13,
    2.4117254310608824e-13,
    2.2770316952278555e-13
  ],
  "rk": [
    1.0,
    0.07400549103682462,
    0.018294980442222407,
    0.004909227888305745,
    0.001523749096196391,
    0.0005079437827397865,
    0.00028025962866463043,
    0.00017072897100588592,
    8.25544035692028e-05,
    5.898951910451502e-05,
    4.314965125605356e-05,
    3.515512420441999e-05,
    2.7358263124554393e-05,
    1.7918805899305023e-05,
    1.2655612574717397e-05,
    8.186405178136557e-06,
    5.190894369558004e-06,
    3.490785087242201e-06,
    2.4819074194581383e-06,
    1.8196811134711736e-06,
    1.2800036085558054e-06,
    1.0801084555013547e-06,
    7.966516282104188e-07,
    5.813060710775433e-07,
    4.050862802542659e-07,
    2.6579735396985113e-07,
    1.899471723316473e-07,
    1.325700857281331e-07,
    1.0223089180726618e-07,
    8.324453459345567e-08,
    6.715157730602331e-08,
    5.3379186823245335e-08,
    3.736969173111854e-08,
    2.0422653995758697e-08,
    1.1758032479008883e-08,
    6.322858678613833e-09,
    3.4361708925005887e-09,
    1.5183916747520165e-09,
    6.984240663261528e-10,
    4.269018805427415e-10,
    2.1987764327175937e-10,
    1.3310253995529187e-10,
    8.285372678229588e-11,
    4.373742927186043e-11,
    2.0966225282443853e-11,
    1.177819024972953e-11,
    7.353271839231463e-12,
    5.068525421346114e-12,
    3.8913044176060465e-12,
    3.1815623534645577e-12,
    2.3814663367093242e-12,
    1.741335256968567e-12,
    1.1901134911846462e-12,
    7.488594435879878e-13,
    5.666662387689148e-13,
    4.5304738237344746e-13,
    3.7467509930444695e-13,
    2.666972101643402e-13,
    1.7241412506163655e-13,
    9.557200152805208e-14,
    6.21657388359643e-14,
    4.6391253314097806e-14,
    3.0629160741906337e-14,
    2.0875982913073886e-14,
    1.4542556258511206e-14,
    1.0451209233128352e-14,
    7.210515831456308e-15,
    4.885270352911543e-15,
    3.4585289073788673e-15,
    2.2757085314130076e-15,
    1.564120792895509e-15,
    1.0170810544652106e-15,
    8.720515629381621e-16
  ],
  "exit_code": 0,
  "iters": 72,
  "mtx": "sherman1",
  "method": "max-lf_alt-o_m3",
  "x_id": "sine"
}