{
  "fre": [
    0.6946439362718771,
    0.6788246177105483,
    0.6477963930181234,
    0.6045373218295607,
    0.5461860685082485,
    0.4521908783486927,
    0.29109247971689334,
    0.17122312606013323,
    0.13833002492256585,
    0.11095599318350863,
    0.08535446162583081,
    0.059815020214744136,
    0.02243950066406382,
    0.007456924470569805,
    0.002652912442002435,
    0.0003218176168606445,
    0.00011097488398998116,
    3.8244628080066026e-05,
    1.4132403563895353e-05,
    3.2964622097302433e-06,
    2.7382435770471165e-06,
    2.430222024690048e-06,
    2.2838202845189935e-06,
    2.160718224028956e-06,
    2.020408833692727e-06,
    1.6472986362967464e-06,
    1.1821705971992294e-06,
    1.0430794498871917e-06,
    9.814426137697765e-07,
    9.220300313160909e-07,
    8.058316533596045e-07,
    4.989263903484741e-07,
    2.38189636226585e-07,
    1.0407392483360325e-07,
    2.698728084937219e-08,
    7.588621997235026e-09,
    2.6736748042499727e-09,
    1.1058959156704175e-09,
    5.197874508480959e-10,
    2.3709232782541433e-10,
    2.088933919992143e-10,
    1.8327023268338652e-10,
    1.7287365779077924e-10,
    1.6657210554767697e-10,
    1.5797896207927173e-10,
    1.4734352205671717e-10,
    1.3644528960932553e-10,
    1.1021572123682377e-10,
    8.317683071947111e-11,
    7.010288151063387e-11,
    5.851659148138939e-11,
    4.9187833602913314e-11,
    4.014773254982752e-11,
    2.5905624042470866e-11,
    9.113486339894864e-12,
    2.2414139126816006e-12,
    4.061600807199357e-13,
    6.854179363189796e-14,
    1.785016670511653e-14,
    1.193007930801768e-14,
    1.0441643077101763e-14,
    9.406253305579902e-15,
    9.070975953444377e-15
  ],
  "rk": [
    1.0,
    0.06260250125081351,
    0.04333160572396361,
    0.03659922325807096,
    0.03365391323366518,
    0.029923342924840276,
    0.025289672138154248,
    0.01845003480948294,
    0.011804112784473658,
    0.009449202235613038,
    0.007574581829217388,
    0.006324794815293005,
    0.005145254519103375,
    0.002957455885850913,
    0.0017077187885967036,
    0.0009171779267636776,
    0.0002627577227250663,
    9.520022888775963e-05,
    3.051868424827414e-05,
    1.1405709171711831e-05,
    3.032269083100388e-06,
    1.117164872513827e-06,
    4.414154198165435e-07,
    2.1180992094092686e-07,
    1.6056430243925418e-07,
    1.406717775410766e-07,
    1.1273208411699066e-07,
    7.194882508897246e-08,
    5.551406839444233e-08,
    4.99822314044835e-08,
    4.7200840408989285e-08,
    4.2486501478014784e-08,
    3.2642032285024395e-08,
    2.1240844843667657e-08,
    1.2969163015861677e-08,
    5.290822596396592e-09,
    2.434420471733318e-09,
    1.3502919777981925e-09,
    7.348780685188696e-10,
    3.470941654764032e-10,
    1.3490566220598808e-10,
    7.692332748492566e-11,
    3.666808532910551e-11,
    1.8138057438524707e-11,
    1.3672452288047657e-11,
    1.148147623256798e-11,
    9.200322589495885e-12,
    8.008451149761863e-12,
    6.445917697433388e-12,
    4.825388837681738e-12,
    3.8522121222614415e-12,
    3.219829188130142e-12,
    2.809471434748501e-12,
    2.4434410790282207e-12,
    1.8787793790042495e-12,
    1.0426807471588363e-12,
    5.532702237603394e-13,
    2.11824736366188e-13,
    5.313450526124655e-14,
    1.5993462196158567e-14,
    7.239140077680428e-15,
    3.57112317466323e-15,
    1.344411855904347e-15,
    2.259967448424013e-15
  ],
  "exit_code": -1,
  "iters": 63,
  "mtx": "sherman4",
  "method": "max-lf_alt-o_m4",
  "x_id": "ones"
}