{
  "fre": [
    0.7140891405529242,
    0.6192063472209234,
    0.527637817843571,
    0.4586876849799498,
    0.33179476078097564,
    0.13219945782018142,
    0.039019613393964946,
    0.014617342481836994,
    0.005118948638394082,
    0.002998739407858493,
    0.002388484960132458,
    0.0017725701789163295,
    0.001092316060962701,
    0.0006917375792508217,
    0.0003695396568698373,
    0.0001589437570365664,
    6.095023500562527e-05,
    2.8362101778516273e-05,
    1.1000863280024634e-05,
    2.3902050101396594e-06,
    1.4730735692156655e-06,
    7.96849447917928e-07,
    4.3812223217044633e-07,
    2.4260192164420746e-07,
    1.5690823235957818e-07,
    1.195829360718369e-07,
    8.699502179665458e-08,
    5.4858279847099956e-08,
    3.723623653810825e-08,
    2.067558693065955e-08,
    1.1022597558802694e-08,
    7.984142059987103e-09,
    6.479929539693728e-09,
    5.471225762354814e-09,
    4.143578416947252e-09,
    1.9458945597487102e-09,
    6.15281329207808e-10,
    2.3624191038766417e-10,
    6.864859112926574e-11,
    1.5912788903579638e-11,
    1.1407143113159622e-11,
    7.653087812594962e-12,
    6.091614714178998e-12,
    5.143454729451565e-12,
    4.4872140522243554e-12,
    3.499445860574683e-12,
    2.2249518905058754e-12,
    8.523166896455552e-13,
    3.093902517710999e-13,
    2.281581570509503e-13,
    1.7381499885894178e-13,
    1.0143131718214454e-13
  ],
  "rk": [
    1.0,
    0.009132401490233337,
    0.004863089679470966,
    0.002750038683618931,
    0.002316816601270373,
    0.001902639278053752,
    0.001171847121591489,
    0.0006061717978638825,
    0.0002900569820655817,
    0.0001381042660080764,
    4.9463477190059105e-05,
    2.3876283924032627e-05,
    1.5460169551508668e-05,
    9.017617788946233e-06,
    5.782366135604456e-06,
    3.688943801171474e-06,
    1.8814159466326035e-06,
    8.209553288219013e-07,
    4.2391131815554125e-07,
    2.3273828662010573e-07,
    8.61472809453828e-08,
    3.7351347813976616e-08,
    1.548155858900438e-08,
    7.830487266573583e-09,
    3.7934915439417374e-09,
    1.9394108622433586e-09,
    1.177348906938572e-09,
    7.523049996425651e-10,
    4.727310542227677e-10,
    3.3473446352656957e-10,
    2.2090477496848329e-10,
    1.0795752257331246e-10,
    6.20141624186207e-11,
    3.7558371609390724e-11,
    2.7045037710604108e-11,
    2.1346541118452583e-11,
    1.3419475519052861e-11,
    6.164678876428352e-12,
    3.140579736758361e-12,
    1.4310614349965045e-12,
    4.186302686508548e-13,
    2.0497545097214073e-13,
    8.77551991424364e-14,
    4.486952503432454e-14,
    2.91298903397149e-14,
    2.2729768950208705e-14,
    1.8584019445278313e-14,
    1.3956509460565819e-14,
    8.202392052574753e-15,
    3.2720636738466825e-15,
    2.0962764804161814e-15,
    1.4442423518365827e-15,
    8.916262890617294e-16
  ],
  "exit_code": 0,
  "iters": 52,
  "mtx": "sherman1",
  "method": "max-st_alt-o_m3",
  "x_id": "ones"
}