{
  "fre": [
    0.2051608809125093,
    0.16146576543303603,
    0.1403559926566001,
    0.11913963535167636,
    0.0983525848954954,
    0.08341225348379314,
    0.062341259080650094,
    0.04557758811193069,
    0.02583433610713907,
    0.009498494009205315,
    0.0053424805134850714,
    0.003389802210081403,
    0.002386304910249522,
    0.0016681818520075022,
    0.0010789913762576262,
    0.00038856753649545893,
    9.924844117267087e-05,
    3.057743726973362e-05,
    1.7075904041871045e-05,
    5.626568066553816e-06,
    3.9929433222119596e-06,
    2.3259160186519396e-06,
    1.8147845350992397e-06,
    1.6304582869393235e-06,
    1.3919409072784786e-06,
    9.577062670417487e-07,
    4.79847062612369e-07,
    1.7175370918161164e-07,
    7.261920884907118e-08,
    5.5265159851308796e-08,
    4.098144103687308e-08,
    2.6772245501844113e-08,
    1.5584487331840978e-08,
    6.556088472190011e-09,
    2.3354086017937716e-09,
    9.38784552696084e-10,
    4.906732751353034e-10,
    1.7704685839439184e-10,
    5.4897373352225823e-11,
    1.6916885214892524e-11,
    1.0936780362468088e-11,
    6.4890818868625995e-12,
    5.20930503338992e-12,
    4.191472046762459e-12,
    3.073280011146637e-12,
    1.78624680137216e-12,
    1.0002513556628998e-12,
    6.167684342583967e-13,
    4.199551636692574e-13,
    3.256062025720916e-13
  ],
  "rk": [
    1.0,
    0.012904537763460826,
    0.002361230066143712,
    0.0008587450384435901,
    0.000491103573223621,
    0.0002837719153552326,
    0.0002184588275853839,
    0.0001613061362902655,
    0.00012512264284888274,
    9.4011962582526e-05,
    5.076222350137995e-05,
    2.6549862824874502e-05,
    1.4337474595355867e-05,
    8.256530100909993e-06,
    5.354035608225404e-06,
    3.6800151739381316e-06,
    1.9859416612603633e-06,
    8.769891652601932e-07,
    3.158783123913305e-07,
    1.3120727678766572e-07,
    4.55032503400256e-08,
    2.7326335620819905e-08,
    1.33599107416121e-08,
    6.098594617447299e-09,
    4.143443220707597e-09,
    3.4063512899253756e-09,
    2.5972966166875903e-09,
    1.6913520965755428e-09,
    8.044726694883878e-10,
    3.6213227499896646e-10,
    2.2294609660758787e-10,
    1.327510210341844e-10,
    9.35626727901657e-11,
    5.963039125712461e-11,
    3.038532130918343e-11,
    1.5391623913045167e-11,
    7.073106722740133e-12,
    3.757759824663803e-12,
    1.7779241895401694e-12,
    6.705365435987998e-13,
    2.3838301718978723e-13,
    1.2038177787386443e-13,
    4.2318181201298953e-14,
    2.0084147520285254e-14,
    1.4191066968686653e-14,
    1.0240185569277724e-14,
    6.2059977321189576e-15,
    3.794320360203804e-15,
    2.311731641378608e-15,
    1.273261390676351e-15,
    9.287153045051313e-16
  ],
  "exit_code": 0,
  "iters": 50,
  "mtx": "sherman1",
  "method": "max-st_alt-o_m3",
  "x_id": "randn"
}