{
  "fre": [
    0.17902272325243312,
    0.09185563318362769,
    0.0540424863836106,
    0.03686282272376376,
    0.025359526895971873,
    0.018078528979116545,
    0.013795849365077821,
    0.011224786608516304,
    0.010090372273031797,
    0.007171588907415961,
    0.004068700668323312,
    0.002125592092780418,
    0.0013789076286452023,
    0.0008798709401937447,
    0.0006082177959123911,
    0.00043922239255875684,
    0.0002898755243077131,
    8.740235768942477e-05,
    2.368934869722953e-05,
    1.1162201671971804e-05,
    8.474515831502226e-06,
    3.4615720373654017e-06,
    2.1085846905690924e-06,
    1.5627740130064156e-06,
    1.173605345255484e-06,
    9.067041003422704e-07,
    7.099133317040962e-07,
    3.391709941577427e-07,
    1.7490149616394655e-07,
    1.3200811847188375e-07,
    1.0027601803790041e-07,
    7.953235434174657e-08,
    5.85075675547803e-08,
    3.931364884349424e-08,
    2.017418973245159e-08,
    7.6934300921488e-09,
    2.373533507901961e-09,
    6.873789461948649e-10,
    4.925748463449369e-10,
    3.05142809991416e-10,
    2.1508195443080944e-10,
    9.924924348848221e-11,
    5.5918193668239955e-11,
    4.8861122456397033e-11,
    4.258317510757324e-11,
    3.2679980576040835e-11,
    2.0245271975708244e-11,
    1.2875191694543049e-11,
    7.345344221851103e-12,
    4.887123238854778e-12,
    3.68899512334404e-12,
    2.774107934299191e-12,
    1.826287752273997e-12,
    1.0012930245047935e-12,
    3.822063665216967e-13,
    1.6230251122585735e-13,
    6.347573393197843e-14
  ],
  "rk": [
    1.0,
    0.04153473080776769,
    0.009118610202674472,
    0.0023439804865292937,
    0.000623098388382869,
    0.00029999415520745636,
    0.00016729868905677832,
    0.0001016507264699743,
    5.200111372048344e-05,
    4.0943619565042686e-05,
    3.263348338979538e-05,
    2.057235052285435e-05,
    1.1166200151721522e-05,
    6.795508297592876e-06,
    4.240900359869339e-06,
    2.8488948652664603e-06,
    2.0153419616228746e-06,
    1.4979090269094648e-06,
    7.821327982125985e-07,
    3.186126480121699e-07,
    1.6617836121975188e-07,
    9.982090302890607e-08,
    4.5492805921532754e-08,
    2.0058513173678357e-08,
    1.1583274025563451e-08,
    6.976692558619098e-09,
    4.528456298126101e-09,
    3.482710115188787e-09,
    2.039935956669728e-09,
    1.0367210227734594e-09,
    6.451729909712326e-10,
    4.1062520817187814e-10,
    3.186468920205614e-10,
    2.513953709393337e-10,
    1.912489262849655e-10,
    1.2394248370780072e-10,
    6.584967039630782e-11,
    3.035981594144683e-11,
    1.1712362658033639e-11,
    5.06023070709061e-12,
    2.629829230798056e-12,
    1.7470243957331975e-12,
    9.70574917668523e-13,
    4.558646122857147e-13,
    2.578354158900805e-13,
    1.951428175739209e-13,
    1.4504420166557452e-13,
    9.902251909758715e-14,
    6.950564267300705e-14,
    4.1048307910968497e-14,
    2.4665431211580818e-14,
    1.6701811635288736e-14,
    1.2279044807494624e-14,
    8.806044768639395e-15,
    5.539798627718643e-15,
    2.78601243621808e-15,
    1.568920147027044e-15,
    8.438336825555675e-16
  ],
  "exit_code": 0,
  "iters": 57,
  "mtx": "sherman1",
  "method": "max-lf_alt-o_m4",
  "x_id": "sine"
}