{
  "fre": [
    0.2456405180066377,
    0.15141373034209307,
    0.1115880228821736,
    0.07575224383562637,
    0.050100404405515525,
    0.037662750425764654,
    0.031154467710254704,
    0.0247759437902848,
    0.020990153209111927,
    0.018638291753040465,
    0.01606610455324663,
    0.013811636564510399,
    0.010611582707582945,
    0.0049815687314203275,
    0.002238268959084033,
    0.0012671423701840247,
    0.0008920406687191692,
    0.0006039675552073568,
    0.0004022031715658657,
    0.0002709499815129258,
    0.00023903128247104147,
    0.00016094922686088294,
    9.182759728794901e-05,
    5.3905287686937044e-05,
    3.87309327785292e-05,
    2.734565875501087e-05,
    2.0836618871726698e-05,
    1.8595140888018443e-05,
    1.55961186577766e-05,
    1.2494458145719417e-05,
    8.479826716938413e-06,
    3.3721120329402602e-06,
    1.633061296579076e-06,
    7.195836153639463e-07,
    3.0082413448664433e-07,
    1.8838311176535288e-07,
    1.066655967113626e-07,
    4.5368191711491686e-08,
    2.519448510625812e-08,
    1.0380221024286369e-08,
    8.058718723323169e-09,
    5.344722503653914e-09,
    3.8938377475153384e-09,
    3.3634667372747775e-09,
    2.9766243017756616e-09,
    2.538472319353489e-09,
    2.1895955127414528e-09,
    1.6903024876411406e-09,
    1.0683818841246494e-09,
    7.215531268444405e-10,
    4.2958792543389167e-10,
    3.1129111061445406e-10,
    2.4107917169188207e-10,
    1.6509717625803207e-10,
    9.737634348838866e-11,
    6.29532255526933e-11,
    3.3103220999264254e-11,
    1.4101681713058102e-11,
    8.638812159916795e-12,
    4.138232438935277e-12,
    3.554188792473809e-12,
    2.7024893405616266e-12,
    1.9666420687834253e-12,
    1.6336492095563505e-12,
    1.3662231392212379e-12,
    1.0906495947091478e-12,
    8.103662811156027e-13,
    5.892754312687039e-13,
    4.275101007375881e-13,
    2.765343510192344e-13
  ],
  "rk": [
    1.0,
    0.02427481015574178,
    0.005461089067089446,
    0.0021164003317121656,
    0.0011394417532707317,
    0.0005927455630551664,
    0.00029747612811962604,
    0.00019129732438036957,
    0.00012287667859333843,
    7.82058284152387e-05,
    5.5902511985387836e-05,
    4.010306342903413e-05,
    3.2904528606274755e-05,
    2.728951765222142e-05,
    1.7724824993016212e-05,
    9.430840283504122e-06,
    5.240467199086058e-06,
    3.5478717987967377e-06,
    2.1644174220796358e-06,
    1.4156588820638392e-06,
    9.731520896726532e-07,
    7.785622588420043e-07,
    5.463093429182999e-07,
    3.445358767309687e-07,
    2.0598239146558377e-07,
    1.4173425829903334e-07,
    9.473009643292915e-08,
    5.8503820889839955e-08,
    4.718206615303826e-08,
    3.7018190395282465e-08,
    3.112271059702664e-08,
    2.531479453455503e-08,
    1.587382710932246e-08,
    1.1165553654712772e-08,
    6.808739224874386e-09,
    3.4192756979915754e-09,
    1.919809354223475e-09,
    1.1607903763391804e-09,
    5.627228849681878e-10,
    2.7872424396523597e-10,
    1.266052176059791e-10,
    7.326043804113255e-11,
    4.031982772156995e-11,
    1.8536657299646575e-11,
    1.2052996457276132e-11,
    9.048078922524687e-12,
    6.7644420045934605e-12,
    5.769349894603379e-12,
    4.627599128406619e-12,
    3.401638059432597e-12,
    2.575684111605838e-12,
    1.6281321309370576e-12,
    1.0923256225497427e-12,
    7.565448839785467e-13,
    5.326016839528963e-13,
    3.3904852025632443e-13,
    2.2193751441846177e-13,
    1.408732293846855e-13,
    7.105953375316329e-14,
    4.504815442771455e-14,
    2.816099372460595e-14,
    1.8828352672076268e-14,
    1.2059290721437257e-14,
    6.7132023457052975e-15,
    4.753750639171675e-15,
    3.662240194189053e-15,
    2.7279838246179005e-15,
    1.990697916482933e-15,
    1.5359235030814886e-15,
    1.2342313996889647e-15,
    9.055790725283564e-16
  ],
  "exit_code": 0,
  "iters": 70,
  "mtx": "sherman1",
  "method": "max-st_alt-o_m2",
  "x_id": "randn"
}