{
  "fre": [
    0.17526722467984832,
    0.11119912273931334,
    0.0788787491461681,
    0.04904191312527554,
    0.03974148941019868,
    0.03126319096240039,
    0.02472908813379199,
    0.019209214454435936,
    0.014586000958090001,
    0.009642700577219112,
    0.005725880788572655,
    0.002443909245298349,
    0.001122863501826769,
    0.000729143250937336,
    0.0005593874672800667,
    0.00042188993426130287,
    0.0003025068123642583,
    0.0001927951151348666,
    0.00010355898988836443,
    6.116891462501759e-05,
    5.666488102948422e-05,
    4.683300939998331e-05,
    3.3115041264152025e-05,
    2.0125607881701303e-05,
    9.767610121180565e-06,
    4.507052077778278e-06,
    2.966373872830978e-06,
    2.2289797106899817e-06,
    1.6755837631980206e-06,
    1.202891023380184e-06,
    8.317186671980412e-07,
    4.523746417774636e-07,
    1.8232649059960943e-07,
    8.644919928371076e-08,
    5.98041729566431e-08,
    4.451294308311245e-08,
    3.274401171405591e-08,
    2.339956644191795e-08,
    1.5813018777156984e-08,
    7.3768086547074525e-09,
    6.6279206523943795e-09,
    5.0805047411689266e-09,
    3.3954051918292576e-09,
    2.1622468078377794e-09,
    1.3720033239545662e-09,
    7.524983349519771e-10,
    3.775280815573758e-10,
    2.690551518119209e-10,
    2.1119824104883673e-10,
    1.5728490328988562e-10,
    1.0797622481599761e-10,
    5.843891655745776e-11,
    3.224798486204736e-11,
    2.161240007723785e-11,
    1.532387281377348e-11,
    1.0862595320839028e-11,
    7.465459067965948e-12,
    3.618145921959041e-12,
    1.140723954619419e-12,
    4.2789744788139983e-13,
    3.6047299712020164e-13,
    2.7394695528708954e-13,
    2.2277365154267037e-13
  ],
  "rk": [
    1.0,
    0.020438292695830255,
    0.002669726596788868,
    0.0009431157991624703,
    0.00037080912863137106,
    0.00021126575110248227,
    0.00012115757962997567,
    6.910801312360418e-05,
    4.3391373131545605e-05,
    3.018861472602964e-05,
    2.0807901629162128e-05,
    1.4238683719991778e-05,
    7.848458528960879e-06,
    4.0426652490239896e-06,
    2.208004100708088e-06,
    1.4473738644735687e-06,
    1.0553339065245487e-06,
    7.783788019187001e-07,
    5.631937188254223e-07,
    3.4051705744251193e-07,
    1.708086752857079e-07,
    1.316337082169378e-07,
    1.0250298731336473e-07,
    7.74838332407342e-08,
    5.3185434511447045e-08,
    3.3534976189459493e-08,
    1.83513731177146e-08,
    1.0757215200742943e-08,
    6.728722460907754e-09,
    4.749428659915607e-09,
    3.430489501041753e-09,
    2.506443422420947e-09,
    1.6533551105029348e-09,
    8.196156204456851e-10,
    3.980284599472532e-10,
    2.093216289267198e-10,
    1.2315195331500802e-10,
    7.35402552134591e-11,
    4.955257836721408e-11,
    3.596006227935931e-11,
    2.2328593390221385e-11,
    1.546639621011801e-11,
    1.0712975703171318e-11,
    7.213914353593956e-12,
    4.920864081942549e-12,
    3.447458868970281e-12,
    2.1655539239467265e-12,
    1.130068281012086e-12,
    6.874755776917987e-13,
    5.037368064579166e-13,
    3.752398013683521e-13,
    2.8063845914139567e-13,
    1.7434855072734233e-13,
    9.979314616379023e-14,
    6.332458727089548e-14,
    4.198525514423043e-14,
    2.9744435139767596e-14,
    2.2237113821756586e-14,
    1.4431321691309527e-14,
    7.718220186973336e-15,
    3.5435359668658694e-15,
    2.113172667563662e-15,
    1.1043106580373972e-15,
    6.652339425176464e-16
  ],
  "exit_code": 0,
  "iters": 63,
  "mtx": "sherman1",
  "method": "max-st_alt-o-repeat_m3",
  "x_id": "randn"
}