{
  "fre": [
    0.0740792507179358,
    0.042106484073019486,
    0.034150902598825535,
    0.029477231723363254,
    0.024350996604890165,
    0.020121291312880752,
    0.015515175235375074,
    0.011415014764074286,
    0.006731511261489637,
    0.003980669765370591,
    0.0037723156823856853,
    0.0035991496243957823,
    0.003448603466316513,
    0.0031559891792570407,
    0.002569371904494832,
    0.0014368984351384878,
    0.0005531054613503104,
    4.4806990913295236e-05,
    1.060156730418542e-05,
    4.111434097595927e-06,
    3.687790051288522e-06,
    3.4483543113645654e-06,
    3.3152517832973543e-06,
    3.1905397278170937e-06,
    2.9735948658699686e-06,
    2.7157972649934804e-06,
    2.206190370546838e-06,
    1.2876957294465573e-06,
    7.985041207643996e-07,
    7.083024361715875e-07,
    4.712278885084563e-07,
    2.603102417229036e-07,
    9.636695053320968e-08,
    2.1242585658123858e-08,
    1.1216967189921456e-08,
    4.787460076176869e-09,
    6.200956409908816e-10,
    1.3346755576884514e-10,
    2.4797332958167854e-11,
    6.148059943417167e-12,
    4.9433585128577185e-12,
    4.591268327486558e-12,
    4.411205551916687e-12,
    4.224454199860138e-12,
    4.002863651947559e-12,
    3.360025030631123e-12,
    2.725549173721551e-12,
    2.271161090863314e-12,
    2.0437553994469893e-12,
    1.6530112465473242e-12,
    1.3078882296239877e-12,
    7.692303286519205e-13,
    1.0237654247225771e-13
  ],
  "rk": [
    1.0,
    0.04137686180804431,
    0.004692192543799319,
    0.0008994571878916371,
    0.00043230754311329375,
    0.0002474310687545544,
    0.00015991188729273223,
    0.00011378388921285037,
    8.961716550592421e-05,
    6.450622538113302e-05,
    3.430176714456706e-05,
    1.825016137561039e-05,
    9.869694756381746e-06,
    8.403827219508042e-06,
    7.761606725788817e-06,
    6.925861600071676e-06,
    5.121193490984411e-06,
    3.1131522664403745e-06,
    1.0081713025054832e-06,
    3.9124872773121956e-07,
    1.4911040139183184e-07,
    6.023416100305927e-08,
    2.517224032842111e-08,
    1.3136907543183903e-08,
    1.0810465304733703e-08,
    9.253976894944216e-09,
    8.187122627232803e-09,
    7.043028126858812e-09,
    4.871175956325496e-09,
    2.581995336679041e-09,
    2.192975666684433e-09,
    1.6421930777624059e-09,
    1.0812695891569518e-09,
    5.748518750451732e-10,
    2.0809506944889306e-10,
    1.1455920699087911e-10,
    6.171037869609656e-11,
    1.897951682932199e-11,
    5.611893019688448e-12,
    1.4782551108897685e-12,
    3.7907448367685e-13,
    1.0851769893735011e-13,
    3.504883005977931e-14,
    1.9644089281219653e-14,
    1.6207610553061967e-14,
    1.525719480883963e-14,
    1.2340576462963447e-14,
    8.576746876853419e-15,
    6.100875730309351e-15,
    5.254088734458564e-15,
    4.359078966754383e-15,
    3.766378405103228e-15,
    2.9116888180456377e-15,
    9.51145834106629e-16
  ],
  "exit_code": 0,
  "iters": 53,
  "mtx": "sherman4",
  "method": "max-st_alt-o-repeat_m4",
  "x_id": "randn"
}