{
  "fre": [
    0.12238259364912701,
    0.07377043482097795,
    0.05661663494749151,
    0.042729416180356465,
    0.034597424191718344,
    0.025242878316232165,
    0.019003713010184956,
    0.01633689381883184,
    0.01467250525305961,
    0.01258551284260355,
    0.011295721955541108,
    0.01040402582337759,
    0.008786313676115792,
    0.006618055246492465,
    0.004986150010909467,
    0.0038125831793930365,
    0.0031463993555009492,
    0.0029141902862875923,
    0.0028012505508877195,
    0.0027012687379209407,
    0.002657716813780309,
    0.002500347996696768,
    0.0022718720012064237,
    0.0018730325837250396,
    0.001189981549731077,
    0.0005567819072249907,
    0.00019881001004341754,
    9.214235842767422e-05,
    3.5725841512023836e-05,
    2.82272564574779e-05,
    2.6897288706626257e-05,
    2.447829143452791e-05,
    2.0724490437699885e-05,
    1.7213960617956148e-05,
    1.333966874096747e-05,
    7.552794421446481e-06,
    2.162406431927872e-06,
    1.1285863875990883e-06,
    6.661104918078358e-07,
    3.0677206459065165e-07,
    2.668053222931993e-07,
    1.9947678913347734e-07,
    1.1189711215020478e-07,
    7.427060740009556e-08,
    6.767541112960815e-08,
    6.16191047215216e-08,
    5.491010469647603e-08,
    4.689439689142559e-08,
    4.02764372107706e-08,
    2.9675633488266173e-08,
    1.5860766438600705e-08,
    8.879472244800123e-09,
    7.775111608154473e-09,
    7.531862728349627e-09,
    7.2754669050058445e-09,
    6.988261986020253e-09,
    6.765032766824265e-09,
    6.518237186952665e-09,
    6.097613388324678e-09,
    5.296573049192233e-09,
    5.221500909501007e-09,
    5.04573676326151e-09,
    4.704835759751891e-09,
    3.989490630270024e-09,
    2.9890919393162178e-09,
    1.8789732946765286e-09,
    9.284392004131868e-10,
    5.386520123643936e-10,
    3.820931307950823e-10,
    2.985325181247367e-10,
    2.559533906888049e-10,
    2.029114211443668e-10,
    1.3472557796774513e-10,
    6.904228170682461e-11,
    3.566857547843608e-11,
    2.078002849166188e-11,
    9.428311961203111e-12,
    4.182139275872566e-12,
    1.7200035135680293e-12,
    1.081187524827336e-12,
    9.09818285578329e-13,
    5.18349762954243e-13,
    3.121285731831734e-13,
    2.3120059012990595e-13,
    1.813679676964921e-13,
    1.492912705236795e-13,
    1.358483860154246e-13,
    1.2799484928786872e-13
  ],
  "rk": [
    1.0,
    0.07426054622660712,
    0.008888530271549379,
    0.0029978855184303126,
    0.0013172242822064235,
    0.0008367826533089062,
    0.000542224367409718,
    0.0003019056451245069,
    0.00017954539916541898,
    0.00013012103765394569,
    8.843774315784781e-05,
    6.483767658871518e-05,
    5.6866171367367685e-05,
    4.880249319095727e-05,
    3.812359165027969e-05,
    2.9266113147204792e-05,
    2.115197657051109e-05,
    1.3111086919864258e-05,
    8.892836632220673e-06,
    7.097054380015817e-06,
    6.419845525974608e-06,
    6.161427365270854e-06,
    5.823148411171768e-06,
    5.4409317980959555e-06,
    4.878682002182465e-06,
    3.8664939406993915e-06,
    2.66352912936857e-06,
    1.5655909605774754e-06,
    1.0013642248337905e-06,
    5.482797805076172e-07,
    2.994794265748668e-07,
    2.1265929061455294e-07,
    1.7187167592402123e-07,
    1.368774937673574e-07,
    1.1288704852102528e-07,
    9.443869498532361e-08,
    6.838401032676446e-08,
    3.246749479798371e-08,
    2.052510234467782e-08,
    1.475702714987449e-08,
    8.86217692406973e-09,
    6.060493979438023e-09,
    4.279885078694901e-09,
    2.5652944198851917e-09,
    1.064076694923961e-09,
    6.481455721329892e-10,
    4.757364325510557e-10,
    3.8206423195479555e-10,
    3.139633169538514e-10,
    2.734108332355386e-10,
    2.2371151903857996e-10,
    1.5301609615635267e-10,
    8.620914717335979e-11,
    4.769282567640627e-11,
    3.232245718991215e-11,
    2.3546765507543563e-11,
    1.7904063272292277e-11,
    1.589590280815877e-11,
    1.5017464743556973e-11,
    1.4163040056477918e-11,
    1.301309877607343e-11,
    1.2099048437164143e-11,
    1.1540699994197989e-11,
    1.0926168126325585e-11,
    9.919036529703228e-12,
    8.54776720043116e-12,
    6.804142406728586e-12,
    4.61269961559688e-12,
    3.2149337734230053e-12,
    2.4609713628479592e-12,
    1.9042685497845735e-12,
    1.6421076845091205e-12,
    1.3876608648892953e-12,
    1.0782688948339685e-12,
    7.217362053597024e-13,
    4.560828059282162e-13,
    3.0117188445692334e-13,
    1.6880229988310337e-13,
    1.0924229378423256e-13,
    5.772199293234158e-14,
    3.639580167769609e-14,
    2.646510938022625e-14,
    1.537710767394596e-14,
    7.863150844654107e-15,
    4.4843633310748e-15,
    2.9671712760709972e-15,
    1.7450335345614772e-15,
    1.0208516655898904e-15,
    6.620870294678771e-16
  ],
  "exit_code": 0,
  "iters": 88,
  "mtx": "sherman4",
  "method": "ilu0",
  "x_id": "randn"
}