{
  "fre": [
    0.042236018496249465,
    0.028574676163071185,
    0.024062767062722132,
    0.021023291074360385,
    0.01801469863156766,
    0.015232440037692075,
    0.013059059287868604,
    0.010072254447124007,
    0.007654360860976913,
    0.004952396555048958,
    0.003924494010091046,
    0.003422770394723702,
    0.0031959333729155597,
    0.0030410035385787563,
    0.002760763112912128,
    0.0017087165122506142,
    0.000937664035388496,
    0.00011579098482687032,
    5.133032538245855e-06,
    1.9968102461222703e-06,
    1.382897346243792e-06,
    9.608033142811814e-07,
    8.985000006065291e-07,
    8.640365655896822e-07,
    8.174553473338331e-07,
    7.642794356304802e-07,
    7.066695787025925e-07,
    5.524345293303023e-07,
    4.0555635998507826e-07,
    3.658954145618557e-07,
    3.337006729970175e-07,
    1.7514557878564373e-07,
    1.0159986832844826e-07,
    4.010804209275009e-08,
    1.0652746972104684e-08,
    1.6685863754464678e-09,
    4.1943562510625e-10,
    1.8187173939911608e-10,
    1.0301215474281632e-10,
    2.6169966081024485e-11,
    2.1096537981390622e-11,
    1.6154205923908837e-11,
    1.50368712291961e-11,
    1.4203235635762749e-11,
    1.3514067871752602e-11,
    1.189801723339746e-11,
    9.11347778093397e-12,
    7.681409889413732e-12,
    7.058853934862436e-12,
    6.491955770260539e-12,
    4.69022596601084e-12,
    3.004837715789446e-12,
    8.719680069609982e-13,
    7.913109123562458e-14,
    1.446241456738355e-14
  ],
  "rk": [
    1.0,
    0.01507047566018874,
    0.0019221411345801069,
    0.0005863736187034757,
    0.0003342701378843954,
    0.0002164711723909848,
    0.00013708294332266262,
    0.00010715457714121133,
    7.865251860899961e-05,
    5.9054358320405107e-05,
    3.5255976599388246e-05,
    2.2243274442909073e-05,
    1.3802048597043906e-05,
    1.0616082369768326e-05,
    9.761375949962756e-06,
    9.105387916556812e-06,
    7.150738329033634e-06,
    5.211629957317582e-06,
    1.98279429176687e-06,
    3.691608124926922e-07,
    1.237359624015637e-07,
    6.248926425865889e-08,
    2.0476775006306236e-08,
    7.619407061636858e-09,
    5.2618231909941366e-09,
    3.997865512630531e-09,
    3.3952484527377943e-09,
    3.0981595197666436e-09,
    2.4004269868243273e-09,
    1.5126179340235785e-09,
    1.264945554185933e-09,
    1.1637318970559743e-09,
    7.579464147570427e-10,
    5.468837897100157e-10,
    3.492518071237197e-10,
    1.6002838231620943e-10,
    6.163955704019849e-11,
    2.0548843563131785e-11,
    8.185704210958747e-12,
    3.02117057093133e-12,
    1.3804236392843527e-12,
    7.316897660089395e-13,
    2.7671335239123375e-13,
    1.250914289328822e-13,
    8.099112683480992e-14,
    7.000031807153372e-14,
    5.909323291618793e-14,
    4.086071689092267e-14,
    2.7561761751710747e-14,
    2.324642292894081e-14,
    2.1634244125601986e-14,
    1.7495548213796645e-14,
    1.3824148397381233e-14,
    7.479442603841875e-15,
    2.2909267793867262e-15,
    6.973859152975914e-16
  ],
  "exit_code": 0,
  "iters": 55,
  "mtx": "sherman4",
  "method": "max-st_alt-o_m4",
  "x_id": "sine"
}