{
  "fre": [
    0.722696125790455,
    0.6248929445312585,
    0.5514376988289518,
    0.4693635951827142,
    0.3376139089709104,
    0.1778793647351305,
    0.07868153316207639,
    0.045505099283591664,
    0.03400285094174203,
    0.024563334180915348,
    0.016005135953682526,
    0.0068120549800388865,
    0.0029548616500961835,
    0.001078664849233795,
    0.0006136921250293966,
    0.000352257833422881,
    0.0002732067705731491,
    0.00022123157666294275,
    0.00016477322569950767,
    9.19893610636606e-05,
    8.130558765953541e-05,
    5.887150490307988e-05,
    3.305318643327969e-05,
    1.4981700387543119e-05,
    7.145333320077955e-06,
    2.678805663545635e-06,
    6.398718553469003e-07,
    3.764630664184094e-07,
    2.9979431600748163e-07,
    2.6280246756859284e-07,
    2.126368817206691e-07,
    1.4743062997234215e-07,
    8.528915505760201e-08,
    5.480877368345262e-08,
    3.801986591890852e-08,
    2.6849116443494786e-08,
    1.9868508271164647e-08,
    1.2501685523581186e-08,
    4.00224421611529e-09,
    6.182951993713799e-10,
    5.263314265739103e-10,
    4.176147660916888e-10,
    3.409968307918025e-10,
    2.7604105155132894e-10,
    2.0731252226507535e-10,
    1.1994977967183784e-10,
    6.788464036691899e-11,
    4.931617681079444e-11,
    3.764415841265469e-11,
    2.683175078094804e-11,
    1.7511914399222443e-11,
    7.652291666056045e-12,
    1.8589340992191467e-12,
    1.1187423189651062e-12,
    9.071230788527639e-13,
    7.195735224134068e-13,
    4.680262638627566e-13,
    2.4590162178249837e-13,
    8.776640396457836e-14,
    3.533785125721357e-14
  ],
  "rk": [
    1.0,
    0.010853330809853954,
    0.004102830978387597,
    0.002804360128531409,
    0.002265473278544238,
    0.0017310048392646102,
    0.0011093320684056787,
    0.000612949931878364,
    0.00030862511914817996,
    0.00019155188072151436,
    0.00013038430210275545,
    9.30974485549022e-05,
    5.285808106750239e-05,
    2.9884562825886978e-05,
    1.324811428426778e-05,
    6.8570342763262085e-06,
    2.9208110505396728e-06,
    1.543199399652293e-06,
    1.0698455035976236e-06,
    8.045338457158905e-07,
    5.272138726531906e-07,
    3.9638710207073597e-07,
    2.8546539704996436e-07,
    1.8666868621519046e-07,
    1.0637506155926634e-07,
    6.38619542565789e-08,
    3.475084877331794e-08,
    1.2454615488699218e-08,
    4.976727183542076e-09,
    2.3181898809336397e-09,
    1.5223554326312547e-09,
    1.1388944100136706e-09,
    8.313388833125039e-10,
    5.16649961739174e-10,
    3.1553149001800107e-10,
    2.0568973148475004e-10,
    1.3533300505309844e-10,
    9.826460492638207e-11,
    7.105578248208932e-11,
    3.704960495698408e-11,
    1.3697545640383512e-11,
    6.916449807239148e-12,
    4.06948016362838e-12,
    2.6725654411257475e-12,
    1.8753973021311972e-12,
    1.3745812656641382e-12,
    8.387723945574677e-13,
    4.3277131342610623e-13,
    2.6945864297221644e-13,
    1.9888024617261286e-13,
    1.4974934644032257e-13,
    1.1289843048671242e-13,
    7.11792865283496e-14,
    3.074209095128547e-14,
    1.3219122003131823e-14,
    7.317029900624906e-15,
    5.358403004617747e-15,
    3.607351507194073e-15,
    2.266469161381742e-15,
    1.0953989071133203e-15,
    6.099958120577093e-16
  ],
  "exit_code": 0,
  "iters": 60,
  "mtx": "sherman1",
  "method": "max-st_alt-o-repeat_m2",
  "x_id": "ones"
}