{
  "fre": [
    0.18122699687962102,
    0.061546521896633816,
    0.03128345283356201,
    0.024272418869006593,
    0.016584965984079377,
    0.01292920464917117,
    0.01169097184134046,
    0.008020856496875832,
    0.0052169767508868994,
    0.0029273222387478314,
    0.0017348013543785669,
    0.0012852070931853794,
    0.0010885222540708678,
    0.0009147019309449552,
    0.0007371758738545484,
    0.0005907929124377928,
    0.00030570715210747137,
    7.645178304949135e-05,
    5.623562247182506e-05,
    4.534053200425277e-05,
    3.851929542963725e-05,
    1.9851280317944336e-05,
    8.960150549706643e-06,
    6.347517418579768e-06,
    5.159256355639467e-06,
    4.233278206587217e-06,
    3.3089974789331795e-06,
    2.262618504167849e-06,
    1.0105979170596e-06,
    3.7029243434891844e-07,
    1.261670302844482e-07,
    6.2526759331332e-08,
    4.008436223413157e-08,
    3.057281999188747e-08,
    2.350847855162471e-08,
    1.8362129531375016e-08,
    1.2768138417416366e-08,
    6.551786214228783e-09,
    2.28681399358152e-09,
    7.801152676954257e-10,
    6.253802081603142e-10,
    4.616300762946268e-10,
    3.6714818282349327e-10,
    2.84487250619132e-10,
    1.9266194665534763e-10,
    1.1169810710831169e-10,
    4.475002356917098e-11,
    1.5750741042401076e-11,
    6.33255269424017e-12,
    3.4283266989242006e-12,
    2.725271489262045e-12,
    2.244127821403508e-12,
    1.7621052005078739e-12,
    1.2077761028192754e-12,
    7.192982324882896e-13,
    4.864548642086356e-13,
    3.482188349344923e-13,
    2.658985702404986e-13,
    2.091585758889795e-13
  ],
  "rk": [
    1.0,
    0.05770371984829251,
    0.017520730522870336,
    0.005137396681177011,
    0.003207569289809055,
    0.0025428271469044254,
    0.0014175836908891344,
    0.0005437755410248549,
    0.00020772044479828728,
    9.76330509319719e-05,
    4.92811955898811e-05,
    2.4238408895420335e-05,
    1.1019554591061574e-05,
    5.642598735153695e-06,
    3.8516041178607745e-06,
    2.7549843223580145e-06,
    2.254937493329891e-06,
    1.5220046453082988e-06,
    6.069125795118396e-07,
    3.3055558452329646e-07,
    2.5422728547240803e-07,
    2.1051291889963758e-07,
    1.3583525933664026e-07,
    7.078314494408562e-08,
    3.88642594956111e-08,
    2.4506861377434732e-08,
    1.6936712469354326e-08,
    1.282807982998926e-08,
    9.808147478835145e-09,
    6.1991176658421235e-09,
    3.3465338617657736e-09,
    1.4458859180726473e-09,
    6.623904925169237e-10,
    3.1663609316130574e-10,
    1.7908866493963298e-10,
    1.0586510067932821e-10,
    7.37202126075223e-11,
    5.470019759146104e-11,
    3.53446898103248e-11,
    1.854970588284455e-11,
    9.29524820530392e-12,
    5.455007159306111e-12,
    2.8090432794704437e-12,
    1.603487517208335e-12,
    1.138568300484895e-12,
    8.095319136105092e-13,
    5.409536588009611e-13,
    3.078322263195396e-13,
    1.600531635800011e-13,
    8.085350468473392e-14,
    3.44164355459067e-14,
    1.939306513707691e-14,
    1.2660896582980532e-14,
    9.09841424872434e-15,
    6.424499992023118e-15,
    3.9861754867334426e-15,
    2.50841660024488e-15,
    1.614160117548497e-15,
    1.0583717903455054e-15,
    8.382921788939049e-16
  ],
  "exit_code": 0,
  "iters": 59,
  "mtx": "sherman1",
  "method": "max-st_alt-o-repeat_m2",
  "x_id": "sine"
}