{
  "fre": [
    0.2614202943132022,
    0.13216947294579506,
    0.07807298929241314,
    0.05654551965334823,
    0.04654979050933297,
    0.03858569802927273,
    0.03353353646399392,
    0.029557383560108938,
    0.023612824797532572,
    0.017399918540318596,
    0.012745118662083558,
    0.009607902012723631,
    0.007651874349324628,
    0.005619167703399566,
    0.004460703093803739,
    0.0033377758957108218,
    0.002107978132829122,
    0.0010542152530993389,
    0.0005685335261477846,
    0.0001869303434128693,
    0.0001668995429020597,
    0.00013628090602817972,
    0.00010837087675598226,
    9.190844970696516e-05,
    7.867176540214545e-05,
    5.863636417425872e-05,
    4.346109738189602e-05,
    2.931629585082937e-05,
    1.797397790646137e-05,
    1.0676631282216711e-05,
    7.2116837489915984e-06,
    4.435905067356934e-06,
    3.0328289713667e-06,
    1.4432925447805553e-06,
    8.137862141714962e-07,
    5.629823918095039e-07,
    4.588511238285124e-07,
    3.597093900600014e-07,
    2.305760071119396e-07,
    1.38312434531465e-07,
    1.2246921244421577e-07,
    9.257883625063786e-08,
    6.717571170330986e-08,
    4.410039423538846e-08,
    2.0309849347008725e-08,
    9.136731004878148e-09,
    5.52796906305432e-09,
    4.102196129525276e-09,
    2.9211613746589666e-09,
    2.098300286027743e-09,
    1.5079109524348952e-09,
    1.1869074800156018e-09,
    9.144267163122447e-10,
    6.901074635885581e-10,
    5.408688535571454e-10,
    4.431802392502467e-10,
    3.4430901307854875e-10,
    2.3407548367625597e-10,
    1.3953632474727485e-10,
    6.334082116446071e-11,
    5.895365888319627e-11,
    5.087763296479556e-11,
    4.3024492392790694e-11,
    3.51993452758544e-11,
    2.5654493272127347e-11,
    1.5679484379902042e-11,
    9.059001042618128e-12,
    5.070026014166312e-12,
    3.0787104899949736e-12,
    1.7339908350405982e-12,
    9.900635876836724e-13,
    6.830530839895503e-13,
    4.3598676378288745e-13,
    2.466664211985578e-13,
    1.45054803298561e-13
  ],
  "rk": [
    1.0,
    0.042610834886726734,
    0.016047359834399682,
    0.00582757695624463,
    0.0019991667762579266,
    0.0009038001076498599,
    0.0003676002332201161,
    0.00015270567008947316,
    0.00010456316915863894,
    7.425878526676111e-05,
    5.0474679587357625e-05,
    3.353012402547488e-05,
    2.2393728154973045e-05,
    1.7218975446015363e-05,
    1.171972692016716e-05,
    9.344649104866237e-06,
    7.256083272524939e-06,
    5.442494941339656e-06,
    3.471722089765929e-06,
    2.3676611793846213e-06,
    1.2029928798823092e-06,
    7.898912549629461e-07,
    5.051942713052264e-07,
    3.1388209294985827e-07,
    2.1430034572487255e-07,
    1.7253245639445015e-07,
    1.2340269280589582e-07,
    9.468054563353602e-08,
    6.697245989519782e-08,
    4.6543810584326455e-08,
    3.0585265107907717e-08,
    2.2340296421765834e-08,
    1.5295395669543274e-08,
    1.1303170194620696e-08,
    7.061629796545097e-09,
    3.730073037527697e-09,
    1.950654358136105e-09,
    1.3507323619386604e-09,
    1.0417191331321997e-09,
    7.207584396284953e-10,
    4.789345442444706e-10,
    3.7981022101689594e-10,
    2.6757311464527053e-10,
    1.984201459147193e-10,
    1.4326562547075383e-10,
    8.689345304668592e-11,
    4.669641139548193e-11,
    2.6502100806095552e-11,
    1.8036166308725373e-11,
    1.2336971556115444e-11,
    8.242521556140461e-12,
    5.2998581919307895e-12,
    3.6261950087906253e-12,
    2.528194005816471e-12,
    1.6689630473557545e-12,
    1.1552144033113813e-12,
    8.791517019980059e-13,
    7.039109847282407e-13,
    5.242906360655395e-13,
    3.823510191925865e-13,
    2.3551616242003873e-13,
    1.6841800265777686e-13,
    1.172759799037122e-13,
    8.781625207769199e-14,
    6.975941616100338e-14,
    5.40583856475544e-14,
    3.803045571004374e-14,
    2.5165183069148165e-14,
    1.671031169642302e-14,
    1.126970883603896e-14,
    7.367171745530113e-15,
    4.740129727974605e-15,
    3.1899169301706745e-15,
    2.2267780506521247e-15,
    1.36230690669224e-15,
    7.476963054925058e-16
  ],
  "exit_code": 0,
  "iters": 75,
  "mtx": "sherman1",
  "method": "max-lf_alt-o-repeat_m2",
  "x_id": "randn"
}