{
  "fre": [
    0.21786747066877557,
    0.12949450789189035,
    0.09602421777810705,
    0.07365473045517083,
    0.05835835170529018,
    0.04624336238089078,
    0.034894996069266326,
    0.022069549794248685,
    0.011711984399164245,
    0.003946415342369079,
    0.0010051910266166426,
    0.0005104506506229577,
    0.00024108611533512714,
    0.0001088501984938375,
    6.411132996058801e-05,
    5.064391215302391e-05,
    3.7094537145339256e-05,
    1.3067750032140254e-05,
    3.994974309499398e-06,
    1.528469559367944e-06,
    1.148705779742265e-06,
    7.190366781786437e-07,
    5.452517931273203e-07,
    4.4383805581917035e-07,
    2.406684454407509e-07,
    8.298716717459912e-08,
    3.7516289951077994e-08,
    2.0858732866968313e-08,
    1.376919534349928e-08,
    8.482606301636867e-09,
    4.908073241016306e-09,
    2.950650790597499e-09,
    7.759743556276699e-10,
    2.541772831691638e-10,
    9.753384977652572e-11,
    4.3739912038815356e-11,
    1.7518199083651866e-11,
    4.723636891506546e-12,
    1.6325514271081219e-12,
    6.73995010171732e-13,
    4.570836840478969e-13,
    3.10746821083847e-13,
    2.526094424793003e-13,
    1.8645161162687774e-13
  ],
  "rk": [
    1.0,
    0.025342150504898797,
    0.004329410777334302,
    0.001661117602056155,
    0.0007942988060699919,
    0.0004480480058752143,
    0.00027037853379337896,
    0.00017071044209283388,
    0.00011133094349555773,
    7.900751331011417e-05,
    4.3234406049183284e-05,
    1.649910529259263e-05,
    6.854975058551171e-06,
    3.547863851410286e-06,
    1.652578851793913e-06,
    5.993754442399987e-07,
    3.358586943615028e-07,
    2.4367789979638337e-07,
    1.242433801747765e-07,
    4.7952782723822254e-08,
    2.0662443148194875e-08,
    1.179916998608195e-08,
    5.509411290729877e-09,
    2.6102364161160653e-09,
    2.0015648976687178e-09,
    1.3839856259479078e-09,
    6.983172912634746e-10,
    3.4158584579080127e-10,
    2.0273549257920453e-10,
    1.226005604112132e-10,
    6.797960780274379e-11,
    3.606042081204125e-11,
    2.5416706805449682e-11,
    1.1996713972961473e-11,
    4.255656302195109e-12,
    1.7783128277504538e-12,
    8.314458148985437e-13,
    4.0125547916519266e-13,
    1.5095431453292317e-13,
    4.127023969284021e-14,
    1.247192783582805e-14,
    5.90592341294351e-15,
    2.245546468373059e-15,
    1.348971585472115e-15,
    9.461469909759684e-16
  ],
  "exit_code": 0,
  "iters": 44,
  "mtx": "sherman1",
  "method": "max-lf_add_m3",
  "x_id": "randn"
}