{
  "fre": [
    0.7447087254748327,
    0.6583942600669822,
    0.6025398763953302,
    0.5429066389070243,
    0.4574597978094246,
    0.36118189199752043,
    0.23696364830246333,
    0.12069763207484809,
    0.05493955241084088,
    0.026117767037747777,
    0.016574000395758178,
    0.010504739925115138,
    0.007860968147437454,
    0.00647108095614303,
    0.005037511180521958,
    0.0036980160683175445,
    0.0022336719648288423,
    0.0013255488550990783,
    0.0007334412203828978,
    0.0003492863167625938,
    0.00030416782124827044,
    0.00023054622291726268,
    0.00018407148837469779,
    0.0001559706021762209,
    0.00012758150594593474,
    0.00010001841923391339,
    7.472798125422252e-05,
    5.0692421541089356e-05,
    3.149301074046966e-05,
    2.19146163452257e-05,
    1.6790377831453712e-05,
    1.2521672235642581e-05,
    9.441257063108608e-06,
    6.282380864398846e-06,
    3.251357793036108e-06,
    1.8723141078726556e-06,
    8.72654831099879e-07,
    2.1005358307711698e-07,
    7.957532647999124e-08,
    4.410912016805778e-08,
    3.3303397541601265e-08,
    1.4879978649888533e-08,
    7.133966718464738e-09,
    4.733572035361069e-09,
    3.834904495809534e-09,
    3.3430447102047844e-09,
    3.020465325879525e-09,
    2.6063474252417388e-09,
    2.165800724321788e-09,
    1.5562264053142717e-09,
    8.403286690459434e-10,
    3.7873925592504794e-10,
    1.876813700613031e-10,
    1.0030254173352843e-10,
    7.552502704878832e-11,
    6.639523265836385e-11,
    5.501929403719605e-11,
    3.8955531625000105e-11,
    2.3437526185613415e-11,
    1.1053391788878713e-11,
    9.693344589279813e-12,
    7.55123348934197e-12,
    5.866134404074066e-12,
    4.462497317865382e-12,
    3.024491236398973e-12,
    1.5336092195018409e-12,
    7.010808297960971e-13,
    3.7555879790201453e-13,
    2.0453473146461794e-13,
    1.0754324822852374e-13,
    6.823345138902926e-14
  ],
  "rk": [
    1.0,
    0.011136056193706426,
    0.004654072688387345,
    0.0031908532883441394,
    0.0025526375667694642,
    0.002137401966956154,
    0.0017727320167804097,
    0.0013560896440284226,
    0.0008734663927345908,
    0.0005170368567671926,
    0.00027869437785795186,
    0.0001661695091934846,
    9.979962320075372e-05,
    5.805755291772244e-05,
    4.1390596662313024e-05,
    3.0735792571881175e-05,
    2.3893491897651046e-05,
    1.598537045631516e-05,
    1.0526627003227549e-05,
    6.793039932779653e-06,
    3.7062833740000453e-06,
    2.725018173873961e-06,
    1.722496301249652e-06,
    1.1295726872354608e-06,
    8.06347018431149e-07,
    6.069794070860598e-07,
    4.68995506790984e-07,
    3.687127977050437e-07,
    2.77570051832009e-07,
    1.8930392103409661e-07,
    1.295789542682524e-07,
    9.859873830528792e-08,
    7.387244378839202e-08,
    5.807584213685465e-08,
    4.252284746705543e-08,
    2.5674351526719807e-08,
    1.723370322279721e-08,
    1.090368563925248e-08,
    4.989258601283212e-09,
    2.2594391731171925e-09,
    9.65052249707589e-10,
    5.885894274184918e-10,
    2.8542052924217317e-10,
    1.1858177468629883e-10,
    5.861358286351712e-11,
    3.2025307476479016e-11,
    1.9653648255042237e-11,
    1.4429459891497682e-11,
    1.1408376040247543e-11,
    9.380649667378786e-12,
    7.514786304929855e-12,
    5.295187041683929e-12,
    3.43268507636865e-12,
    2.2709783538539693e-12,
    1.2877889517334053e-12,
    6.941389009056987e-13,
    4.701372531663942e-13,
    3.665104268613767e-13,
    2.6468572588604343e-13,
    1.8213166105852235e-13,
    1.1045154492454589e-13,
    8.255102836512093e-14,
    5.5664166497045776e-14,
    3.9970945970464435e-14,
    2.9566873879238536e-14,
    2.2374914141440238e-14,
    1.466526776740421e-14,
    8.723771216024696e-15,
    4.860059320933033e-15,
    2.589951474357326e-15,
    1.2654580211420835e-15,
    6.987098781471169e-16
  ],
  "exit_code": 0,
  "iters": 71,
  "mtx": "sherman1",
  "method": "max-lf_alt-o_m3",
  "x_id": "ones"
}