{
  "fre": [
    0.08793737129552809,
    0.05595583048845575,
    0.041990791792689955,
    0.03487157805294504,
    0.027515557085135055,
    0.022243213179461725,
    0.018502843023335155,
    0.016114990959393713,
    0.012926526609934926,
    0.0074264681285891474,
    0.00451799486934261,
    0.004063550139356949,
    0.0039139512468583,
    0.0037312933972179518,
    0.0034670127647026764,
    0.002796228015057429,
    0.0015781846130342074,
    0.0005530312989383288,
    0.00010250560728458046,
    1.9251004604558114e-05,
    1.6022162454782293e-05,
    1.3287501298669083e-05,
    1.2735492574531203e-05,
    1.2190949017094056e-05,
    1.1621703867559053e-05,
    1.1086951130696277e-05,
    9.923990018365276e-06,
    6.085796607083688e-06,
    3.1896523436328155e-06,
    1.7820064225707978e-06,
    1.3320174102692395e-06,
    9.884066425367365e-07,
    4.990926885724888e-07,
    2.2453826367285592e-07,
    1.2910912566804546e-07,
    4.669881334909648e-08,
    1.4238702531587424e-08,
    3.4592666811304654e-09,
    3.6794756889874574e-10,
    1.0836398086849932e-10,
    8.463571907666602e-11,
    8.012682215851929e-11,
    7.832393031973533e-11,
    7.479844757613289e-11,
    6.986687906353445e-11,
    6.395186431710351e-11,
    5.4822316421345005e-11,
    4.462292804030076e-11,
    2.6900069546150672e-11,
    1.8511836367868857e-11,
    1.3989195805205242e-11,
    9.683702760793685e-12,
    4.101506388588407e-12,
    1.33381089070275e-12,
    1.6772958061074622e-13,
    6.239159170040607e-14,
    2.0107516022716135e-14
  ],
  "rk": [
    1.0,
    0.01670435717820214,
    0.0030217043453168576,
    0.00092189674670169,
    0.000549245792592573,
    0.00031790085636187554,
    0.00018520116213258586,
    0.0001186410653678313,
    9.586582746943243e-05,
    7.77843434166388e-05,
    5.0929931454146025e-05,
    2.4005453294839745e-05,
    1.3027684615925654e-05,
    1.0206545826428558e-05,
    9.150481734151368e-06,
    8.481246856472618e-06,
    7.484848777330726e-06,
    5.671269489938481e-06,
    3.1689265179148263e-06,
    1.0970679147503896e-06,
    5.235108909053809e-07,
    3.169039983841723e-07,
    1.2461905775461708e-07,
    5.738565052300907e-08,
    3.596350590143487e-08,
    2.869769572779859e-08,
    2.6733953535344825e-08,
    2.4953991802029246e-08,
    1.8829374748556694e-08,
    1.3128997092567395e-08,
    9.851123291975944e-09,
    7.661518551820526e-09,
    6.228068676502274e-09,
    4.4911932362075415e-09,
    2.634507600952486e-09,
    1.626099940440108e-09,
    8.33844990166143e-10,
    3.8774445357367524e-10,
    1.2453384129218033e-10,
    2.298234557718963e-11,
    5.146380042952257e-12,
    2.001002934962355e-12,
    5.362262166024599e-13,
    2.6948721965478196e-13,
    2.106325402989648e-13,
    1.7987173743700683e-13,
    1.595471477272139e-13,
    1.3853338743271209e-13,
    1.215228187342274e-13,
    9.297482485331619e-14,
    7.368266923673316e-14,
    6.28522157135711e-14,
    5.1178591145865516e-14,
    2.938541223067212e-14,
    1.475455148655831e-14,
    5.03744870839933e-15,
    2.246369253091224e-15,
    8.472198185201487e-16
  ],
  "exit_code": 0,
  "iters": 57,
  "mtx": "sherman4",
  "method": "max-st_alt-o_m4",
  "x_id": "randn"
}