{
  "fre": [
    0.22263960888552933,
    0.10111939379885278,
    0.0707644618543757,
    0.051069867627203475,
    0.037244084342793395,
    0.026907188050314626,
    0.020699881769957806,
    0.014804793438593315,
    0.007260708650465061,
    0.002609812812897011,
    0.0011302857236002914,
    0.0007700756413231665,
    0.0005094356212174524,
    0.00025061655635653447,
    9.703470403940304e-05,
    2.6017377375304818e-05,
    8.9601992412681e-06,
    4.345874984869623e-06,
    1.9632811401231396e-06,
    5.605790399535001e-07,
    3.989942078363067e-07,
    1.751122913562854e-07,
    7.538515845833805e-08,
    4.8922597583625746e-08,
    2.678519668263545e-08,
    1.7368743352539102e-08,
    1.2007867637205772e-08,
    9.12140785207511e-09,
    4.917711383596661e-09,
    2.100413248850255e-09,
    1.3621927981998818e-09,
    1.022564727598983e-09,
    6.697979340452788e-10,
    2.6097790110915244e-10,
    1.1343046325767638e-10,
    3.6092722823150636e-11,
    1.1247198721619574e-11,
    2.6124829553046837e-12,
    1.0125697398714206e-12,
    2.2887283459405987e-13,
    1.1085634960715729e-13,
    4.2667900664094193e-14,
    2.6495429100415512e-14,
    1.9165784192540074e-14
  ],
  "rk": [
    1.0,
    0.06766568521081645,
    0.005876228124300816,
    0.0023543869863661407,
    0.0011080947582487552,
    0.000622375512993992,
    0.0003184193295842254,
    0.00021217496821109144,
    0.00015190154534626724,
    9.034385395246679e-05,
    4.054860407257885e-05,
    1.6573421438614935e-05,
    8.795982377434918e-06,
    5.768082497561802e-06,
    3.5046299470986634e-06,
    1.8736412853318053e-06,
    7.283488428235392e-07,
    2.848394481344699e-07,
    1.2081488851199087e-07,
    5.497580402558731e-08,
    2.38656866257538e-08,
    1.5056185889086315e-08,
    6.656896472015805e-09,
    2.676832498821757e-09,
    1.2820515526398646e-09,
    5.829621729792457e-10,
    2.517270030618844e-10,
    1.3763909828506824e-10,
    1.0915678632524404e-10,
    6.871625388491948e-11,
    2.957654106979281e-11,
    1.3892524232472542e-11,
    9.476073200134225e-12,
    6.628011984961457e-12,
    3.4509712193768214e-12,
    2.0152441163434694e-12,
    9.348768937439886e-13,
    4.0536788792402565e-13,
    1.3297519449944735e-13,
    4.354738306826216e-14,
    1.784911295326877e-14,
    7.16830562972294e-15,
    2.396341610125493e-15,
    1.0060577005645967e-15,
    5.778540915316414e-16
  ],
  "exit_code": 0,
  "iters": 44,
  "mtx": "sherman1",
  "method": "max-lf_add_m3",
  "x_id": "sine"
}