{
  "fre": [
    0.27405724215539357,
    0.1330987486574782,
    0.09320747315903685,
    0.06819409144553648,
    0.04857082044917416,
    0.03476831940769933,
    0.02555376464731236,
    0.020872350273794336,
    0.019161526393163392,
    0.017168630444104417,
    0.014158692801372531,
    0.01055290726628799,
    0.0051709075524246206,
    0.0024390571693244287,
    0.0014965522666291586,
    0.0007649466649104549,
    0.00035875517893912094,
    0.00014568100456264658,
    5.352271485567019e-05,
    3.676084164306592e-05,
    3.3162277568464915e-05,
    2.531157401883612e-05,
    1.9735768755845376e-05,
    1.3852420862689048e-05,
    8.366403517041132e-06,
    5.323816963129833e-06,
    3.082190699076904e-06,
    1.8036844366862649e-06,
    1.4337635866107315e-06,
    1.2727593238632075e-06,
    1.098052068477394e-06,
    9.188591363898023e-07,
    6.231005264188741e-07,
    3.0127785527524056e-07,
    1.7635017794942435e-07,
    7.71295875852089e-08,
    4.2289576707254095e-08,
    1.8307710964564097e-08,
    7.193349722161412e-09,
    2.631785342764617e-09,
    2.132925191559989e-09,
    1.2463960454677436e-09,
    7.312432069818027e-10,
    4.5656704021057573e-10,
    2.5159197691007834e-10,
    1.614612310320781e-10,
    1.1078369113567212e-10,
    7.88189837163468e-11,
    6.109338598627191e-11,
    4.911404980296041e-11,
    3.703722963565636e-11,
    2.6613155381181562e-11,
    1.7542037994555425e-11,
    1.1404909186608543e-11,
    8.248716550457859e-12,
    5.887125949238958e-12,
    5.060451627154032e-12,
    4.360608016064012e-12,
    2.6506183455193243e-12,
    1.1668924917331187e-12,
    1.0951341338623646e-12,
    9.403986064780693e-13,
    8.321771293702118e-13,
    6.957518606869692e-13,
    4.475434743687472e-13,
    3.187320866483768e-13,
    1.6309552525631429e-13,
    8.589177853901418e-14
  ],
  "rk": [
    1.0,
    0.07847022576205072,
    0.011052365892064637,
    0.003129408676423745,
    0.0013706718410421233,
    0.0006823678294465782,
    0.00039043870859593925,
    0.00022914319667159452,
    0.00013211298858517372,
    0.00010183628623263478,
    8.450534265392056e-05,
    6.801054162540094e-05,
    5.3456740650302344e-05,
    3.298308084909259e-05,
    2.0097267447655945e-05,
    1.1661297358796846e-05,
    6.519573904333123e-06,
    4.1920189856972746e-06,
    2.056195663045555e-06,
    9.54174927120233e-07,
    4.502223921904483e-07,
    2.9647319181188144e-07,
    1.8288238340078467e-07,
    1.2757636954985283e-07,
    9.540970886627297e-08,
    6.233223599983678e-08,
    3.9858001250784687e-08,
    2.557779215771526e-08,
    1.407984876091857e-08,
    8.401256024359272e-09,
    6.427524115071493e-09,
    5.178789608826883e-09,
    4.382566906405703e-09,
    3.209064743288878e-09,
    1.8564059673072713e-09,
    1.2195457096227137e-09,
    6.463610301228006e-10,
    4.3655594412415156e-10,
    2.3344197201510504e-10,
    1.3904718929660182e-10,
    6.547624811995752e-11,
    4.007035160691664e-11,
    2.200374011865132e-11,
    1.2349172542767614e-11,
    8.130586194072034e-12,
    4.752400900827235e-12,
    2.67977702582747e-12,
    1.442770067347814e-12,
    7.828633384377661e-13,
    4.586707204201749e-13,
    3.1408116631920787e-13,
    2.2393179908608555e-13,
    1.5911064193292079e-13,
    1.0423747061257008e-13,
    6.599587786231076e-14,
    4.694412751642131e-14,
    3.045743409308893e-14,
    2.2750504222417352e-14,
    2.0162174222562248e-14,
    1.380825453605505e-14,
    9.023129403333675e-15,
    6.579677219797855e-15,
    4.68700013513933e-15,
    4.03110706899024e-15,
    3.6580495549316275e-15,
    2.4675109136874482e-15,
    1.8142266405716703e-15,
    1.1625689343764874e-15,
    6.596121132315322e-16
  ],
  "exit_code": 0,
  "iters": 68,
  "mtx": "sherman1",
  "method": "max-st_alt-o_m2",
  "x_id": "sine"
}