{
  "fre": [
    0.7275113877088514,
    0.6440362920391449,
    0.5904472414367095,
    0.5130132759755057,
    0.4357189756481593,
    0.3036801865774471,
    0.19945438292626877,
    0.12663316689281723,
    0.07087248807153657,
    0.044315861231424586,
    0.03564660922055173,
    0.02573829073431038,
    0.017453129690927625,
    0.010273670673349946,
    0.006027918343247745,
    0.004148383976707239,
    0.002929724174119177,
    0.002202966646852016,
    0.0015346449711808143,
    0.001107567948371025,
    0.0010034208778586838,
    0.0007711777998584024,
    0.00047113102388690375,
    0.0002420743567824076,
    0.00012605311834484436,
    6.752939303251342e-05,
    4.9949225613647196e-05,
    4.2984314393901816e-05,
    3.560183949616901e-05,
    2.3487357683415358e-05,
    1.1821817954295178e-05,
    5.5848263937218345e-06,
    4.0825409974308304e-06,
    3.3674789741394565e-06,
    2.886119322363114e-06,
    2.4238795582986604e-06,
    1.9440425359842508e-06,
    1.544840969876913e-06,
    1.037630811103107e-06,
    6.277246558630749e-07,
    5.891311956364262e-07,
    5.00637092032137e-07,
    4.003689839575271e-07,
    3.2001913861792814e-07,
    2.3489454939978443e-07,
    1.399293334030169e-07,
    7.585912166071019e-08,
    4.387572940011133e-08,
    2.2407904528301586e-08,
    1.479286977586446e-08,
    1.1848185358668059e-08,
    9.313222869918525e-09,
    7.024397515911041e-09,
    4.81101593042805e-09,
    2.539409077362972e-09,
    1.1488171050425644e-09,
    6.781550421913793e-10,
    5.183029033947191e-10,
    4.190088784793006e-10,
    3.2804676930976493e-10,
    2.908547027094521e-10,
    2.0384585832528288e-10,
    1.2656222610304978e-10,
    8.09365788728526e-11,
    5.683249217615141e-11,
    3.515080883016766e-11,
    2.0965047060070415e-11,
    1.2459227353561117e-11,
    8.339747722499452e-12,
    6.522394667880567e-12,
    5.277086680283407e-12,
    4.0650704183271425e-12,
    2.6128972762700796e-12,
    1.5156808211070897e-12,
    1.1135918367502017e-12,
    8.8695028801741e-13,
    7.618136002426494e-13,
    6.498329324715513e-13,
    4.96874566904865e-13,
    3.111981909216416e-13,
    2.931687906634183e-13,
    2.5848739869486293e-13,
    2.028450060029605e-13
  ],
  "rk": [
    1.0,
    0.008470007218922947,
    0.0038073579612428647,
    0.002753350374240301,
    0.0021806687477457396,
    0.0018593349283287032,
    0.0014278277281166644,
    0.001057775288812593,
    0.0007571212208038411,
    0.0004710954190769134,
    0.00026448663797095073,
    0.00020212768887186826,
    0.00015283627990297086,
    0.00011466071385585335,
    7.682040537678569e-05,
    4.773217852287236e-05,
    3.1780166318570784e-05,
    2.0890700233365048e-05,
    1.4874878182459762e-05,
    9.341555013288311e-06,
    5.54897925468119e-06,
    4.332370300722238e-06,
    3.3031799542963462e-06,
    2.285092931985967e-06,
    1.450151634165929e-06,
    9.679087595687633e-07,
    5.981738538775259e-07,
    3.832321198664559e-07,
    2.7192370715978664e-07,
    2.2001453412537385e-07,
    1.6130939455456862e-07,
    1.0146241995129051e-07,
    5.171234174377783e-08,
    3.015664074370094e-08,
    1.915275134317589e-08,
    1.4075458940150145e-08,
    1.0808065205512036e-08,
    8.251890253533569e-09,
    6.639268949542759e-09,
    4.829422990146975e-09,
    3.4239096994645775e-09,
    2.724379770379557e-09,
    2.153254405564436e-09,
    1.699735830132532e-09,
    1.3880588356365175e-09,
    1.1005446090705034e-09,
    7.850381323454231e-10,
    5.237411180063812e-10,
    3.5772890713447836e-10,
    2.084079566338954e-10,
    1.162902887786594e-10,
    8.084714882168996e-11,
    6.074480081856441e-11,
    4.613210124622341e-11,
    3.4704129758608257e-11,
    2.2330174182273716e-11,
    1.210992168699179e-11,
    6.0711521162740516e-12,
    3.4981377575250064e-12,
    2.3492485952017316e-12,
    1.7497128307176812e-12,
    1.3846850302843218e-12,
    9.59683941780647e-13,
    6.208308486251735e-13,
    4.029186448727286e-13,
    3.0157036301164307e-13,
    2.0965004179184253e-13,
    1.4456543177409255e-13,
    9.318044978156285e-14,
    5.916398660517318e-14,
    4.1437090404334126e-14,
    3.1625399939731495e-14,
    2.47561100711921e-14,
    1.7515732274342222e-14,
    1.031107400337768e-14,
    6.637535513905714e-15,
    4.2957393623896435e-15,
    3.213681954862476e-15,
    2.714629278924624e-15,
    2.214010809529569e-15,
    1.6729823090241513e-15,
    1.2891657372049455e-15,
    1.0823860834765382e-15,
    8.938540387851824e-16
  ],
  "exit_code": -1,
  "iters": 83,
  "mtx": "sherman1",
  "method": "max-lf_alt-o-repeat_m3",
  "x_id": "ones"
}