{
  "fre": [
    0.03486158396174676,
    0.015965905851718743,
    0.011357335584164298,
    0.008973697204966834,
    0.007715739541622404,
    0.00721378621206255,
    0.006500297180590027,
    0.005731893713321084,
    0.004724837295140331,
    0.004119240341016237,
    0.003740862345180134,
    0.003482358628333239,
    0.0032652832096313447,
    0.002699636095980129,
    0.001304990357870433,
    0.0003024074254315168,
    6.574745399037808e-05,
    2.8942073241548766e-05,
    1.0626398623376047e-05,
    2.924228458432429e-06,
    2.229912145330304e-06,
    1.7121019964782063e-06,
    1.3456744273509376e-06,
    1.1481458286805083e-06,
    1.088690855166598e-06,
    1.0486101608306427e-06,
    9.885648912484152e-07,
    8.136824177463324e-07,
    3.9485775417242434e-07,
    2.097387567993366e-07,
    1.5744868859043911e-07,
    1.1694841316032048e-07,
    8.839130353222483e-08,
    5.857124962800415e-08,
    2.2400609116605174e-08,
    2.7437941120366907e-09,
    7.328288175520472e-10,
    1.4951581616463144e-10,
    9.87707586311304e-12,
    1.7295467263902286e-12,
    1.5618612994730469e-12,
    1.489432445184008e-12,
    1.438319189155174e-12,
    1.3778638269953456e-12,
    1.319903537685177e-12,
    1.089837602156737e-12,
    6.008099492521488e-13,
    4.06743347005781e-13,
    3.1142176581262375e-13,
    2.16459586152022e-13
  ],
  "rk": [
    1.0,
    0.030258342603526042,
    0.004647983376688957,
    0.0007805723371902141,
    0.00033663092361182773,
    0.00011802537266204735,
    7.53513919024552e-05,
    5.234875062302865e-05,
    4.135457589006719e-05,
    3.123817837465318e-05,
    2.2802647632735068e-05,
    1.5288913131331755e-05,
    1.1600026373673379e-05,
    1.0499575898292647e-05,
    9.33348360053607e-06,
    6.349710705840349e-06,
    3.233015835008808e-06,
    1.7241178644272736e-06,
    9.240429602670006e-07,
    4.013470631735805e-07,
    1.4973595890582055e-07,
    6.75832637907398e-08,
    3.4735036175029655e-08,
    2.0870475643261232e-08,
    9.156375827976499e-09,
    4.8468554550068785e-09,
    4.06503622875816e-09,
    3.742611646784451e-09,
    3.329916247737843e-09,
    2.093307756689395e-09,
    1.1411259918366434e-09,
    7.619075740679138e-10,
    5.399670702145556e-10,
    4.2341508392735664e-10,
    3.279991036901697e-10,
    1.914585213293839e-10,
    5.935596914027609e-11,
    2.1726842718761602e-11,
    8.084994932602494e-12,
    1.4250018898106401e-12,
    1.278777848468799e-13,
    2.9484261059987174e-14,
    9.815667979603403e-15,
    6.573523819414958e-15,
    5.504622491934539e-15,
    5.183520327902176e-15,
    4.5016525479380024e-15,
    2.79074025933815e-15,
    1.823862261234973e-15,
    1.3482416026758498e-15,
    9.5076062545929e-16
  ],
  "exit_code": 0,
  "iters": 50,
  "mtx": "sherman4",
  "method": "max-st_alt-o-repeat_m4",
  "x_id": "sine"
}