{
  "fre": [
    0.21009067189998176,
    0.1221328150714842,
    0.08599795738173771,
    0.06969462559406048,
    0.05969660521905921,
    0.05145473056785461,
    0.04239212076635063,
    0.03357876237232049,
    0.022153337694353882,
    0.012025910097364553,
    0.006567503704788796,
    0.002401174529492455,
    0.0013114979938875055,
    0.001050928683529238,
    0.0008334543308820166,
    0.0005272663522073053,
    0.0002346203761484384,
    6.982844051145218e-05,
    3.309036295209013e-05,
    1.660615906078621e-05,
    1.2344547208577484e-05,
    5.800796709810856e-06,
    2.5622740401133917e-06,
    1.6805021068424827e-06,
    1.3773379484712192e-06,
    1.179267026451696e-06,
    7.858201012987086e-07,
    3.777104932651677e-07,
    2.5283329157184126e-07,
    1.9769916353601008e-07,
    1.3981112446558694e-07,
    1.1298296383370715e-07,
    7.218006787557299e-08,
    3.425811217158865e-08,
    9.319448960240885e-09,
    3.566790722642194e-09,
    1.6463036263851056e-09,
    7.039716575673304e-10,
    3.348598170168394e-10,
    1.3228659786098845e-10,
    9.765806159988365e-11,
    5.4023332235059555e-11,
    3.047746548802403e-11,
    2.0689904647048157e-11,
    1.4952518174208793e-11,
    1.2184799385416507e-11,
    1.0674900160061265e-11,
    8.706803057304028e-12,
    6.716433065630688e-12,
    3.6415127046766294e-12,
    1.9254082902563344e-12,
    9.222757459762576e-13,
    6.373257171475188e-13,
    4.875862093071307e-13,
    3.4029074058995603e-13,
    1.779792557344636e-13
  ],
  "rk": [
    1.0,
    0.014109974498221795,
    0.002753098923608459,
    0.0009504404129570374,
    0.00037906056824743453,
    0.00019292757133898217,
    0.00012547855485447966,
    9.037158677134709e-05,
    7.39220575677649e-05,
    5.487433657044566e-05,
    3.39054367494053e-05,
    2.0838139328500268e-05,
    1.0603479315079226e-05,
    4.828742591086351e-06,
    2.8526299320099897e-06,
    2.1341240787190085e-06,
    1.5468765081743273e-06,
    9.50565285348969e-07,
    4.1215808441652405e-07,
    1.8476933849911105e-07,
    8.727741659049757e-08,
    5.312933616739603e-08,
    2.7791148234128176e-08,
    1.3370248123435335e-08,
    6.382313589200153e-09,
    3.674582407334858e-09,
    2.774610031859247e-09,
    2.021046016875837e-09,
    1.0953335582541374e-09,
    6.289633863959376e-10,
    4.479566569698385e-10,
    3.0385417389999245e-10,
    2.513782722243188e-10,
    1.878575637434113e-10,
    1.1940203831066908e-10,
    4.9868517039808766e-11,
    2.670747313509506e-11,
    1.4278171577406942e-11,
    7.22132408577405e-12,
    3.759897980014147e-12,
    1.7743695482415338e-12,
    1.0119163629287333e-12,
    5.519190069743825e-13,
    2.7033339493999525e-13,
    1.4204367038562626e-13,
    6.756467905491137e-14,
    3.2776899151565837e-14,
    2.2553566852307727e-14,
    1.6689640910226358e-14,
    1.364459969966913e-14,
    9.502972343410606e-15,
    6.423061040035066e-15,
    3.6316491863618176e-15,
    2.112412686684887e-15,
    1.462418196697408e-15,
    1.0482087631212076e-15,
    7.095386490919797e-16
  ],
  "exit_code": 0,
  "iters": 56,
  "mtx": "sherman1",
  "method": "max-lf_alt-o_m4",
  "x_id": "randn"
}