{
  "fre": [
    0.2202504640244713,
    0.11193952475655657,
    0.06364576359957183,
    0.04871639122466411,
    0.04015308695604007,
    0.030749465363638012,
    0.01992330022404895,
    0.012542992778712554,
    0.007003464551879093,
    0.0033541616251562263,
    0.0018550152337571623,
    0.0009661933963139938,
    0.0007118816505812343,
    0.0005885161925724118,
    0.00046526375719566554,
    0.00034620375983770703,
    0.000243394829622018,
    0.0001482672744462452,
    8.876221026133586e-05,
    6.667113660164024e-05,
    6.12306815730728e-05,
    4.8305410673452485e-05,
    3.013205910002506e-05,
    1.3936216630207594e-05,
    6.397142277614362e-06,
    4.249960368879174e-06,
    3.1142571624131486e-06,
    2.0575689470201332e-06,
    9.341864130901541e-07,
    3.742894235810969e-07,
    1.163509504581412e-07,
    3.790113908735219e-08,
    1.832973845853561e-08,
    9.996616886610137e-09,
    5.85367637074192e-09,
    3.961677669032571e-09,
    2.6918246362511243e-09,
    1.5876203526851419e-09,
    9.990225415429012e-10,
    6.758061589778636e-10,
    4.890470672057743e-10,
    2.603791183447991e-10,
    1.9560974873733194e-10,
    1.5465300126093353e-10,
    1.1518177065269818e-10,
    7.506701323332964e-11,
    4.428455789764472e-11,
    3.108149309786727e-11,
    2.6083648952380975e-11,
    2.1349837098163487e-11,
    1.6111277479136205e-11,
    1.0851161235200073e-11,
    5.505584481644338e-12,
    1.498864252636827e-12,
    2.93901221085004e-13,
    1.6329556176162958e-13,
    1.242583277035509e-13
  ],
  "rk": [
    1.0,
    0.03103551757109242,
    0.009971226210069037,
    0.0025448915633219742,
    0.0005866179532215629,
    0.000319370036343179,
    0.00022844543585287248,
    0.00015746320434928662,
    0.00010368731840478703,
    6.478631448119416e-05,
    3.117345057015109e-05,
    1.5921841360427714e-05,
    6.8501584409781e-06,
    3.4452814792609528e-06,
    1.971167246142969e-06,
    1.3850400327957966e-06,
    9.946359701924518e-07,
    7.287767871688694e-07,
    4.698496248913996e-07,
    2.524166959256603e-07,
    1.5085952118097303e-07,
    1.2294813609195515e-07,
    9.906822858462647e-08,
    7.259563763384292e-08,
    4.350694609473743e-08,
    2.3789147927209254e-08,
    1.389229189256988e-08,
    9.641992252889748e-09,
    6.752468996720814e-09,
    4.214404487035446e-09,
    2.4471776964471086e-09,
    1.1499644354398604e-09,
    4.845233289429977e-10,
    2.1178251963050545e-10,
    1.0187679974084137e-10,
    5.896016736950942e-11,
    3.982960143304291e-11,
    2.897453569882947e-11,
    1.9364815680799292e-11,
    1.0174129589782755e-11,
    6.205434449964002e-12,
    4.075642740785127e-12,
    2.257928180518921e-12,
    1.4482843739853376e-12,
    1.0183838588776674e-12,
    7.131303815932941e-13,
    4.376220341014351e-13,
    2.191319578987608e-13,
    1.0211911987357607e-13,
    6.654285672111218e-14,
    4.771171083862502e-14,
    3.5179224501041844e-14,
    2.5660886638726712e-14,
    1.676075974702392e-14,
    8.272017362086198e-15,
    3.0218015527496256e-15,
    1.1609426839186934e-15,
    5.306436429992138e-16
  ],
  "exit_code": 0,
  "iters": 57,
  "mtx": "sherman1",
  "method": "max-st_alt-o-repeat_m2",
  "x_id": "randn"
}