{
  "fre": [
    0.707147144323927,
    0.611054182178017,
    0.502123523576666,
    0.34729435316011953,
    0.17880976905328316,
    0.06291570347490735,
    0.03868200092493233,
    0.02443530138803961,
    0.011847248921806216,
    0.00566429284362004,
    0.003318978849582245,
    0.002074212923392502,
    0.0012031544945779538,
    0.0008184382524915036,
    0.00037927480986298524,
    0.00014491388144824186,
    1.890880089814612e-05,
    3.22636683110772e-06,
    1.5550654457380383e-06,
    7.047678433054745e-07,
    4.375450830920939e-07,
    1.95860432255049e-07,
    1.0697072480095708e-07,
    8.291947576863146e-08,
    6.473107588293881e-08,
    4.110276998489405e-08,
    1.846282184260012e-08,
    1.091552860265298e-08,
    8.595159162613853e-09,
    5.892878428142733e-09,
    2.417422756284936e-09,
    1.138399776401648e-09,
    6.902925935193711e-10,
    4.0716582775498284e-10,
    1.9163297622443e-10,
    8.163470526097175e-11,
    3.078255572124354e-11,
    9.502187086623818e-12,
    2.6776440485447577e-12,
    7.945664554330093e-13,
    4.960408211612114e-13,
    2.38417072376268e-13,
    1.5662712802858415e-13,
    1.14665658183021e-13,
    9.582160473196767e-14
  ],
  "rk": [
    1.0,
    0.0068036327271578465,
    0.0029536209512886903,
    0.0021111646395190137,
    0.0015630990279860753,
    0.0009717283205887561,
    0.00039793210592382395,
    0.00021901559626019855,
    0.0001467646163981162,
    8.52293661362846e-05,
    4.3727876924404514e-05,
    2.400144335174119e-05,
    1.3761672503346814e-05,
    5.887739481076491e-06,
    3.662501943340377e-06,
    1.98471167737301e-06,
    1.0255996612920556e-06,
    3.1276889883652115e-07,
    7.77147486927447e-08,
    2.980577741716091e-08,
    1.1661818589073434e-08,
    6.3924442282440824e-09,
    2.860799172081114e-09,
    1.0598124979136262e-09,
    5.280222036245666e-10,
    3.40946606373594e-10,
    2.3059232763723873e-10,
    1.221798163333567e-10,
    5.388902015532677e-11,
    3.5756024782627754e-11,
    2.645964750471731e-11,
    1.5442140307889036e-11,
    7.853707535533988e-12,
    4.1907811161107495e-12,
    2.6066949747826443e-12,
    1.354069570485496e-12,
    6.92277411745422e-13,
    3.232050769511589e-13,
    1.3623464620265887e-13,
    5.324117108152297e-14,
    1.6112812370114186e-14,
    7.775105719174583e-15,
    3.140504915304346e-15,
    1.51600163524418e-15,
    1.0242158541748107e-15,
    7.672045755935677e-16
  ],
  "exit_code": -1,
  "iters": 45,
  "mtx": "sherman1",
  "method": "max-lf_alt-o-repeat_m4",
  "x_id": "ones"
}