{
  "fre": [
    0.16738395124156852,
    0.07688263076824703,
    0.0501725878336816,
    0.03838728916601468,
    0.031128979777272952,
    0.02496102043053549,
    0.016064034491854288,
    0.010547098826929276,
    0.007421782469758951,
    0.004857242800484412,
    0.003385827867542086,
    0.0017516729718334379,
    0.000619149072212497,
    0.0002039301033203206,
    4.9427015552319747e-05,
    3.080221949237639e-05,
    2.3685603540449637e-05,
    1.794824109037421e-05,
    8.97821038904595e-06,
    4.1158655519799645e-06,
    3.282040882349939e-06,
    2.0804125290348203e-06,
    1.2509448242075497e-06,
    4.508114907049995e-07,
    1.9047570800841288e-07,
    6.793715914366216e-08,
    3.083155802946836e-08,
    2.118802442219489e-08,
    1.715569665027726e-08,
    1.3189842219178274e-08,
    7.901919275405134e-09,
    5.015362763449629e-09,
    3.1853268786245094e-09,
    1.919288903352324e-09,
    7.914392674330471e-10,
    1.1232914705095763e-10,
    5.175004493896063e-11,
    2.1825426087509172e-11,
    6.782207798230298e-12,
    2.7578638408301717e-12,
    2.112569136078521e-12,
    1.5509192597394606e-12,
    9.84246299421451e-13,
    4.1529269011864816e-13,
    1.4958417834177814e-13
  ],
  "rk": [
    1.0,
    0.022937001895243468,
    0.005491103813493841,
    0.001275115938732421,
    0.00038117209937061855,
    0.0001231279397145266,
    7.915790476928314e-05,
    4.538227800230248e-05,
    2.5838537011766526e-05,
    1.6349940179553163e-05,
    1.0203785250755921e-05,
    7.346748393021505e-06,
    4.780675593856716e-06,
    2.448815385465796e-06,
    1.2380022494211182e-06,
    3.893908874246496e-07,
    1.5335895992908379e-07,
    6.703464546618332e-08,
    4.384028533597203e-08,
    2.612935044163736e-08,
    1.4992433696476357e-08,
    1.0030470202608366e-08,
    5.850878353928999e-09,
    3.9112439396404415e-09,
    1.8873045330761313e-09,
    9.773094859304255e-10,
    4.1282401037485225e-10,
    1.6930759874597676e-10,
    7.011893449481854e-11,
    4.126883236843025e-11,
    3.02176241020434e-11,
    1.8377583314966893e-11,
    1.1092017846270671e-11,
    6.795485515003609e-12,
    4.654701487625144e-12,
    2.74292871550802e-12,
    9.213818942078095e-13,
    3.915857691833023e-13,
    1.7116530114248034e-13,
    6.955613117176267e-14,
    2.0047308207160874e-14,
    8.745704395788852e-15,
    4.306753223303455e-15,
    2.533509928694318e-15,
    1.3485469653896324e-15,
    6.117184189241298e-16
  ],
  "exit_code": 0,
  "iters": 45,
  "mtx": "sherman1",
  "method": "max-lf_alt-o-repeat_m4",
  "x_id": "randn"
}