{
  "fre": [
    0.3163568486758238,
    0.07657290060947557,
    0.03796913845717692,
    0.023513327677875874,
    0.01790942930601245,
    0.014153512967325203,
    0.011012083604133041,
    0.008592298708871472,
    0.006906447437609381,
    0.005733564362653704,
    0.005204954543579725,
    0.004628128274104355,
    0.004064375353680935,
    0.0036301281992556613,
    0.0031329545681347054,
    0.0026778544600574647,
    0.002134535136026723,
    0.0016434302407710261,
    0.0012416950326418358,
    0.0009489558460177358,
    0.0009207277297586254,
    0.0008606745055222243,
    0.0007946562345397381,
    0.0007093636720761013,
    0.0006016858652029735,
    0.00047475931274457844,
    0.00034524339993913266,
    0.00024490488271040824,
    0.00016762736381397482,
    0.00011606893072081306,
    7.98740185518087e-05,
    5.3909253952842684e-05,
    3.829350475797431e-05,
    2.5470565657194294e-05,
    1.5185198518004206e-05,
    8.807554565840561e-06,
    4.613022197193369e-06,
    2.2132286499786474e-06,
    9.244575934309118e-07,
    6.548185888358899e-07,
    6.152280023044542e-07,
    5.494299209416812e-07,
    4.928842694928162e-07,
    4.25535640163836e-07,
    3.645195093426997e-07,
    3.0784913726457613e-07,
    2.556931252556526e-07,
    2.0081721618605543e-07,
    1.0491250379727758e-07,
    4.618163600571317e-08,
    2.370921889270843e-08,
    1.4075317902202903e-08,
    8.358817181809595e-09,
    5.369946899200991e-09,
    3.6889620929367137e-09,
    2.6024061146712744e-09,
    1.9228706683798608e-09,
    1.517817305259359e-09,
    1.3662119672555252e-09,
    1.2263821399440783e-09,
    1.1729686270957706e-09,
    1.00510618688082e-09,
    8.341376504286662e-10,
    6.823713988634725e-10,
    5.871321510168255e-10,
    5.089925677456122e-10,
    4.666376656338239e-10,
    4.2427170448526657e-10,
    3.5987817793218993e-10,
    2.6138940245617027e-10,
    1.7849091824037483e-10,
    1.226138982728631e-10,
    7.371071630655122e-11,
    3.55641207903174e-11,
    2.0857041203858488e-11,
    1.4097563019522457e-11,
    1.0951609021618028e-11,
    8.836546768180201e-12,
    7.84009669786433e-12,
    6.807130921267539e-12,
    6.5479135262221005e-12,
    5.550012281765452e-12,
    3.904054398627804e-12,
    2.387031779235037e-12,
    1.5059285056144785e-12,
    8.327708809040906e-13,
    5.17279726621703e-13,
    4.0930855063411954e-13,
    3.476512390991882e-13,
    3.1222117447284425e-13,
    2.876485656114732e-13
  ],
  "rk": [
    1.0,
    0.08187754673643004,
    0.01237782071262167,
    0.003983403787500163,
    0.0013084219167600992,
    0.0005791698858447351,
    0.00032469466188227993,
    0.00019112523573312247,
    0.00011123006521597763,
    6.71055366576977e-05,
    3.8182201884150905e-05,
    2.7879138622737128e-05,
    2.0416087428585953e-05,
    1.5561469943106252e-05,
    1.3084193737753957e-05,
    1.1061809113015557e-05,
    9.374453935871953e-06,
    7.566101753335869e-06,
    5.9285346074111065e-06,
    4.491268431872095e-06,
    3.2268246180490817e-06,
    2.725189191977463e-06,
    2.3033170458312103e-06,
    2.0611903090697614e-06,
    1.8473175299989587e-06,
    1.6146188605647202e-06,
    1.3440153577079326e-06,
    1.0835283622709962e-06,
    8.67736829577323e-07,
    6.551154912744217e-07,
    4.886934034989268e-07,
    3.637015127468345e-07,
    2.699671842201905e-07,
    2.037286075590319e-07,
    1.478894228271129e-07,
    1.0158847260071684e-07,
    7.128400118163651e-08,
    4.7687576313284936e-08,
    2.880229138581056e-08,
    1.5333877021011328e-08,
    7.080982267097327e-09,
    4.9850256573466364e-09,
    3.4580714376440416e-09,
    2.6160334441831365e-09,
    1.976897548848531e-09,
    1.5301981351401767e-09,
    1.2425826725461248e-09,
    1.0485399935924943e-09,
    9.008417838149761e-10,
    6.417218463688736e-10,
    3.8280984276946785e-10,
    2.385401991559357e-10,
    1.4570740520164916e-10,
    9.022581970744988e-11,
    5.853070850093465e-11,
    3.8157231633969625e-11,
    2.620658713528902e-11,
    1.702703100413714e-11,
    1.0018179032296868e-11,
    6.430733729270057e-12,
    4.979022637768453e-12,
    4.4226463887888386e-12,
    3.603146035595091e-12,
    2.8947306911045394e-12,
    2.2214992476898487e-12,
    1.7966504623827048e-12,
    1.4103749414434723e-12,
    1.2342280853427263e-12,
    1.1102255145382367e-12,
    9.694427641574675e-13,
    7.86071784638058e-13,
    6.105463894129912e-13,
    4.762750211309387e-13,
    3.4865267280229376e-13,
    2.1827591154305527e-13,
    1.375953344090456e-13,
    8.88914535638881e-14,
    5.996748780730379e-14,
    4.0104971970808646e-14,
    3.191939207035274e-14,
    2.7038650750279546e-14,
    2.4506935428803004e-14,
    2.114306095005868e-14,
    1.6593556480220135e-14,
    1.1704671869129899e-14,
    8.40989429848272e-15,
    5.5444563711139616e-15,
    3.5801707212453745e-15,
    2.5173681308245305e-15,
    1.7532765203682947e-15,
    1.2342636672521699e-15,
    9.798344877361514e-16
  ],
  "exit_code": 0,
  "iters": 91,
  "mtx": "sherman1",
  "method": "ilu0",
  "x_id": "sine"
}