{
  "fre": [
    0.21461067440084575,
    0.14186496291165687,
    0.10321626010065524,
    0.07551476440240087,
    0.05679165651102159,
    0.04440424076319579,
    0.035397742333882695,
    0.030597804750533534,
    0.026105591004492713,
    0.021195800180585533,
    0.017527602079762207,
    0.013797075923684192,
    0.010639898014890618,
    0.006329591003680632,
    0.003379297798043264,
    0.002520679588460283,
    0.0021071241277190534,
    0.001756280755230924,
    0.0007874448815955729,
    0.0003864574375342856,
    0.0003504058699129468,
    0.00028466414250129577,
    0.00024157264495625063,
    0.00017389907818215182,
    0.00013069798271547433,
    8.181531511974817e-05,
    5.3082659449554775e-05,
    3.888645910336866e-05,
    3.278708457107729e-05,
    2.6666760184194058e-05,
    2.1214609698186785e-05,
    1.2384889802144582e-05,
    6.652259792728718e-06,
    3.251200112651363e-06,
    1.7060692647020814e-06,
    6.675659385342085e-07,
    3.735372463558076e-07,
    3.1990039933981423e-07,
    1.8994568355058421e-07,
    8.716996535525266e-08,
    6.71471034412901e-08,
    3.299365118175032e-08,
    9.262391992657907e-09,
    4.815282194948831e-09,
    4.011882759121631e-09,
    3.200633575902817e-09,
    2.392785656708102e-09,
    1.983303245940779e-09,
    1.6327839719944641e-09,
    1.3434944377157815e-09,
    9.60793194891825e-10,
    5.377392424109808e-10,
    3.573596011907442e-10,
    2.8936945572003783e-10,
    2.3739464956762305e-10,
    1.9448265303302072e-10,
    1.5787709714152846e-10,
    1.2123514592882883e-10,
    7.842099690989182e-11,
    3.647076104223673e-11,
    3.3709725533256e-11,
    2.8922327486676794e-11,
    2.4078418093836413e-11,
    1.8887873952426946e-11,
    1.4209375902567457e-11,
    1.0030072831727058e-11,
    5.957611497013027e-12,
    4.110548405582466e-12,
    2.764363401904565e-12,
    2.059610284587888e-12,
    1.5209765898371959e-12,
    1.0587677129050326e-12,
    6.217892788617679e-13,
    3.5523927715676494e-13,
    1.3426476754937607e-13
  ],
  "rk": [
    1.0,
    0.02443915372675084,
    0.005642661491048834,
    0.0018701317459352865,
    0.0008215735228563565,
    0.00044524103466371914,
    0.0002828938631088329,
    0.00016192772203749446,
    0.00010981570345938473,
    7.663093125032271e-05,
    5.356023035642777e-05,
    4.216193968873878e-05,
    3.3303092326559764e-05,
    2.627118594123306e-05,
    1.847858923445821e-05,
    1.057870984215935e-05,
    6.205853751931235e-06,
    4.627642868640072e-06,
    3.8540392790882224e-06,
    2.3408319909162587e-06,
    1.5088599392118206e-06,
    1.1328642706327016e-06,
    7.466667594369196e-07,
    5.931250696317057e-07,
    4.1379730794146916e-07,
    3.1748438530978677e-07,
    2.1902247637570956e-07,
    1.440308237198967e-07,
    9.322434750826439e-08,
    7.273910949700657e-08,
    5.8448590621035694e-08,
    5.1515046245527584e-08,
    3.837792362009554e-08,
    2.5032944582871553e-08,
    1.5342125856562666e-08,
    1.009579912275835e-08,
    5.7656649447500104e-09,
    2.4137260990976503e-09,
    1.3045776468812385e-09,
    7.632514136943313e-10,
    3.890484955883501e-10,
    2.602276758105691e-10,
    1.573108473037939e-10,
    7.249975637640736e-11,
    3.919121271590069e-11,
    2.2286336871500694e-11,
    1.4181112056028223e-11,
    8.831746318240022e-12,
    5.931444911226694e-12,
    4.220142509863084e-12,
    3.5308084449135484e-12,
    2.798027072608399e-12,
    1.891652505324448e-12,
    1.2172133093039915e-12,
    8.293397779252867e-13,
    5.782594411399353e-13,
    4.3702324927988763e-13,
    3.359763039023381e-13,
    2.4847260979961855e-13,
    1.8456211892396785e-13,
    1.2143878562231563e-13,
    8.969664163452281e-14,
    6.610382373893658e-14,
    5.076333602114637e-14,
    3.8769062863812896e-14,
    3.0712068319639013e-14,
    2.408874626040589e-14,
    1.7268681277752172e-14,
    1.3087010791095185e-14,
    8.740331466574914e-15,
    6.221671612549683e-15,
    4.509559246806951e-15,
    3.1225566778605716e-15,
    2.1705061118016914e-15,
    1.5231137833763285e-15,
    8.258511960804853e-16
  ],
  "exit_code": 0,
  "iters": 75,
  "mtx": "sherman1",
  "method": "max-lf_alt-o_m3",
  "x_id": "randn"
}