{
  "fre": [
    0.6943248830758756,
    0.6788787656615806,
    0.6466459934230017,
    0.5972055353269186,
    0.5349387118794844,
    0.42230542049061176,
    0.222822516682938,
    0.10965399748933052,
    0.08931689418985422,
    0.06861159193396855,
    0.04607236460981554,
    0.029190204258102856,
    0.012747093526769594,
    0.0034727716987094964,
    0.0008594653412242644,
    0.00012676821177588055,
    8.020732186849926e-05,
    3.0112749608071185e-05,
    6.0438753066761905e-06,
    2.182861214099268e-06,
    1.5465224443666745e-06,
    1.240540518830854e-06,
    1.1725965321434517e-06,
    1.1014640847316155e-06,
    1.020390032603132e-06,
    9.466743938957083e-07,
    8.084058525891192e-07,
    7.042278923256965e-07,
    5.645147968462467e-07,
    4.4948132327612253e-07,
    4.014164095266349e-07,
    2.8812201702476303e-07,
    1.500209323305703e-07,
    6.730259119791428e-08,
    2.0663918829961418e-08,
    7.101560644538831e-09,
    2.4471499927012653e-09,
    2.705832905186836e-10,
    5.640273034521037e-11,
    1.726838756677797e-11,
    1.4731348435072393e-11,
    1.3697997695777097e-11,
    1.3265798554470638e-11,
    1.2825096789193471e-11,
    1.2011694800774146e-11,
    1.1291712163428628e-11,
    1.0070193049476584e-11,
    7.449148599839477e-12,
    4.100067448635975e-12,
    1.1936965991359007e-12,
    4.5064544704609865e-13,
    3.9499394371705547e-13,
    3.3631668989092934e-13,
    2.372336352688448e-13,
    1.6664350449197946e-13,
    5.91734885495409e-14,
    1.4486839126814317e-14,
    2.6786980490136315e-15,
    1.5046002102609503e-15,
    1.4482477155246054e-15
  ],
  "rk": [
    1.0,
    0.06474074058221353,
    0.04419684845237869,
    0.036658099248789246,
    0.033340271097662015,
    0.029544525631696978,
    0.024684224718484835,
    0.015826839300937354,
    0.00875900917842374,
    0.006803755290895234,
    0.005393044873972788,
    0.004152970817257217,
    0.0031862224406794424,
    0.001852294321868707,
    0.0009421422152596216,
    0.0004278039449195634,
    0.00012115184037278046,
    4.6290195198939436e-05,
    1.9509766440319786e-05,
    5.129098306862407e-06,
    1.7328684003933184e-06,
    8.674890202075746e-07,
    2.529772323636423e-07,
    1.1811769244322945e-07,
    7.967958027398569e-08,
    5.930496319356527e-08,
    5.2000443570483573e-08,
    4.385377153964255e-08,
    3.8971381958874136e-08,
    3.177482011754879e-08,
    2.534532709809838e-08,
    2.3597536326033412e-08,
    1.930321465382773e-08,
    1.296084424450584e-08,
    8.416329961372887e-09,
    4.571149045425044e-09,
    2.241228817408584e-09,
    9.814487348150695e-10,
    2.7373469575106037e-10,
    7.317659796853126e-11,
    1.8169917120707518e-11,
    6.4198932103371495e-12,
    1.938514064891982e-12,
    9.929173911246235e-13,
    7.871238535666547e-13,
    6.453718674192403e-13,
    5.877696505995099e-13,
    5.296182556695461e-13,
    4.3051608247110733e-13,
    3.09572767494171e-13,
    1.7653474294604509e-13,
    8.509078340657888e-14,
    6.537739898540975e-14,
    4.687187123569584e-14,
    3.1784192039221496e-14,
    2.4774922281144775e-14,
    1.4004382816493995e-14,
    6.579673433285733e-15,
    1.7841357977984977e-15,
    2.1102891600528016e-15,
    2.061629802248798e-15
  ],
  "exit_code": -1,
  "iters": 60,
  "mtx": "sherman4",
  "method": "max-lf_alt-o-repeat_m4",
  "x_id": "ones"
}