{
  "fre": [
    0.6959235545478605,
    0.685758813497565,
    0.6646617951751753,
    0.634739680686009,
    0.5926478040651186,
    0.5363206043886115,
    0.4511781562631136,
    0.3018476643364153,
    0.19997502187476937,
    0.16147896703135303,
    0.1353908618586389,
    0.10704338355564194,
    0.09037665216777267,
    0.0567796572411301,
    0.0233977717090764,
    0.009470303062005163,
    0.0030613734180910484,
    0.0007786534989673652,
    0.0001927395811928548,
    0.00010278978799387518,
    9.198270299749704e-05,
    8.355792400527178e-05,
    7.966452848062569e-05,
    7.763978638185017e-05,
    7.551294484156595e-05,
    7.012903592646481e-05,
    6.621480275244763e-05,
    6.100608766999044e-05,
    4.453083511934628e-05,
    3.3344290407807974e-05,
    2.7413095176317e-05,
    2.1754948012105285e-05,
    1.7167440984662767e-05,
    1.4382568903542855e-05,
    1.1044831930126142e-05,
    6.312442015452091e-06,
    2.8857920112766824e-06,
    1.3936125520674584e-06,
    4.654055741806863e-07,
    7.581885057178521e-08,
    7.317302674290546e-08,
    7.036506696011835e-08,
    6.721755257945023e-08,
    6.575759071381523e-08,
    6.346438758112313e-08,
    5.800818905708727e-08,
    5.0545973890133606e-08,
    3.775838270347973e-08,
    2.3882440218118584e-08,
    1.3018838779178639e-08,
    8.244431862307967e-09,
    7.163112312670428e-09,
    5.5832574615754294e-09,
    3.964590326885525e-09,
    3.025442699242569e-09,
    2.052588454830774e-09,
    9.910434222529483e-10,
    4.375432910708852e-10,
    1.628452361292128e-10,
    6.179609372737864e-11,
    5.892435535862768e-11,
    5.5545030849649195e-11,
    5.2704005297511535e-11,
    5.045066072439769e-11,
    4.850040066236439e-11,
    4.616950841913686e-11,
    4.3085012736611405e-11,
    3.7706288393082e-11,
    3.1033798274559447e-11,
    2.2737650316872343e-11,
    1.744890453594486e-11,
    1.363811840402125e-11,
    1.1544723244893203e-11,
    9.124419223760143e-12,
    5.941860531446278e-12,
    2.8871481015256268e-12,
    1.3235174711002588e-12,
    4.581560147855109e-13,
    1.2075269362925014e-13,
    3.394476753221752e-14,
    3.083915390675795e-14,
    2.81653271577975e-14,
    2.6849075892846192e-14,
    2.6186992235584826e-14,
    2.5513738144593186e-14,
    2.4405236593593982e-14,
    2.2432477386509268e-14,
    1.8745603553102732e-14,
    1.543127235930489e-14
  ],
  "rk": [
    1.0,
    0.08612439971982376,
    0.05305529047532351,
    0.04269928930022118,
    0.038697726579726234,
    0.035841896641282754,
    0.03164780820041795,
    0.027272101433855042,
    0.020336915062731668,
    0.014153209045540852,
    0.01153200936998668,
    0.009431163579828662,
    0.007576408962165946,
    0.0067538195756792815,
    0.005284041533708805,
    0.003232175837699943,
    0.0020748733598289644,
    0.0011264631259134024,
    0.00046831895763979896,
    0.0001996055904926104,
    8.059063926819328e-05,
    3.9161139513982025e-05,
    1.921667782500447e-05,
    8.437481092863452e-06,
    5.767906734697226e-06,
    5.198368114235846e-06,
    4.414475338797692e-06,
    4.020209154014516e-06,
    3.761477692962055e-06,
    2.935946476681504e-06,
    2.1380917027106857e-06,
    1.7717083512408572e-06,
    1.4214747276394529e-06,
    1.1489314673141684e-06,
    9.85980037479543e-07,
    8.132046653637989e-07,
    5.889448608334257e-07,
    3.764919190010519e-07,
    2.424736012429638e-07,
    1.2028787637373452e-07,
    2.7996163181950972e-08,
    1.4021770071633028e-08,
    9.327900189640043e-09,
    4.675487415780879e-09,
    3.729978922843458e-09,
    3.51976773245838e-09,
    3.2848641499371167e-09,
    2.9952475403749318e-09,
    2.425812426672676e-09,
    1.7787410681169792e-09,
    1.1588347443518556e-09,
    7.609746515312485e-10,
    6.262553439320865e-10,
    4.923152547315172e-10,
    3.72721508128242e-10,
    3.08018280641887e-10,
    2.3559892081199863e-10,
    1.4604884044962775e-10,
    9.419586541879573e-11,
    5.3926193412811207e-11,
    2.4422268844162416e-11,
    1.415199015601566e-11,
    8.257175448902957e-12,
    4.701763793334535e-12,
    3.2445128146155628e-12,
    2.6999930927852655e-12,
    2.402878130445698e-12,
    2.2238857384032365e-12,
    2.0034198217546246e-12,
    1.7775055614171883e-12,
    1.4662736350861083e-12,
    1.2575133669633427e-12,
    1.0742400687968875e-12,
    9.719108837300082e-13,
    8.313478848278938e-13,
    6.467955133984487e-13,
    4.4425356769968357e-13,
    2.9520133087877206e-13,
    1.6496702734501784e-13,
    5.932907277527856e-14,
    2.1090594726040407e-14,
    1.1864371317934178e-14,
    6.514071702075658e-15,
    2.754128225656975e-15,
    1.797206021391884e-15,
    1.6025990875385802e-15,
    1.4889360435536697e-15,
    1.3640820584941861e-15,
    1.1670231567124524e-15,
    2.5524947750012666e-15
  ],
  "exit_code": -1,
  "iters": 89,
  "mtx": "sherman4",
  "method": "max-st_alt-o_m3",
  "x_id": "ones"
}