{
  "fre": [
    0.7337375838736145,
    0.6410119691396255,
    0.5658231717226484,
    0.47655084535794134,
    0.35217052754201145,
    0.21455608699904716,
    0.10300626933331238,
    0.04327043931777082,
    0.022810061327881263,
    0.014549964427104312,
    0.009651992454061495,
    0.007363176558148652,
    0.004941172142481594,
    0.0027007064533374567,
    0.0011937022316711005,
    0.0005669963469395024,
    0.00024044781310880964,
    6.72388515498759e-05,
    3.540858452376603e-05,
    2.418225815283875e-05,
    1.7773215065997774e-05,
    8.837558618488047e-06,
    3.47254986209484e-06,
    1.5779340649995114e-06,
    1.1425270611781131e-06,
    9.275427146479885e-07,
    7.631901705620972e-07,
    5.812176760612954e-07,
    3.9073009675910043e-07,
    2.746971666895189e-07,
    1.5905289986774017e-07,
    9.987148353908589e-08,
    7.872501912551737e-08,
    6.179303492824688e-08,
    3.588310746304717e-08,
    1.6646869822714404e-08,
    6.984587592997844e-09,
    2.5842031249004083e-09,
    6.242097135990608e-10,
    1.8662522193693759e-10,
    1.3658567368074255e-10,
    9.023035633403995e-11,
    5.86290581107583e-11,
    4.2944390968320544e-11,
    3.56357155492675e-11,
    2.964902749353651e-11,
    2.4965647639577455e-11,
    1.899039228568861e-11,
    1.1707022141449606e-11,
    5.719743574164406e-12,
    2.8720717082064828e-12,
    2.194703499632343e-12,
    1.629514065920596e-12,
    8.476550377277938e-13,
    3.823830334982546e-13,
    1.6573474546746987e-13,
    7.184575340245433e-14,
    3.9841604134249806e-14
  ],
  "rk": [
    1.0,
    0.00993164963722445,
    0.003955940968973439,
    0.0027224857024248975,
    0.0022122867161082386,
    0.0017522825665259626,
    0.0012425349306105454,
    0.0007602039841955848,
    0.00039755980970281523,
    0.00019465996600047676,
    0.00011078414914513575,
    6.124729392320785e-05,
    4.4434609985686556e-05,
    3.1800141191298664e-05,
    2.1359135578603405e-05,
    1.1083762300123599e-05,
    5.616683776232951e-06,
    3.1724206186001393e-06,
    1.3470977512761111e-06,
    5.958404787327183e-07,
    2.6259440267782033e-07,
    1.51317158356185e-07,
    7.916919383795343e-08,
    3.94499462459192e-08,
    1.907515784026345e-08,
    9.419577657740317e-09,
    5.260702195669973e-09,
    3.774304661224115e-09,
    2.7866572423300727e-09,
    1.929128570002661e-09,
    1.4311283161907387e-09,
    9.431185389831209e-10,
    5.851242812209809e-10,
    4.0167808454930077e-10,
    3.1583763334382407e-10,
    2.1541015288451112e-10,
    1.3471739633550492e-10,
    8.01354948776698e-11,
    4.244506638196086e-11,
    1.809792210802013e-11,
    5.743132027155158e-12,
    2.6602835634490085e-12,
    1.454201114156701e-12,
    7.824746989591488e-13,
    3.70161630908609e-13,
    2.255590817646385e-13,
    1.4137532318728428e-13,
    1.098496720274396e-13,
    8.440352180622625e-14,
    5.997900139033645e-14,
    3.622522756501569e-14,
    1.9288899774543668e-14,
    1.3393025629564784e-14,
    1.0549271458505773e-14,
    7.324710064603306e-15,
    3.924231647028502e-15,
    2.2141196748818356e-15,
    1.2146799068312399e-15,
    5.141399368726491e-16
  ],
  "exit_code": 0,
  "iters": 58,
  "mtx": "sherman1",
  "method": "max-lf_alt-o_m4",
  "x_id": "ones"
}