{
  "fre": [
    0.05243431318069794,
    0.026782994096192128,
    0.017707498127736324,
    0.012087282300830667,
    0.008149525314025291,
    0.006951151420354675,
    0.006400682324757441,
    0.005900119340378878,
    0.005519563137092596,
    0.005020875578160421,
    0.0045224376231567595,
    0.0038678949258055947,
    0.0033215599806196753,
    0.002595470609172703,
    0.002121280695940309,
    0.0019417187394105326,
    0.0018249813265116491,
    0.0017648392234563303,
    0.0016663401363380377,
    0.00148066739286058,
    0.0014578159898110325,
    0.0013670681159231998,
    0.0012253314287836645,
    0.0010278381717034992,
    0.0007334501022787437,
    0.0004449683991707158,
    0.00024465858984688865,
    6.588484975040179e-05,
    2.2589425146706075e-05,
    1.2708142557123483e-05,
    7.056197403976054e-06,
    5.724349632085798e-06,
    5.477277904233482e-06,
    5.255395142783204e-06,
    4.902662405838061e-06,
    3.148285042080082e-06,
    1.1386764128392246e-06,
    5.101306813255487e-07,
    2.8089323965999687e-07,
    1.2008906091875876e-07,
    1.1100334245863479e-07,
    9.894973135749215e-08,
    8.74395963729504e-08,
    8.035189517031064e-08,
    7.43263569507294e-08,
    7.02422078629919e-08,
    5.967301626787851e-08,
    4.3355678580552323e-08,
    3.573493426541559e-08,
    3.262581486897825e-08,
    3.063893489208466e-08,
    2.8758522139862957e-08,
    2.7282145803385474e-08,
    2.532184673713116e-08,
    1.5647966826620096e-08,
    6.7745390443981035e-09,
    2.8234965689338604e-09,
    1.1808599738024067e-09,
    6.531229452760028e-10,
    2.9602405648033204e-10,
    2.8045043412372185e-10,
    2.547337984536015e-10,
    2.369846473007273e-10,
    2.2086461632449342e-10,
    2.1083817334420698e-10,
    2.0278719980292752e-10,
    1.9586900794039178e-10,
    1.899116649508929e-10,
    1.65006032487494e-10,
    1.1365309575796785e-10,
    5.5088189273236124e-11,
    2.6231444646035166e-11,
    1.2674392896591395e-11,
    1.0398982460699329e-11,
    9.397338989240341e-12,
    7.75216325288861e-12,
    4.859952852415734e-12,
    2.081946284580335e-12,
    1.1015422830988126e-12,
    4.676407101468074e-13,
    4.3647476324211735e-13,
    3.8196463575048506e-13,
    3.3171959082775234e-13,
    2.92973570338849e-13,
    2.642780215581198e-13,
    2.2917823296471797e-13,
    1.6056086263366989e-13,
    8.013549414276402e-14
  ],
  "rk": [
    1.0,
    0.03436376551559681,
    0.004028558590166752,
    0.0013517539423675122,
    0.0006944957503370448,
    0.0003279838086606745,
    0.00015050062687680003,
    8.927598157122113e-05,
    5.459349485137526e-05,
    4.055627980057885e-05,
    3.151841507532781e-05,
    2.596902498595392e-05,
    2.1081296098437554e-05,
    1.7662019203447936e-05,
    1.3271329496360654e-05,
    9.111712741002043e-06,
    7.357486210391571e-06,
    5.965455551614895e-06,
    5.514968034685499e-06,
    5.2336988164477115e-06,
    4.798461963134417e-06,
    4.596970512768423e-06,
    4.295302654447407e-06,
    3.943633412741208e-06,
    3.5887770002466956e-06,
    2.9872322725777287e-06,
    2.2625473407483275e-06,
    1.6043611182477047e-06,
    9.225579530521158e-07,
    5.412786593407764e-07,
    2.970239049211555e-07,
    1.2287953713983944e-07,
    7.202371304462035e-08,
    4.6281844546918884e-08,
    3.739097838106517e-08,
    3.438880547064281e-08,
    2.5459497051001263e-08,
    1.4711813627635456e-08,
    9.034670411346688e-09,
    5.984628733440785e-09,
    3.4517654509415087e-09,
    2.1086856657254524e-09,
    1.3702324940849655e-09,
    8.722210755146793e-10,
    6.001884126992961e-10,
    4.3009019890738723e-10,
    3.7691357208490473e-10,
    3.1306666780201804e-10,
    2.1715623158268813e-10,
    1.5092994224316581e-10,
    1.1849891986100192e-10,
    1.0016697671976015e-10,
    8.828777213098783e-11,
    8.335470847796494e-11,
    8.081933578724516e-11,
    6.385938532464837e-11,
    3.9526357006894895e-11,
    2.251123887446107e-11,
    1.4599952714827166e-11,
    9.881010485187453e-12,
    5.205684539279448e-12,
    3.546061424916136e-12,
    2.377357993692621e-12,
    1.6759417116501014e-12,
    1.1225731143057806e-12,
    8.043010235061025e-13,
    6.429106098615905e-13,
    5.820261502036452e-13,
    5.711203093618598e-13,
    5.326899170288117e-13,
    4.4216083385775754e-13,
    3.011501916842637e-13,
    2.1189708822134125e-13,
    1.366709964217882e-13,
    9.379344084421124e-14,
    8.027252556733965e-14,
    6.861625740065154e-14,
    5.3957357253604254e-14,
    3.395864104090795e-14,
    2.3720757094206986e-14,
    1.4153631264961968e-14,
    9.141314873153517e-15,
    6.403768586769297e-15,
    4.1371094557829594e-15,
    2.76747460855351e-15,
    2.3079690447314888e-15,
    2.0364179602765632e-15,
    1.6325868684660199e-15,
    9.901674971379431e-16
  ],
  "exit_code": 0,
  "iters": 88,
  "mtx": "sherman4",
  "method": "max-lf_alt-o_m3",
  "x_id": "sine"
}