{
  "fre": [
    0.6957890410151376,
    0.5971417079636743,
    0.5393282795484562,
    0.44130744480633427,
    0.3170087299667139,
    0.18617633468981182,
    0.10562178835444792,
    0.051242246302299815,
    0.0353441285313262,
    0.027655507893759507,
    0.019522554216268473,
    0.011604981361422255,
    0.004640016001350956,
    0.0017399366752942904,
    0.0008586678010737684,
    0.0004408282304658793,
    0.0003164166984228112,
    0.0002252467917667385,
    0.00018630445423711457,
    0.0001340372313887803,
    0.00011861012264639958,
    7.80231283181378e-05,
    3.2723574489412664e-05,
    1.3912230904668161e-05,
    5.1900368323077695e-06,
    2.308480948887097e-06,
    1.6294881737423515e-06,
    1.3054901833474685e-06,
    1.1045014290981516e-06,
    9.342164449145937e-07,
    7.397055815570691e-07,
    4.7295959165841175e-07,
    1.6293002269865365e-07,
    3.807523655476759e-08,
    1.052113648485932e-08,
    5.289819395816431e-09,
    2.299333650060709e-09,
    1.0880497505997983e-09,
    5.276038506149732e-10,
    3.586190567752418e-10,
    2.90898992729445e-10,
    1.7651445947654334e-10,
    1.334344928972425e-10,
    1.0382438821591579e-10,
    7.643147588976023e-11,
    4.332900895031733e-11,
    2.645936217540663e-11,
    1.5664332606145158e-11,
    9.39845302438315e-12,
    7.40311390437904e-12,
    6.5474932818796126e-12,
    5.287297872726413e-12,
    3.2142844585893337e-12,
    1.4883440106917123e-12,
    5.05286635462124e-13,
    2.690408428963695e-13,
    1.9321916993658562e-13,
    1.4459014157268667e-13
  ],
  "rk": [
    1.0,
    0.008184707636348805,
    0.003736411510068301,
    0.0027036405002540714,
    0.0021328237227150313,
    0.001659562396551826,
    0.0011533710643712634,
    0.0007590137841004382,
    0.000381400310599792,
    0.00022241863015743025,
    0.00015084843257643672,
    0.00010673232806216249,
    7.162174364431579e-05,
    4.0661834290772645e-05,
    1.9634521871253164e-05,
    1.0645011504305828e-05,
    4.585006351296316e-06,
    2.4649414188227036e-06,
    1.2656346548392296e-06,
    8.739047575132982e-07,
    6.555587826540705e-07,
    5.34065611782583e-07,
    3.934711959056687e-07,
    2.3395799634017631e-07,
    1.366641017692344e-07,
    7.044665658483479e-08,
    3.2296982089009784e-08,
    1.5805753173359993e-08,
    9.007018303397054e-09,
    5.896715531153937e-09,
    4.157010917074827e-09,
    3.3191747040992532e-09,
    2.485227795381377e-09,
    1.322239004369114e-09,
    5.570877775511822e-10,
    2.0997009493384185e-10,
    1.0216223988076551e-10,
    4.927151303550637e-11,
    2.5378223330880128e-11,
    9.754809906852012e-12,
    5.58911814724464e-12,
    3.875992605919886e-12,
    1.9361364056301206e-12,
    1.0573293754148593e-12,
    6.781144128694075e-13,
    5.094688734141023e-13,
    3.390174969780482e-13,
    2.295935744346001e-13,
    1.4948043453928609e-13,
    8.3626138481652e-14,
    4.369251238472893e-14,
    3.0182638734678236e-14,
    2.4447649928023763e-14,
    1.6680723960296615e-14,
    1.0248397674934343e-14,
    4.571203721262413e-15,
    2.2824330537607083e-15,
    1.3186320869726675e-15,
    7.660671987704599e-16
  ],
  "exit_code": 0,
  "iters": 58,
  "mtx": "sherman1",
  "method": "max-st_alt-o-repeat_m3",
  "x_id": "ones"
}