{
  "fre": [
    0.020151268281066635,
    0.007489968083947677,
    0.0038070798933282925,
    0.002743621396653262,
    0.0021794628868515224,
    0.001998798917699693,
    0.001869115590144806,
    0.001728333359400518,
    0.0015433692882504348,
    0.001240875102866839,
    0.0010477155769823999,
    0.0009114105599248507,
    0.0008198292766604605,
    0.0007671575042806891,
    0.0007070849351694554,
    0.000627101197355489,
    0.0005073627273966929,
    0.00018353713939514457,
    8.861009188221377e-05,
    3.9629643529193885e-05,
    3.813316389115335e-05,
    3.56709752035953e-05,
    3.3628665869163184e-05,
    3.2301866781659924e-05,
    3.051434092556377e-05,
    2.6270849949421057e-05,
    2.043676574489476e-05,
    1.3130942793203563e-05,
    8.44078566660351e-06,
    6.34833423017147e-06,
    4.677189267921348e-06,
    3.452373983303452e-06,
    1.740229672730794e-06,
    4.846888062803625e-07,
    9.530148885216139e-08,
    3.2331477142590595e-08,
    7.871919327448078e-09,
    1.7023562701360233e-09,
    6.3467142728936e-10,
    2.0295290893220973e-10,
    1.596321229749205e-10,
    1.3568982968703285e-10,
    1.2947514569911776e-10,
    1.2482360524657194e-10,
    1.214493439783791e-10,
    1.1396918779691225e-10,
    1.0546242586503577e-10,
    9.303667525204772e-11,
    7.164502928716702e-11,
    4.71173566694743e-11,
    3.380416857709223e-11,
    2.1888061424131938e-11,
    1.780375403875566e-11,
    1.4695567318117358e-11,
    7.89412730546442e-12,
    3.141986503906162e-12,
    1.348500830811078e-12,
    3.6903050014201827e-13,
    2.8864315625073365e-14,
    1.5053371908198696e-14
  ],
  "rk": [
    1.0,
    0.01332324339992087,
    0.0013011872944060953,
    0.0002796104755288005,
    0.00013099127378511072,
    5.411830421824201e-05,
    2.5552416187219137e-05,
    1.6179577332811046e-05,
    1.2174316783902572e-05,
    1.0285128152599471e-05,
    7.876811760194497e-06,
    5.789994632462656e-06,
    4.153836677895055e-06,
    2.9788727895609224e-06,
    2.521611592955535e-06,
    2.2109147433344417e-06,
    1.9417885227498294e-06,
    1.7336054255831488e-06,
    1.0200118967261113e-06,
    6.312852116680814e-07,
    4.0505950316416123e-07,
    2.6987718074707636e-07,
    1.6752026537366916e-07,
    1.1137980034052811e-07,
    9.829631963081046e-08,
    9.317552344387677e-08,
    8.328923990665243e-08,
    7.064872766833837e-08,
    5.612318241329063e-08,
    4.377932859645759e-08,
    3.388192762804199e-08,
    2.7991553431486167e-08,
    2.4133516401266567e-08,
    1.6673375376056725e-08,
    8.511662287125018e-09,
    4.000040273208742e-09,
    1.9913661366291444e-09,
    6.025422834350888e-10,
    1.7687909802604983e-10,
    5.203859000506903e-11,
    1.5996726808207083e-11,
    6.758015455515247e-12,
    2.283709801024072e-12,
    9.700857692327008e-13,
    5.413612498072736e-13,
    4.722870413170324e-13,
    4.0343824313027404e-13,
    3.6061431124908575e-13,
    3.2427023120684123e-13,
    2.6950935050655004e-13,
    1.8511824832388098e-13,
    1.3349354205226392e-13,
    9.55707035022339e-14,
    8.047120119125049e-14,
    6.868618860209637e-14,
    4.8065318030440155e-14,
    3.0812514209449265e-14,
    1.8778198951220965e-14,
    8.198171736065637e-15,
    2.4027403491978003e-15,
    8.567783696709183e-16
  ],
  "exit_code": 0,
  "iters": 60,
  "mtx": "sherman4",
  "method": "max-lf_alt-o_m4",
  "x_id": "sine"
}