{
  "fre": [
    0.08567033294278047,
    0.052882396306560074,
    0.03519518784788916,
    0.02626523255351029,
    0.019190491676208787,
    0.015979731931790354,
    0.014097640804666767,
    0.011768366081210865,
    0.010161416671180342,
    0.008924263046090791,
    0.007444467708447344,
    0.005094471081134941,
    0.0035493501809039565,
    0.002395974156133746,
    0.0021298660174843232,
    0.0020669313531682496,
    0.00199811603979918,
    0.001918206561024385,
    0.001826336263108789,
    0.0016495315480092255,
    0.0016259096742858507,
    0.001574133810875308,
    0.0013371436107942314,
    0.0010087493603639672,
    0.0006084698942309855,
    0.00037780246048168116,
    0.00022622265762975362,
    0.00018485339192013194,
    0.00014209836559537175,
    9.816847978120782e-05,
    3.884562670254451e-05,
    1.1974339720908862e-05,
    2.631157729706489e-06,
    1.5223395010059405e-06,
    9.442348318881813e-07,
    4.909574040139284e-07,
    3.260504479426591e-07,
    1.7226729747134854e-07,
    4.089193786767399e-08,
    1.5985244197675353e-08,
    1.3069799066522084e-08,
    9.238727377853688e-09,
    7.3943313923006795e-09,
    6.798255166831769e-09,
    6.534650919855132e-09,
    6.178638808692684e-09,
    5.6294244684565484e-09,
    5.194185065935002e-09,
    4.86578934191127e-09,
    4.3209833256187215e-09,
    3.4191726474393217e-09,
    2.902833316805241e-09,
    2.6792445353522726e-09,
    2.491034914133409e-09,
    2.167337529524772e-09,
    1.4251914360166984e-09,
    5.212049198902831e-10,
    1.19287721695818e-10,
    4.003359919259335e-11,
    1.7107740680401646e-11,
    1.5812370361815934e-11,
    1.377768068788181e-11,
    1.2577171878528216e-11,
    1.1899322269546367e-11,
    1.1421301948720355e-11,
    1.0791854822514309e-11,
    9.627200751091695e-12,
    7.853346389786189e-12,
    6.3038996548038005e-12,
    5.777119104158597e-12,
    5.498112729303349e-12,
    4.792276961471333e-12,
    3.9788644616146514e-12,
    2.685707401157566e-12,
    1.7305574337662537e-12,
    6.932570804389613e-13,
    1.8140153066143137e-13,
    4.055008921553146e-14,
    1.1445358711993201e-14
  ],
  "rk": [
    1.0,
    0.03435085568169376,
    0.004844230274587165,
    0.001669937655448953,
    0.0008976625418985332,
    0.0004624042376757561,
    0.0002588847737159215,
    0.00016857928524197807,
    0.00010611182369113239,
    7.636591711595775e-05,
    6.363913445763844e-05,
    5.362262869534836e-05,
    4.046308741055784e-05,
    3.157436843897298e-05,
    2.014094219509109e-05,
    9.883131670912702e-06,
    6.423953973207669e-06,
    5.269059175919668e-06,
    4.7110590066064005e-06,
    4.4272814832869635e-06,
    4.056141129436953e-06,
    3.913384019468035e-06,
    3.845597010922141e-06,
    3.4271304673734114e-06,
    2.8516044562582324e-06,
    2.198277019202065e-06,
    1.7701753890016568e-06,
    1.2649811399439433e-06,
    1.0334936317261798e-06,
    8.927268874493912e-07,
    7.585723322280732e-07,
    4.556340548374856e-07,
    1.961388027585481e-07,
    6.737959255006543e-08,
    3.4202136759381694e-08,
    2.067513960495957e-08,
    1.1497605219611397e-08,
    7.546961217425599e-09,
    4.400552233990643e-09,
    1.943283555626214e-09,
    7.533328704763461e-10,
    4.3236587218473556e-10,
    2.3077565779711456e-10,
    1.036135940539462e-10,
    4.647841492438044e-11,
    3.484798888258957e-11,
    2.956930133712562e-11,
    2.367661184740581e-11,
    1.926089817954116e-11,
    1.7123070778784346e-11,
    1.4613417218933302e-11,
    1.0697830200711214e-11,
    7.905284144924302e-12,
    6.872509805359525e-12,
    6.3288096046004055e-12,
    5.799067998139936e-12,
    4.590815632491979e-12,
    2.763699048053546e-12,
    1.1682763359126134e-12,
    6.431271956471753e-13,
    3.952944923863071e-13,
    2.540735578126176e-13,
    1.4776867918552464e-13,
    7.86391785173406e-14,
    4.6264360890894094e-14,
    3.756279142122973e-14,
    3.372169969192536e-14,
    2.9547453812814195e-14,
    2.3580792580964346e-14,
    1.749157674358504e-14,
    1.5372233273641295e-14,
    1.4663300165728332e-14,
    1.3103589384339249e-14,
    1.156042946701493e-14,
    9.074113328416608e-15,
    6.9855586133411085e-15,
    4.453585220689388e-15,
    2.3665098591369892e-15,
    1.2308450541924046e-15,
    5.440505652906706e-16
  ],
  "exit_code": 0,
  "iters": 79,
  "mtx": "sherman4",
  "method": "max-st_alt-o_m3",
  "x_id": "randn"
}