{
  "fre": [
    0.32986384299145494,
    0.10596290334299244,
    0.05090988696548838,
    0.024488297892710603,
    0.013393309975255835,
    0.008260621546089045,
    0.005185691039779713,
    0.0032887118131924528,
    0.0020843875714329557,
    0.0013254319193589206,
    0.0008470126017857183,
    0.0005426877397885064,
    0.0003509708020314908,
    0.0002296508001874308,
    0.00015175793737931458,
    0.00010036110521917839,
    6.639485413119818e-05,
    4.183480570648713e-05,
    2.6992874121019283e-05,
    1.7751433511510066e-05,
    1.1984602621680707e-05,
    7.750771010927565e-06,
    5.064045297968156e-06,
    3.2556803965723364e-06,
    2.079159665593791e-06,
    1.3418459941821896e-06,
    8.852276923414934e-07,
    5.957485894671905e-07,
    4.0509238406301465e-07,
    2.676853953976981e-07,
    1.7338062329984206e-07,
    1.103565244079909e-07,
    6.881545554385466e-08,
    4.313474653023034e-08,
    2.6623498881830873e-08,
    1.602890229240392e-08,
    9.614903739072354e-09,
    4.86310002342124e-09,
    2.8409779918765326e-09,
    1.785208967760677e-09,
    1.179925051381422e-09,
    7.99987864353355e-10,
    5.434249890886205e-10,
    3.625201664180945e-10,
    2.4034774743967625e-10,
    1.5451819359167046e-10,
    1.0111846153007155e-10,
    6.700902294940728e-11,
    4.36688039272341e-11,
    2.7369303807525447e-11,
    1.7065350812808466e-11,
    1.0818921658834036e-11,
    6.920405084108382e-12,
    4.493240071971583e-12,
    2.9588730649128293e-12,
    1.9136893452988253e-12,
    1.2067660063011087e-12,
    7.437761390627343e-13,
    4.5147009019825634e-13,
    2.797841536457359e-13,
    1.7933223570113244e-13,
    1.0908152583621252e-13,
    6.600289947225922e-14,
    3.9859798899567895e-14,
    2.4929205893289642e-14,
    1.6022470382792758e-14,
    1.0431529476675898e-14,
    6.718246382200843e-15,
    4.2821866630312936e-15,
    2.7157708853352018e-15,
    1.7276623769388974e-15,
    1.1174045111903007e-15
  ],
  "rk": [
    1.0,
    0.242072822020577,
    0.08021597309906303,
    0.040092086517531295,
    0.02043058917673442,
    0.0115953948300061,
    0.007154844270908225,
    0.0045299828622391005,
    0.002924367015275645,
    0.0018901489601562268,
    0.0012241300358970624,
    0.000784659623277607,
    0.0004976967952128342,
    0.00031551938616957505,
    0.00020215146815266935,
    0.0001316215892080222,
    8.588003452050493e-05,
    5.6963588368213006e-05,
    3.6448823072112155e-05,
    2.3180821614426676e-05,
    1.4879221386702093e-05,
    9.842493058266677e-06,
    6.622146195224435e-06,
    4.473443833465749e-06,
    3.0106711388786056e-06,
    1.985098901799995e-06,
    1.3008730995115154e-06,
    8.299284208296675e-07,
    5.27857071660564e-07,
    3.3123740749067513e-07,
    2.0544414723699048e-07,
    1.277016521386788e-07,
    7.987233333471071e-08,
    4.9924752590053195e-08,
    3.1463645768260073e-08,
    2.0125513423421055e-08,
    1.271339253248536e-08,
    8.061547414273136e-09,
    4.576482705353226e-09,
    2.653882220891011e-09,
    1.6508333839698936e-09,
    1.0574575111830174e-09,
    6.873087101573097e-10,
    4.5438024335907544e-10,
    3.0457864153464683e-10,
    2.0481695492226614e-10,
    1.3054304848718115e-10,
    8.1867662217003e-11,
    5.177793042933201e-11,
    3.2610359124737374e-11,
    1.9870038570820165e-11,
    1.2217057288516345e-11,
    7.683987335498234e-12,
    4.875256916308175e-12,
    3.1698217695061585e-12,
    2.0974334295060953e-12,
    1.3944739152417326e-12,
    9.237568783911108e-13,
    6.031681703436494e-13,
    3.78592591639828e-13,
    2.4478898333700246e-13,
    1.606411575661902e-13,
    1.0507719668793923e-13,
    6.804088806441795e-14,
    4.224747820206469e-14,
    2.560924619612947e-14,
    1.5320662120153344e-14,
    9.206077000598339e-15,
    5.602897110137466e-15,
    3.4622802606256163e-15,
    2.1690679501957234e-15,
    1.3679082805322534e-15,
    9.04794272482612e-16
  ],
  "exit_code": 0,
  "iters": 72,
  "mtx": "swang2",
  "method": "diagp2",
  "x_id": "ones"
}