{
  "fre": [
    0.350395685110187,
    0.1374314920115877,
    0.058793938908603696,
    0.02742434925203694,
    0.012947565153275206,
    0.0064373955681228745,
    0.003350134973170265,
    0.0016736077540763263,
    0.0008424477477996022,
    0.0004222967864302863,
    0.00021175165160141167,
    0.00010663064223830338,
    5.381222859993217e-05,
    2.6820798397597154e-05,
    1.3583312165313398e-05,
    6.736428959281266e-06,
    3.3352577848781206e-06,
    1.6321738943946782e-06,
    7.806274910559822e-07,
    3.7305219235499286e-07,
    2.140362553832822e-07,
    1.050824259862903e-07,
    5.235338136928729e-08,
    2.617317635420992e-08,
    1.3737957978745811e-08,
    7.3414197485706e-09,
    3.640274396908839e-09,
    1.7674545214328576e-09,
    8.553435621113494e-10,
    4.28169470299857e-10,
    2.2092599730714942e-10,
    1.1565384573606868e-10,
    6.020204938153254e-11,
    3.027580081127413e-11,
    1.4302539608704576e-11,
    6.895520148189447e-12,
    3.581100673367175e-12,
    1.8683431101070617e-12,
    9.657041204468855e-13,
    4.740584408881934e-13,
    2.927940567588095e-13,
    1.5536737315725614e-13,
    7.38734334277365e-14,
    3.1202132961977747e-14,
    1.403587671194397e-14,
    6.718015654160091e-15,
    3.4244150972351003e-15,
    1.8250163484219556e-15
  ],
  "rk": [
    1.0,
    0.275880018775702,
    0.09005074129819202,
    0.033526781363898465,
    0.014109149739157454,
    0.006345304724610852,
    0.0030115065247693965,
    0.0015201228255559435,
    0.0007617254954798902,
    0.0003782780286561922,
    0.0001911961647157116,
    9.607511301116468e-05,
    4.903402283171818e-05,
    2.4848830256041377e-05,
    1.2537491075039801e-05,
    6.421110942750397e-06,
    3.243015128726616e-06,
    1.6455369639432988e-06,
    8.288466881083545e-07,
    4.0840956288311453e-07,
    1.983769368278499e-07,
    1.032232147983066e-07,
    5.148476983729408e-08,
    2.558139675865106e-08,
    1.2494798565955308e-08,
    6.33586906371812e-09,
    3.3537753722513456e-09,
    1.7216063186065859e-09,
    8.617937599812098e-10,
    4.270939225533072e-10,
    2.1144327992759815e-10,
    1.0562622212938373e-10,
    5.356545365083993e-11,
    2.7606154533435996e-11,
    1.424649272227029e-11,
    7.056324139644178e-12,
    3.355202504898065e-12,
    1.6713437781484695e-12,
    8.53575643266413e-13,
    4.4001307778649433e-13,
    2.2285625859975515e-13,
    1.2309719673107878e-13,
    6.612265609679431e-14,
    3.426199799233409e-14,
    1.6425726003680492e-14,
    7.726836284705696e-15,
    3.653126087077391e-15,
    1.7404339136577581e-15,
    8.869316193416928e-16
  ],
  "exit_code": 0,
  "iters": 48,
  "mtx": "swang1",
  "method": "orig",
  "x_id": "randn"
}