{
  "fre": [
    0.23946820456128182,
    0.0859070928352039,
    0.03545890237817165,
    0.017606047639335546,
    0.008297411839838034,
    0.004122764434389189,
    0.0022415325381267546,
    0.0012441075583209578,
    0.0007123269703232764,
    0.00042691233365320803,
    0.0002641150673019194,
    0.00015762383181884665,
    9.342429475302507e-05,
    5.586356004998384e-05,
    3.316385910838078e-05,
    1.9605275375015196e-05,
    1.1690037368877274e-05,
    7.010266713313565e-06,
    4.032907153189192e-06,
    2.3622146459438265e-06,
    1.4516157531996237e-06,
    9.11335238699501e-07,
    5.736456894606011e-07,
    3.6674746691334355e-07,
    2.3470202981469085e-07,
    1.417953149883718e-07,
    7.551918397261354e-08,
    3.949139845427874e-08,
    2.2060881219725353e-08,
    1.2925950230977763e-08,
    7.544232087135077e-09,
    4.421966371622675e-09,
    2.594852408077171e-09,
    1.506881259891958e-09,
    8.592467576543186e-10,
    4.799561104649346e-10,
    2.702347862379232e-10,
    1.4834612437723863e-10,
    8.177149584817514e-11,
    4.009102260794401e-11,
    2.2955593034453798e-11,
    1.2698019843192311e-11,
    6.953685339462149e-12,
    3.8815339798495965e-12,
    2.216210253938413e-12,
    1.2088754389389968e-12,
    6.692245700136495e-13,
    3.8249284518826013e-13,
    2.1766501899561665e-13,
    1.2706154320416412e-13,
    7.176288719490049e-14,
    4.0550039539181456e-14,
    2.2729757118134866e-14,
    1.2167433792846073e-14,
    6.04084838035523e-15,
    3.06941769682151e-15,
    1.703134491164777e-15,
    9.468224770376433e-16
  ],
  "rk": [
    1.0,
    0.208552594410686,
    0.07044645449318993,
    0.028005593439682133,
    0.01388648923973293,
    0.007188395971160199,
    0.003883626258744911,
    0.0022100245407772373,
    0.0012872644898448548,
    0.0007490964982372445,
    0.0004474648922629127,
    0.00026690512294924525,
    0.00015118538116595782,
    8.618130635507955e-05,
    4.9343626752826916e-05,
    2.906254581380901e-05,
    1.701808310050334e-05,
    1.003318997106968e-05,
    5.9332106729098014e-06,
    3.4008032821022644e-06,
    1.9753314544359674e-06,
    1.1682165206493184e-06,
    7.022038732640939e-07,
    4.3227700380093994e-07,
    2.747877853052195e-07,
    1.7990633730801366e-07,
    1.187291825915868e-07,
    6.927092346045902e-08,
    3.949064063710601e-08,
    2.2036606668398818e-08,
    1.3228327479795741e-08,
    7.780246691022627e-09,
    4.466010367583845e-09,
    2.6437838966748983e-09,
    1.4760973440729815e-09,
    8.362550629815787e-10,
    4.556989805428847e-10,
    2.54670871971372e-10,
    1.3822413497507628e-10,
    7.553710795802497e-11,
    3.9189765044413533e-11,
    2.1415062789368204e-11,
    1.1790696449170866e-11,
    6.572925335465006e-12,
    3.74009231564809e-12,
    2.209442807747856e-12,
    1.225632900093792e-12,
    6.79750162744158e-13,
    3.8194820242688786e-13,
    2.133108415735151e-13,
    1.207854564353703e-13,
    6.793330899175132e-14,
    3.8041199711166045e-14,
    2.211811283736278e-14,
    1.2240745875790556e-14,
    6.577748933125889e-15,
    3.31228353752718e-15,
    1.7420215420024256e-15,
    9.448761620166225e-16
  ],
  "exit_code": 0,
  "iters": 58,
  "mtx": "swang2",
  "method": "tridiag",
  "x_id": "ones"
}