{
  "fre": [
    0.2431167099375033,
    0.09164666665812395,
    0.04352925653826119,
    0.02367480613721866,
    0.013383386748463106,
    0.008167328876300456,
    0.005195752682317668,
    0.00326073557079264,
    0.0020767043733702154,
    0.0012554041709097444,
    0.000715534604886366,
    0.00037550941339395074,
    0.00020184071546385126,
    0.00011331788251837473,
    6.621811963256313e-05,
    3.936871053053505e-05,
    2.330561318078007e-05,
    1.3399580962087973e-05,
    7.67604893638746e-06,
    4.370969352672693e-06,
    2.5102100650586593e-06,
    1.4673427367039364e-06,
    8.533619141746194e-07,
    5.063811178601079e-07,
    3.0025556173762266e-07,
    1.7568702479603618e-07,
    1.0505282535500204e-07,
    6.208507815595155e-08,
    3.7100955418265225e-08,
    2.2350091916449707e-08,
    1.2700173075190063e-08,
    7.371213241272301e-09,
    4.2431136778886245e-09,
    2.591864276814259e-09,
    1.534302315207918e-09,
    8.987191009483287e-10,
    5.283468427565532e-10,
    3.047973394513352e-10,
    1.689521698826523e-10,
    9.413058902745835e-11,
    5.4545564951218375e-11,
    3.174939482478813e-11,
    1.840531534437618e-11,
    1.0913890294169484e-11,
    6.4229426230372074e-12,
    3.743943035880095e-12,
    2.1515009255098555e-12,
    1.2194856123092102e-12,
    6.586624617515191e-13,
    3.5775136121259384e-13,
    2.0274823127146864e-13,
    1.1610804154769509e-13,
    6.82580777119344e-14,
    3.9463810031245933e-14,
    2.258164527934064e-14,
    9.729522435415353e-15,
    4.849498257907973e-15,
    2.379062245873302e-15,
    1.3504840407904245e-15
  ],
  "rk": [
    1.0,
    0.20922935519393351,
    0.07315619705400948,
    0.031806653843363064,
    0.015596273980891091,
    0.008152625737313096,
    0.004518546915906976,
    0.0026831945731122433,
    0.0015879550398241512,
    0.0009899804988387764,
    0.0006156945876534695,
    0.00038792506694687714,
    0.0002294033504125841,
    0.0001312910348254912,
    7.54149244213916e-05,
    4.26567453586598e-05,
    2.444009734929442e-05,
    1.40345130027387e-05,
    7.856335552941736e-06,
    4.359632500463107e-06,
    2.411208365714246e-06,
    1.369325140265684e-06,
    7.838695637054061e-07,
    4.6392479518411777e-07,
    2.771005539245404e-07,
    1.6937919914307628e-07,
    9.672455475219323e-08,
    5.693849602014832e-08,
    3.31434588204013e-08,
    1.9750353480812242e-08,
    1.2204942753091791e-08,
    7.242759877725393e-09,
    4.386200052560584e-09,
    2.4877423137804124e-09,
    1.4207204929235838e-09,
    8.017481031435366e-10,
    4.5751140182065166e-10,
    2.6702390582325326e-10,
    1.5804969130542137e-10,
    8.745522799040255e-11,
    4.851570520261386e-11,
    2.7399272865006325e-11,
    1.584570072102657e-11,
    9.329966577394438e-12,
    5.547315531978843e-12,
    3.341537472212141e-12,
    1.9450895093449577e-12,
    1.1902579147639516e-12,
    6.977193681742791e-13,
    3.977032233080521e-13,
    2.2547618861612164e-13,
    1.2599347746289055e-13,
    7.035169015426259e-14,
    3.9507372225335284e-14,
    2.2212715265877592e-14,
    1.2369182071967481e-14,
    5.850333412170059e-15,
    3.035024337928745e-15,
    1.3900964682713783e-15,
    7.212907891493642e-16
  ],
  "exit_code": 0,
  "iters": 59,
  "mtx": "swang2",
  "method": "tridiag",
  "x_id": "randn"
}