{
  "fre": [
    0.24677568105713943,
    0.07016184660652261,
    0.03913741912571673,
    0.020404295645994937,
    0.011458318684641967,
    0.006917233375120424,
    0.004359548256803975,
    0.0027944335074109187,
    0.0017962462158568587,
    0.0011551730918385756,
    0.000742846563232952,
    0.0004773683575421986,
    0.00030739787489692856,
    0.00019911847870664285,
    0.0001297356991582346,
    8.471355836693387e-05,
    5.515846351089608e-05,
    3.476790580320104e-05,
    2.202939057989468e-05,
    1.4212892345535096e-05,
    9.53725833800034e-06,
    6.060628341004751e-06,
    3.919673430576717e-06,
    2.515232299673288e-06,
    1.6160798069003123e-06,
    1.04689071397925e-06,
    6.919308825636475e-07,
    4.5920294198888255e-07,
    3.069305743293243e-07,
    2.00419709270652e-07,
    1.2816471015170036e-07,
    8.117298234821476e-08,
    5.070262455156199e-08,
    3.207077758656476e-08,
    2.0646008021604844e-08,
    1.2855367170728443e-08,
    8.002125795208842e-09,
    3.6310626884807673e-09,
    2.063014675784088e-09,
    1.2823394376458154e-09,
    8.418211843153221e-10,
    5.654800766556688e-10,
    3.801031075311864e-10,
    2.538685708436844e-10,
    1.6978793148195982e-10,
    1.091137697565565e-10,
    7.303610328573519e-11,
    4.935624291882262e-11,
    3.221548406492262e-11,
    2.0560528111329785e-11,
    1.3084826447350189e-11,
    8.27788554015833e-12,
    5.250861339241496e-12,
    3.406151661462612e-12,
    2.2299204260318744e-12,
    1.4569535304983677e-12,
    9.434348630333065e-13,
    5.8928661961705e-13,
    3.4585020024487313e-13,
    2.20820048935001e-13,
    1.443886883900928e-13,
    8.817574748160383e-14,
    5.369080563503532e-14,
    3.271569207721663e-14,
    2.0408281817266324e-14,
    1.2796436140497666e-14,
    8.290402310371764e-15,
    5.307747342636992e-15,
    3.4065886928526574e-15,
    2.1487975815265285e-15,
    1.3793601843268847e-15,
    8.915484146143221e-16
  ],
  "rk": [
    1.0,
    0.18064243051296225,
    0.05755409309028859,
    0.03152498100718776,
    0.017879573443870495,
    0.010458409107883055,
    0.006349999581284061,
    0.0039817014694840175,
    0.00254403146767056,
    0.001636919742695842,
    0.0010570858992986249,
    0.0006763800897030454,
    0.0004284482605089778,
    0.00027010449811446565,
    0.00017178197889430587,
    0.00011120706629964831,
    7.221325667532312e-05,
    4.748485160058498e-05,
    3.062002537733374e-05,
    1.9388378986476155e-05,
    1.2401183484094328e-05,
    8.144951862495454e-06,
    5.408587852457556e-06,
    3.6159693113697116e-06,
    2.4170032688236107e-06,
    1.5781455282625704e-06,
    1.0294289916080903e-06,
    6.451703250086164e-07,
    4.0332895176820293e-07,
    2.5187320915159045e-07,
    1.5633575953419724e-07,
    9.67872242263271e-08,
    6.028083087055607e-08,
    3.7470596560677e-08,
    2.364002008063462e-08,
    1.5187723110693824e-08,
    9.782934043050049e-09,
    6.2524466741418845e-09,
    3.403000894558826e-09,
    1.956760048718689e-09,
    1.1989028736916926e-09,
    7.605858902997414e-10,
    4.975684194403458e-10,
    3.3116176886256994e-10,
    2.2296437764613604e-10,
    1.48920744330964e-10,
    9.54706889432259e-11,
    6.171895119184244e-11,
    3.9501372180167805e-11,
    2.4792688033492414e-11,
    1.5366999651260635e-11,
    9.590604673839364e-12,
    6.028631336523494e-12,
    3.825282329256659e-12,
    2.4711639982240485e-12,
    1.6161480395336266e-12,
    1.062159160642525e-12,
    7.021356295940943e-13,
    4.572316337642981e-13,
    2.747472120152169e-13,
    1.8024783562444867e-13,
    1.2017182923826896e-13,
    7.895400643395943e-14,
    5.212484478694699e-14,
    3.334526347694025e-14,
    2.070804891257384e-14,
    1.234906527885649e-14,
    7.53511383818815e-15,
    4.6356750932544446e-15,
    2.8769037072605196e-15,
    1.7873749882541518e-15,
    1.1296438141516843e-15,
    7.538302369918072e-16
  ],
  "exit_code": 0,
  "iters": 72,
  "mtx": "swang2",
  "method": "diagp1",
  "x_id": "ones"
}