{
  "fre": [
    0.258395339101948,
    0.11021864946901634,
    0.05593675694524149,
    0.03195038504376009,
    0.01913822002420295,
    0.011881326970209253,
    0.007528752608947462,
    0.004754493486166285,
    0.0030049055850174793,
    0.0018090170325307988,
    0.0010363843630126423,
    0.0005503502321746234,
    0.00028611693308192796,
    0.00015669356391044963,
    9.028106991397162e-05,
    5.331289023842497e-05,
    3.1706561232631e-05,
    1.8772626670161865e-05,
    1.1174556078008862e-05,
    6.440798055369438e-06,
    3.760246720775512e-06,
    2.2006397775277455e-06,
    1.3041982921117822e-06,
    7.928279402289049e-07,
    4.795654030348733e-07,
    2.928551150659387e-07,
    1.7720113612693982e-07,
    9.977347669046533e-08,
    5.1822177761928793e-08,
    2.7132527864215815e-08,
    1.4479800336872748e-08,
    8.000230655835225e-09,
    4.228000784894245e-09,
    1.96193955192571e-09,
    1.030447379476808e-09,
    5.311943986527247e-10,
    2.9687155141043053e-10,
    1.6551491823686292e-10,
    9.010766158305318e-11,
    5.184395126673746e-11,
    2.9760291302308525e-11,
    1.7677019011891334e-11,
    1.068974149280861e-11,
    6.404077779612905e-12,
    3.72216892195359e-12,
    1.9714541012295426e-12,
    1.0480946310171399e-12,
    5.704194825940495e-13,
    3.197466573310164e-13,
    1.874852645307079e-13,
    1.0750718409015832e-13,
    6.312306039411745e-14,
    3.691801363447168e-14,
    2.1367860364967998e-14,
    1.2032789483783777e-14,
    6.692336111451792e-15,
    3.7799849160157375e-15,
    2.1911206565982072e-15,
    1.2781958928731055e-15
  ],
  "rk": [
    1.0,
    0.2246381157153978,
    0.0880804665381402,
    0.0397891621010288,
    0.020313605818620576,
    0.01069825398501864,
    0.006020581599417865,
    0.0035462272314297524,
    0.0021851928424858687,
    0.0013929697880107604,
    0.0009041960162884655,
    0.0005873535404281164,
    0.0003568620557160534,
    0.00020399762611322903,
    0.00011338781841405985,
    6.33222560640485e-05,
    3.594418036571753e-05,
    2.049831815220204e-05,
    1.1698592842478129e-05,
    6.739966542778782e-06,
    3.847603002939284e-06,
    2.210847941138906e-06,
    1.2719010964863003e-06,
    7.465647181457126e-07,
    4.464402628827825e-07,
    2.6910288375640807e-07,
    1.6335504351726546e-07,
    1.0165277458674305e-07,
    6.214839958817303e-08,
    3.4258075410217e-08,
    1.964171821082258e-08,
    1.0246748091337356e-08,
    5.610414113640447e-09,
    2.9383738087112686e-09,
    1.4277542160881127e-09,
    7.379031161490706e-10,
    3.6820937681183627e-10,
    1.9747334142139028e-10,
    1.0729659568849512e-10,
    5.4497802404984904e-11,
    3.044505800342659e-11,
    1.7239426415268425e-11,
    9.898088093575903e-12,
    5.858622790215723e-12,
    3.5180132983304496e-12,
    2.1615311365081097e-12,
    1.2801885880414911e-12,
    7.319192343385097e-13,
    4.17149545244508e-13,
    2.30699408378242e-13,
    1.289543834220066e-13,
    7.245524002317806e-14,
    4.065068201567062e-14,
    2.3113886179015514e-14,
    1.3172297972794133e-14,
    7.216844420245293e-15,
    4.063486083738946e-15,
    2.264556585657756e-15,
    1.2837930962106123e-15,
    7.37874745547551e-16
  ],
  "exit_code": 0,
  "iters": 59,
  "mtx": "swang2",
  "method": "tridiag",
  "x_id": "sine"
}