{
  "fre": [
    0.29014120549512473,
    0.13769517017369406,
    0.0786622070302774,
    0.04781941414854514,
    0.030520739290389804,
    0.019851403160807142,
    0.012958383163174512,
    0.008557204895606739,
    0.005718759964462802,
    0.003806628271883327,
    0.002463728840144688,
    0.0015562165266192864,
    0.0009556222651414663,
    0.0005665277496181969,
    0.00032861041355246263,
    0.00019519972885862624,
    0.00011962162423470193,
    7.521793416820717e-05,
    4.8228688948513866e-05,
    3.1096719707071725e-05,
    2.024649113533357e-05,
    1.3136199588573092e-05,
    8.475298888169849e-06,
    5.415053361735383e-06,
    3.4461464992820426e-06,
    2.158135544949499e-06,
    1.3632392419142409e-06,
    8.642148988817122e-07,
    5.563902157690594e-07,
    3.533495474828974e-07,
    2.2540111814939374e-07,
    1.442415402075082e-07,
    9.076964278580425e-08,
    5.66727654091084e-08,
    3.426960460861455e-08,
    2.0416802290868768e-08,
    1.1790210314015e-08,
    6.651835445822513e-09,
    3.875125311214903e-09,
    2.438868512292267e-09,
    1.56884482916222e-09,
    1.0265152456849478e-09,
    6.557450772932265e-10,
    4.306861253391426e-10,
    2.820067322185677e-10,
    1.8338509711175712e-10,
    1.1607388954324412e-10,
    7.456360855139261e-11,
    4.7863496907566766e-11,
    3.042450731832259e-11,
    1.9429188094077456e-11,
    1.2400062559598466e-11,
    7.967166413066258e-12,
    4.9788241173616785e-12,
    3.0288531446899486e-12,
    1.841656831242602e-12,
    1.0602024134966234e-12,
    5.71909438511643e-13,
    3.233557753910357e-13,
    2.003695375064495e-13,
    1.2577986290448545e-13,
    8.021576581524044e-14,
    5.104935906397309e-14,
    3.3434625265564814e-14,
    2.110900306295532e-14,
    1.3471526795071034e-14,
    8.547617885033165e-15,
    5.20915987748033e-15,
    3.210727321970779e-15,
    2.008961669187043e-15,
    1.2438605158016753e-15
  ],
  "rk": [
    1.0,
    0.26083851135437347,
    0.11771356527161901,
    0.062365586010474615,
    0.03453029758115529,
    0.019443399060763228,
    0.011176228031880921,
    0.006694075194045293,
    0.004182369181616265,
    0.0027078650500879002,
    0.0017907500670174352,
    0.0011852697500274135,
    0.0007844077788942823,
    0.000520456063521765,
    0.0003408406462099335,
    0.00021577716074025477,
    0.00013498996912004592,
    8.229008940766439e-05,
    5.002600903411365e-05,
    3.0611830082340296e-05,
    1.8817616277017265e-05,
    1.1796716327920985e-05,
    7.482127450127215e-06,
    4.750079331272279e-06,
    2.9898284902682405e-06,
    1.881867029826853e-06,
    1.1784288084948306e-06,
    7.45870146606585e-07,
    4.6523779047590184e-07,
    2.960334934578951e-07,
    1.8611648687037181e-07,
    1.1819069912786248e-07,
    7.565406684061293e-08,
    4.829663463317374e-08,
    3.1401711498343374e-08,
    2.0230377546615128e-08,
    1.2859793257382306e-08,
    8.140488749781348e-09,
    4.927878619024068e-09,
    2.9008362814629455e-09,
    1.7309832224312784e-09,
    1.0812775751535357e-09,
    6.817226630307285e-10,
    4.083263984842246e-10,
    2.518496532671568e-10,
    1.5646601273551996e-10,
    9.509683659160429e-11,
    5.932599121959176e-11,
    3.7489413435408056e-11,
    2.382217998895179e-11,
    1.502290301268346e-11,
    9.602615418951904e-12,
    6.138301433286568e-12,
    3.982452295569654e-12,
    2.5633629688683834e-12,
    1.6296743680565108e-12,
    1.054405201926546e-12,
    6.605034746070975e-13,
    3.9821454915769293e-13,
    2.315623894956755e-13,
    1.4425563624268107e-13,
    9.009319543339064e-14,
    5.593564434472752e-14,
    3.342232581291765e-14,
    2.0352478046317793e-14,
    1.2676927103902326e-14,
    7.943771193277094e-15,
    4.840798001203357e-15,
    2.9690590957075955e-15,
    1.8453751494379115e-15,
    1.1568095038577153e-15,
    7.327117687308979e-16
  ],
  "exit_code": 0,
  "iters": 71,
  "mtx": "swang2",
  "method": "diagp1",
  "x_id": "sine"
}