{
  "fre": [
    0.2615533332435565,
    0.10594022734972142,
    0.05475601117661469,
    0.03147021580161851,
    0.01935664686485394,
    0.012725303630120999,
    0.008627123442032935,
    0.0058946495724634795,
    0.003991302739755567,
    0.002728885771408589,
    0.001823337794166752,
    0.0011823696821270711,
    0.0007472889990121159,
    0.0004639909632488172,
    0.0002820767495804484,
    0.00017340543363468852,
    0.00010787787283216593,
    6.825749978644122e-05,
    4.440629025011788e-05,
    2.890951300216016e-05,
    1.9173611090120096e-05,
    1.2530146529402017e-05,
    8.232051979470726e-06,
    5.446690598181275e-06,
    3.6260227342463254e-06,
    2.4046102376036914e-06,
    1.5616007022003311e-06,
    9.777553023190316e-07,
    5.847834457921563e-07,
    3.4769004064399655e-07,
    2.0895308371865104e-07,
    1.2908570060257073e-07,
    8.005967599225733e-08,
    5.045217242452726e-08,
    3.141140888297468e-08,
    1.9711785708863628e-08,
    1.1754709781623076e-08,
    7.393594710163691e-09,
    4.712274168729408e-09,
    2.986711176904945e-09,
    1.970849317732883e-09,
    1.2701138367120346e-09,
    8.153957147257906e-10,
    5.237657719817232e-10,
    3.295699883610263e-10,
    2.0529526327958282e-10,
    1.3045532199323155e-10,
    8.325394277419147e-11,
    5.3155940183440286e-11,
    3.365397881559954e-11,
    2.0974592926413904e-11,
    1.2899994493773988e-11,
    7.46351299953829e-12,
    4.4649297092045386e-12,
    2.4558319337403857e-12,
    1.3979076153642582e-12,
    7.096819193126469e-13,
    3.949258686296401e-13,
    2.2545512153713907e-13,
    1.380074055802003e-13,
    8.911125719870482e-14,
    5.76896663350566e-14,
    3.7864675470174744e-14,
    2.45913632233066e-14,
    1.605589057293869e-14,
    1.0559276373008874e-14,
    6.878087480711682e-15,
    4.449883301836575e-15,
    2.8667727225753967e-15,
    1.8014343566583254e-15
  ],
  "rk": [
    1.0,
    0.21034854722856502,
    0.08136307812800918,
    0.03852880860697625,
    0.020475719232986293,
    0.01191111293670308,
    0.00732351787047436,
    0.004664469446752071,
    0.0030191723813404845,
    0.0019319491991927706,
    0.0012804374858033912,
    0.000858191453846814,
    0.0005766658631245717,
    0.00038209158943150115,
    0.0002505047920980955,
    0.000161143730989236,
    0.00010130393513222249,
    6.262411689133249e-05,
    3.8312387988040874e-05,
    2.3686448589300414e-05,
    1.4800677052821961e-05,
    9.350331827818846e-06,
    5.896623375125057e-06,
    3.769091024463809e-06,
    2.446149755076832e-06,
    1.6063011165500253e-06,
    1.0599612293259585e-06,
    7.022728087621381e-07,
    4.6848300192837247e-07,
    3.066119982452988e-07,
    1.9557868415918123e-07,
    1.2278704006129973e-07,
    7.654555400372835e-08,
    4.74021821151254e-08,
    3.009382422419096e-08,
    1.906760552854088e-08,
    1.2214178612228699e-08,
    7.264885037577519e-09,
    4.497943027156009e-09,
    2.783882898920743e-09,
    1.6678386522191679e-09,
    1.0392050355543151e-09,
    6.563638935825949e-10,
    4.1488242450184295e-10,
    2.573270307742752e-10,
    1.623070856234096e-10,
    1.0177502914676472e-10,
    6.452510840870078e-11,
    4.1342011484671307e-11,
    2.6742530857247933e-11,
    1.7451501221481476e-11,
    1.126738407016686e-11,
    7.301613484097271e-12,
    4.523508763901841e-12,
    2.870256224192623e-12,
    1.7198930971964367e-12,
    1.0330947566877758e-12,
    5.518500658594665e-13,
    3.007872244565682e-13,
    1.5632023315079488e-13,
    8.705513802163945e-14,
    5.1640307880526974e-14,
    3.138202493483538e-14,
    1.9481081125092255e-14,
    1.2266212597062282e-14,
    7.874922650682653e-15,
    5.108853680850931e-15,
    3.278823940965837e-15,
    2.10880402525489e-15,
    1.363171210221212e-15,
    9.037173005421103e-16
  ],
  "exit_code": 0,
  "iters": 70,
  "mtx": "swang2",
  "method": "diagp2",
  "x_id": "randn"
}