{
  "fre": [
    0.37732362926755714,
    0.1668526468117148,
    0.07739695941529182,
    0.03709869896422172,
    0.017931488929599764,
    0.008630534600055044,
    0.004364766369760205,
    0.0022102488522985414,
    0.0011099371054510724,
    0.0005585417391980784,
    0.0002884872515104194,
    0.00015182689602081533,
    7.859427923693196e-05,
    4.089682817337989e-05,
    1.999222825245517e-05,
    1.007719957467338e-05,
    4.864897765856505e-06,
    2.3900235645649353e-06,
    1.1760671676067169e-06,
    5.953827299244612e-07,
    3.4580793583692903e-07,
    1.7630935681591856e-07,
    9.081865985522544e-08,
    4.542589694608785e-08,
    2.2908839062536352e-08,
    1.1652134938562426e-08,
    5.988241038672966e-09,
    3.0720631315420995e-09,
    1.5944091267526733e-09,
    8.24978579441786e-10,
    4.168808928611478e-10,
    2.049175178486615e-10,
    9.801890203372339e-11,
    4.702158132508517e-11,
    2.3840962092321678e-11,
    1.2550300195612356e-11,
    6.574570914905086e-12,
    3.347206675259295e-12,
    1.4136018829950478e-12,
    6.07570289942415e-13,
    3.715426875268494e-13,
    1.9811542540426888e-13,
    1.0052522357661105e-13,
    4.281197198590622e-14,
    1.813471475076703e-14,
    8.628697604151025e-15,
    4.329371827017038e-15,
    2.144218465152325e-15,
    1.073467459067123e-15
  ],
  "rk": [
    1.0,
    0.2862438581428204,
    0.10168400182651889,
    0.04220606384411855,
    0.01894678699602148,
    0.009080210643279168,
    0.004377218603706376,
    0.0021627818377405973,
    0.0010783685419772416,
    0.0005361339847710242,
    0.00026932169829695167,
    0.00013754130704145295,
    7.215993330686487e-05,
    3.7329916783105575e-05,
    1.9728875669981833e-05,
    9.98349400406561e-06,
    5.1709298796597594e-06,
    2.6074896967596695e-06,
    1.3103963936726641e-06,
    6.502632969789994e-07,
    3.243683171251529e-07,
    1.7388493620874206e-07,
    8.931642273510165e-08,
    4.6246573059680357e-08,
    2.347530909034439e-08,
    1.1947579964282631e-08,
    6.04798382330783e-09,
    3.04335096144805e-09,
    1.5359631414890968e-09,
    7.825246367644424e-10,
    4.032959502480234e-10,
    2.0591210510521622e-10,
    1.0317555569095217e-10,
    5.088958922574848e-11,
    2.4752632918584034e-11,
    1.2002866638551923e-11,
    5.936660844439111e-12,
    3.055646874731843e-12,
    1.5866040835891927e-12,
    7.583818187294716e-13,
    3.3986245397538997e-13,
    1.7353125420631319e-13,
    8.756229445816906e-14,
    4.536957186182923e-14,
    2.2189219498431716e-14,
    9.785624453653376e-15,
    4.579775484488982e-15,
    2.2078536964659855e-15,
    1.0808351654534977e-15,
    5.480643255362472e-16
  ],
  "exit_code": 0,
  "iters": 49,
  "mtx": "swang1",
  "method": "orig",
  "x_id": "sine"
}