{
  "fre": [
    0.2931544142873355,
    0.13445110122749013,
    0.07703392330255479,
    0.046994974272119766,
    0.0302919708713253,
    0.02001584476834636,
    0.0131776149885866,
    0.008813852224142734,
    0.005946817187743636,
    0.004002275804743535,
    0.002622615835078346,
    0.0016759006611423899,
    0.0010348481563969983,
    0.0006119143591099557,
    0.0003537497856018158,
    0.00020800907874744107,
    0.00012640035769428468,
    7.885374028562333e-05,
    5.0200670981475514e-05,
    3.261852175664219e-05,
    2.1224034541334523e-05,
    1.3771703284735935e-05,
    8.941833664021665e-06,
    5.743495158616869e-06,
    3.6692112949693115e-06,
    2.3273491992089e-06,
    1.4707188192712307e-06,
    9.400695422837077e-07,
    6.064049766443367e-07,
    3.87329449514707e-07,
    2.4824734776089136e-07,
    1.5990503838536437e-07,
    1.0230660838275002e-07,
    6.532556777846534e-08,
    4.03949235190195e-08,
    2.4468559329313827e-08,
    1.4020502762460035e-08,
    8.0205945288096e-09,
    4.456748227098626e-09,
    2.747030907723635e-09,
    1.7447877839735475e-09,
    1.1372406416931869e-09,
    7.304714201026257e-10,
    4.690872380710222e-10,
    3.024544418611557e-10,
    1.9197433397999078e-10,
    1.2118646697063018e-10,
    7.650369636268054e-11,
    4.8920852650335626e-11,
    3.154323618665812e-11,
    2.044550062912319e-11,
    1.3328774268543479e-11,
    8.773432352458626e-12,
    5.729757201767234e-12,
    3.721276322415402e-12,
    2.3348632336890883e-12,
    1.4049868544237123e-12,
    7.161079460136214e-13,
    3.594686814252725e-13,
    2.149010394835812e-13,
    1.3119324043612983e-13,
    8.301302083221906e-14,
    5.2817404306399997e-14,
    3.450790666806008e-14,
    2.229321607884193e-14,
    1.4416344276688014e-14,
    9.321223002556934e-15,
    5.9839986096893936e-15,
    3.791932642456696e-15,
    2.36315811506931e-15,
    1.4662121513515483e-15
  ],
  "rk": [
    1.0,
    0.2426051789048549,
    0.10953726871492452,
    0.05857105767802652,
    0.032026866342648806,
    0.018143826713944166,
    0.010646633883508456,
    0.006566397037094263,
    0.004202491871355386,
    0.002761614999887218,
    0.0018489238539849426,
    0.0012383203151319188,
    0.0008277515065050676,
    0.0005559805694948527,
    0.0003674293544027861,
    0.00023437759324058247,
    0.00014630200856626316,
    8.864403960339383e-05,
    5.370509870205366e-05,
    3.2570383098600004e-05,
    2.0119810472390658e-05,
    1.263302818846595e-05,
    8.02107863959573e-06,
    5.086725767333468e-06,
    3.216905359271741e-06,
    2.039988512436161e-06,
    1.2973458660014056e-06,
    8.190943387549205e-07,
    5.14763297798409e-07,
    3.2703839999389206e-07,
    2.0732198163966564e-07,
    1.3239218438438333e-07,
    8.419226615367925e-08,
    5.3535039129192296e-08,
    3.4984924929443106e-08,
    2.2711445990363042e-08,
    1.4553219084408885e-08,
    9.16877778207928e-09,
    5.6544789244210254e-09,
    3.2934485946052852e-09,
    2.003364935101072e-09,
    1.2368142087728105e-09,
    7.668152593732047e-10,
    4.639258938015088e-10,
    2.7744323945087557e-10,
    1.6710411206542887e-10,
    1.0001552597527661e-10,
    6.166177637061625e-11,
    3.88218175514863e-11,
    2.4707418507002068e-11,
    1.578408294685223e-11,
    1.0166860473479015e-11,
    6.595224021592414e-12,
    4.3674606343224245e-12,
    2.905838152980848e-12,
    1.947623365060184e-12,
    1.2956143903827647e-12,
    8.440634408008717e-13,
    5.005803851891709e-13,
    2.5561117490266853e-13,
    1.5804339041215323e-13,
    9.678796211237008e-14,
    5.815627913898588e-14,
    3.4588538782519296e-14,
    2.0340350452949242e-14,
    1.259745498406474e-14,
    7.89118272912832e-15,
    4.916531270117351e-15,
    3.156151996653465e-15,
    2.041514581418267e-15,
    1.3215969801921704e-15,
    8.4612783414214e-16
  ],
  "exit_code": 0,
  "iters": 71,
  "mtx": "swang2",
  "method": "diagp2",
  "x_id": "sine"
}