{
  "fre": [
    0.2618619639404091,
    0.11303708019117334,
    0.05892219390009962,
    0.033937801626027705,
    0.020670712259001495,
    0.013338730565351384,
    0.008934999524549313,
    0.006051239731945919,
    0.004072678866083634,
    0.002745283569078645,
    0.0018228407129532791,
    0.0011809681139564481,
    0.0007495002884576801,
    0.0004711449866833829,
    0.00029185820106245025,
    0.0001824439502357949,
    0.00011569155438299668,
    7.350145427762832e-05,
    4.761406123366706e-05,
    3.0706969452697624e-05,
    2.0191843874906663e-05,
    1.3288979347943515e-05,
    8.740196331798922e-06,
    5.788555639470403e-06,
    3.823086667299794e-06,
    2.485410713938456e-06,
    1.5548336792417926e-06,
    9.595269937862948e-07,
    5.530148206674465e-07,
    3.19309823981187e-07,
    1.8848134447813073e-07,
    1.162337941478566e-07,
    7.176088409762192e-08,
    4.34496071568221e-08,
    2.7202012453847835e-08,
    1.7028598966081384e-08,
    1.0871283653896698e-08,
    6.9557993653243324e-09,
    4.472621830897423e-09,
    2.889837831625603e-09,
    1.9109949308814963e-09,
    1.22545990424031e-09,
    7.896408349092878e-10,
    5.063006901218249e-10,
    3.211027098584291e-10,
    2.0436540965500914e-10,
    1.2991550364318793e-10,
    8.206271725728987e-11,
    5.1461877232091196e-11,
    3.212123181200517e-11,
    1.9422267782841146e-11,
    1.1547717498707587e-11,
    6.6695246254832955e-12,
    3.718109366862347e-12,
    2.1374966561845687e-12,
    1.1288502102989022e-12,
    6.102440050502233e-13,
    3.5939057832967583e-13,
    2.166540013657897e-13,
    1.248968055465752e-13,
    7.882898529141528e-14,
    5.04370734024815e-14,
    3.261212463922751e-14,
    2.1120986432558383e-14,
    1.3616010040285505e-14,
    8.947023466616552e-15,
    5.838983992243214e-15,
    3.745249784114658e-15,
    2.3911095015620195e-15,
    1.4658321323366445e-15
  ],
  "rk": [
    1.0,
    0.2331430819409168,
    0.09119652784655731,
    0.04303134517529639,
    0.0226648605670608,
    0.012925969999070185,
    0.007849437074144922,
    0.004956556285712608,
    0.003182279667693641,
    0.002028357836505783,
    0.0013200964683406325,
    0.0008746347123412935,
    0.0005831412330421148,
    0.0003846375510273695,
    0.00025187056706439475,
    0.00016251438734253364,
    0.00010282870782784913,
    6.451072920263705e-05,
    3.993203873383216e-05,
    2.4739357383445037e-05,
    1.5414951345859548e-05,
    9.711703403734367e-06,
    6.14415597080585e-06,
    3.958037129533229e-06,
    2.58050061290271e-06,
    1.699704169742111e-06,
    1.0984445166344351e-06,
    7.242136636950309e-07,
    4.7425890022090873e-07,
    3.0318680748927436e-07,
    1.8574762630492347e-07,
    1.1372791800643268e-07,
    7.039725781530337e-08,
    4.3349750731394706e-08,
    2.633244722989096e-08,
    1.648890844149789e-08,
    1.0265527103521191e-08,
    6.3274379891073e-09,
    4.0039640942130535e-09,
    2.5196268473760062e-09,
    1.5715968272483847e-09,
    9.942985410233362e-10,
    6.315950756298443e-10,
    4.0230324355716093e-10,
    2.5105090733012547e-10,
    1.596191912591402e-10,
    1.015513799035091e-10,
    6.455263071052732e-11,
    4.074145749818152e-11,
    2.5965405001465546e-11,
    1.6647763370113066e-11,
    1.0279037069323996e-11,
    6.59880002775044e-12,
    4.057197673796812e-12,
    2.4286936083177073e-12,
    1.4390593988769337e-12,
    8.039005256653999e-13,
    4.2821617770991814e-13,
    2.342498235058872e-13,
    1.3492761131457942e-13,
    7.285254666839005e-14,
    4.3476862113217745e-14,
    2.6831391052285723e-14,
    1.675121943383607e-14,
    1.0611553485897025e-14,
    6.660282138900861e-15,
    4.3002272561107625e-15,
    2.797996305514225e-15,
    1.795798592175825e-15,
    1.1783160947673084e-15,
    7.788527385011867e-16
  ],
  "exit_code": 0,
  "iters": 70,
  "mtx": "swang2",
  "method": "diagp1",
  "x_id": "randn"
}