{
  "fre": [
    0.48707580945085094,
    0.17693373944945898,
    0.07390927828466894,
    0.03268363000327604,
    0.014391558138432308,
    0.0057735118136516324,
    0.002612573926685714,
    0.001220743370449823,
    0.0005603891370353585,
    0.0002544181155926653,
    0.00011977451464788032,
    5.8810993499863054e-05,
    2.9376959930592546e-05,
    1.477464416855099e-05,
    7.404477307337729e-06,
    3.686894808574903e-06,
    1.8433085200508567e-06,
    9.388794685982952e-07,
    4.878730149903434e-07,
    2.5632663452243715e-07,
    1.6026672278602655e-07,
    8.531023751676912e-08,
    4.234265586820627e-08,
    1.9765303254720012e-08,
    9.497754958616779e-09,
    4.843357454255688e-09,
    2.5580690706424714e-09,
    1.2406887736538148e-09,
    6.149250934904788e-10,
    3.0601836831238965e-10,
    1.5003358238037682e-10,
    7.394070133401086e-11,
    3.587859774725244e-11,
    1.795498775035177e-11,
    9.354611597515392e-12,
    4.740881828156512e-12,
    2.4186427806164722e-12,
    1.2257411956822033e-12,
    5.86830985646979e-13,
    2.903634175717727e-13,
    1.836698891874452e-13,
    9.566843464663653e-14,
    4.627627121290071e-14,
    1.8809516842392662e-14,
    8.770289146420836e-15,
    4.101578733603151e-15,
    2.0408095613559413e-15,
    1.1338129480485808e-15
  ],
  "rk": [
    1.0,
    0.3605014042267334,
    0.12866172113222787,
    0.04921122337284909,
    0.021815654894177763,
    0.01002548845862381,
    0.004154660797468065,
    0.0019059443716679734,
    0.0008899340885107739,
    0.0004272365063721221,
    0.0002019497662744617,
    9.551134007549314e-05,
    4.603234339718424e-05,
    2.2700049664871475e-05,
    1.1363185113435373e-05,
    5.706016203496598e-06,
    2.854118207300715e-06,
    1.4250849712118136e-06,
    7.14915679150621e-07,
    3.622204169753176e-07,
    1.8540431251096728e-07,
    1.0295419779668267e-07,
    5.564706464664678e-08,
    2.925805171433343e-08,
    1.466010788424555e-08,
    7.172938674094558e-09,
    3.5994654228144643e-09,
    1.862861824541411e-09,
    9.251804945454997e-10,
    4.691843706097721e-10,
    2.340317444548314e-10,
    1.1551059872021512e-10,
    5.785006637886416e-11,
    2.8128328194181956e-11,
    1.3858855708784272e-11,
    6.965313104983841e-12,
    3.4454247421340714e-12,
    1.7577844963863169e-12,
    8.996647063821671e-13,
    4.3697084546750225e-13,
    2.1572325001354745e-13,
    1.1921618659144584e-13,
    6.261051730349453e-14,
    3.253404838455727e-14,
    1.5117681277029327e-14,
    6.9141714845715174e-15,
    3.2305122182345625e-15,
    1.4678369017454589e-15,
    7.86217177414387e-16
  ],
  "exit_code": 0,
  "iters": 48,
  "mtx": "swang1",
  "method": "orig",
  "x_id": "ones"
}