{
  "fre": [
    3.1722860199946123,
    2.2562124668630497,
    2.9985138383593295,
    3.0592707522258222,
    4.63463054956619,
    1.9149185906730761,
    0.02322868741488839,
    0.004875588438371909,
    0.00026750901154166967,
    7.5175607200188105e-06,
    2.2016574314091363e-06,
    1.661897763599877e-07,
    1.1883424805156463e-09,
    4.826078802187737e-12,
    2.717706801616492e-12,
    2.7360837700529154e-12,
    2.8804750289725694e-12,
    5.927068983861609e-12,
    5.942796005007103e-12,
    4.6961346050779595e-12,
    3.017456150708366e-12,
    1.7258420692413092e-12,
    1.3885886984417865e-12,
    1.5570753895217221e-12,
    3.578685399874656e-12,
    3.5954541893981044e-12,
    1.5691608911994725e-12,
    6.779584003097254e-13,
    8.451045678300168e-13,
    6.039419128345198e-13,
    8.285856562953523e-13,
    2.3091144465171146e-12,
    3.596701564696178e-13,
    4.638498437916126e-13,
    6.71075785981421e-13,
    1.2608206224836797e-12,
    1.2847362395731393e-12,
    1.4733829012303374e-12,
    1.486717919112693e-12,
    1.4988730937004142e-12,
    1.1748831084966503e-12,
    3.6033618624125237e-13,
    4.518529223048882e-13,
    5.30923973333478e-13,
    1.3829086839220547e-13,
    2.0229840006952407e-12,
    2.1156760253287856e-12,
    1.9758788140260553e-12,
    1.6215498315909208e-12,
    1.704633706009895e-12,
    2.9047223194329265e-12,
    2.9483122119616335e-12,
    3.6372619053671946e-12,
    1.0866486603853968e-12,
    5.267353031289845e-13,
    6.366201848889861e-13,
    1.7852523958952708e-12,
    4.0194001240961366e-13,
    1.2047096983523282e-12,
    9.000852844240745e-13,
    1.3334244848425617e-12,
    1.4852083364709406e-12,
    3.608933062176416e-12,
    3.547700452423654e-12,
    2.6753487478633654e-12,
    1.5323628292963662e-12,
    1.2250371439893821e-12,
    1.0910913529555146e-12,
    9.978997469654935e-13,
    9.98514942693997e-13,
    9.903708036632083e-13,
    9.943419596476259e-13
  ],
  "rk": [
    1.0,
    0.28757277429340355,
    0.07728474041790159,
    0.050159180174276716,
    0.0255233398469215,
    0.023532411221409123,
    0.0161577908155028,
    0.0014522678574731172,
    7.7277618397981e-05,
    1.271580659781218e-05,
    2.4519202760245354e-07,
    4.0924475047758886e-08,
    1.3456284931671062e-09,
    6.715883861918676e-11,
    6.457743061485761e-13,
    4.7314061431373866e-14,
    1.62914608281445e-12,
    3.1609075191054124e-13,
    5.411294146364933e-14,
    5.4111389692427353e-14,
    2.6145120966681976e-14,
    1.923479056527246e-14,
    3.5364331125051268e-15,
    2.1993598539362807e-13,
    1.3934839306545542e-13,
    3.514806474598813e-14,
    3.513653665986719e-14,
    3.3918419772015534e-14,
    1.5609210472095345e-14,
    2.129826981621586e-15,
    2.1429493111727334e-13,
    6.008106406893227e-14,
    4.4543688052076366e-14,
    8.265756361748486e-15,
    6.737280006343937e-15,
    6.071517860661396e-15,
    2.22841769704947e-13,
    4.937499859216296e-14,
    7.114300420314402e-15,
    5.042375639989754e-15,
    5.017250654392427e-15,
    4.040389034034794e-15,
    2.1801511030262335e-13,
    7.508844459204852e-14,
    1.4449842720475198e-14,
    1.343995036854788e-14,
    3.056343921354192e-15,
    2.847646511805881e-15,
    1.9589459805253245e-15,
    2.1302107803532648e-13,
    1.1414783733819661e-13,
    2.1372173028639953e-14,
    2.1029693078787872e-14,
    2.0743709406127196e-14,
    9.768878477062344e-15,
    2.093303468815596e-13,
    8.113174402827702e-14,
    2.0091415682213358e-14,
    1.4385807303854018e-14,
    5.599570728903493e-15,
    4.580631549658569e-15,
    2.183553161433297e-13,
    1.3640581687014737e-13,
    3.608412136108085e-14,
    3.603061731924527e-14,
    2.3670150841534994e-14,
    6.9691512493570474e-15,
    1.4200127142106118e-15,
    2.1710528844970402e-13,
    1.2101262690107489e-14,
    3.469662518012842e-15,
    3.415085332430251e-15,
    2.061142698006572e-13
  ],
  "exit_code": -1,
  "iters": 72,
  "mtx": "tub1000",
  "method": "max-st_alt-i_m2",
  "x_id": "ones"
}