{
  "fre": [
    3.1722646510842303,
    2.255820200688602,
    3.330173029663134,
    3.0946448017824317,
    4.626896814961094,
    0.2715088128172686,
    0.1106156565094633,
    0.003158129680434101,
    0.0006384580947145818,
    7.218880792139007e-06,
    1.0934303875217638e-06,
    9.27122605989541e-09,
    9.635545210156286e-10,
    5.4201003157168336e-12,
    1.327038544331395e-12,
    1.0208813028446347e-12,
    1.1577646576970018e-12,
    6.92180535621723e-13,
    1.0425601707440974e-12,
    7.13673188670954e-13,
    3.1513119607684934e-13,
    3.1353433391449744e-13,
    5.323275959290729e-13,
    1.6972500493403815e-12,
    1.7331912756297136e-12,
    2.2126562997535917e-12,
    3.8551366001060907e-13,
    9.635827514969412e-13,
    1.0723002418868762e-12,
    1.8953385164634373e-12,
    1.896385996947291e-12,
    3.364285856082386e-12,
    1.14642092608827e-12,
    2.757700136606817e-13,
    2.9865445284911764e-13,
    9.69726474393325e-13,
    1.0161473787803886e-12,
    1.3452698942713594e-12,
    7.25764755641369e-13,
    8.110459862921821e-13,
    7.365543307831751e-13,
    1.6871596256352301e-12,
    1.6573577308848664e-12,
    1.0934272805002815e-12,
    2.6969952339362183e-12,
    2.8095459020633273e-12,
    2.953822598993085e-12,
    5.090271562530353e-12,
    4.994876904895337e-12,
    1.2772860038219497e-12,
    4.627827712661429e-13,
    4.585311383799851e-13,
    3.738721784411268e-13,
    4.2467974240145636e-13,
    3.891678026386663e-13,
    3.926191273024452e-13,
    3.3173278338039153e-13
  ],
  "rk": [
    1.0,
    0.28758033400463384,
    0.07562601066241942,
    0.042368414975289675,
    0.02539733683198355,
    0.023501740546643477,
    0.004470301999499225,
    0.0009167276474858729,
    5.2181076585744623e-05,
    1.0665836442726446e-05,
    2.437040970137595e-07,
    3.85674536011129e-08,
    4.782742535710217e-10,
    5.8202753409040997e-11,
    4.656643374124066e-13,
    4.309260453515317e-14,
    1.6001301906554968e-12,
    1.75433346976924e-13,
    2.447902197122911e-14,
    1.4226526422812353e-14,
    5.11846313211094e-15,
    4.727482259643697e-15,
    2.1647756781065572e-13,
    1.1515775361961117e-13,
    2.1666882300289317e-14,
    2.1458584077059502e-14,
    2.1316903174966717e-14,
    1.1173201072276529e-14,
    2.264215651013408e-13,
    8.912241642058265e-14,
    1.896034349891281e-14,
    1.8958298631664412e-14,
    1.6409208960181896e-14,
    7.04279257109775e-15,
    2.108613346553542e-13,
    9.493656610432e-14,
    1.3902513187539467e-14,
    1.3727380012454418e-14,
    9.237563950221049e-15,
    2.6946276069234936e-15,
    2.1824197312186298e-13,
    1.5467063151936197e-13,
    3.782345567722393e-14,
    3.774516931799415e-14,
    3.758727935785654e-14,
    7.726465006401495e-15,
    2.0903464063578162e-13,
    1.4530296874697534e-13,
    3.6412300159299235e-14,
    3.6154992273951456e-14,
    2.446195013226101e-14,
    2.7384728352865876e-15,
    2.1829865198871182e-13,
    1.8179919355562623e-14,
    3.643699206997019e-15,
    2.662880339552356e-15,
    2.66172907513213e-15,
    2.1033263845859641e-13
  ],
  "exit_code": -1,
  "iters": 57,
  "mtx": "tub1000",
  "method": "max-st",
  "x_id": "ones"
}