{
  "fre": [
    2.0901787193074517,
    1.61934028509987,
    3.2877533864086876,
    3.393231048890517,
    3.4758784741760467,
    1.50434189294381,
    0.09850610203418503,
    0.07001755094610951,
    0.00011053216841957862,
    0.00010668100863980985,
    4.970072989789045e-06,
    1.5187234195161525e-07,
    4.322065248208584e-09,
    2.769099875020914e-10,
    5.709693246627742e-12,
    1.9597783339723172e-12,
    2.015667798668221e-12,
    3.070462295051395e-12,
    2.116422293451825e-12,
    4.625154853904839e-12,
    5.7165532297248215e-12,
    1.961908689602448e-12,
    4.974587599940695e-13,
    3.3464900868756846e-13,
    4.289619795284445e-13,
    1.1087615764061122e-12,
    1.1667017637144084e-12,
    1.6684875839169762e-12,
    1.0495640036899783e-12,
    9.087722087415338e-13,
    1.0404805298097743e-12,
    1.085263414975862e-12,
    1.8332867505686268e-12,
    2.2253287887506037e-12,
    2.9740931622064697e-12,
    7.955243836826954e-13,
    5.4518871439765644e-14,
    3.9949408580756755e-13,
    3.4992208122631123e-13,
    3.9950683442131103e-13,
    3.8959722632801266e-13,
    4.5104689089148757e-13,
    4.563771234675674e-13,
    3.2090753769010814e-13,
    3.136477201134374e-13
  ],
  "rk": [
    1.0,
    0.9137971511883981,
    0.4146513572465565,
    0.14888886903514775,
    0.05755875286289145,
    0.05742809366117948,
    0.02700627715394195,
    0.003416443372227864,
    0.0004109598860151649,
    2.3766837770220925e-05,
    1.4593514821930944e-06,
    5.966401712690121e-08,
    4.099447214576457e-09,
    1.0235864884529471e-10,
    3.794126068622476e-12,
    7.204490660557484e-14,
    2.199499238341014e-15,
    3.1542954498691203e-12,
    8.14576667878046e-13,
    3.227674743619247e-13,
    1.9438829608989553e-13,
    1.0571358787927927e-13,
    4.8494834464977883e-14,
    5.3961613923961976e-15,
    2.1162267509928825e-13,
    1.294071723696637e-13,
    4.7581547200099614e-14,
    4.722448013789431e-14,
    4.187926596019851e-14,
    1.2211045183059645e-14,
    1.1532845579590534e-15,
    2.094485124833393e-13,
    1.5383086508258755e-13,
    1.0845448800561744e-13,
    8.735819425854557e-14,
    5.3801073675229036e-14,
    2.7357884911028968e-14,
    3.1895909394157058e-15,
    2.169912924909654e-13,
    4.6888942171779836e-14,
    3.745342361989413e-14,
    8.046928710635576e-15,
    2.1635258441844376e-15,
    2.1553279023095605e-15,
    1.2276030692830654e-15,
    2.087385154826647e-13
  ],
  "exit_code": -1,
  "iters": 45,
  "mtx": "tub1000",
  "method": "max-lf_mos-a_m2",
  "x_id": "ones"
}