{
  "fre": [
    2.09249781262747,
    1.5996305607497043,
    3.308150076946039,
    3.4118793271688914,
    3.471729445219005,
    1.6355342718151546,
    0.16713756421992154,
    0.06490591511636998,
    0.0006443473316393001,
    6.935900042342358e-05,
    3.46062418564955e-06,
    4.476911911183423e-07,
    5.509801444693683e-09,
    2.778683954428399e-10,
    1.4751277279941219e-12,
    4.066177683172101e-12,
    4.069220464221334e-12,
    4.537280598067404e-12,
    6.9981559577905924e-12,
    7.985041907131544e-12,
    3.143954668008725e-12,
    2.313062567082234e-13,
    3.085540611102099e-13,
    3.905200541516012e-13,
    5.238103424337501e-13,
    2.1360118559107885e-12,
    2.271350462319502e-12,
    2.2194710184088534e-12,
    1.2016026853412775e-12,
    1.6275406466944402e-12,
    1.8248027390070726e-12,
    1.863666531235301e-12,
    3.972270111477511e-12,
    4.0519669670138996e-12,
    4.043228158274794e-12,
    2.3622671991527485e-13,
    8.846687969799206e-13,
    1.1379831433076597e-12,
    1.1896600907972213e-12,
    2.1308366511695e-12,
    1.6874564995249452e-12,
    1.8650270453024252e-12,
    4.799527055008083e-13,
    7.483847691842516e-13,
    9.119417774244644e-13,
    9.42221601806278e-13,
    8.755481771011903e-13,
    9.090020660125141e-13,
    8.991809972277127e-13,
    1.0268837679355447e-12,
    5.258208874285074e-13,
    6.39019373748104e-13,
    6.547163230729432e-13,
    9.75401486097491e-13,
    1.2520897943135738e-12,
    1.6210395986533246e-12,
    8.584115612713406e-13,
    3.2307121519641543e-13,
    1.1324695068237056e-13,
    3.132521675528091e-13,
    1.4349324733722716e-12,
    1.41582430678466e-12,
    1.3123783531513675e-12,
    1.3067922071403196e-12,
    1.0948710031578217e-12,
    1.1652722262886408e-12,
    1.3262579815375704e-12,
    2.7048004110995798e-12,
    2.8470966306312876e-12,
    3.0710628730055654e-12,
    2.329386799260163e-13,
    4.1928316588279814e-13,
    5.732397617888924e-13,
    5.054472441309266e-13,
    3.0459323270042805e-13,
    2.402702690148722e-13,
    4.719050008256171e-13,
    1.2494016514047783e-12,
    8.709237871003857e-13,
    1.0141132492825097e-12
  ],
  "rk": [
    1.0,
    0.9133419518261124,
    0.4223352040690973,
    0.15261171545393296,
    0.06030984828282841,
    0.06024754573806492,
    0.03586299430473976,
    0.003417801203396795,
    0.0003845081852614664,
    2.409156812458526e-05,
    2.1491382812770075e-06,
    6.437791717836395e-08,
    5.148612348588303e-09,
    7.478483588612962e-11,
    6.033390072325756e-12,
    6.457980715462665e-14,
    3.7150017012483806e-15,
    2.872993422161151e-12,
    4.246569515452901e-13,
    2.351383086667613e-13,
    2.2036799853430432e-13,
    1.2428232506767748e-13,
    2.3964906864613694e-14,
    1.1091874879567002e-15,
    2.1846860036166052e-13,
    1.558241287173736e-13,
    6.928456419950215e-14,
    6.767041269992174e-14,
    6.584958037090448e-14,
    1.9405880032651584e-14,
    2.5341707597200906e-15,
    2.284883914022785e-13,
    1.8167064527293404e-13,
    8.830846848959125e-14,
    8.787535218065199e-14,
    8.57757471823202e-14,
    2.543441187503321e-14,
    2.7519191398636423e-15,
    2.2211888744924646e-13,
    1.3193117238712428e-13,
    7.039852214344046e-14,
    6.378719280103356e-14,
    4.520384975788382e-14,
    1.1146143719452165e-14,
    1.1706960825427095e-15,
    2.1875155424317935e-13,
    1.0772483297137914e-13,
    9.925110897752374e-14,
    1.1414540427601858e-14,
    1.0146742553471472e-14,
    7.565268742754735e-15,
    3.619619992530355e-15,
    2.0689307958218354e-13,
    1.2206351196618302e-13,
    9.876291661282264e-14,
    5.457905051472742e-14,
    2.3559910581897744e-14,
    1.443283646660085e-14,
    1.8227819023908852e-15,
    2.127886490757289e-13,
    1.2185500139627458e-13,
    4.403121283917613e-14,
    4.3979784936432755e-14,
    4.3720081845988477e-14,
    6.947759762158797e-15,
    1.0471903256400876e-15,
    2.0587404329735002e-13,
    1.3996305450294332e-13,
    6.932416880895864e-14,
    6.727079434264273e-14,
    6.13036984829638e-14,
    1.3956578887483e-14,
    1.4543730672027336e-15,
    2.0956661145662735e-13,
    1.3152685997666027e-13,
    3.13602260081309e-14,
    2.442981920645973e-14,
    1.422135286138732e-14,
    4.4214929934035895e-15,
    1.5183051368004623e-15,
    2.1021496984045915e-13
  ],
  "exit_code": -1,
  "iters": 80,
  "mtx": "tub1000",
  "method": "max-lf_mos-a_m3",
  "x_id": "ones"
}