{
  "fre": [
    2.0835843478553655,
    2.981315998582062,
    1.1342470317596183,
    0.48147614034951214,
    0.7590445690301136,
    0.8396416214243366,
    2.1241757163698614,
    0.026494070542575927,
    0.009261697984965941,
    0.0005567722597234664,
    2.9987537824923898e-05,
    1.5083878188217595e-06,
    2.698866906632703e-08,
    7.987961914494106e-10,
    3.5034769674290145e-11,
    1.2656335018823449e-11,
    1.182929749750007e-11,
    1.3743663058503873e-11,
    1.7339452749484868e-11,
    9.519442037173586e-12,
    8.745079521178633e-12,
    8.728381448622574e-12,
    6.234576928307997e-13,
    6.925430223936689e-13,
    1.0886055321481606e-12,
    1.1363517792844954e-12,
    1.573737140445466e-12,
    2.207119282287375e-12,
    2.2079004409777175e-12,
    6.861755406572539e-13,
    3.3835698437517126e-13,
    4.352441852701237e-13,
    6.114033696024972e-13,
    1.8176141972827524e-12,
    2.1303601452709167e-12,
    1.102870679469216e-12,
    1.916862748859503e-12,
    2.172645832297017e-12,
    2.0065649465767788e-12,
    2.2466894624023928e-12,
    2.3355962240275083e-12,
    3.3549357818684448e-12,
    3.587853569271643e-12,
    2.867120146361027e-12,
    3.4141644070975487e-12,
    4.711584155967184e-13,
    5.95294189533851e-13,
    7.662486937157154e-13,
    1.074152505626483e-12,
    1.7762661065696427e-12,
    1.0510745896180375e-12,
    3.176389293270832e-13,
    8.193316296904876e-14,
    1.2258135080937464e-13,
    1.3976866514649278e-13,
    2.9174323129092113e-13,
    1.7746212583391827e-13,
    6.569232299472879e-13,
    1.2872175717191659e-12,
    5.326537358985467e-13,
    9.738515669983102e-13,
    5.816184367072401e-13,
    6.0513499713074e-13,
    1.0482727551503586e-12,
    4.712141320122278e-13,
    3.9132824002145694e-13,
    3.167125613806731e-13,
    1.3001617033154806e-12,
    1.5139319997415704e-12,
    1.2327820089673762e-12,
    1.3680635336136364e-12,
    1.2912360837719455e-12,
    1.644975709461563e-12,
    1.6702271358575085e-12,
    1.6815057579919955e-12,
    1.1481848432932588e-12,
    1.163396119940282e-12
  ],
  "rk": [
    1.0,
    0.9141025387705004,
    0.8052946614957638,
    0.37595991359035147,
    0.11803542394520804,
    0.023142772052135344,
    0.02246845781853821,
    0.01077869352341036,
    0.0018735385415448215,
    7.574368158139545e-05,
    1.554009026005681e-05,
    2.66714316466782e-07,
    4.824542659714081e-08,
    4.836378800959137e-10,
    7.285964931825296e-11,
    4.2431087069737293e-13,
    4.969326599939225e-14,
    3.396487387790521e-12,
    6.554661890580152e-13,
    5.814140969409608e-13,
    4.8023554398597e-13,
    2.679571934558787e-13,
    1.383937306195627e-13,
    1.1048029464173596e-14,
    2.4549809606249405e-15,
    1.978454888043148e-13,
    1.2941402438289123e-13,
    8.215245663154002e-14,
    2.990609381827608e-14,
    2.982471338882007e-14,
    7.340655037662079e-15,
    2.8893029791001674e-15,
    2.144680521346971e-13,
    1.6096388648091697e-13,
    1.1032505354849887e-13,
    1.0761520020803478e-13,
    9.596468556474047e-14,
    5.9784111760308e-14,
    8.533986066075453e-15,
    1.274249683009702e-15,
    2.1682018617510108e-13,
    1.435408856153237e-13,
    8.07917279492561e-14,
    7.815262101746415e-14,
    7.198419474128088e-14,
    4.325219506349093e-14,
    5.790507503599171e-15,
    2.0683327525094936e-13,
    1.02429343419312e-13,
    4.713868388631078e-14,
    3.470400337732032e-14,
    2.1968377358520433e-14,
    4.470132423377417e-15,
    1.5837244746896572e-15,
    2.2295277432936802e-13,
    1.2613719719710362e-13,
    9.814125034222098e-14,
    7.612539984134659e-14,
    6.023004895831076e-14,
    3.0753259249941e-14,
    1.0233331269451695e-14,
    2.1697571371135612e-15,
    2.1561864007025445e-13,
    1.0635351380399352e-13,
    9.405794328752363e-14,
    8.796615500454425e-14,
    4.736134313789421e-14,
    4.7141680159193483e-14,
    5.8647870494762004e-15,
    1.4892688774300257e-15,
    2.1232302784143738e-13,
    9.256692994176042e-14,
    6.935610364175736e-14,
    2.586342874977177e-14,
    9.308683936109326e-15,
    9.284005605187638e-15,
    2.7720347037793953e-15,
    2.1406388530225732e-13
  ],
  "exit_code": -1,
  "iters": 77,
  "mtx": "tub1000",
  "method": "max-st_mos-a_m2",
  "x_id": "ones"
}