{
  "fre": [
    0.7510405624526054,
    0.8385518519812429,
    3.5271631809871242,
    2.658425905754199,
    2.6535465255922053,
    2.647041848024029,
    1.5360702486578401,
    1.860452953818289,
    1.8602384125269076,
    1.8598944086052467,
    1.8319394000352334,
    0.4221938323150887,
    0.41623182198218894,
    0.41075384986817476,
    0.011267481450811868,
    0.003496093778560064,
    0.0034409269781488744,
    0.0033765497342703728,
    0.0005103104225412308,
    0.00012829372207723286,
    0.00012829181469743904,
    0.00012828911966223825,
    0.00012817421577727378,
    0.00014140273670266442,
    0.00014139461175551802,
    0.00014139729491426814,
    0.0001401236132680903,
    0.00011186301011100175,
    0.00011187888729773149,
    0.00011190963804917385,
    0.0001118916376420192,
    3.0127984388800838e-05,
    2.9829734674976662e-05,
    2.9668026708451187e-05,
    4.2259667469484393e-07,
    4.6810292596992237e-08,
    4.9930760479194274e-08,
    5.345105060198368e-08,
    8.68559764331254e-09,
    6.514303089205923e-10,
    6.514297404369945e-10,
    6.514289886977974e-10,
    6.398981108875987e-10,
    6.633146021867806e-10,
    6.634802668625209e-10,
    6.637702854916154e-10,
    8.592444129018069e-10,
    8.81329535399831e-10,
    8.790808234359518e-10,
    8.775434219804651e-10,
    4.627380117089037e-10,
    2.3336737986189574e-11,
    2.351434374895951e-11,
    2.387196224327497e-11,
    7.317389641604152e-11,
    1.6224272510541001e-12
  ],
  "rk": [
    1.0,
    0.6205943589810946,
    0.3184909155462778,
    0.0006148551840150105,
    0.0004299222507809108,
    0.0004289624507229836,
    0.00042795304964638993,
    6.008355159987039e-05,
    2.1136530139563327e-05,
    2.1133756710730567e-05,
    2.1129697701200003e-05,
    2.1019545409039736e-05,
    9.85727808567127e-06,
    9.79669724278645e-06,
    9.742220435708996e-06,
    1.1873896831377517e-06,
    9.884890091290238e-08,
    9.621421876643156e-08,
    9.2737275483897e-08,
    3.0713820711015465e-08,
    1.8499398374222259e-09,
    1.8491106010036201e-09,
    1.8476740092584042e-09,
    1.8445047259917478e-09,
    1.609017924526207e-09,
    1.6082777792296361e-09,
    1.606961231075875e-09,
    1.5952674937354647e-09,
    1.2398523416006773e-09,
    1.2397460468895293e-09,
    1.2393958545630844e-09,
    1.2393952588579008e-09,
    7.504199906554198e-10,
    7.464982286653061e-10,
    7.445219807009653e-10,
    2.477007307966053e-11,
    1.893399726304867e-12,
    1.6290730527666138e-12,
    1.4464533676913864e-12,
    1.9373372594174144e-13,
    2.618125714656523e-14,
    2.6165705044183412e-14,
    2.6144968202873566e-14,
    2.563918987035939e-14,
    2.235141100256026e-14,
    2.2324017874548973e-14,
    2.227630811966162e-14,
    1.221249903118206e-14,
    1.2178841664987141e-14,
    1.2148186512277799e-14,
    1.2128541336576424e-14,
    8.13308208462563e-15,
    5.521534880680941e-15,
    5.499916710637589e-15,
    5.487643771689773e-15,
    1.4216591321155428e-15,
    5.30089509879401e-16
  ],
  "exit_code": 0,
  "iters": 56,
  "mtx": "tub1000",
  "method": "max-lf_alt-i_m4",
  "x_id": "sine"
}