{
  "fre": [
    3.1722646510842303,
    3.162894716569241,
    3.1435820425820595,
    2.819488374791882,
    3.1331877602579783,
    3.1488186093377406,
    3.1675427495034696,
    1.7331059325695142,
    1.6100291760434031,
    1.2247639430636108,
    0.7433966601109523,
    0.03575290582950253,
    0.004809790662510123,
    0.004428033936716467,
    0.0009010430120828162,
    1.8592883414230068e-05,
    8.890559034334241e-07,
    5.614597141924302e-07,
    3.7597683926934067e-08,
    1.9649024175056784e-09,
    1.990153658868623e-09,
    1.9916709268842077e-09,
    1.9918904633637356e-09,
    4.936055310437381e-09,
    3.8545377194942154e-09,
    3.837608721803238e-09,
    3.825666718148623e-09,
    2.6813201159301466e-10,
    1.60491314532339e-10,
    1.506182152060068e-11,
    7.899680824332571e-12,
    2.3180575219878457e-12,
    1.47494363011571e-12,
    1.3890334000801365e-12,
    1.4233521813005338e-12,
    1.5045821670041377e-12,
    3.0261514524940526e-12,
    3.025824906966968e-12,
    3.0251578009567813e-12,
    2.887181986980072e-12,
    1.7452657440075422e-12,
    1.678327677047273e-12,
    1.6494941098031784e-12,
    3.0069871036387113e-13,
    2.5282325726326514e-13,
    2.34686660570119e-13,
    2.5503890899965344e-13,
    9.761827921566042e-13,
    9.509508961795442e-13,
    9.425529083199873e-13,
    9.371419315865277e-13,
    1.2775789972644638e-12,
    1.1781034904967473e-12,
    1.157250413450528e-12,
    1.1340588034814859e-12,
    2.463825497594353e-13
  ],
  "rk": [
    1.0,
    0.28758033400463384,
    0.286338940466624,
    0.2783852131562633,
    0.06171088411058857,
    0.029138679492533827,
    0.02697937604194159,
    0.026903639335343676,
    0.023945693897201165,
    0.01077361860421663,
    0.007433306593151851,
    0.004950049323616656,
    0.0003361866322198273,
    3.1733562500920547e-05,
    2.891102785003896e-05,
    1.3081915268796284e-05,
    6.538456391539346e-07,
    3.386638381869386e-08,
    1.519746101720778e-08,
    3.987000044908833e-09,
    5.914340863142242e-11,
    5.532093475679399e-11,
    5.5272630995339335e-11,
    5.5271975519405366e-11,
    2.7927034532672912e-11,
    2.6272342803314385e-11,
    2.6237265490778968e-11,
    2.620679429104631e-11,
    2.9134063908527873e-12,
    2.124548440780611e-12,
    8.752145466754453e-13,
    4.3002325032824715e-13,
    1.2424994441428361e-14,
    3.8836831929302825e-15,
    1.2027369874370633e-15,
    2.1243952882569963e-13,
    1.3123001713904654e-13,
    2.6656954537259377e-14,
    2.6652851265400226e-14,
    2.6643545844422086e-14,
    1.3660437820712604e-14,
    1.0724750671858612e-14,
    1.0489706946861557e-14,
    1.0388998342051481e-14,
    1.8206612238846e-15,
    2.155038577144652e-13,
    1.1380652999763483e-13,
    8.571457043201009e-14,
    1.4105493685070864e-14,
    1.2253430392498953e-14,
    1.2136551795754497e-14,
    1.2062353345888629e-14,
    4.998673335052866e-15,
    4.813848888357668e-15,
    4.755506366927896e-15,
    4.715477542984866e-15,
    1.9934056413929407e-13
  ],
  "exit_code": -1,
  "iters": 56,
  "mtx": "tub1000",
  "method": "max-st_alt-i_m4",
  "x_id": "ones"
}