{
  "fre": [
    1.9760037737928537,
    1.143361891194925,
    0.1496347657312394,
    0.2533226249664628,
    0.005722337093108196,
    0.0006838579432436032,
    1.2516652312937395e-05,
    1.324653715803481e-07,
    1.6066968779145735e-09,
    2.53627615993897e-12,
    2.171648759342881e-12,
    5.059114899248884e-12,
    3.5758266977030792e-12,
    1.580047046449759e-13,
    1.604170884425351e-13,
    2.1559916404913756e-13,
    9.938062253763527e-13,
    1.2313376665620919e-12,
    8.865678387750925e-13,
    8.251743301208037e-13,
    9.25513221799787e-13,
    8.854384901282729e-13,
    2.0633453823911636e-12,
    1.8020977537854421e-12,
    1.9376874575298135e-12,
    1.7670694962135627e-12,
    4.1481769476984225e-12,
    6.59763334574655e-12,
    3.115643968552909e-13,
    4.977597177694453e-13,
    3.679233410979881e-13,
    1.5473183539738839e-12,
    5.425589869384765e-13,
    1.1968962776729069e-12,
    8.591222991219784e-13,
    2.9040858419847382e-12,
    2.4354879702392886e-12,
    2.0730730051429267e-12,
    1.5424717058796345e-12,
    1.40106179465575e-12,
    2.6224426132435313e-12,
    8.577950450613853e-13,
    2.716568703506327e-13,
    7.482482393026943e-14,
    3.469080964238685e-13,
    6.820213363588484e-13,
    5.37911888929772e-13,
    1.1941797839865753e-12,
    4.672962223356909e-13,
    7.608821925769624e-13,
    3.567418997374825e-13,
    6.268723021260285e-14
  ],
  "rk": [
    1.0,
    0.6698389694220602,
    0.43937569600168075,
    0.007606181956184065,
    0.0015517451281916467,
    0.00018457930747963554,
    3.6900057347350294e-06,
    2.46523593083786e-07,
    1.1577056416494492e-09,
    2.397809847578836e-11,
    2.6930380171017e-14,
    5.924098539456179e-13,
    6.589391906716963e-14,
    6.310227188739683e-14,
    1.8603488763766733e-15,
    1.8602171853514267e-15,
    2.112716281197986e-13,
    2.1344203425582893e-14,
    1.173886147787587e-14,
    1.4164888288071237e-15,
    1.2590912236261722e-15,
    2.178448081464665e-13,
    2.6403931400100774e-14,
    1.7110637669619324e-14,
    2.7691645194611656e-15,
    2.1271362995016836e-15,
    2.227307097580016e-13,
    4.2016160340547104e-14,
    3.951904772393289e-14,
    4.742150093928437e-15,
    1.5303538089814804e-15,
    2.1050901806062573e-13,
    2.5985749715518563e-14,
    1.9714020633008465e-14,
    1.6500269229293431e-15,
    2.2278624665195985e-13,
    5.294550090487917e-14,
    2.093921991620941e-14,
    2.9696467270621674e-15,
    1.3375958336134362e-15,
    2.2306372371385624e-13,
    6.195227915942359e-14,
    3.39277755068852e-14,
    1.7720214570779076e-15,
    2.2295277432936802e-13,
    2.6999794912165148e-14,
    1.4045565069131667e-14,
    2.0701263641364799e-13,
    1.8186321652814186e-14,
    2.1371684824297202e-13,
    3.290934204382253e-14,
    3.071792657349187e-14,
    2.0113228662337993e-13
  ],
  "exit_code": -1,
  "iters": 52,
  "mtx": "tub1000",
  "method": "max-st_alt-o_m2",
  "x_id": "ones"
}