{
  "fre": [
    0.974767882562505,
    0.9651474192923519,
    4.383625126590864,
    4.04325911983769,
    3.814023224186429,
    3.232356970774266,
    2.072619847657237,
    1.6566396687764287,
    1.654230587076648,
    1.6522093893067007,
    1.5858224392448106,
    0.2122161152044035,
    0.21030958189243346,
    0.21998483262339344,
    0.590329110811461,
    0.25021578667834316,
    0.22921436768773754,
    0.22375380321615415,
    0.03971876869549279,
    0.0007060490433392647,
    0.0007060692141826343,
    0.0007060789383787579,
    0.0006988520908142219,
    0.0009840652599526702,
    0.0009798789481782993,
    0.000979428241758073,
    0.0009842318996545192,
    0.0011641528788150018,
    0.0011635236690009576,
    0.001154054472133367,
    0.0005980000502099914,
    0.0003634445072656163,
    0.00036280543078320745,
    0.00035074992865894556,
    7.920550887017778e-05,
    1.2469832740471006e-05,
    1.2411815053978172e-05,
    1.2370065619679688e-05,
    3.2508606596019636e-06,
    1.9447551138744618e-07,
    1.9439637032054708e-07,
    1.9436376227434396e-07,
    1.9420991992332419e-07,
    2.7177064182828784e-07,
    2.7177364635338495e-07,
    2.71822661550206e-07,
    2.746796310122441e-07,
    4.470359496792909e-08,
    4.44120714773584e-08,
    4.3724207699458564e-08,
    8.302171317173732e-09,
    3.837307913054078e-08,
    3.6987345271006577e-08,
    3.625950878065373e-08,
    3.6351866920551626e-09,
    6.463626320914409e-10,
    6.44968840523052e-10,
    6.400485187672686e-10,
    2.324372867580829e-11,
    2.73868006347921e-12,
    2.737264212785059e-12,
    2.7344198790581674e-12,
    2.510237322472797e-12,
    1.2746883686800776e-12,
    1.2749069253636466e-12,
    1.2755575896378777e-12,
    1.621738114913151e-12,
    1.7773466985721782e-12,
    1.7778216612019486e-12,
    1.77907253291277e-12,
    1.9852972205086464e-12,
    2.0531247768400124e-12,
    2.0555646396855146e-12,
    2.05568677923935e-12,
    1.1824178555854726e-12,
    1.1807944847929093e-12,
    1.1895388097648178e-12,
    1.191008337085187e-12,
    1.2221458639326264e-12,
    7.262566551486743e-13,
    7.28432271637926e-13,
    7.324565367942429e-13,
    6.189075942986384e-13,
    5.226837602882539e-13,
    5.218266766358973e-13,
    5.217568100380299e-13,
    1.430449969692779e-12,
    1.590840322977908e-12
  ],
  "rk": [
    1.0,
    0.9079054512129858,
    0.8388853347003454,
    0.24898947228917245,
    0.17737502271119437,
    0.16648404042280313,
    0.13456595532382976,
    0.03031190561534827,
    0.013111506929605414,
    0.01302417405808693,
    0.012857411164667215,
    0.012815305661386153,
    0.00615681121745593,
    0.006066186026425439,
    0.005746596465063097,
    0.0030991928428869223,
    0.001242852528179358,
    0.0011962142662756308,
    0.0011916444307517393,
    0.0004165429809772293,
    1.6594148712040475e-05,
    1.6433168527541765e-05,
    1.634765428275705e-05,
    1.6018943383775112e-05,
    7.777188844100835e-06,
    7.743263982558757e-06,
    7.742608853598414e-06,
    7.705349320737487e-06,
    7.561377414469234e-06,
    7.535591743113312e-06,
    7.5104008434953134e-06,
    4.672864391515701e-06,
    2.057720004803891e-06,
    2.04991889876881e-06,
    2.004510531926934e-06,
    9.241218962884002e-07,
    9.975852461396031e-08,
    9.935349564306797e-08,
    9.915301715031172e-08,
    2.8188873805319673e-08,
    3.249823224662599e-09,
    3.1543265628058485e-09,
    3.1210600565664864e-09,
    3.102612087529122e-09,
    2.351437565387694e-09,
    2.3499067102475026e-09,
    2.348756845130021e-09,
    2.347147245258878e-09,
    1.261886449950571e-09,
    1.2596978569332354e-09,
    1.2563276036358676e-09,
    9.79021155193873e-10,
    1.9455231053988131e-10,
    1.9157240737694433e-10,
    1.8969350212759448e-10,
    7.224350245246357e-11,
    9.721715535786557e-12,
    9.711068796276965e-12,
    9.6944868513731e-12,
    1.8965810736473656e-12,
    2.596130169616905e-13,
    2.4845020501690846e-13,
    2.35191692622002e-13,
    1.905982853742086e-13,
    5.60979782744059e-14,
    5.607975961632543e-14,
    5.606558126795104e-14,
    2.893270907798378e-14,
    7.764865665151952e-15,
    7.746026447395293e-15,
    7.70299606408308e-15,
    4.605563386341681e-15,
    3.8296985556298464e-15,
    3.824368373817468e-15,
    3.824307470349162e-15,
    1.128214121190896e-15,
    2.1579069912681633e-13,
    1.0311604811385326e-13,
    7.128034726452838e-14,
    5.753061709009186e-14,
    1.279785363156185e-14,
    1.2732137146912583e-14,
    1.2613573823764682e-14,
    1.1045412191565086e-14,
    9.695726283378849e-15,
    9.692112779038659e-15,
    9.692100743515326e-15,
    1.696751318899206e-15,
    2.140060848731485e-13
  ],
  "exit_code": -1,
  "iters": 88,
  "mtx": "tub1000",
  "method": "max-lf_alt-i_m4",
  "x_id": "ones"
}