{
  "fre": [
    0.7187014840726745,
    1.6062996687005018,
    1.6102919906526296,
    1.6103675119446668,
    0.4135829292088007,
    0.09231254252816001,
    0.07926305549459414,
    0.03890951459431741,
    0.03090167781526898,
    0.028459776611357353,
    0.0007926942192165279,
    8.24121253214472e-06,
    3.80903503996751e-07,
    1.986659260465345e-07,
    1.265492730184317e-09,
    2.3961912457331015e-09,
    5.540358175471883e-11,
    2.5182653498027676e-12,
    3.2015176045559655e-12,
    3.5101334057874116e-12,
    4.038677609897245e-12,
    3.904116153429319e-12,
    4.055090930198655e-12,
    3.878690852898788e-12,
    3.883800605073164e-12,
    4.4380286702938e-12,
    1.5603642584255753e-12,
    1.4388250040959843e-12,
    1.825282498684157e-12,
    3.5748818253339423e-13,
    1.9047345046106455e-13,
    2.8972495854612316e-13,
    1.619480220629454e-12,
    5.3410211856132e-13,
    4.409146890006163e-13,
    1.232394411415578e-12,
    1.1502021943957283e-12,
    1.2141375245448722e-12,
    1.122604041909185e-12,
    1.1145110411690584e-12,
    8.140499244184226e-13,
    8.615547272952012e-13,
    8.615952646582597e-13,
    8.739987265717526e-13,
    1.2429174835386174e-12,
    1.3993272323635722e-12,
    1.5582006854717967e-12
  ],
  "rk": [
    1.0,
    0.5663089584648586,
    0.01789143385847318,
    0.01760095850599524,
    0.017560519685290852,
    0.008882350723929625,
    0.0014566240792982855,
    0.0013239206069285737,
    0.00022830324052811732,
    0.00011108161223166073,
    0.00010591656513388421,
    1.631252646637749e-05,
    5.213910129458763e-07,
    1.3387424133771974e-07,
    4.0716032457323354e-09,
    1.8926997587868688e-10,
    1.144165991118077e-10,
    9.438170464447867e-12,
    1.343264689556898e-13,
    8.617778405411786e-14,
    1.1268613090253865e-12,
    1.8898263726007726e-13,
    7.827491529141835e-14,
    7.09680992386642e-14,
    3.2218106382066094e-14,
    3.171862015061425e-14,
    2.9181936442298476e-14,
    1.9532755382814185e-14,
    1.9099524171377216e-14,
    1.1774488568872747e-14,
    1.838065290262887e-15,
    2.2734852059853237e-13,
    4.780170232676528e-14,
    2.6560448129226682e-14,
    1.6902468854210395e-14,
    1.6868118133390973e-14,
    3.719979523257056e-15,
    2.0926126383473713e-15,
    2.1647756781065572e-13,
    2.6058047709676095e-14,
    2.149232302202986e-14,
    5.103575280716913e-15,
    3.24007035681154e-15,
    3.2376687495742496e-15,
    3.183454634398338e-15,
    2.0484493806239236e-15,
    1.6359775296494417e-15,
    2.1003834331171755e-13
  ],
  "exit_code": -1,
  "iters": 47,
  "mtx": "tub1000",
  "method": "max-st_alt-i_m3",
  "x_id": "ones"
}