{
  "fre": [
    1.0476601483639605,
    1.0241382982875324,
    0.988910745346089,
    0.9468954662998564,
    0.9025870738426067,
    0.8427904022169225,
    0.748296693488042,
    0.6125586888784773,
    0.4459958721867655,
    0.25213172910946824,
    0.10779990818033806,
    0.02020112024501655,
    0.012054059930155169,
    0.0073511705672736705,
    0.0035411682601088844,
    0.001988053923493459,
    0.0007678997958645004,
    0.0004270088850059041,
    0.000259065210350483,
    0.00014975150011293245,
    0.00012812106299508154,
    7.533257622540877e-05,
    3.1132876418365364e-05,
    9.30699053101596e-06,
    5.730336036155201e-06,
    4.818650821803705e-06,
    4.526954912137094e-06,
    4.2900575640790074e-06,
    4.026286714019156e-06,
    3.7625027823620004e-06,
    3.4741910595556528e-06,
    3.1221363722681816e-06,
    2.5861678744449943e-06,
    1.8223940733718516e-06,
    1.1089943005207111e-06,
    6.605505468446913e-07,
    3.1478287781856324e-07,
    8.96747300184282e-08,
    2.2988378785218572e-08,
    1.035447187374094e-08,
    8.43440385426949e-09,
    5.917967493770692e-09,
    4.954436001326769e-09,
    4.249551781370776e-09,
    3.7590281765609546e-09,
    3.4291592600378714e-09,
    3.169811071648806e-09,
    2.9607408205575253e-09,
    2.721462783180356e-09,
    2.463531418925287e-09,
    1.99567315384234e-09,
    9.414451388856938e-10,
    3.4830564941721716e-10,
    1.0901483755802159e-10,
    4.339356722209125e-11,
    2.4898334180174785e-11,
    1.469525749293363e-11,
    9.740638950679412e-12,
    6.552967813202041e-12,
    3.9371587270158475e-12,
    3.5828159094144167e-12,
    2.9476813104099644e-12,
    2.4925079942376683e-12,
    2.2387572436972013e-12,
    2.039672350422127e-12,
    1.879101891778483e-12,
    1.7385962539974195e-12,
    1.5967489181684383e-12,
    1.3737096760848535e-12,
    9.888781031148201e-13,
    6.536430919646058e-13,
    3.3242231104959583e-13,
    1.4457755970961082e-13
  ],
  "rk": [
    1.0,
    0.018639073190022115,
    0.007471618925004094,
    0.003937884145636256,
    0.0025703116872064077,
    0.0020825907859780028,
    0.0018683171866342705,
    0.0016555446245907857,
    0.0014472991879393323,
    0.0012256726313354196,
    0.000952775800053921,
    0.0006814876159681562,
    0.0003714343685474231,
    0.00020553547234265838,
    0.00012141411738243449,
    5.850188411029161e-05,
    2.8147544252324594e-05,
    1.2718243137396253e-05,
    6.385357017840906e-06,
    3.308493399297547e-06,
    2.0645095449707737e-06,
    1.6391238791807732e-06,
    1.1196080293744193e-06,
    6.409239090668703e-07,
    2.547659443362713e-07,
    1.072310120409886e-07,
    4.7547769937886216e-08,
    2.6139101167760456e-08,
    1.8191207328637084e-08,
    1.2856128243915102e-08,
    9.807354423855222e-09,
    7.945194769387659e-09,
    6.924839618638132e-09,
    6.010056465604605e-09,
    4.7757175774945e-09,
    3.4547825132580636e-09,
    2.531499888551347e-09,
    1.6374973471489131e-09,
    8.706562308318176e-10,
    3.7315487852553585e-10,
    1.9634193494425563e-10,
    1.2804910745821522e-10,
    6.24136320849505e-11,
    3.9321264529441784e-11,
    2.495006268101726e-11,
    1.5534911880833177e-11,
    1.0424221047222447e-11,
    7.604626927991766e-12,
    6.444966567248634e-12,
    5.882086775800966e-12,
    5.569242167807214e-12,
    5.106824833400246e-12,
    3.547912355673148e-12,
    2.1461110113952056e-12,
    1.067909518570532e-12,
    5.62683008687806e-13,
    3.341918047585383e-13,
    1.8300121429762137e-13,
    1.2487340561797065e-13,
    8.554668574404435e-14,
    4.986440405911549e-14,
    3.493739205067433e-14,
    2.2542337167996787e-14,
    1.3644167213249615e-14,
    9.472801576944972e-15,
    6.810166952257116e-15,
    4.9546313441641786e-15,
    4.101606906043046e-15,
    3.70888715592299e-15,
    3.3024281535793923e-15,
    2.602786638043797e-15,
    1.943163505317821e-15,
    1.1831971190161472e-15,
    7.671059473400363e-16
  ],
  "exit_code": 0,
  "iters": 73,
  "mtx": "wang2",
  "method": "max-lf_alt-o-repeat_m4",
  "x_id": "ones"
}