{
  "fre": [
    1.237406872104779,
    1.1804830528606574,
    1.1338147377508754,
    1.082942070295169,
    1.0393538232817687,
    0.9980384628840658,
    0.9537812315775898,
    0.8934684916537009,
    0.8131907695195069,
    0.7157121471185406,
    0.615603474227308,
    0.4787383353221639,
    0.35451644357673007,
    0.19176540628816577,
    0.06665776796490716,
    0.026251756918944085,
    0.011028836250520016,
    0.005193505683449969,
    0.0036739914035281845,
    0.002887514129224974,
    0.002648258002790121,
    0.002071671120220592,
    0.0013854210903053393,
    0.0009328109034039818,
    0.0007443911810823,
    0.0006779278068639845,
    0.0006412735831712586,
    0.0006151337050335014,
    0.0005894476899644996,
    0.0005626015179118232,
    0.0005142822805218336,
    0.00045363109065525074,
    0.0003854628663754434,
    0.0002915831637432786,
    0.00017372096692504528,
    8.0473502373023e-05,
    2.674860365138693e-05,
    1.261298694664991e-05,
    1.0528446010052441e-05,
    7.278854013573602e-06,
    6.686628514718346e-06,
    5.261355425459692e-06,
    4.145773013839522e-06,
    3.5796796727039375e-06,
    3.256209335893481e-06,
    2.987058805450296e-06,
    2.8284071534368745e-06,
    2.671459366329399e-06,
    2.48949747707358e-06,
    2.2816205748926874e-06,
    2.0864133316455804e-06,
    1.7874969558750675e-06,
    1.3807992613702e-06,
    8.089786002890885e-07,
    3.741513196188759e-07,
    1.3471320278220559e-07,
    3.9990503054016225e-08,
    2.3743308502627255e-08,
    1.852094542698318e-08,
    1.4676071988054413e-08,
    1.2970209382396219e-08,
    9.641375141988739e-09,
    5.615303022950935e-09,
    1.6123353433536216e-09,
    5.601318007462575e-10,
    3.6763664480160133e-10,
    2.543839983488285e-10,
    1.6143838316566803e-10,
    1.0792924401314803e-10,
    7.754209379131326e-11,
    5.620795384980583e-11,
    3.368557568407448e-11,
    2.0959760210530557e-11,
    1.413266225575639e-11,
    9.707468371861697e-12,
    6.489224313744577e-12,
    4.178530225403356e-12,
    2.508007771522083e-12,
    1.5230633429312454e-12,
    1.3995780471286114e-12,
    1.3655975487865545e-12,
    1.318522017271267e-12,
    1.2771213927037469e-12,
    1.2158972658550518e-12,
    1.1148915390341185e-12,
    1.0136250359597214e-12,
    8.619257641694699e-13,
    5.502916654375683e-13,
    2.9778244804898837e-13,
    1.5164754657670962e-13,
    1.4898455876327454e-13
  ],
  "rk": [
    1.0,
    0.04718402537175779,
    0.014882732045398554,
    0.007446693599740858,
    0.004194680077365293,
    0.0028279342003119322,
    0.0023495754416353308,
    0.0021211976752967205,
    0.0019423358278703605,
    0.001775735436804605,
    0.0016298763371735718,
    0.0014993720385648647,
    0.0013141972779022787,
    0.0011409870531300756,
    0.0008322455420852043,
    0.0004758568228516189,
    0.0002498641179535969,
    0.00013102621923443414,
    8.396416711367107e-05,
    5.7599389200973874e-05,
    3.9115313456782416e-05,
    3.189365045177243e-05,
    2.5138582545865878e-05,
    1.7809835164663563e-05,
    1.1426817422286904e-05,
    6.742015951102035e-06,
    3.940291149693995e-06,
    2.442222160000691e-06,
    1.7537455864193557e-06,
    1.433836401924194e-06,
    1.2802305219109205e-06,
    1.1367395196838903e-06,
    1.008592333256693e-06,
    9.14046950871759e-07,
    7.892945534187449e-07,
    6.249563115787799e-07,
    4.475990769270259e-07,
    2.795144546638103e-07,
    1.7949870336857905e-07,
    1.344626734226097e-07,
    9.147314141602993e-08,
    7.042916123573978e-08,
    4.702719329200147e-08,
    2.8989886529047806e-08,
    1.8230880269531506e-08,
    1.3096835623943552e-08,
    9.245879010483748e-09,
    7.600839556063334e-09,
    6.641916346956658e-09,
    5.799086303247663e-09,
    5.056022537891302e-09,
    4.582640196082568e-09,
    4.075614211273906e-09,
    3.4713941218820717e-09,
    2.5326966634331926e-09,
    1.7198775311421807e-09,
    1.0203164743901414e-09,
    5.434070974880118e-10,
    3.4509397737843116e-10,
    2.341024736421935e-10,
    1.86178428734637e-10,
    1.57544259440669e-10,
    1.2804145850659002e-10,
    9.596903981506965e-11,
    4.862874446220216e-11,
    2.1105523844352894e-11,
    1.043431131660931e-11,
    6.454477685409117e-12,
    3.722895085731963e-12,
    2.1087282041344654e-12,
    1.2625823751739331e-12,
    8.715141671017183e-13,
    5.294597023024579e-13,
    3.150407481585317e-13,
    2.0637232617885888e-13,
    1.3150771809953355e-13,
    9.006158434498749e-14,
    6.308618877203221e-14,
    4.08072237625115e-14,
    1.7022523717532547e-14,
    7.711834294268172e-15,
    4.980945194716155e-15,
    3.313485160054841e-15,
    2.8843340563104653e-15,
    2.6528650342159004e-15,
    2.424699036861675e-15,
    2.2668850934762108e-15,
    2.0871337011542386e-15,
    1.7134613085142554e-15,
    1.3242823073369003e-15,
    1.0041960647008035e-15,
    8.700923379346034e-16
  ],
  "exit_code": -1,
  "iters": 91,
  "mtx": "wang2",
  "method": "max-st_alt-o_m4",
  "x_id": "ones"
}