{
  "fre": [
    0.18401577304485453,
    0.09421902169990538,
    0.06579590791733207,
    0.052052620021204324,
    0.044695552540720496,
    0.040376544080403566,
    0.038288578701558044,
    0.036960052291589156,
    0.03538320518572119,
    0.03381937022473716,
    0.03229137100593368,
    0.03020314815952605,
    0.02707724507163457,
    0.023916671605249656,
    0.02018802867585114,
    0.014606244418924172,
    0.009328972319243838,
    0.005109603677517113,
    0.0020970721579386576,
    0.0007553992558030874,
    0.0007288014627031701,
    0.0006903943811984668,
    0.0006571719853543616,
    0.0006260592446640398,
    0.0005904456050411662,
    0.0005466875459944878,
    0.0004964618818064514,
    0.0004459424652983314,
    0.00038521346822585644,
    0.0003084718117401307,
    0.00019011033197896727,
    8.235938334210565e-05,
    2.934933595923971e-05,
    9.771747618915433e-06,
    3.289376672442231e-06,
    1.6752509441078737e-06,
    9.557660809859985e-07,
    6.233490410664314e-07,
    5.204917922611803e-07,
    2.88936244538073e-07,
    2.532925869194483e-07,
    1.8116326868587163e-07,
    9.297476014904797e-08,
    5.365290187465592e-08,
    3.785827089002008e-08,
    3.026261809971016e-08,
    2.5667167810917078e-08,
    2.3612207252138772e-08,
    2.2441526992662866e-08,
    2.1397134885498026e-08,
    2.042146038773445e-08,
    1.9176237621053324e-08,
    1.78857387822709e-08,
    1.609219498764254e-08,
    1.2536634499552991e-08,
    8.443776326877858e-09,
    4.60263570067338e-09,
    1.7011341733430962e-09,
    4.778788879711273e-10,
    2.7339981343046683e-10,
    2.510190746838224e-10,
    2.1398361361930835e-10,
    1.8657696613066275e-10,
    1.632889495883417e-10,
    1.4721177414536555e-10,
    1.3987165415247704e-10,
    1.3345177636950316e-10,
    1.2563320012524685e-10,
    1.145603959782278e-10,
    9.716552835646094e-11,
    6.65748555352028e-11,
    2.6342021177197183e-11,
    6.872941412730851e-12,
    3.5539309656342525e-12,
    2.220102886574216e-12,
    1.07122712931047e-12,
    5.217555473131223e-13,
    2.347788234722443e-13,
    1.2523121720499215e-13
  ],
  "rk": [
    1.0,
    0.02863139528806194,
    0.0055621367704121695,
    0.001759528500717949,
    0.0007448514425877372,
    0.0003993379544062378,
    0.0002119731621459965,
    0.00010535593876864261,
    6.242428107052106e-05,
    4.2867318657760384e-05,
    3.2407090317561945e-05,
    2.7794486973624154e-05,
    2.5048967407247495e-05,
    2.2347969999582133e-05,
    2.036349682953675e-05,
    1.8229517547067188e-05,
    1.4869822231137363e-05,
    1.1230317504992295e-05,
    7.92488159065987e-06,
    4.93444645035183e-06,
    2.7391203070457455e-06,
    1.828340088807131e-06,
    1.142934390291508e-06,
    8.128155414020784e-07,
    6.496171588425802e-07,
    5.535561176201455e-07,
    4.844386252582702e-07,
    4.2211560591779383e-07,
    3.7840873450889356e-07,
    3.341017412742626e-07,
    2.8686326152180537e-07,
    2.1839321141107762e-07,
    1.4136146978476644e-07,
    8.700237666316221e-08,
    5.102898183227733e-08,
    2.8257900304300896e-08,
    1.5124198115159437e-08,
    8.122993258003382e-09,
    4.298769270890414e-09,
    3.1161694613959584e-09,
    2.0421437094508595e-09,
    1.4920382733804583e-09,
    1.0699697254157562e-09,
    6.176433649936507e-10,
    3.371254478014739e-10,
    2.00874306742688e-10,
    1.29219879320934e-10,
    7.954934801969492e-11,
    4.5806712138879066e-11,
    2.887870854753848e-11,
    2.1184080659626686e-11,
    1.8317675484388146e-11,
    1.6297600820349886e-11,
    1.4708942618563242e-11,
    1.3362710641396424e-11,
    1.1027503763617606e-11,
    8.616187301744082e-12,
    6.169474651782206e-12,
    3.739638420435155e-12,
    1.9240982600315526e-12,
    1.2290147046483874e-12,
    9.314272436913615e-13,
    6.400408643160401e-13,
    4.661672316522425e-13,
    3.167208259837847e-13,
    1.904509120048409e-13,
    1.402271070175473e-13,
    1.174443119946764e-13,
    1.0406550626693404e-13,
    9.263141687359742e-14,
    8.153200978934729e-14,
    6.661059929175288e-14,
    4.2243561389880304e-14,
    2.106699131345058e-14,
    1.2704280804385309e-14,
    9.357438459013627e-15,
    6.388892201065957e-15,
    3.482485370012554e-15,
    1.5927380155595624e-15,
    9.295037594781156e-16
  ],
  "exit_code": 0,
  "iters": 79,
  "mtx": "wang2",
  "method": "max-st_add_m3",
  "x_id": "randn"
}