{
  "fre": [
    1.0431766765432178,
    1.0193761282953815,
    0.9805820322636051,
    0.9370558273774467,
    0.891499656557206,
    0.820062533879504,
    0.7057947986686728,
    0.5323858154121456,
    0.34505797750034456,
    0.16211235560896087,
    0.04607415774687209,
    0.012003643597685708,
    0.008185181021381594,
    0.004010363845146653,
    0.0025880185927213083,
    0.0010979059902678267,
    0.000511846726446376,
    0.00023768566625800903,
    9.206211480313735e-05,
    6.277855178820058e-05,
    5.30104585053202e-05,
    2.7483905223468796e-05,
    1.4631052783744145e-05,
    1.0654288501887102e-05,
    9.421299487703068e-06,
    8.875946736688354e-06,
    8.349083303586716e-06,
    7.949552369653931e-06,
    7.357492609223757e-06,
    5.559465972284787e-06,
    2.4788688078309848e-06,
    8.863017532635792e-07,
    3.9956022859476186e-07,
    2.0021417638102393e-07,
    1.1357456948034469e-07,
    5.0725727764390255e-08,
    2.1296088269155726e-08,
    9.58878605464249e-09,
    4.5338385906576105e-09,
    2.1439950746329296e-09,
    1.6876431780116818e-09,
    1.0202990644748947e-09,
    7.267440088857473e-10,
    5.893333875754942e-10,
    4.967561469994815e-10,
    4.441231092586894e-10,
    4.030688245709681e-10,
    3.749598186133396e-10,
    3.459002646347819e-10,
    3.1771571864680477e-10,
    2.7345772620075787e-10,
    1.479610746306605e-10,
    4.70105692753418e-11,
    1.1290269121325778e-11,
    3.3203219842701526e-12,
    1.4843950993021358e-12,
    9.190500055412482e-13,
    6.026832741449119e-13,
    3.6250148991859374e-13,
    2.2057761585193667e-13,
    1.904040524027971e-13,
    1.1184016352987057e-13,
    7.006777961561497e-14
  ],
  "rk": [
    1.0,
    0.016986688468380293,
    0.006939512089472167,
    0.0035445876749380595,
    0.00232840309639029,
    0.001975097188619141,
    0.0017881246249403155,
    0.0015822138062668767,
    0.0013411160625202837,
    0.0010730753754320387,
    0.0007917893047081353,
    0.00048770309154988776,
    0.00024556686007050853,
    0.00014007766716892995,
    7.093529209013224e-05,
    3.596733349567012e-05,
    1.4291229032810911e-05,
    7.358049059789735e-06,
    2.910970250772879e-06,
    1.3734148103098796e-06,
    7.980144678564631e-07,
    6.355636980106651e-07,
    3.7935232930758694e-07,
    2.0222492326882336e-07,
    1.0245097553164604e-07,
    4.936452993340766e-08,
    3.1083630674798886e-08,
    2.0877986241132998e-08,
    1.8018670974578167e-08,
    1.6565608833518436e-08,
    1.3552206182366297e-08,
    8.375485548022208e-09,
    4.223972483216976e-09,
    2.4377070152059765e-09,
    1.345596053244513e-09,
    8.119935488914676e-10,
    4.2399144061924887e-10,
    2.318203532885009e-10,
    1.3049283302447716e-10,
    7.035470237794067e-11,
    4.127544799304032e-11,
    2.6210092959727873e-11,
    1.4619652552736454e-11,
    7.968962066397721e-12,
    4.576350141614092e-12,
    2.676261645527457e-12,
    1.607491406149448e-12,
    1.0419530378167728e-12,
    8.364646078252219e-13,
    7.467343566814499e-13,
    6.959651819591124e-13,
    6.422202912555637e-13,
    4.637858513249616e-13,
    2.4134699325512583e-13,
    1.0473433594603964e-13,
    4.7121258088346937e-14,
    2.2481495123884428e-14,
    1.3108509666538864e-14,
    8.383043179039429e-15,
    5.020513439995775e-15,
    3.555012377173299e-15,
    2.692769247828604e-15,
    1.6033734431131664e-15,
    9.49954229904602e-16
  ],
  "exit_code": -1,
  "iters": 63,
  "mtx": "wang2",
  "method": "max-st_alt-o-repeat_m4",
  "x_id": "ones"
}