{
  "fre": [
    0.1314660705158474,
    0.07475131164937553,
    0.055978953135009155,
    0.04513576800732006,
    0.04028006871478925,
    0.03811953668513202,
    0.038349026609712566,
    0.03785122838793666,
    0.03665756481955256,
    0.03502283083006669,
    0.030263977690476413,
    0.01839728540015662,
    0.010587988037711125,
    0.005742354677283002,
    0.003012081085614356,
    0.0013597928598644085,
    0.0005386932713036955,
    0.00031538778927366225,
    0.0002693875842692893,
    0.0001972476129729598,
    0.00018565339053657411,
    0.00016859123959450485,
    0.0001583072959800485,
    0.00014524851207530726,
    0.00013440031295186002,
    0.00011946834141778122,
    8.92175472711744e-05,
    3.823011843185375e-05,
    1.6430093493841416e-05,
    9.987706657986917e-06,
    6.0352339349724556e-06,
    5.378927168361176e-06,
    4.520719820267748e-06,
    2.436317092663681e-06,
    7.71305990737408e-07,
    2.772038115731139e-07,
    1.1563720987688703e-07,
    5.318753189625239e-08,
    2.2422690581788748e-08,
    6.264216755079315e-09,
    5.9144633370735e-09,
    5.618804181238393e-09,
    5.318985128916574e-09,
    4.931504581257423e-09,
    4.3876219269991375e-09,
    2.813872536694159e-09,
    6.04424234784686e-10,
    1.4832282947273481e-10,
    8.123556620296773e-11,
    4.4096269429999695e-11,
    2.3867854163111017e-11,
    1.622021492277087e-11,
    1.788193748827095e-11,
    1.84782064537939e-11,
    1.6262250902479788e-11,
    1.0238987294477544e-11,
    5.578886211950599e-12,
    3.8559294684027405e-12,
    2.676987512444964e-12,
    1.4214128555327776e-12,
    1.3872158958300142e-12,
    1.326630147451575e-12,
    1.2507604394452712e-12,
    1.1323687847408529e-12,
    1.0362064368562881e-12,
    8.881735748862104e-13
  ],
  "rk": [
    1.0,
    0.02891825485199167,
    0.0053826859169696295,
    0.0013261931285973533,
    0.00036491856266314816,
    0.0001915986179364387,
    9.435845119864391e-05,
    5.4638779330248875e-05,
    4.1727718555120944e-05,
    3.549373534119108e-05,
    3.330076526548662e-05,
    2.9951658998900464e-05,
    2.126708287331956e-05,
    1.468650881391519e-05,
    1.02987162751297e-05,
    7.358851466817159e-06,
    5.059910480424956e-06,
    3.0055007478294394e-06,
    1.5587665279217066e-06,
    1.0112680328610615e-06,
    7.019886883029886e-07,
    5.376800386128361e-07,
    3.533445581048651e-07,
    2.436740555674205e-07,
    1.6927995273556167e-07,
    1.4297429169893428e-07,
    1.3129566659514683e-07,
    1.1371025087470568e-07,
    7.765793458529325e-08,
    5.0346577038137316e-08,
    3.7633895324190824e-08,
    2.7063022078246153e-08,
    1.6541169554107073e-08,
    1.0452669238801414e-08,
    6.005326435792947e-09,
    2.439686162569976e-09,
    1.0056829527684768e-09,
    3.9685548358197706e-10,
    1.7038724758576145e-10,
    8.245644744802266e-11,
    3.171802874579071e-11,
    1.7435842070749563e-11,
    9.376155285307697e-12,
    6.9185437646131576e-12,
    6.23962219536814e-12,
    5.819730984194221e-12,
    4.7795386717925665e-12,
    2.490083005641668e-12,
    1.2490706749457698e-12,
    7.095468154839059e-13,
    3.6098822623395894e-13,
    1.8338630012564497e-13,
    7.47441944788612e-14,
    4.006179116361483e-14,
    2.9394274920474404e-14,
    2.224540139687523e-14,
    1.4130436234070072e-14,
    8.667646487931231e-15,
    6.526651903686939e-15,
    5.092851638094261e-15,
    3.3317184419786137e-15,
    2.2910692063414214e-15,
    1.7137957383212055e-15,
    1.4181510562698037e-15,
    1.1779481480989522e-15,
    1.0703017258708e-15,
    9.986031850028824e-16
  ],
  "exit_code": 0,
  "iters": 66,
  "mtx": "wang1",
  "method": "max-lf_alt-o-repeat_m4",
  "x_id": "randn"
}