{
  "fre": [
    0.22925537319365732,
    0.14187304017801985,
    0.09862966768315086,
    0.0693759356472198,
    0.04704826992648924,
    0.026142789618724408,
    0.016517626736753,
    0.01494457269312702,
    0.014670492045352146,
    0.014769762589699703,
    0.014880684066530278,
    0.014908401623682437,
    0.014675112144481122,
    0.014185425342560664,
    0.012904053359449144,
    0.010694502157972258,
    0.0067335584953881235,
    0.004353465240109707,
    0.0027410070613834697,
    0.0017345274538379703,
    0.0016880667456757197,
    0.0015816457344377886,
    0.0014835802365015425,
    0.001377701293932217,
    0.0009561725388318253,
    0.0005317103052687849,
    0.00027914230766777035,
    0.0001640473920437314,
    0.0001035667294403191,
    7.342315530878802e-05,
    4.776958501400282e-05,
    3.553379955026158e-05,
    2.8089057304995257e-05,
    2.193232615051343e-05,
    1.6546158726737287e-05,
    1.2753517379989902e-05,
    8.994642378395586e-06,
    6.736155807552105e-06,
    5.880099910351796e-06,
    4.778763603995204e-06,
    4.7166424708442775e-06,
    4.530606563913006e-06,
    4.30824174515146e-06,
    4.091885296954953e-06,
    3.816613029085808e-06,
    3.368641846237746e-06,
    2.3360801275211438e-06,
    1.3495629992667496e-06,
    7.532407601995335e-07,
    3.6614401442818275e-07,
    1.2385646174632128e-07,
    1.243090625438905e-07,
    9.863517254351507e-08,
    6.054859628108248e-08,
    2.3359133893261584e-08,
    2.0729655065995652e-08,
    2.058655461808904e-08,
    1.6730535038996325e-08,
    1.076288529956048e-08,
    6.2979116288441704e-09,
    6.097165281257868e-09,
    5.616754916912143e-09,
    5.212089817138512e-09,
    4.8485693420688535e-09,
    4.237561443976736e-09,
    3.0076860734116924e-09,
    1.4926760978846505e-09,
    9.038014218581688e-10,
    5.216922697940245e-10,
    2.7132741976096684e-10,
    1.4560609829894849e-10,
    9.499752036031826e-11,
    5.554199684439812e-11,
    3.319152851762696e-11,
    2.465204765074974e-11,
    1.826410215789657e-11,
    1.5383770185894753e-11,
    1.461998879490492e-11,
    1.3960220911951441e-11,
    1.3254936926354538e-11,
    1.302294112025363e-11,
    1.2434922470986192e-11,
    1.1977834120503485e-11,
    1.1024222923070343e-11,
    8.405179364269047e-12,
    6.11807581439955e-12,
    3.569219149512458e-12,
    1.80210528896225e-12,
    1.1643619624300849e-12,
    7.144375102544051e-13,
    4.3713768520049164e-13
  ],
  "rk": [
    1.0,
    0.018429256357155734,
    0.003512203839206221,
    0.0014677751749215006,
    0.0006969395670448996,
    0.0004155721464629207,
    0.00024046794402255448,
    0.0001072051426961461,
    5.7064214097504205e-05,
    3.490756592057397e-05,
    2.5032734747723384e-05,
    2.037162631182719e-05,
    1.633230353894463e-05,
    1.4668038285877746e-05,
    1.3852079491714433e-05,
    1.2732135444211678e-05,
    1.1048643454112028e-05,
    7.700460012886311e-06,
    5.4715239378815165e-06,
    3.81543796435795e-06,
    2.791806616948849e-06,
    2.4084148989506964e-06,
    2.08094598763096e-06,
    1.9304210874163257e-06,
    1.8592429093021363e-06,
    1.5825022925749689e-06,
    1.1526410231561525e-06,
    7.224075887889819e-07,
    4.3734616734504353e-07,
    2.399552877201787e-07,
    1.62069044923113e-07,
    1.0977782552653154e-07,
    7.277097317768827e-08,
    5.0964451739669186e-08,
    3.857025358232328e-08,
    2.8729252987779336e-08,
    2.208839264023029e-08,
    1.5688024541775732e-08,
    1.0249953084487982e-08,
    8.032300439203727e-09,
    6.544552392520634e-09,
    5.901982384161741e-09,
    5.204052143645131e-09,
    4.528341186686592e-09,
    4.1403614069287986e-09,
    3.859016996741521e-09,
    3.5165921047878095e-09,
    2.798908996871472e-09,
    2.0968109140411223e-09,
    1.6576458179831649e-09,
    1.3187146240564786e-09,
    8.374632734398764e-10,
    4.871473175495222e-10,
    3.417594275047964e-10,
    2.4776426635235335e-10,
    1.497270448453631e-10,
    9.156260082265904e-11,
    5.4389662585428236e-11,
    3.839348504176463e-11,
    2.6736593163838233e-11,
    1.8933460370061313e-11,
    1.4818913101288553e-11,
    1.0723227058866172e-11,
    8.572207484596132e-12,
    7.861478846224828e-12,
    7.238745695126778e-12,
    6.107452163487859e-12,
    4.1325648265394416e-12,
    2.6983004319338917e-12,
    1.5942789096416674e-12,
    9.674167320227166e-13,
    5.373106278274902e-13,
    3.4644093841280635e-13,
    2.50403904873669e-13,
    1.8452922584477991e-13,
    1.2756677460125905e-13,
    8.059220364813694e-14,
    4.20613887923695e-14,
    2.2669100889516752e-14,
    1.446784295689112e-14,
    1.336107805131249e-14,
    1.2756298355110925e-14,
    1.1909823894640042e-14,
    1.1487260231097829e-14,
    1.0817198510480491e-14,
    8.97238395335509e-15,
    7.244770079590395e-15,
    5.084450392094517e-15,
    2.995388636619612e-15,
    1.9786637193588208e-15,
    1.321332595064885e-15,
    9.523432346855589e-16
  ],
  "exit_code": 0,
  "iters": 91,
  "mtx": "wang1",
  "method": "max-lf_alt-o_m4",
  "x_id": "randn"
}