{
  "fre": [
    1.2880623822390245,
    1.307245299143313,
    1.3415478584180183,
    1.3604072358073345,
    1.3596416802976328,
    1.3204042317012392,
    1.2434371283202386,
    1.1547863534775937,
    1.029106687995609,
    0.769098556629448,
    0.36244472189814947,
    0.17445694458582728,
    0.12536525655687433,
    0.08658218219657395,
    0.046905353387498294,
    0.02101387171790143,
    0.009197690687423139,
    0.002653662010963624,
    0.0019577714492788898,
    0.0015263079746460088,
    0.0013702308244206273,
    0.000983543035689575,
    0.000579026434955548,
    0.00041736205520405677,
    0.0002950506488768989,
    0.00022000296213592598,
    0.0001457863984173683,
    9.726555975270474e-05,
    6.66641781098212e-05,
    4.985427572523955e-05,
    5.1278088325685144e-05,
    5.695076630232399e-05,
    5.932380312308487e-05,
    5.873069584819295e-05,
    5.227462849684618e-05,
    4.04058854010372e-05,
    2.412081804446324e-05,
    1.1865716582384162e-05,
    4.924749833379004e-06,
    2.0615132999305726e-06,
    2.0198927299806496e-06,
    1.9320916205218284e-06,
    1.8314561366073337e-06,
    1.728323786956124e-06,
    1.56830488304045e-06,
    1.228109931324241e-06,
    7.223652951453483e-07,
    4.1866045618559877e-07,
    1.5852292469070257e-07,
    7.890937947902929e-08,
    6.510627566133571e-08,
    5.0267521606020145e-08,
    3.616909735614147e-08,
    2.4968130445114193e-08,
    1.657112399989591e-08,
    1.0491488304989897e-08,
    4.684669066525044e-09,
    1.978167211882063e-09,
    7.695707710968297e-10,
    5.050536022506395e-10,
    4.5370600750402023e-10,
    3.821518243379662e-10,
    3.170116727818638e-10,
    2.34971490251468e-10,
    1.6957052692272736e-10,
    9.722212757348e-11,
    8.28670822016386e-11,
    9.923910552756815e-11,
    9.9159464396004e-11,
    9.348091382338742e-11,
    8.849691107009778e-11,
    8.242821828812323e-11,
    6.996881328381705e-11,
    5.346762638598063e-11,
    4.202698698028317e-11,
    2.536979815883089e-11,
    1.2326509510706881e-11,
    5.823152823235929e-12,
    3.1396903814327947e-12,
    1.8181523742063808e-12,
    1.774258326603169e-12,
    1.6649376473888925e-12,
    1.5318356079327242e-12,
    1.4123064490259688e-12,
    1.1605801244125119e-12,
    7.858011216653419e-13,
    4.2326651191348303e-13,
    2.464710489737423e-13,
    1.1389917095841365e-13,
    7.034531831973154e-14
  ],
  "rk": [
    1.0,
    0.04493710246245563,
    0.015477515987818678,
    0.007833868963072626,
    0.005478543562962793,
    0.004495534845883457,
    0.0038059075556452753,
    0.0033074469027130587,
    0.0030916469467978246,
    0.002906251397965358,
    0.0025321759786701846,
    0.0017347607175979475,
    0.0010025151680088445,
    0.0007050990697771542,
    0.0005186303692068834,
    0.0003598391406058798,
    0.00020605329383931054,
    0.00012061850344391721,
    5.322390325458522e-05,
    3.099741132820249e-05,
    2.210765182116153e-05,
    1.8521923756049746e-05,
    1.4140103022426199e-05,
    8.642479498638577e-06,
    5.689568105524367e-06,
    3.631797779984923e-06,
    2.5534100520280046e-06,
    1.7525741029455277e-06,
    1.2776352866862519e-06,
    9.561118285031032e-07,
    5.807714532709609e-07,
    3.929324422011245e-07,
    2.7975476966295187e-07,
    2.1712633724690691e-07,
    1.807245839448049e-07,
    1.519298491473942e-07,
    1.2081002728432575e-07,
    8.737991771028534e-08,
    5.61213301417853e-08,
    3.043225168544354e-08,
    1.37865297726934e-08,
    1.0271841879335483e-08,
    7.686423159949539e-09,
    6.494542113098946e-09,
    5.940848556753854e-09,
    5.630924438173158e-09,
    5.020401958831883e-09,
    3.675049237551844e-09,
    2.493567865907618e-09,
    1.242549917703253e-09,
    4.852180522380515e-10,
    2.8074625045605117e-10,
    1.842074507622985e-10,
    1.4203427753357154e-10,
    1.1432934279234491e-10,
    9.286744064706663e-11,
    7.230102738332912e-11,
    4.4897960128628976e-11,
    2.7180124433899633e-11,
    1.55525262151946e-11,
    7.793739929733083e-12,
    5.554421823530173e-12,
    4.05338405987882e-12,
    3.1468268478767776e-12,
    2.3788556175852807e-12,
    1.909468929361102e-12,
    1.3874696175461888e-12,
    8.319666200063255e-13,
    4.788769524367716e-13,
    3.661336141608168e-13,
    3.0353336196192814e-13,
    2.7319246650854535e-13,
    2.4928479260535557e-13,
    2.1541594836455484e-13,
    1.6977699390102374e-13,
    1.4160742696698422e-13,
    9.7576856849258e-14,
    5.912453419782738e-14,
    3.3635387990180713e-14,
    1.9748914299450973e-14,
    1.3473910178315916e-14,
    1.0598427590785202e-14,
    8.198160827904467e-15,
    6.8071324894923745e-15,
    6.162440394166022e-15,
    5.241991289976498e-15,
    4.039053757153564e-15,
    2.6940123740078624e-15,
    1.801981376649915e-15,
    1.0631519818398816e-15,
    6.238582679390414e-16
  ],
  "exit_code": 0,
  "iters": 90,
  "mtx": "wang1",
  "method": "max-st_alt-o_m4",
  "x_id": "ones"
}