{
  "fre": [
    0.1281833631500098,
    0.06279107642650887,
    0.047182979540339544,
    0.03985387236560727,
    0.036479554072052445,
    0.033698691271914945,
    0.03159429810631575,
    0.030178291917839384,
    0.028540929490466823,
    0.026976331345689608,
    0.023237498025862783,
    0.015681908809743274,
    0.007971025812481203,
    0.0033168362386533728,
    0.0008951386889260841,
    0.0005537257753377721,
    0.0003635846762434979,
    0.00022039095718144125,
    0.00012071153101607839,
    7.336738789844281e-05,
    6.346158648200938e-05,
    4.91403289104213e-05,
    4.34969053855888e-05,
    3.984406688683887e-05,
    3.6687955685764707e-05,
    3.3449125456910056e-05,
    3.0185409391310887e-05,
    2.6691001751418803e-05,
    2.405040190152658e-05,
    1.885825586353722e-05,
    1.0172279862124403e-05,
    3.7988583483763213e-06,
    1.3568324330659336e-06,
    4.514532956937024e-07,
    1.1738707391914054e-07,
    4.870289885877516e-08,
    3.450785508308859e-08,
    3.075206158533147e-08,
    2.3641918179226293e-08,
    1.0256718101285819e-08,
    9.403967251838187e-09,
    7.841808341275797e-09,
    6.804617513835371e-09,
    6.078836054819943e-09,
    5.605827901948686e-09,
    5.234293503749806e-09,
    4.964464681392852e-09,
    4.455761653017289e-09,
    2.6745957610674385e-09,
    8.886799051260046e-10,
    2.957033122236892e-10,
    8.93318742719879e-11,
    3.7883630274855675e-11,
    2.070682561189388e-11,
    1.4801965286623246e-11,
    1.0985275515081267e-11,
    6.465245979097603e-12,
    4.040135917140866e-12,
    2.418221735022353e-12,
    1.4424583522152749e-12,
    1.2795636135391155e-12,
    1.0173416259976284e-12,
    9.009899536769568e-13,
    8.301113895858336e-13
  ],
  "rk": [
    1.0,
    0.02719973879878205,
    0.004744643651614727,
    0.0011816830960501706,
    0.0002974044520631929,
    0.00012269027791752147,
    6.687964070160513e-05,
    3.4843214695282594e-05,
    2.4521328455134975e-05,
    2.0415559168485762e-05,
    1.9052328310147535e-05,
    1.7358650856937348e-05,
    1.4194467786157058e-05,
    1.0329384240592496e-05,
    6.956732132101834e-06,
    3.520765872525768e-06,
    2.1945763982541813e-06,
    1.3794820113668738e-06,
    8.126023540960846e-07,
    4.5444752540357273e-07,
    2.946342381333302e-07,
    2.1409949732749652e-07,
    1.1265774929045974e-07,
    6.82864677171047e-08,
    4.7888943302955076e-08,
    3.7283992439513534e-08,
    2.967817144522375e-08,
    2.4127817074428137e-08,
    1.9823239756492747e-08,
    1.7840917448250276e-08,
    1.5218364163518425e-08,
    1.0570248963242039e-08,
    5.8302266884056875e-09,
    3.0941966802543498e-09,
    1.6143458286966741e-09,
    7.062434632687329e-10,
    3.2910974307484e-10,
    1.4801502923861133e-10,
    8.469572431502884e-11,
    6.009532214168042e-11,
    3.178820085927233e-11,
    2.1880062098850313e-11,
    1.410198314810943e-11,
    9.143127950081015e-12,
    6.075134446551609e-12,
    4.422255132378069e-12,
    3.65602116732306e-12,
    3.437846223375103e-12,
    3.2404200865933936e-12,
    2.5542905469186592e-12,
    1.5188548279948943e-12,
    8.854938600731797e-13,
    4.3533746518419487e-13,
    2.3519868893972573e-13,
    1.2150124580085806e-13,
    6.596377155932024e-14,
    4.5427482884993844e-14,
    2.607371516946035e-14,
    1.5515104152213158e-14,
    9.484435563546151e-15,
    6.4482065338046286e-15,
    4.4962797610088835e-15,
    2.4029168875529363e-15,
    1.3672537356319989e-15,
    9.381815132008034e-16
  ],
  "exit_code": 0,
  "iters": 64,
  "mtx": "wang2",
  "method": "max-lf_alt-o-repeat_m4",
  "x_id": "randn"
}