{
  "fre": [
    0.12178355460045104,
    0.04658637043762092,
    0.028783603064769746,
    0.022094790114068022,
    0.019493632937853694,
    0.01801554090680932,
    0.016757689565242186,
    0.016065589084208597,
    0.015349188911512573,
    0.014413616039679146,
    0.013790688983850429,
    0.012610258333095259,
    0.007892150134435975,
    0.0021453630629133407,
    0.0006780638087550071,
    0.00017436535979307828,
    0.0001010580469115819,
    6.39090698125258e-05,
    5.002020454046802e-05,
    3.7557917481246134e-05,
    3.420303894301963e-05,
    2.8261813451294692e-05,
    2.296694742741296e-05,
    1.6899802065338667e-05,
    1.1732731287682155e-05,
    7.2187490205337955e-06,
    3.423660828995962e-06,
    2.0470809283500145e-06,
    1.5289485423138441e-06,
    8.611798698556682e-07,
    3.527423909022245e-07,
    1.8336919253845709e-07,
    9.902293175831714e-08,
    7.40094751664439e-08,
    5.9522742961444176e-08,
    4.179563984846628e-08,
    1.5131672002196533e-08,
    2.088499760345635e-09,
    6.1447101266408e-10,
    5.020510372946677e-10,
    4.805913701153468e-10,
    4.493525148537619e-10,
    4.0806962253950324e-10,
    3.366169026455701e-10,
    2.266973794939115e-10,
    9.984110549471268e-11,
    1.2497743340452536e-11,
    5.106273267631812e-12,
    3.20784585254236e-12,
    2.1975916842529618e-12,
    2.394613575570599e-12,
    2.5261915371071864e-12,
    2.2601583481592026e-12,
    1.78323639558951e-12,
    8.732204440360657e-13,
    2.823251318238756e-13,
    9.561020812394091e-14
  ],
  "rk": [
    1.0,
    0.024696213969412247,
    0.005090103518471872,
    0.0014798532343609893,
    0.0004449512419945428,
    0.00014824728863215743,
    8.619001436342322e-05,
    5.688879395994094e-05,
    4.277579587371264e-05,
    3.486590881905513e-05,
    2.6537163945085813e-05,
    2.5151630701691127e-05,
    2.4355085462902576e-05,
    2.0049543147752076e-05,
    1.1976920061496645e-05,
    7.923784103882963e-06,
    3.5472002379381936e-06,
    1.595364595047552e-06,
    8.378708685147592e-07,
    4.3885405058845514e-07,
    2.6807095401329864e-07,
    2.0437583928317e-07,
    1.3803076102592014e-07,
    9.604598259585091e-08,
    6.692387696761587e-08,
    4.683485884299588e-08,
    3.104194583459916e-08,
    1.676385874069045e-08,
    8.851099537558665e-09,
    5.7605927134452694e-09,
    3.505514183541194e-09,
    1.5358980914969225e-09,
    6.745210681979835e-10,
    3.0106777126738837e-10,
    1.8335561581895563e-10,
    1.4378502196799502e-10,
    1.1295340485977525e-10,
    6.629679428984344e-11,
    2.521385071800925e-11,
    1.0118431101795233e-11,
    3.938401322216396e-12,
    2.1454232548311676e-12,
    1.4216099573451758e-12,
    1.1674487450947833e-12,
    9.92212889602949e-13,
    7.672849292818952e-13,
    5.069566786407946e-13,
    2.1523950428409937e-13,
    7.037789989360479e-14,
    3.61822490239415e-14,
    2.218991584624805e-14,
    1.147593291119569e-14,
    6.905728253176825e-15,
    5.0512705061713634e-15,
    4.088256060101354e-15,
    2.5872808338379463e-15,
    1.3124828103757613e-15,
    6.421333505732204e-16
  ],
  "exit_code": 0,
  "iters": 57,
  "mtx": "wang1",
  "method": "max-st_alt-o-repeat_m4",
  "x_id": "sine"
}