{
  "fre": [
    0.18565921068347235,
    0.1001557479302269,
    0.07699438617539062,
    0.06697998751245794,
    0.06371731897983449,
    0.06336978461623233,
    0.06388635385983009,
    0.06433201729115699,
    0.06325086717393284,
    0.06124892905385973,
    0.05906122217003783,
    0.05612154235673878,
    0.049146645967126514,
    0.037694345293084595,
    0.02469518672946157,
    0.011701875566914433,
    0.00540208407925646,
    0.0024891142852567255,
    0.0008500665369790023,
    0.0002974736605485645,
    0.0002588313560186566,
    0.00020371979481624837,
    0.00017012237384270314,
    0.0001452306599523403,
    0.00012619014151900844,
    0.00010400380044377429,
    7.72803441263786e-05,
    4.969893688535665e-05,
    2.5982403808329436e-05,
    1.067912626930203e-05,
    4.090337850087828e-06,
    2.486640433359685e-06,
    1.7596794187928948e-06,
    1.3325687894927444e-06,
    8.928395501628947e-07,
    5.306588457858694e-07,
    4.1538581700836586e-07,
    3.905434658324713e-07,
    3.743269058126093e-07,
    3.182900702954391e-07,
    3.1230413127325983e-07,
    3.0314798015473613e-07,
    2.9019912920423125e-07,
    2.730134947962454e-07,
    2.4093709090646027e-07,
    1.8069168128244215e-07,
    8.789923553027692e-08,
    3.134004414586446e-08,
    1.1522520065688567e-08,
    4.875459167315511e-09,
    2.5890655432164567e-09,
    1.0937669840201503e-09,
    6.649677390428633e-10,
    4.14881964915191e-10,
    2.1749188965148033e-10,
    6.907073007322803e-11,
    1.7214239183666226e-11,
    1.2667966895533235e-11,
    1.106143867228209e-11,
    6.697176927275044e-12,
    6.3783364527882385e-12,
    5.981581761260798e-12,
    5.574352976827484e-12,
    4.540923582180461e-12,
    3.2861281012150503e-12,
    1.6968961844291626e-12,
    3.6704288163600513e-13,
    1.126772959049475e-13,
    8.543799831264029e-14
  ],
  "rk": [
    1.0,
    0.029322804866085576,
    0.005695492493335315,
    0.0018168095738862178,
    0.0007261982185593246,
    0.0003534650630195434,
    0.0002204475860664957,
    0.00015816620571910053,
    0.00010747494316311324,
    7.665548480793856e-05,
    6.29321129279408e-05,
    5.879325843487442e-05,
    5.7330867205251296e-05,
    5.470377146345685e-05,
    4.920038929171462e-05,
    4.014882895116393e-05,
    2.682083718152751e-05,
    1.5396009243544284e-05,
    8.861674560841969e-06,
    4.628337638216935e-06,
    2.6470765436105792e-06,
    1.7149444543851266e-06,
    9.858753740952082e-07,
    6.123874137177513e-07,
    4.2632472011368627e-07,
    3.369348557475819e-07,
    2.677795815411307e-07,
    2.0531798927361403e-07,
    1.470902597672449e-07,
    9.659070162326989e-08,
    5.796087348335635e-08,
    3.439276364875468e-08,
    2.185671513702981e-08,
    1.4148573677218218e-08,
    6.621364986279808e-09,
    3.1782217251245903e-09,
    1.5788916308768823e-09,
    8.690746684902267e-10,
    5.76959573990163e-10,
    4.659378382199049e-10,
    3.775401417597527e-10,
    3.288569985252599e-10,
    3.1128548222702394e-10,
    2.983933420029394e-10,
    2.864618882396259e-10,
    2.700073101313229e-10,
    2.4094102441052345e-10,
    1.7693317991005024e-10,
    1.0597969518115925e-10,
    5.822306464275364e-11,
    3.211604175480928e-11,
    1.7399473120813088e-11,
    8.598011608998672e-12,
    4.504998539862514e-12,
    2.8847841591018412e-12,
    1.7636934048276868e-12,
    8.513382070368519e-13,
    3.4606771668343525e-13,
    1.2680257337931617e-13,
    4.1530212021774044e-14,
    1.9886848425183968e-14,
    1.3092584761656972e-14,
    9.898606843938283e-15,
    8.925902025790445e-15,
    7.714929018558985e-15,
    6.587209533509177e-15,
    5.0984212651167225e-15,
    2.9714130584650022e-15,
    1.5196888340593933e-15,
    8.441039104179808e-16
  ],
  "exit_code": 0,
  "iters": 69,
  "mtx": "wang1",
  "method": "max-st_add_m3",
  "x_id": "randn"
}