{
  "fre": [
    1.0781101128778714,
    1.1218138809563565,
    1.1607548861009942,
    1.1727794264351872,
    1.1501057585103878,
    1.0903758373832733,
    0.9568000387337638,
    0.7996689802342786,
    0.502844705664726,
    0.2857696514610993,
    0.1954892914270678,
    0.0980521109074316,
    0.030774549252842124,
    0.01220442448717693,
    0.0039459335117602735,
    0.0013048474047471178,
    0.0008349600470283809,
    0.00038310226924872305,
    0.00026984431160097705,
    0.00020589702481292046,
    0.00017649760770178054,
    0.00012640245501762805,
    8.850803575600645e-05,
    6.928930711355009e-05,
    6.169756218850326e-05,
    5.048820728716859e-05,
    3.9337791725309065e-05,
    2.7029226062761052e-05,
    1.696946433339313e-05,
    9.961154804040145e-06,
    4.267937725916691e-06,
    1.6719267439797032e-06,
    5.094878963864875e-07,
    3.73171071246986e-07,
    3.143219356213597e-07,
    3.313331750083704e-07,
    3.188713332136757e-07,
    2.4037775543006874e-07,
    2.1912407214610096e-08,
    1.0904631176864613e-08,
    1.0102991869295054e-08,
    9.34250428786681e-09,
    8.44661840959416e-09,
    7.017945268174523e-09,
    4.1249984123098074e-09,
    1.7160651674750869e-09,
    4.778368710928086e-10,
    1.8415273643588477e-10,
    1.7401377787300847e-10,
    1.3691981980398622e-10,
    7.798694284605231e-11,
    5.8130707599291674e-11,
    4.752749819770289e-11,
    4.116782905755042e-11,
    3.353018244732716e-11,
    2.370762981247857e-11,
    1.6221955711778404e-11,
    1.2395587988279151e-11,
    6.8645044487981415e-12,
    2.146300194234851e-12,
    2.102800716259856e-12,
    2.01909604629071e-12,
    1.9216197809187228e-12,
    1.8330357086992206e-12,
    1.5820517509084795e-12,
    1.1877986505375598e-12,
    7.484315061565313e-13,
    1.8683044479189467e-13,
    8.376640197886312e-14
  ],
  "rk": [
    1.0,
    0.027506391913514377,
    0.010185081054664457,
    0.006041718532647783,
    0.0043744787753895,
    0.003442098124128172,
    0.003015295535715844,
    0.002590099426060111,
    0.0023471849276856657,
    0.0017650739295128777,
    0.001202887109718992,
    0.0008500113141616472,
    0.0005618752320596833,
    0.00024188123981120803,
    0.00011589996329918603,
    5.003707389731539e-05,
    2.2632262773914966e-05,
    1.2932120221338778e-05,
    7.098362783943357e-06,
    4.505586542384301e-06,
    3.1612699824807377e-06,
    2.3737171041121845e-06,
    1.5928817011813405e-06,
    9.435515137458974e-07,
    4.6619767264186765e-07,
    3.39942337447047e-07,
    2.6020306674885174e-07,
    1.9298931568618e-07,
    1.0750577235785574e-07,
    7.370582017215581e-08,
    4.1524072174597834e-08,
    2.5509599627770276e-08,
    1.4272481215377326e-08,
    8.448024459324303e-09,
    4.967475927541897e-09,
    2.8259381441234224e-09,
    1.8208558697810669e-09,
    1.4170696965693466e-09,
    1.1204425916702372e-09,
    4.1330184640236164e-10,
    1.6088548754671777e-10,
    8.605550870024359e-11,
    5.0466542808144836e-11,
    4.1808276748392547e-11,
    3.7193905601728415e-11,
    2.9105217563099204e-11,
    1.9150069386294762e-11,
    9.133709639082319e-12,
    4.019371727656043e-12,
    1.6707400156388142e-12,
    9.769909924905287e-13,
    5.520793995609731e-13,
    3.430849786551773e-13,
    2.293748641210462e-13,
    1.6269552079347745e-13,
    1.2738018010435128e-13,
    9.107493219449264e-14,
    6.241858930530316e-14,
    4.699918897705367e-14,
    3.282886892305254e-14,
    1.611619101390504e-14,
    1.0505625280484196e-14,
    7.227471036097618e-15,
    5.8841298584964615e-15,
    5.614976877959905e-15,
    5.2637977373700155e-15,
    4.697004300173052e-15,
    3.820674054261229e-15,
    1.8914470122634768e-15,
    8.900531172353373e-16
  ],
  "exit_code": 0,
  "iters": 69,
  "mtx": "wang1",
  "method": "max-lf_alt-o-repeat_m4",
  "x_id": "ones"
}