{
  "fre": [
    0.9909487032819064,
    0.96606560022614,
    0.9362608611616992,
    0.9081294292946013,
    0.8708357750125119,
    0.8298678018756578,
    0.7833771801467312,
    0.7086359955038478,
    0.5823578729808543,
    0.44515272753710844,
    0.2722934542085736,
    0.12742608614688006,
    0.0639735469658899,
    0.037418949848788,
    0.021445994222485006,
    0.009619763209830006,
    0.003629689597615784,
    0.001391598123538778,
    0.0008555150081957883,
    0.0005995934208550098,
    0.0005334948727222023,
    0.0004077431438368158,
    0.000288736907970904,
    0.0002523072270826799,
    0.00023395751426753085,
    0.0002236958674093447,
    0.00021321921860645028,
    0.00019946132391916756,
    0.0001853646676869294,
    0.0001735140977692177,
    0.0001597788062953216,
    0.00014080942803638922,
    0.00011969136861053794,
    8.361967789273968e-05,
    4.189053500270428e-05,
    1.6246544067999972e-05,
    4.856349331053723e-06,
    2.5432991211802104e-06,
    1.1078877278920113e-06,
    3.699135495919093e-07,
    3.2170611077685734e-07,
    2.3410263351004775e-07,
    1.6622079939162267e-07,
    1.3619036316397626e-07,
    1.1381399984704193e-07,
    9.8963612182196e-08,
    8.886430486888949e-08,
    8.283029334176073e-08,
    7.876393325590142e-08,
    7.59623045997632e-08,
    7.246307221236843e-08,
    6.33186256057317e-08,
    4.99005087187394e-08,
    3.453781388749117e-08,
    1.7504911970982595e-08,
    7.389874766138468e-09,
    3.7202045242090625e-09,
    1.7376438568264468e-09,
    1.0374840964886306e-09,
    5.895069699226611e-10,
    5.540062398887905e-10,
    4.93947677422983e-10,
    4.3082030990317505e-10,
    3.84004576258018e-10,
    3.5243144799068843e-10,
    3.311216838110891e-10,
    3.1453581262741445e-10,
    2.972503206635006e-10,
    2.7714634351639297e-10,
    2.487356337870731e-10,
    1.9482777256073694e-10,
    1.0588555698624827e-10,
    4.729152165263387e-11,
    1.527373270214794e-11,
    6.965971545938769e-12,
    3.689215868515265e-12,
    2.5379767447986728e-12,
    1.8436465732943222e-12,
    8.753295742742802e-13,
    3.788495074456189e-13,
    3.337492695735912e-13,
    2.3866703848635456e-13,
    1.5195915607250264e-13,
    1.0156517352132298e-13,
    6.569786771435698e-14,
    4.121827866511883e-14
  ],
  "rk": [
    1.0,
    0.02980780211417643,
    0.00964395713445499,
    0.005303058887399979,
    0.0033646938009694685,
    0.0024864963923902795,
    0.002033008181436779,
    0.0018677404380419986,
    0.001723611529860892,
    0.0015267357531867495,
    0.0013232579804474587,
    0.001047305127404757,
    0.0007294050265388418,
    0.0004860316024221047,
    0.00031780037476072557,
    0.00021266555890243923,
    0.00012791299213907342,
    7.897069348508817e-05,
    4.170627964861671e-05,
    2.3039319363761728e-05,
    1.431512865942087e-05,
    1.1274499650604042e-05,
    8.70969880807453e-06,
    4.752081630568321e-06,
    2.717591026829537e-06,
    1.4897400540547678e-06,
    1.0604138207438298e-06,
    8.230909601040098e-07,
    6.416805728231984e-07,
    5.111101983833542e-07,
    4.4233118174148355e-07,
    4.026658500233875e-07,
    3.655180961599668e-07,
    3.2988996891039015e-07,
    2.6494172125041506e-07,
    1.8208930848890674e-07,
    1.221037967505008e-07,
    6.820407125413418e-08,
    3.6526893638833436e-08,
    1.7274709231646085e-08,
    9.631530300836697e-09,
    6.645906680669943e-09,
    4.293795886414539e-09,
    2.506558688233461e-09,
    1.6730998808536901e-09,
    1.1825372104853316e-09,
    8.126674683171218e-10,
    5.223811972419641e-10,
    3.123508664787063e-10,
    2.1586259592795383e-10,
    1.9267445538568993e-10,
    1.8378961027364803e-10,
    1.6713433196509204e-10,
    1.4107163409597741e-10,
    1.1102843273325454e-10,
    7.302097789349302e-11,
    4.2894166489656175e-11,
    2.9762160253314035e-11,
    2.010795829898868e-11,
    1.409871413449307e-11,
    8.484298488984648e-12,
    6.205632479488078e-12,
    4.717372627997633e-12,
    3.286516002297706e-12,
    2.125878239925961e-12,
    1.412701355764999e-12,
    1.0520060833207082e-12,
    8.703264549735286e-13,
    7.707773102389694e-13,
    7.038477542355847e-13,
    6.403778349757469e-13,
    5.429736652066601e-13,
    3.917876846566689e-13,
    2.624475833000507e-13,
    1.4465776905971364e-13,
    8.557257685422707e-14,
    5.386032595818231e-14,
    3.4423371849585145e-14,
    2.3818699013337786e-14,
    1.50083811990457e-14,
    9.3767844835785e-15,
    6.671887532873992e-15,
    4.339297275864781e-15,
    2.7299913667367603e-15,
    1.8096185902391995e-15,
    1.2547672356494514e-15,
    8.642880502152896e-16
  ],
  "exit_code": -1,
  "iters": 86,
  "mtx": "wang2",
  "method": "max-st_add_m3",
  "x_id": "ones"
}