{
  "fre": [
    0.30798398169397273,
    0.15775167829793174,
    0.11021583211011882,
    0.08241863399732896,
    0.06069055785588655,
    0.04383165916401205,
    0.029157098299678587,
    0.01825323546011628,
    0.01090031066132632,
    0.0074019781221847875,
    0.005504086927848602,
    0.004255173937500167,
    0.0033872904328090363,
    0.0029015770670132316,
    0.0025846850745432953,
    0.00239698852637473,
    0.002307303216628142,
    0.002220186298497015,
    0.0021257237646499744,
    0.0019794936614524134,
    0.0019436136409779498,
    0.0018498138530934959,
    0.0016840895997689085,
    0.0014702842491204047,
    0.0011753886100682354,
    0.0008442027936049303,
    0.0005013198584827953,
    0.0002903599179127393,
    0.0001594155818878103,
    6.43577951792423e-05,
    2.7249430619331083e-05,
    1.5469722235708685e-05,
    8.06447256802287e-06,
    3.8435604923599375e-06,
    1.6049897472122494e-06,
    5.780800079921335e-07,
    2.9549150142580944e-07,
    1.444110227820343e-07,
    7.106890513936282e-08,
    4.61733078629983e-08,
    3.690744048579168e-08,
    2.4514649769580594e-08,
    1.984159159182211e-08,
    1.7746052187068714e-08,
    1.652303669566214e-08,
    1.541010844225574e-08,
    1.3979502116588781e-08,
    1.2589227655840373e-08,
    1.1618803585282488e-08,
    1.0912118440281343e-08,
    1.0293994986919199e-08,
    9.62918473026964e-09,
    8.811140928362012e-09,
    7.629842070087968e-09,
    5.6048542464081546e-09,
    3.480412211362149e-09,
    1.867477636243521e-09,
    1.0820377088700699e-09,
    5.290789526073749e-10,
    2.014349966719604e-10,
    1.9495892552717537e-10,
    1.821344838231589e-10,
    1.6817571593685987e-10,
    1.555361268328505e-10,
    1.4874024502799815e-10,
    1.437041644086115e-10,
    1.3477895144578557e-10,
    1.1668185365128782e-10,
    9.72100375908363e-11,
    7.336124182448087e-11,
    4.868414366762676e-11,
    3.025367118108492e-11,
    1.9200478050463007e-11,
    9.616683244622242e-12,
    3.5602492453647584e-12,
    1.277883786165731e-12,
    7.321167638631438e-13,
    4.0110827410467343e-13,
    3.2313198708537864e-13,
    2.5944264737689286e-13,
    2.429522431229158e-13,
    2.0964699597677122e-13,
    1.7921686265935904e-13
  ],
  "rk": [
    1.0,
    0.039078517245349206,
    0.006777140586731605,
    0.0023587878137471376,
    0.0012106982918651552,
    0.0007206268263674968,
    0.000471399135610126,
    0.0003083950780195638,
    0.0002030726832614549,
    0.00013361424450800542,
    8.795849004614808e-05,
    5.930605698660881e-05,
    3.8152707361969044e-05,
    2.5112450805098464e-05,
    1.7706372249547477e-05,
    1.223643230790672e-05,
    7.687204964174764e-06,
    5.132555226661219e-06,
    3.8057180045465475e-06,
    3.274123016902882e-06,
    2.853513329548367e-06,
    2.7033542322024614e-06,
    2.5790164110755877e-06,
    2.4421261085630424e-06,
    2.2909666890054705e-06,
    2.060113373727988e-06,
    1.7549792553425649e-06,
    1.3062866630632938e-06,
    9.379379384072677e-07,
    6.525848782832077e-07,
    3.8083062076261307e-07,
    2.33994029718404e-07,
    1.369042644589475e-07,
    8.534329963085075e-08,
    5.0021375155392726e-08,
    2.7080018311679938e-08,
    1.2700540247230211e-08,
    5.821042268224623e-09,
    2.7107552754773345e-09,
    1.2977519525004162e-09,
    7.890485338742144e-10,
    5.404856950840056e-10,
    3.0420072544459006e-10,
    1.8253253011337745e-10,
    1.0496360887781046e-10,
    7.108878388079543e-11,
    5.40666344111094e-11,
    3.867145084424134e-11,
    2.756830423399748e-11,
    2.072648084850574e-11,
    1.7371357243043592e-11,
    1.5771789039193837e-11,
    1.4669949731607508e-11,
    1.3595087560101379e-11,
    1.2258788913874503e-11,
    9.872401844387561e-12,
    7.138641087140325e-12,
    4.593285527518755e-12,
    3.1388555483507813e-12,
    2.02706591746587e-12,
    1.041691123181396e-12,
    6.85643280696094e-13,
    5.008034945249625e-13,
    3.6154782994662136e-13,
    2.542273053564879e-13,
    2.1620098563239374e-13,
    2.0506294891270847e-13,
    1.9545413774595073e-13,
    1.783529313982554e-13,
    1.5897168118515355e-13,
    1.3465045208677228e-13,
    1.0526068288882764e-13,
    7.718648439381077e-14,
    5.947140252853485e-14,
    4.0835967517541777e-14,
    2.4431362294393844e-14,
    1.3060775750780964e-14,
    8.264639400323244e-15,
    4.781240513373018e-15,
    2.7782688469092906e-15,
    1.965145809123157e-15,
    1.5159928700894062e-15,
    1.152139108632431e-15,
    9.26517269473681e-16
  ],
  "exit_code": 0,
  "iters": 83,
  "mtx": "wang2",
  "method": "max-st_alt-o_m4",
  "x_id": "sine"
}