{
  "fre": [
    0.3172544256596804,
    0.1881108658678854,
    0.12938669059197416,
    0.08609256692536382,
    0.05713807086030261,
    0.04070403985783564,
    0.031415860456469755,
    0.024021609779054483,
    0.018309162044876075,
    0.015901452029934794,
    0.013878716215843905,
    0.012163020596236385,
    0.010719897227845858,
    0.009943883402532798,
    0.00950961297576218,
    0.009116490345882527,
    0.008646557470888487,
    0.007881263348120142,
    0.0068000702091778244,
    0.005509684891265447,
    0.0053980861457244836,
    0.0051635465931123715,
    0.004815475017949485,
    0.004421292350129136,
    0.0038697091201285476,
    0.0029385662520600045,
    0.0018476590044025755,
    0.0009847595128296676,
    0.0005042407449185479,
    0.0002739877482491285,
    0.00017059699347866136,
    0.0001019641487346582,
    6.86420861530076e-05,
    3.639561122106692e-05,
    1.6162555204556526e-05,
    7.787133283206908e-06,
    3.9778895680053235e-06,
    2.695469846143888e-06,
    1.8471466296126398e-06,
    1.244930094972814e-06,
    1.159873233710317e-06,
    1.0392889755402635e-06,
    9.50552626152744e-07,
    8.663847290074822e-07,
    7.777474199655201e-07,
    7.091577193619527e-07,
    6.630014154522768e-07,
    6.288213831741062e-07,
    5.971460103584666e-07,
    5.382056065526312e-07,
    4.1439757954660297e-07,
    2.4966654482027136e-07,
    1.2505015757431307e-07,
    5.632067013198849e-08,
    2.459819114696243e-08,
    1.2534529138325403e-08,
    8.268152087695482e-09,
    5.56177879591266e-09,
    3.72643857975634e-09,
    1.9285324410380354e-09,
    1.7416206812301546e-09,
    1.3335423671121439e-09,
    9.017093454474693e-10,
    6.261907293755036e-10,
    4.058553842990106e-10,
    2.2943882208140059e-10,
    9.859475586338673e-11,
    5.010259907427822e-11,
    2.8731389493949224e-11,
    1.9124823953873505e-11,
    1.4472538233846096e-11,
    1.1536232669560234e-11,
    8.847161146958494e-12,
    6.712027085736056e-12,
    5.193862173241624e-12,
    4.694938768959756e-12,
    4.461629618263085e-12,
    4.260169174704242e-12,
    4.028436701153739e-12,
    3.868840342468472e-12,
    3.780177467589065e-12,
    3.602137287440134e-12,
    3.4458754065926065e-12,
    3.0992733016484985e-12,
    2.5014348595688958e-12,
    1.832215799027102e-12,
    1.0408046983535437e-12,
    3.8266664771314824e-13
  ],
  "rk": [
    1.0,
    0.019797732163893272,
    0.0037684859426929517,
    0.001670086216891353,
    0.0008085724866462965,
    0.0004162283017000995,
    0.00022766468339596092,
    0.00014564709346132486,
    9.813240981114117e-05,
    6.267662780831397e-05,
    4.606456127183574e-05,
    3.379688568275674e-05,
    2.4688440255601738e-05,
    1.543254183480026e-05,
    1.0062627775604835e-05,
    8.112708811710926e-06,
    7.15192754725273e-06,
    6.581399409477346e-06,
    5.956109296036787e-06,
    5.108323726939657e-06,
    4.207598231427244e-06,
    3.820482305422733e-06,
    3.591377462023764e-06,
    3.3773226262038948e-06,
    3.18526703645535e-06,
    2.9380509590955127e-06,
    2.4889593053682026e-06,
    1.8931888917918246e-06,
    1.302831144820261e-06,
    9.187246621719307e-07,
    6.678210415649195e-07,
    4.960148706526258e-07,
    3.336277953111847e-07,
    2.2699388249922044e-07,
    1.3196702488059463e-07,
    7.556399584017007e-08,
    4.3333075948496115e-08,
    2.489416921267496e-08,
    1.3471516658908949e-08,
    7.244419715173635e-09,
    3.902688530616462e-09,
    2.6412968311709988e-09,
    1.818865210522647e-09,
    1.3940803547557408e-09,
    1.1013076309846816e-09,
    8.302044415349e-10,
    6.218521030452227e-10,
    4.980608547665919e-10,
    4.348828715498481e-10,
    4.075631187119874e-10,
    3.803923958495201e-10,
    3.3384007503695096e-10,
    2.6172477976604897e-10,
    1.8475500368048024e-10,
    1.190954098098852e-10,
    7.080553632186833e-11,
    4.366666845700328e-11,
    3.09020295483169e-11,
    2.2357928274762946e-11,
    1.655877718205933e-11,
    1.115093703982265e-11,
    7.889220012744511e-12,
    5.687447463402168e-12,
    3.862151293109303e-12,
    2.7902751718249017e-12,
    2.079231843115022e-12,
    1.5194672421696426e-12,
    8.947685742459469e-13,
    4.860202451644641e-13,
    2.5147492939887314e-13,
    1.3380159994670389e-13,
    7.711456976035199e-14,
    5.1704097090489784e-14,
    3.6745215836404755e-14,
    2.652377847653839e-14,
    1.6006041458947435e-14,
    9.158412976204407e-15,
    5.8600075987208194e-15,
    4.258244468468654e-15,
    2.950247078229213e-15,
    2.6743637077218987e-15,
    2.5113440972597066e-15,
    2.393112966240946e-15,
    2.326271602662032e-15,
    2.197942635420226e-15,
    1.971098295544163e-15,
    1.673388495525568e-15,
    1.2487346447311582e-15,
    7.426511533055556e-16
  ],
  "exit_code": 0,
  "iters": 88,
  "mtx": "wang2",
  "method": "max-st_alt-o_m4",
  "x_id": "randn"
}