{
  "fre": [
    1.1072346598695242,
    1.1661275906660187,
    1.2060068204188505,
    1.2135037357022076,
    1.1706002053854452,
    1.0920711941313066,
    0.927477558483799,
    0.641549045070668,
    0.3193387640625733,
    0.20104505462553696,
    0.12124526230016214,
    0.0408681637416575,
    0.012406839865167189,
    0.0035120836130108435,
    0.0019341717098979307,
    0.0005941292945961786,
    0.00016769500559907916,
    2.8738218409486272e-05,
    2.2194490291337973e-05,
    1.2741722437045188e-05,
    1.065265520659644e-05,
    7.18775899253637e-06,
    5.6345331094269865e-06,
    4.6865795562492955e-06,
    3.952238431566769e-06,
    3.459794884849847e-06,
    3.0498587585003994e-06,
    2.0233468321484843e-06,
    6.553881092284426e-07,
    1.9923386275999044e-07,
    1.3982365236672586e-07,
    1.7120102195471534e-07,
    1.4120757006657777e-07,
    8.986751763955597e-08,
    2.8767628261122384e-08,
    7.428151955561193e-09,
    2.6512069618120885e-09,
    1.5924488199420675e-09,
    8.44453937617612e-10,
    3.47672988631642e-10,
    3.3762308899633e-10,
    3.172162950438538e-10,
    2.877582201139407e-10,
    2.2399570643449667e-10,
    1.2824092788364162e-10,
    1.6394145725787265e-11,
    3.993918686347086e-12,
    3.5865833207247034e-12,
    3.6365620445660195e-12,
    3.145106720296841e-12,
    2.7052797660246124e-12,
    1.6476988399124018e-12,
    5.795334839650237e-13,
    2.647451012098874e-13,
    1.9205019590765924e-13,
    1.34914979401234e-13,
    7.661408131425344e-14
  ],
  "rk": [
    1.0,
    0.028384165636824877,
    0.009195992832974027,
    0.00551738553510912,
    0.004145370946155391,
    0.003284612839229703,
    0.0029653769622356796,
    0.002605589598157337,
    0.0021564216654875383,
    0.001256704606521447,
    0.000913917709652929,
    0.0006426834668665361,
    0.00030424328167926297,
    0.0001231798661588029,
    5.4776593783510674e-05,
    1.9593026962708535e-05,
    9.545099338008388e-06,
    4.213241225697391e-06,
    1.358712563335897e-06,
    3.590502995895002e-07,
    2.013545967248523e-07,
    1.4857808508436113e-07,
    8.598559195875703e-08,
    4.785651491012168e-08,
    2.816087125193606e-08,
    1.699127595740294e-08,
    1.2313366226742349e-08,
    1.0620270955405519e-08,
    8.603237115791962e-09,
    5.031151677277488e-09,
    2.6780345974464727e-09,
    1.573367914932409e-09,
    1.1656640959458976e-09,
    8.452605236869772e-10,
    5.359702070318748e-10,
    2.096136166443593e-10,
    6.83174287259744e-11,
    2.7738839228393002e-11,
    1.2748900902584849e-11,
    5.093020657289403e-12,
    2.500141449624277e-12,
    1.7369143222137033e-12,
    1.3290065774221075e-12,
    1.1182555826422094e-12,
    9.076441402984168e-13,
    6.393608692204905e-13,
    3.1258403537970983e-13,
    1.1188758038127334e-13,
    4.4848459808390765e-14,
    2.0958652842478288e-14,
    1.2058114598204043e-14,
    9.672645487709104e-15,
    7.534957721009962e-15,
    4.245318977072436e-15,
    2.701604155577961e-15,
    1.63580816356043e-15,
    1.0070802270622103e-15,
    7.128371997935367e-16
  ],
  "exit_code": 0,
  "iters": 57,
  "mtx": "wang1",
  "method": "max-st_alt-o-repeat_m4",
  "x_id": "ones"
}