{
  "fre": [
    0.11115829369361906,
    0.039835592815848704,
    0.02700696678782709,
    0.02207699112065695,
    0.01940479451068387,
    0.017324399049225548,
    0.01567381472105686,
    0.014599575986888236,
    0.013566380093150924,
    0.012571172228332147,
    0.011668973499947947,
    0.010471539256060132,
    0.009217353663681923,
    0.007674715387048339,
    0.004636473244489333,
    0.001645786333701212,
    0.0004609796156928957,
    0.00024730665341224747,
    0.0001291887612387872,
    7.101522425017462e-05,
    5.94219006455491e-05,
    3.8542385977562674e-05,
    2.2512075495564943e-05,
    1.4721643321310914e-05,
    1.3303891185751215e-05,
    1.2577073154396523e-05,
    1.1707662404362439e-05,
    1.0739182105690158e-05,
    1.0084511921222125e-05,
    9.318819061213126e-06,
    7.750212574891192e-06,
    5.85957623607753e-06,
    3.950137619795806e-06,
    1.8251942481677096e-06,
    7.75536037659595e-07,
    2.2949735541528905e-07,
    4.6756418343326785e-08,
    1.368496807623505e-08,
    7.89253463326479e-09,
    5.198507844887398e-09,
    4.404416493946672e-09,
    3.48903282607677e-09,
    3.1633036995499773e-09,
    2.935992368779779e-09,
    2.7635786451311943e-09,
    2.6033356340675937e-09,
    2.3486184477478064e-09,
    1.912653098997993e-09,
    1.6849911605619898e-09,
    1.4250194457845269e-09,
    8.095308534306892e-10,
    1.567708709839362e-10,
    3.232169453709821e-11,
    1.719360805881034e-11,
    1.4992924701774567e-11,
    1.0538694951369927e-11,
    5.325320992126249e-12,
    2.339190639733779e-12,
    1.2148531256258607e-12,
    6.811883967487155e-13,
    5.484087390574456e-13,
    3.6198604112147764e-13,
    2.1602871949944498e-13,
    1.5452257719247905e-13
  ],
  "rk": [
    1.0,
    0.01896012734347996,
    0.0028715782745682714,
    0.0006732298446503051,
    0.0002639268672568861,
    0.00013973733127934358,
    8.876961317691025e-05,
    5.628959051188099e-05,
    3.946705063710978e-05,
    2.8536626821313786e-05,
    2.1134006176416222e-05,
    1.7680723728638607e-05,
    1.518230139139833e-05,
    1.3620104569318582e-05,
    1.2443697179024567e-05,
    9.841918246456713e-06,
    6.019488312910962e-06,
    3.0856370881256527e-06,
    1.9882792684419096e-06,
    1.2425079616902854e-06,
    6.933327584244826e-07,
    5.057727013298343e-07,
    3.367572103172242e-07,
    2.0889051673580376e-07,
    1.058103876859609e-07,
    5.669293077809946e-08,
    3.6551765316759594e-08,
    2.5364455881200742e-08,
    1.7512505532234777e-08,
    1.4533330214325992e-08,
    1.3398601214632532e-08,
    1.195544404965027e-08,
    1.0200767428640452e-08,
    8.354771987704075e-09,
    5.9413209956053216e-09,
    3.994605078034529e-09,
    2.4742154313625103e-09,
    1.0910533169983036e-09,
    4.1260094660968703e-10,
    1.669260372583408e-10,
    7.485223804652952e-11,
    4.2864925970701884e-11,
    2.05257635883079e-11,
    1.1549087908181823e-11,
    7.0263120378047964e-12,
    5.044978179718018e-12,
    4.3461603912802715e-12,
    3.8139993563687585e-12,
    3.0403263544696233e-12,
    2.660786665177324e-12,
    2.367725222052201e-12,
    1.7677692252256953e-12,
    8.060179845980241e-13,
    3.976634473101912e-13,
    2.0932691982194705e-13,
    1.046903468991904e-13,
    6.02511075865797e-14,
    3.4461150205028843e-14,
    2.009511303135728e-14,
    1.1453816796818221e-14,
    6.785641150474041e-15,
    4.629338973811382e-15,
    3.063436668833708e-15,
    1.7945297903558157e-15,
    9.30113427666281e-16
  ],
  "exit_code": 0,
  "iters": 64,
  "mtx": "wang2",
  "method": "max-lf_alt-o-repeat_m4",
  "x_id": "sine"
}