{
  "fre": [
    0.12869243192357394,
    0.061710366167467307,
    0.04426606812314261,
    0.03630058109032093,
    0.03129415926492215,
    0.02804639262491587,
    0.026315668976093554,
    0.02467779480877009,
    0.023389950723219546,
    0.021830164519493586,
    0.0186768919529102,
    0.013800774000506971,
    0.008469787851335665,
    0.002954880119306877,
    0.0012287622392490062,
    0.0005130849809995901,
    0.00017895211963382947,
    7.993277260869952e-05,
    5.0224790227725045e-05,
    2.4132556458741785e-05,
    2.0323911354595805e-05,
    1.574015938363419e-05,
    1.3490310730625825e-05,
    1.2371793521474743e-05,
    1.1602830978538148e-05,
    1.0839757565798588e-05,
    9.591787850956957e-06,
    8.691710173645687e-06,
    7.018964334245551e-06,
    5.184093130722293e-06,
    3.3866145713830773e-06,
    1.518200502083905e-06,
    3.9208145453313327e-07,
    1.2290470614136278e-07,
    6.720393748824446e-08,
    4.3351880348476e-08,
    2.6622938782804368e-08,
    1.633574257750985e-08,
    7.369660858196989e-09,
    1.4302320973836798e-09,
    1.2416701635027614e-09,
    1.0680488632289152e-09,
    9.413284720575916e-10,
    8.245355371958736e-10,
    7.440758658948323e-10,
    6.793307580425999e-10,
    6.304453816250094e-10,
    5.728692003262889e-10,
    5.116083677355682e-10,
    4.18153844289334e-10,
    2.854771085973332e-10,
    1.4446414478469998e-10,
    6.926201630406009e-11,
    2.822338520801905e-11,
    1.459277239156153e-11,
    7.169163547626685e-12,
    3.535247371016875e-12,
    1.3439638484543238e-12,
    6.448591312355985e-13,
    3.429945809156659e-13,
    2.639941656370512e-13,
    1.4793944496434345e-13
  ],
  "rk": [
    1.0,
    0.02354673379048938,
    0.003988932313844948,
    0.0008115366880005273,
    0.00023126000934641582,
    0.00011451458990380344,
    5.405380183351251e-05,
    3.0428004644176134e-05,
    1.9611420506551887e-05,
    1.6334414656110937e-05,
    1.507574903064879e-05,
    1.3737434272962894e-05,
    1.1897874014544046e-05,
    9.440121168001217e-06,
    5.768047645847097e-06,
    3.6590438202207183e-06,
    2.2409850967991743e-06,
    1.084283340223492e-06,
    4.4934512035763437e-07,
    2.740957060320318e-07,
    1.385187667307176e-07,
    8.478888997053321e-08,
    4.753703123380314e-08,
    2.662508874779596e-08,
    1.6356371232727696e-08,
    1.1552730486308997e-08,
    9.492953457918068e-09,
    7.41716765903869e-09,
    6.528528847203395e-09,
    5.358095441170625e-09,
    4.184673414124772e-09,
    3.1797113381893738e-09,
    2.0322720030524018e-09,
    1.0373084695616257e-09,
    5.391074485656611e-10,
    3.017572436633758e-10,
    1.8618242794240386e-10,
    1.1541774931544573e-10,
    7.495375006461369e-11,
    4.4532037786096794e-11,
    1.5657838726493183e-11,
    6.7669214261871015e-12,
    3.538052750053679e-12,
    2.2381556851399436e-12,
    1.357741339367319e-12,
    8.799479169618371e-13,
    6.040170493804018e-13,
    5.023312375914693e-13,
    4.390833693827875e-13,
    3.85879242726582e-13,
    3.239167163791646e-13,
    2.466802516386768e-13,
    1.592095871873857e-13,
    1.0119138207646467e-13,
    5.405986646477811e-14,
    3.2637873920604745e-14,
    1.9165318660599464e-14,
    1.1204290524624345e-14,
    5.79642420623394e-15,
    3.0287176748728846e-15,
    1.8966705522429517e-15,
    1.2731350062285261e-15,
    7.281021287982193e-16
  ],
  "exit_code": 0,
  "iters": 62,
  "mtx": "wang2",
  "method": "max-st_alt-o-repeat_m4",
  "x_id": "randn"
}