{
  "fre": [
    0.13090042942671506,
    0.04979190664982549,
    0.030822717644317134,
    0.02326416484671231,
    0.01923634119031839,
    0.01681131514281953,
    0.015925645737207457,
    0.01566326320302322,
    0.015730539129488175,
    0.01572393719048391,
    0.015160517634771569,
    0.013895303384908594,
    0.011574780993852323,
    0.006750228861115581,
    0.0028255036267612736,
    0.0007467143931452749,
    0.0003796967204817274,
    0.0002256730951482311,
    0.00015305485852278565,
    8.664079049996733e-05,
    7.750944980944568e-05,
    6.20339914175901e-05,
    4.61064039680162e-05,
    3.430569839457413e-05,
    2.334457242115547e-05,
    9.385638864359375e-06,
    3.861396340659343e-06,
    3.4033349511876186e-06,
    3.36128507955276e-06,
    3.36159297289875e-06,
    3.0979893898745744e-06,
    2.8160227061910265e-06,
    2.5556023967477843e-06,
    2.132293578981633e-06,
    1.1613766204642407e-06,
    3.2441593899989944e-07,
    7.838219890034076e-08,
    8.898514111190334e-09,
    2.454930589314561e-09,
    1.1801615126404952e-09,
    8.208835294331683e-10,
    4.370838372821268e-10,
    3.2593797229784365e-10,
    2.7798172812388247e-10,
    2.5245655653362174e-10,
    2.1599484845996022e-10,
    1.4974866319174872e-10,
    1.1623816838840222e-10,
    8.886478992484936e-11,
    5.311595482080367e-11,
    1.2794729722138069e-11,
    3.419255407927563e-12,
    3.5373575285566383e-12,
    4.205391041665231e-12,
    3.7359264554204255e-12,
    2.5701049314344095e-12,
    1.2145002642866518e-12,
    6.368218289763776e-13,
    1.8548692766527072e-13,
    9.003507435281673e-14
  ],
  "rk": [
    1.0,
    0.02514742727993946,
    0.0036307381411352356,
    0.000817303781481918,
    0.00031690557519253393,
    0.00017082471702735023,
    0.0001090967155312538,
    7.731455290975505e-05,
    6.373395925938046e-05,
    4.4156449961241066e-05,
    3.178420961213519e-05,
    2.769368077149382e-05,
    2.60157364008024e-05,
    2.4021550412075356e-05,
    1.9517164809974122e-05,
    1.3936276813180711e-05,
    6.757067131412836e-06,
    3.0513879155374157e-06,
    1.642328674726742e-06,
    1.0535648766318057e-06,
    7.044368117530191e-07,
    5.192982136396899e-07,
    3.8684745964074585e-07,
    2.6477558588878256e-07,
    1.9001157100587356e-07,
    1.476371020371755e-07,
    8.855226405265288e-08,
    4.7931947071105446e-08,
    2.626834730632999e-08,
    1.6801422871962882e-08,
    1.2200768379307051e-08,
    8.637765732514097e-09,
    6.176237432258153e-09,
    4.946757202299883e-09,
    4.225132568015505e-09,
    2.8738672945810803e-09,
    1.3686185678669554e-09,
    5.694687196754725e-10,
    1.896335611247207e-10,
    5.577978318125824e-11,
    2.4018162431848516e-11,
    1.3022965280078051e-11,
    5.322892104767165e-12,
    2.584174574515661e-12,
    1.3000843498492515e-12,
    8.934014924921748e-13,
    7.019935758618349e-13,
    4.372744570742529e-13,
    3.233508900662111e-13,
    2.670157909888119e-13,
    1.9400895977085568e-13,
    1.0655627345104524e-13,
    5.4057575838816885e-14,
    2.863493194750714e-14,
    1.5199952234219555e-14,
    1.0481732468015455e-14,
    7.634568211060913e-15,
    4.702356645140884e-15,
    3.2866298373425855e-15,
    1.8713379752152562e-15,
    9.489956734910397e-16
  ],
  "exit_code": 0,
  "iters": 60,
  "mtx": "wang1",
  "method": "max-lf_alt-o-repeat_m4",
  "x_id": "sine"
}