{
  "fre": [
    0.14574759178805977,
    0.08503226144240067,
    0.06076717997696047,
    0.048339220774260984,
    0.04344431117220269,
    0.041295605182206534,
    0.03946540942959152,
    0.03800898486586793,
    0.03593199734479325,
    0.03220328740384431,
    0.02253260469000653,
    0.007911134863366283,
    0.0034440058748796193,
    0.0015672864244619454,
    0.0009511046483162846,
    0.0005228288616732391,
    0.00048269272121834303,
    0.0003936263300346164,
    0.00020462781668580295,
    6.611199559936488e-05,
    6.0956252588988385e-05,
    5.619070115695513e-05,
    5.391943989052311e-05,
    5.251196088277993e-05,
    5.1069418155583756e-05,
    4.880127243154886e-05,
    4.2357591053983386e-05,
    2.801128712586489e-05,
    1.309733874248173e-05,
    5.505515834246231e-06,
    2.422609285846567e-06,
    1.2640945157162246e-06,
    3.3493578997166964e-07,
    8.563724932736944e-08,
    3.702128638290709e-08,
    1.573488601415321e-08,
    1.2319209254191413e-08,
    1.0019238841202676e-08,
    7.078046422418538e-09,
    2.288435525172413e-09,
    2.216474493869352e-09,
    2.100544994145343e-09,
    1.963279402510206e-09,
    1.740192519407691e-09,
    1.1820882897252026e-09,
    4.914849595650784e-10,
    1.2895425206835942e-10,
    6.816515959938548e-11,
    4.327991159955846e-11,
    2.3387897717338718e-11,
    1.724268868927018e-11,
    1.3727772698766038e-11,
    1.0729212678315054e-11,
    8.055882317488195e-12,
    3.973197763457167e-12,
    1.671995915132529e-12,
    1.2601499393753935e-12,
    6.842220153153231e-13,
    1.4157656939650587e-13
  ],
  "rk": [
    1.0,
    0.027137866368002066,
    0.0062818726483317025,
    0.0016378058804115453,
    0.0004928413134215257,
    0.00015732034365654012,
    8.287426597977925e-05,
    4.730862197910182e-05,
    3.7438065147687276e-05,
    3.5407082609508117e-05,
    3.341557449406623e-05,
    2.777994520373238e-05,
    1.5111771669257236e-05,
    8.615085644979411e-06,
    4.767220960383552e-06,
    3.4700794618741977e-06,
    2.254096620837744e-06,
    1.1656598787497083e-06,
    8.378423760734958e-07,
    5.405818835138545e-07,
    2.966850104969447e-07,
    1.9235309383569612e-07,
    1.2185982295882557e-07,
    9.169781377428548e-08,
    6.19038334364253e-08,
    4.924677307076301e-08,
    4.663522455709957e-08,
    4.334218769544011e-08,
    3.5457581860973774e-08,
    2.4606460751008584e-08,
    1.5493602589898797e-08,
    9.420615350154777e-09,
    5.957259239895669e-09,
    2.689248115904712e-09,
    8.991159533977506e-10,
    3.803508234142037e-10,
    1.74394409913781e-10,
    6.286126581109277e-11,
    2.37478053008138e-11,
    1.476936335306735e-11,
    6.754019483416572e-12,
    3.906925742898173e-12,
    2.8017384215988317e-12,
    2.447246072081657e-12,
    2.2580415651847775e-12,
    1.853349315794884e-12,
    1.1653909944699435e-12,
    4.657546580773759e-13,
    2.2002872022387224e-13,
    1.2807167425790932e-13,
    5.794936785439505e-14,
    3.051857413021164e-14,
    2.029945319136788e-14,
    1.4507119275809903e-14,
    1.1119326395869618e-14,
    7.008331939554264e-15,
    3.5212011569052686e-15,
    2.6991027835673567e-15,
    1.8585183973927713e-15,
    7.331000383257697e-16
  ],
  "exit_code": 0,
  "iters": 59,
  "mtx": "wang1",
  "method": "max-st_alt-o-repeat_m4",
  "x_id": "randn"
}