{
  "fre": [
    0.16085577889995759,
    0.07032312766384582,
    0.045659830144556435,
    0.03579396735190141,
    0.030430824135275574,
    0.027045665207081907,
    0.02516026045297604,
    0.02368610483131348,
    0.02254377864400564,
    0.021319311129990144,
    0.019905729478271093,
    0.018596786440712297,
    0.017192271901974886,
    0.01547312012465032,
    0.012667445899701795,
    0.008037927828464223,
    0.0041406297344735036,
    0.002159645678710717,
    0.0011385152534614368,
    0.0006711490446543235,
    0.0006399945121226253,
    0.0005753434726001967,
    0.0005026965441418165,
    0.00046237881332704774,
    0.00043394470914318684,
    0.0004113771375604292,
    0.0003862863167131733,
    0.0003421489458980512,
    0.0002814471817845367,
    0.0002184025040141647,
    0.0001627152961486742,
    0.00010112508623639359,
    3.8415487516546e-05,
    1.0055436814270836e-05,
    2.5733829445632784e-06,
    7.79058275154685e-07,
    4.3834326165172384e-07,
    1.5040577689164452e-07,
    9.785769342362427e-08,
    8.007097566418883e-08,
    6.835737563105502e-08,
    4.437538655077964e-08,
    2.8543095095981638e-08,
    1.7444138737491674e-08,
    7.881941252177996e-09,
    4.684140808226912e-09,
    4.20761804219325e-09,
    4.024152669470885e-09,
    3.886842734486559e-09,
    3.730134513153819e-09,
    3.579992107090796e-09,
    3.4113778864245463e-09,
    3.190167781482551e-09,
    2.7496195943906063e-09,
    1.9857403032886136e-09,
    1.1270347237570977e-09,
    5.708664146691784e-10,
    2.2658196988636107e-10,
    8.809707070711414e-11,
    3.765570891392279e-11,
    3.474209396590142e-11,
    2.943691927573114e-11,
    2.4642985187515572e-11,
    2.243150302662936e-11,
    2.0743524608044612e-11,
    1.9396042119509367e-11,
    1.8212640650539543e-11,
    1.7094005407262156e-11,
    1.609499508353711e-11,
    1.4777760495003874e-11,
    1.2536602420932186e-11,
    9.239276629401013e-12,
    6.082859118609528e-12,
    3.196572287160516e-12,
    1.4849408060910908e-12,
    5.204424106584924e-13,
    1.1725380240494499e-13,
    4.620996184239719e-14,
    2.3643689000956695e-14
  ],
  "rk": [
    1.0,
    0.047036116757668125,
    0.010594425987293063,
    0.0029455104266468877,
    0.0010973951357465214,
    0.0005226676694349838,
    0.00027260208355519726,
    0.0001530541690975018,
    8.889423842928886e-05,
    5.731158520954605e-05,
    4.3662766193858884e-05,
    3.53616689067461e-05,
    3.134566931037014e-05,
    2.879183963244495e-05,
    2.685251633596246e-05,
    2.3872001199490476e-05,
    1.834082050178204e-05,
    1.2588490804039052e-05,
    8.555238126879172e-06,
    6.0711122252273334e-06,
    4.308715106614582e-06,
    3.4321646070675775e-06,
    2.5885965435222766e-06,
    1.6599139744543545e-06,
    1.1317629161225738e-06,
    8.668738140417953e-07,
    7.384665842471796e-07,
    6.753317410101254e-07,
    5.982991149122764e-07,
    5.134093685161081e-07,
    4.2649840923924055e-07,
    3.562725757318999e-07,
    2.818921591436362e-07,
    1.808777272066989e-07,
    9.911610641559285e-08,
    5.4124062227978e-08,
    2.5581135242763923e-08,
    1.1049097038395432e-08,
    3.851189903387039e-09,
    1.630674223522603e-09,
    1.0552252703437991e-09,
    8.102160093360075e-10,
    5.217577901735219e-10,
    3.3104076234666533e-10,
    2.2382189019926174e-10,
    1.2876152401463428e-10,
    6.232245241042722e-11,
    3.169912208789872e-11,
    1.634099184220128e-11,
    1.0214416482309169e-11,
    7.311515198000405e-12,
    6.221385829797944e-12,
    5.696782241415609e-12,
    5.360127597120984e-12,
    4.865076362783752e-12,
    4.0399644463748634e-12,
    2.889890250578256e-12,
    1.969549962611306e-12,
    1.2356142767453645e-12,
    7.475791072304913e-13,
    4.531622396684532e-13,
    3.2698300109654453e-13,
    2.3451768109194127e-13,
    1.4674459475917306e-13,
    9.958594001685779e-14,
    6.883544591312165e-14,
    4.800599539644448e-14,
    3.6740169662552723e-14,
    3.017022808688116e-14,
    2.747071021027375e-14,
    2.530187945847755e-14,
    2.2536101590749845e-14,
    1.8726007942125102e-14,
    1.4588615272447406e-14,
    1.0152997409155734e-14,
    6.689073073901205e-15,
    4.090174894333029e-15,
    2.395035178564883e-15,
    1.1766933213311051e-15,
    6.653477499808913e-16
  ],
  "exit_code": 0,
  "iters": 79,
  "mtx": "wang2",
  "method": "max-st_add_m3",
  "x_id": "sine"
}