{
  "fre": [
    0.30238816744976066,
    0.1331214548335184,
    0.07560710014964804,
    0.0574183640233597,
    0.04630785571483574,
    0.03965454150878393,
    0.036295739125165385,
    0.03238061306009347,
    0.02494306637649271,
    0.02076371070146705,
    0.01645662805320874,
    0.012979214968272366,
    0.007265409184896073,
    0.0022775390582189313,
    0.0009333324315063522,
    0.0005948229922259559,
    0.000416060504621168,
    0.000215736059980299,
    0.00016240950193764251,
    0.00016802381422051287,
    0.0001649217606605761,
    0.00015935690321933118,
    0.00015340441580636248,
    0.00014700704851784775,
    0.0001401580659353739,
    0.0001344960549577967,
    0.0001275120360627426,
    0.00011343554756255534,
    7.943916688221713e-05,
    2.3537499667336693e-05,
    9.322956397935013e-06,
    5.443361179303121e-06,
    4.2285646931372805e-06,
    3.16561666051019e-06,
    1.6572723402262053e-06,
    8.69170500547229e-07,
    4.942697030025293e-07,
    2.2765698627413114e-07,
    9.298259791166791e-08,
    1.0993774258786039e-07,
    1.0375472541939926e-07,
    9.66386290003996e-08,
    9.115675120631895e-08,
    8.557405817793525e-08,
    7.964980683742975e-08,
    7.067847334995582e-08,
    5.734679358837483e-08,
    4.452894260381739e-08,
    2.3227560736553672e-08,
    4.9498481330634224e-09,
    2.1820383420855056e-09,
    2.115275260095834e-09,
    7.705074696755262e-10,
    3.06539963990252e-10,
    3.567602728820525e-10,
    3.7837323168690486e-10,
    3.1178259308478547e-10,
    1.8994683195868575e-10,
    6.397593936617825e-11,
    4.2652994806873806e-11,
    4.1868298812272976e-11,
    4.0998064841007674e-11,
    3.9924715922029275e-11,
    3.846693601095237e-11,
    3.641810566081056e-11,
    3.315072612185048e-11,
    2.933488815573275e-11,
    1.8978068527583512e-11,
    9.860171666552733e-12,
    5.572591806807684e-12,
    3.595992283697434e-12,
    1.794382662086332e-12,
    7.778900154142017e-13,
    4.1057262394007537e-13,
    3.2180264957556407e-13,
    2.685260891138461e-13,
    1.9964594754502747e-13,
    1.177952027423015e-13,
    5.104314591942104e-14
  ],
  "rk": [
    1.0,
    0.037827456705350905,
    0.008303794279022706,
    0.00227396831285396,
    0.00098477664206075,
    0.0005544560105484365,
    0.00027579233204294996,
    0.00017233924424843298,
    0.00013582003125126897,
    9.324640443964916e-05,
    7.299864104074755e-05,
    5.571342646223046e-05,
    4.6672538151958674e-05,
    3.651582908752176e-05,
    2.227838919475294e-05,
    1.3865584292579438e-05,
    8.783141564454416e-06,
    5.601197261093264e-06,
    2.822813418993603e-06,
    1.5931315606166586e-06,
    9.308470057756075e-07,
    6.926981204560319e-07,
    5.506649271316089e-07,
    4.32667442037232e-07,
    3.334446822099166e-07,
    2.6950467946546425e-07,
    2.505048311659239e-07,
    2.42288903277969e-07,
    2.275419028759641e-07,
    1.9207595525089624e-07,
    1.1254570600130718e-07,
    7.04057980025174e-08,
    4.5498919492753833e-08,
    3.3870310240129815e-08,
    2.630243901397822e-08,
    1.7177019904876134e-08,
    1.0391035738321119e-08,
    5.076467007302772e-09,
    2.7469841470195876e-09,
    1.6113221100474486e-09,
    8.983904782344461e-10,
    6.292801737524453e-10,
    3.985531365103378e-10,
    2.6346611575358473e-10,
    1.9473596708329246e-10,
    1.706288481558357e-10,
    1.548093092319303e-10,
    1.4033082618669727e-10,
    1.2581434448651657e-10,
    9.442096017290085e-11,
    5.5267677885187703e-11,
    2.650882565198319e-11,
    1.4372513201422847e-11,
    7.81712560596213e-12,
    4.388680453321921e-12,
    2.664716536058041e-12,
    1.84162623503503e-12,
    1.3928206625030212e-12,
    1.0290159470075256e-12,
    4.455128824433967e-13,
    2.312822524419263e-13,
    1.5016216458004955e-13,
    9.799856130285405e-14,
    8.060236316373485e-14,
    7.275912939446068e-14,
    6.840413372463615e-14,
    6.441059346668746e-14,
    6.093354625990761e-14,
    5.007386366177285e-14,
    3.558789491995986e-14,
    2.5355018631373367e-14,
    1.9142398531194446e-14,
    1.2809739828425026e-14,
    6.987355172428433e-15,
    3.921148750057264e-15,
    2.476861123258024e-15,
    1.980251818602128e-15,
    1.5348779868912607e-15,
    1.0222858337717184e-15,
    4.954851081246919e-16
  ],
  "exit_code": 0,
  "iters": 79,
  "mtx": "wang1",
  "method": "max-st_alt-o_m4",
  "x_id": "sine"
}