{
  "fre": [
    0.16420855786352398,
    0.0759453947492315,
    0.05402489370362889,
    0.04248754144908649,
    0.03549435379810754,
    0.030123773161403355,
    0.027586349365380184,
    0.026322904972153303,
    0.025476424094923986,
    0.024565445134232398,
    0.02334650228804889,
    0.0223592449112675,
    0.021617079038078538,
    0.020661937113382583,
    0.018083619006009296,
    0.011852004396739942,
    0.005070704418584879,
    0.0015834462861240024,
    0.0003744152879613439,
    0.0001794345250455264,
    0.0001607263028074647,
    0.0001394777160917237,
    0.00012501862015237814,
    0.00011255582813949171,
    0.00010426834741858548,
    9.750773474344023e-05,
    8.75141979011906e-05,
    7.228257989264475e-05,
    5.2010457924781765e-05,
    2.4425194456492694e-05,
    6.674744814024966e-06,
    1.1820496244076627e-05,
    9.894414277050538e-06,
    5.319040046038888e-06,
    3.266020377124524e-06,
    2.536802637935469e-06,
    1.874211776023228e-06,
    1.1691866219288515e-06,
    6.68533283606806e-07,
    2.6266351092830944e-07,
    2.5723589245424685e-07,
    2.500532342336723e-07,
    2.4330691562194194e-07,
    2.3503994108896717e-07,
    2.2445240933046562e-07,
    2.1365688372487618e-07,
    1.9997385064392548e-07,
    1.7320015202722069e-07,
    1.0843318055237783e-07,
    5.33891845090298e-08,
    2.1343441867036814e-08,
    6.511254528595013e-09,
    4.2852775384162495e-09,
    2.3445325838583537e-09,
    1.0137329257531743e-09,
    4.589903866013861e-10,
    4.001840940507733e-10,
    3.0949436877412475e-10,
    1.8085797450952738e-10,
    6.797689886882887e-11,
    6.566434525938399e-11,
    6.239257314066414e-11,
    5.85375311067502e-11,
    5.3117403295679225e-11,
    4.5780761784033304e-11,
    3.7386801889593284e-11,
    2.5477168539150745e-11,
    1.0460281276114814e-11,
    1.6411776047356834e-12,
    6.905587993478361e-13,
    3.5562994535969634e-13,
    3.058488570347296e-13,
    3.543948527686464e-13,
    3.6403544329843686e-13,
    3.306867676155894e-13
  ],
  "rk": [
    1.0,
    0.04645863470818525,
    0.009751751857566052,
    0.0026125099712967495,
    0.001013442032346425,
    0.0005363386106960272,
    0.00031454947507160907,
    0.00017996177764890994,
    0.00010745546234320705,
    7.428047089222402e-05,
    5.9732406628544885e-05,
    5.016005272602122e-05,
    4.5918481868585666e-05,
    4.4834355631922265e-05,
    4.4205642538755676e-05,
    4.238073513860186e-05,
    3.641696343678884e-05,
    2.7817781041637458e-05,
    1.9588388420361785e-05,
    8.929118007591018e-06,
    3.6086199710862315e-06,
    1.987070530903355e-06,
    1.1599260084791689e-06,
    7.822846572002329e-07,
    4.994782398891637e-07,
    3.381148009421593e-07,
    2.843086227257233e-07,
    2.4902136738655786e-07,
    2.1736479051193008e-07,
    1.884191761985824e-07,
    1.5080034712066041e-07,
    1.0523220377500032e-07,
    6.808907417929112e-08,
    4.483486746474996e-08,
    2.7689544843284868e-08,
    1.692824590299667e-08,
    1.2331740673051358e-08,
    9.01813892565967e-09,
    5.868424816191205e-09,
    3.6151727471512666e-09,
    2.0613922985173163e-09,
    1.351900727048772e-09,
    8.73536262196318e-10,
    6.242624761127399e-10,
    5.220461733717571e-10,
    4.816722825105525e-10,
    4.648721995188314e-10,
    4.5094888373923636e-10,
    4.2306913750605403e-10,
    3.518517713858295e-10,
    2.8542785121696725e-10,
    2.2606414695973224e-10,
    1.1897327280088685e-10,
    6.03678688381871e-11,
    3.711582664308863e-11,
    1.8360558969320864e-11,
    8.678105510902238e-12,
    4.304063901286451e-12,
    2.4284135905637572e-12,
    1.2586006201405957e-12,
    6.514058868027068e-13,
    4.0134885555645227e-13,
    2.868696859994103e-13,
    2.435041076139701e-13,
    2.073946774470592e-13,
    1.6836131143277255e-13,
    1.3402063344921042e-13,
    1.0578054743546254e-13,
    7.258781445989409e-14,
    4.376505090267904e-14,
    2.1602991922192555e-14,
    8.500284638197913e-15,
    4.135553734864084e-15,
    2.0262130871584095e-15,
    1.123963517323709e-15,
    8.579930308158677e-16
  ],
  "exit_code": 0,
  "iters": 75,
  "mtx": "wang1",
  "method": "max-st_add_m3",
  "x_id": "sine"
}