{
  "fre": [
    1.1402428236314839,
    1.1761900133523624,
    1.2037038431376201,
    1.225694172934967,
    1.224000392810392,
    1.1998451383158724,
    1.1526235560763483,
    1.0733465787689929,
    0.9256080205390199,
    0.6904875697694265,
    0.48226105230731153,
    0.2787484949644072,
    0.11105830028093941,
    0.04859675339261516,
    0.01775543744268967,
    0.007224038464766815,
    0.0040750702440749235,
    0.0027012597390871844,
    0.001643566404004595,
    0.0007928248823059962,
    0.0007356170773429163,
    0.0006455240342717702,
    0.0005158000152259168,
    0.00044239916626563245,
    0.00037151405208115827,
    0.00026465982957997035,
    9.476554612276537e-05,
    1.9058507514969953e-05,
    2.6954480339343756e-05,
    2.548173278754842e-05,
    1.795175040674527e-05,
    1.2679462364572583e-05,
    1.1420702237401322e-05,
    1.1297272018960693e-05,
    1.0165733401787068e-05,
    8.168809861242413e-06,
    5.1437437755620915e-06,
    2.4626343237246566e-06,
    8.290357306658242e-07,
    2.964795053232072e-07,
    2.8648082726350336e-07,
    2.70693062053007e-07,
    2.589276777889703e-07,
    2.468244705175019e-07,
    2.2734721014121813e-07,
    2.056720019453061e-07,
    1.5718128743685705e-07,
    6.485799827811807e-08,
    1.8503275928419e-08,
    2.295682005948674e-08,
    2.5869601527344258e-08,
    1.5970685809664646e-08,
    8.61950917545105e-09,
    5.513228066657974e-09,
    3.139240377453394e-09,
    1.3657203433906462e-09,
    4.3533796404043017e-10,
    1.9477804687972702e-10,
    7.267846459349207e-11,
    3.183774540188197e-11,
    2.8629691489294595e-11,
    2.5670124245452344e-11,
    2.3848252019949156e-11,
    2.2729245419385704e-11,
    2.20455856863189e-11,
    2.1369776083242086e-11,
    2.0440255230874194e-11,
    1.9031014198245865e-11,
    1.6549143804371795e-11,
    1.2203677641501857e-11,
    7.406804350281546e-12,
    3.037610200056937e-12,
    1.2830588170063947e-12,
    1.1582158170094354e-12,
    6.727549193833424e-13,
    2.6683168379556245e-13,
    2.0292906640102458e-13,
    1.179951707504266e-13
  ],
  "rk": [
    1.0,
    0.04835056317504662,
    0.018402172886731613,
    0.010026229692698887,
    0.005850473118914997,
    0.004431374881760469,
    0.003766090757172811,
    0.0034341043164724827,
    0.003145486865348175,
    0.0027450328458032474,
    0.0021508873800458713,
    0.0016436170245774458,
    0.0011786972156424185,
    0.0007153747318503773,
    0.0004737614949864128,
    0.0002785689203936692,
    0.00013482643410984597,
    7.220168999987146e-05,
    4.111546688614487e-05,
    2.6468655528048586e-05,
    1.4469122766012655e-05,
    1.0223997407362934e-05,
    8.0141698296603e-06,
    5.121152770748905e-06,
    3.724385735291686e-06,
    3.132514371584185e-06,
    2.574392398695054e-06,
    1.6105535795022034e-06,
    6.878193803089995e-07,
    3.859763552122918e-07,
    2.536011684466931e-07,
    1.451156124629346e-07,
    8.517401117393096e-08,
    5.096563020323558e-08,
    4.04657231265488e-08,
    3.3496635683451196e-08,
    2.790819381442559e-08,
    2.0482490375085017e-08,
    1.2282335988444141e-08,
    5.985742593613076e-09,
    3.139346362964606e-09,
    2.0263866765797246e-09,
    1.3239114399364403e-09,
    1.063520957573153e-09,
    9.589151560960084e-10,
    8.774957266445901e-10,
    8.30202666061466e-10,
    7.52026899827564e-10,
    5.187668373076566e-10,
    3.2250717133702617e-10,
    2.4932697426231493e-10,
    2.0530649056383023e-10,
    1.302441826786077e-10,
    7.521215096544538e-11,
    4.6767623552428024e-11,
    2.8401379532590766e-11,
    1.779798215709252e-11,
    1.0609441667326733e-11,
    5.106363675901935e-12,
    2.4726171958260814e-12,
    1.0792257945693063e-12,
    6.400308639848668e-13,
    4.053630391391699e-13,
    2.832490891670082e-13,
    1.669544493820944e-13,
    9.999502731272977e-14,
    8.005952461149448e-14,
    6.947381561396011e-14,
    6.364004755800381e-14,
    5.908512026089204e-14,
    5.330828833354296e-14,
    4.5485431563680824e-14,
    3.301942411384846e-14,
    1.9836749359068392e-14,
    1.5076331050365656e-14,
    1.0228496564424402e-14,
    4.2086581893745654e-15,
    1.831585965394512e-15,
    9.211602725458404e-16
  ],
  "exit_code": 0,
  "iters": 78,
  "mtx": "wang1",
  "method": "max-st_add_m3",
  "x_id": "ones"
}