{
  "fre": [
    0.1042994827114741,
    0.03952490833520943,
    0.026489959700510133,
    0.019810092837674396,
    0.016064270653752315,
    0.013339450496729004,
    0.011970722721824445,
    0.011277441610320352,
    0.010633155643186206,
    0.010077837087007723,
    0.009115761529040804,
    0.006975318611038623,
    0.004505661176677654,
    0.002816554560067359,
    0.0017056069975165764,
    0.0006079460263886338,
    0.0001865661150614615,
    5.880642226740258e-05,
    2.4425113133170273e-05,
    1.960262992643889e-05,
    1.721159192933606e-05,
    1.3223572136923811e-05,
    1.0428483406876901e-05,
    8.695066932297114e-06,
    7.772858438339125e-06,
    7.194783315194074e-06,
    6.680455505476916e-06,
    6.1805840621362365e-06,
    5.2060520614393395e-06,
    3.6131039863534453e-06,
    1.7731162564441874e-06,
    8.875900835990097e-07,
    5.026620023672891e-07,
    2.1510953913970693e-07,
    9.765456574702248e-08,
    2.7771015495572007e-08,
    9.442185901720725e-09,
    4.108135918038883e-09,
    2.879192019973945e-09,
    1.4640790658551758e-09,
    1.1787630275759131e-09,
    7.568994830585696e-10,
    6.050059096814321e-10,
    5.531589553347409e-10,
    5.214872919151485e-10,
    4.874652127905232e-10,
    4.4754602899050937e-10,
    3.9986647874122133e-10,
    3.2615085199123194e-10,
    2.517429881309679e-10,
    1.7650583923365994e-10,
    8.630130505061668e-11,
    2.269010081562281e-11,
    6.075070678534704e-12,
    3.0744386418485947e-12,
    2.1174391670245918e-12,
    1.5179286232827603e-12,
    8.238374251755856e-13,
    4.470375684649158e-13,
    1.859940389683431e-13,
    1.6780350346971697e-13,
    1.4390740850389156e-13
  ],
  "rk": [
    1.0,
    0.016129938376694387,
    0.0023775070399922643,
    0.0006280156390648455,
    0.0002576217480530859,
    0.00013010333339217472,
    7.600959277614137e-05,
    4.217016144362665e-05,
    2.6384136746343805e-05,
    1.808099842688743e-05,
    1.5343717356770857e-05,
    1.3755320662914668e-05,
    1.1099452481513309e-05,
    8.231773176981443e-06,
    6.000901249580717e-06,
    4.460182581832803e-06,
    2.599058234184599e-06,
    1.4170480049546212e-06,
    7.4323570887435e-07,
    3.6560542506792667e-07,
    1.918185183701227e-07,
    1.336777271705879e-07,
    8.404617479067767e-08,
    5.02570592228048e-08,
    2.902580371386267e-08,
    1.789701889336578e-08,
    1.2661941515437042e-08,
    1.0451485280676673e-08,
    9.428558293891299e-09,
    8.146668276800729e-09,
    6.365500289055332e-09,
    3.900309436225763e-09,
    2.3312706078459208e-09,
    1.6514335798054039e-09,
    9.968667108096193e-10,
    6.086669233971618e-10,
    3.005960665336286e-10,
    1.2252867774624153e-10,
    5.4753535747951635e-11,
    2.8868949246133657e-11,
    1.70039326670332e-11,
    1.1170593955115487e-11,
    5.761281421519576e-12,
    2.9304255815512304e-12,
    1.5774586600594398e-12,
    1.0932299573039424e-12,
    8.677995070834328e-13,
    7.267321464692023e-13,
    6.367195185849132e-13,
    5.165495365898774e-13,
    4.1241782317716104e-13,
    3.274853068022242e-13,
    2.1793714717057772e-13,
    1.1169168637202851e-13,
    5.1967178273115114e-14,
    2.856852807921795e-14,
    1.880139427666547e-14,
    1.1728118249310948e-14,
    7.259679579769753e-15,
    4.425042736820425e-15,
    2.252297542179599e-15,
    1.2594311888236806e-15,
    8.040862483054751e-16
  ],
  "exit_code": 0,
  "iters": 62,
  "mtx": "wang2",
  "method": "max-st_alt-o-repeat_m4",
  "x_id": "sine"
}