{
  "fre": [
    0.9412436895586785,
    0.9203519924020128,
    0.8939905313845316,
    0.8634888552887565,
    0.8428134820627033,
    0.8191371257214816,
    0.7886998859321276,
    0.7601145212639256,
    0.7287580449142053,
    0.6984360849665391,
    0.6760051624113721,
    0.6554964577073182,
    0.6137327895218948,
    0.476509841931271,
    0.27649469831889123,
    0.10779389202639911,
    0.04677868964887601,
    0.022798067063079172,
    0.0117554228750885,
    0.006204977418978054,
    0.005986801582173083,
    0.005511630443097067,
    0.0050933529636901275,
    0.004678483793096272,
    0.004312354901679018,
    0.003971043720463348,
    0.0036028092407470844,
    0.0032080283373602035,
    0.002810068257575919,
    0.002526860223907608,
    0.0023980952129047575,
    0.0023146231490494508,
    0.002242862238777681,
    0.0021679035583479778,
    0.002082555802375791,
    0.0019828115119712598,
    0.001846426694390177,
    0.0016107675201212806,
    0.001192879947411275,
    0.0006532030733661389,
    0.0006463842289842859,
    0.0006307864847777141,
    0.0006179179941901448,
    0.0006019257327509196,
    0.000581175868815633,
    0.0005470704899956476,
    0.0004999836456669722,
    0.0004300753958409796,
    0.0003521388505997959,
    0.00027112477545489087,
    0.00018692767168772067,
    0.00012488534902722133,
    8.49124590273638e-05,
    6.45506952973894e-05,
    4.732987663138944e-05,
    3.505667783703747e-05,
    2.5973222275725685e-05,
    2.039673934914401e-05,
    1.569635631896832e-05,
    1.105415723458013e-05,
    1.079126504255204e-05,
    1.007159870197527e-05,
    9.144336796355552e-06,
    8.132786359340532e-06,
    7.369706783255069e-06,
    6.7531223817435e-06,
    6.3128979303518076e-06,
    5.924231891378215e-06,
    5.534089909753943e-06,
    5.205741864652084e-06,
    4.996891037427733e-06,
    4.746956332201263e-06,
    4.4789749025457565e-06,
    4.255476462694754e-06,
    4.0026927291954164e-06,
    3.7598419749551203e-06,
    3.3432395228890907e-06,
    2.8284874050957224e-06,
    1.8617571787046836e-06,
    1.100899110436443e-06,
    1.08884787217415e-06,
    1.0645084113861499e-06,
    1.0406257184847652e-06,
    1.0123706820496175e-06,
    9.790713283277213e-07,
    9.246219453630666e-07
  ],
  "rk": [
    1.0,
    1.2934114904308113e-08,
    7.0422844707977335e-09,
    4.368782983253274e-09,
    2.6415877650656265e-09,
    1.9016638491884897e-09,
    1.5286026056739487e-09,
    1.2285740823836835e-09,
    1.0171651174137777e-09,
    8.587507134285554e-10,
    7.467011240942765e-10,
    6.98071305792342e-10,
    6.717617774615961e-10,
    6.417678601097865e-10,
    5.60785733534133e-10,
    4.2406179619739653e-10,
    2.596850122421547e-10,
    1.6249969004309647e-10,
    1.063506281705141e-10,
    7.394955690330726e-11,
    4.580581756447723e-11,
    3.4998672712738066e-11,
    2.5785514880934777e-11,
    1.979854218077449e-11,
    1.569195381838094e-11,
    1.3000925154152026e-11,
    1.10555513631674e-11,
    9.359907220697226e-12,
    7.630548570083243e-12,
    5.703464285983473e-12,
    4.010988986202447e-12,
    3.1360401266128965e-12,
    2.685239768502556e-12,
    2.4520132601463598e-12,
    2.2912771451545637e-12,
    2.1715422109703006e-12,
    2.0673140423836056e-12,
    1.9613388921809504e-12,
    1.8080538098928611e-12,
    1.5381784549455416e-12,
    1.1299650672463364e-12,
    9.212663543922461e-13,
    7.460087210409527e-13,
    6.76754065870652e-13,
    6.369446714607224e-13,
    6.103892219256026e-13,
    5.793041053181065e-13,
    5.440368699303755e-13,
    4.885860494633417e-13,
    4.3356027007577385e-13,
    3.7390939019866556e-13,
    3.0065941949389096e-13,
    2.3676545358664303e-13,
    1.8434615538055598e-13,
    1.5190111700963635e-13,
    1.2326135658701473e-13,
    9.809855967849107e-14,
    7.724619559034876e-14,
    6.488458249575972e-14,
    5.5435720790442107e-14,
    4.508519644724723e-14,
    3.871145543825768e-14,
    3.2635320113514e-14,
    2.6872723022544542e-14,
    2.1479098109308453e-14,
    1.739447182582898e-14,
    1.3933172236966597e-14,
    1.1638929760564069e-14,
    9.752400216108566e-15,
    7.935781101661913e-15,
    6.540257933224293e-15,
    5.868926526552392e-15,
    5.3156671124781075e-15,
    4.841201056597296e-15,
    4.5232336705021866e-15,
    4.2427291721532546e-15,
    4.0406025842104e-15,
    3.732596867262802e-15,
    3.3951885789979208e-15,
    2.7451703281715616e-15,
    2.105275083840442e-15,
    1.6754664313832286e-15,
    1.3415974452624357e-15,
    1.1894492055931983e-15,
    1.103645271878053e-15,
    1.0497720977903208e-15,
    9.877303379532666e-16
  ],
  "exit_code": 0,
  "iters": 86,
  "mtx": "watt_1",
  "method": "max-lf_alt-o_m2",
  "x_id": "ones"
}