{
  "fre": [
    0.1450091781265634,
    0.0934811785767735,
    0.07460884859800622,
    0.06537563264457207,
    0.0610125107970161,
    0.05690002341726402,
    0.05417636842551877,
    0.05213114235620289,
    0.049835467538012955,
    0.04759586586074996,
    0.04588871745574666,
    0.04482098485590672,
    0.043202577859512994,
    0.041156375877449726,
    0.039635209762389205,
    0.03882018566522619,
    0.038301509982277,
    0.037884543280074144,
    0.03762000821413206,
    0.03648780672077074,
    0.036442641667531105,
    0.03638199952523194,
    0.03587554026976595,
    0.03575546384497993,
    0.034863146897842555,
    0.03237149361903893,
    0.02791717087787664,
    0.020617515688445213,
    0.014888421672844435,
    0.01005960235851732,
    0.0076525768243911885,
    0.0056502462691061794,
    0.003257655665961492,
    0.0009092957439963201,
    0.00025682485117233764,
    5.708421277452994e-05,
    2.1071790461173478e-05,
    1.8714492320740714e-05,
    2.0090959691730187e-05,
    1.3633349799222777e-05,
    1.3530659416348425e-05,
    1.3381609078864494e-05,
    1.3272331038935497e-05,
    1.3187924432170449e-05,
    1.3025492284667742e-05,
    1.2780487636469007e-05,
    1.2504641281171961e-05,
    1.1956836430442634e-05,
    1.1425084724807843e-05,
    1.085464536415079e-05,
    1.029560098504756e-05,
    9.562515200301308e-06,
    8.450761801621138e-06,
    7.2266187311972315e-06,
    6.266835109152417e-06,
    5.328799125741061e-06,
    4.032449748573769e-06,
    2.611097716265589e-06,
    1.1111232536013104e-06
  ],
  "rk": [
    1.0,
    3.1382355128135075e-08,
    3.859082546045057e-09,
    1.3008327938888382e-09,
    5.171581674091101e-10,
    3.1952865630902954e-10,
    1.824841091718511e-10,
    1.1093861236055624e-10,
    8.472892846816704e-11,
    6.449428335107124e-11,
    4.9729051414464e-11,
    4.0337977996563765e-11,
    3.606585265989303e-11,
    3.0357393709832344e-11,
    2.173542504232505e-11,
    1.5534944410773725e-11,
    1.2461276214980855e-11,
    1.1276779402328484e-11,
    1.0793847546990554e-11,
    1.0694995760774637e-11,
    1.0386705209851358e-11,
    1.0341399902133365e-11,
    1.0336738806010926e-11,
    1.02469740544752e-11,
    1.0241773282022785e-11,
    1.0163443088223825e-11,
    9.835388245396847e-12,
    9.214020352942594e-12,
    7.825605778051932e-12,
    6.64160170719512e-12,
    5.638864176993357e-12,
    4.916438758068169e-12,
    3.977624231596378e-12,
    3.015843739245469e-12,
    1.7463312706648266e-12,
    9.35331584129831e-13,
    5.184456268402832e-13,
    2.5134995899775885e-13,
    1.2811678716877382e-13,
    6.603590848387979e-14,
    3.180101134126632e-14,
    1.829077794435087e-14,
    1.0055766644378745e-14,
    7.165192827956024e-15,
    6.4465025667348294e-15,
    5.841690138891213e-15,
    5.277928451492611e-15,
    4.975905185374526e-15,
    4.305433618860862e-15,
    3.746962529839496e-15,
    3.4114763688878693e-15,
    3.1153185324096906e-15,
    2.8778697464061986e-15,
    2.553405577112734e-15,
    2.2860951645239748e-15,
    2.114385510811952e-15,
    1.9608251674776563e-15,
    1.7124407640846582e-15,
    1.3946334924861148e-15,
    9.78469283452797e-16
  ],
  "exit_code": 0,
  "iters": 59,
  "mtx": "watt_2",
  "method": "max-st_alt-o-repeat_m3",
  "x_id": "randn"
}