{
  "fre": [
    0.9251324513166124,
    0.8918512324442645,
    0.8570178215044052,
    0.8261448727160358,
    0.7973361657076392,
    0.7560204519598608,
    0.7143409324014554,
    0.6788932478792559,
    0.6482088736580445,
    0.5968679019931399,
    0.41313289086513816,
    0.1472279748207517,
    0.05180236601874901,
    0.01812580830973726,
    0.00976861895002789,
    0.007477281180144309,
    0.006231375819429693,
    0.005246852594715967,
    0.0040321467936164,
    0.002275017117573752,
    0.0021436933197753255,
    0.001866563162048248,
    0.001530183013548135,
    0.0011438503249126522,
    0.0008428437283894393,
    0.0006691750430884996,
    0.0005891091884291062,
    0.0005561068535507569,
    0.0005319934671474455,
    0.0005146022864361003,
    0.0004969932685374523,
    0.00046263405591804354,
    0.0004052362382063766,
    0.00033512583452624984,
    0.00022303111347970559,
    0.00010674451038684465,
    4.181668615037284e-05,
    1.7923061623725556e-05,
    8.35997381227305e-06,
    2.9419430160769317e-06,
    2.625527557293835e-06,
    2.1431132313001835e-06,
    1.8918054587761165e-06,
    1.712251873681244e-06,
    1.588587234095754e-06,
    1.5233233304807035e-06,
    1.4774569031050578e-06,
    1.4174094290266807e-06,
    1.3509679154578576e-06,
    1.2793052515065683e-06,
    1.1638286895063912e-06,
    9.653604554507885e-07,
    6.594255687245352e-07
  ],
  "rk": [
    1.0,
    7.631331292203168e-09,
    4.2663131283838214e-09,
    2.6313197839989466e-09,
    1.6993062507583158e-09,
    1.277992730715785e-09,
    9.858636147295841e-10,
    8.047336978423647e-10,
    7.073065361199133e-10,
    6.631766166487532e-10,
    6.266374587890512e-10,
    5.12478187552953e-10,
    2.9725665950707607e-10,
    1.713675835934198e-10,
    9.737299973909336e-11,
    5.567273186015727e-11,
    3.653278802789712e-11,
    2.6139882197377995e-11,
    2.1256188451750202e-11,
    1.7486188324879686e-11,
    1.23571251807696e-11,
    9.668747774533101e-12,
    7.582230075009047e-12,
    6.02379688657211e-12,
    4.4718256594026766e-12,
    3.1610349152106276e-12,
    2.09802428626409e-12,
    1.3078273219869374e-12,
    8.846555537652174e-13,
    6.392092834911814e-13,
    5.470562466714531e-13,
    5.120068576645965e-13,
    4.785803161952516e-13,
    4.354917986259079e-13,
    3.888634272892448e-13,
    3.126517501116795e-13,
    2.139209799800018e-13,
    1.3215381722837825e-13,
    8.39466015139021e-14,
    5.435938166572184e-14,
    3.230905316015706e-14,
    2.32060049185599e-14,
    1.390695714247171e-14,
    9.156201462247958e-15,
    6.139705500014442e-15,
    3.675907091030068e-15,
    2.2740358514480995e-15,
    1.8049068688955093e-15,
    1.5509948561536092e-15,
    1.4026073648673128e-15,
    1.3135931896172616e-15,
    1.222088153554386e-15,
    1.0990687420947045e-15,
    8.997490538205327e-16
  ],
  "exit_code": 0,
  "iters": 53,
  "mtx": "watt_1",
  "method": "max-lf_alt-o-repeat_m3",
  "x_id": "ones"
}