{
  "fre": [
    0.9364417800946491,
    0.9078079900388292,
    0.8728254099010345,
    0.8395550985990896,
    0.8111942481680428,
    0.7745832625217819,
    0.7341345368467421,
    0.6961533070145909,
    0.6676942619918387,
    0.6368672623768503,
    0.5114177115675342,
    0.2436118138112056,
    0.08635433937281228,
    0.028363621338760817,
    0.012711812673823068,
    0.008326596682134469,
    0.007071278396689268,
    0.006085168834037795,
    0.004862554358207645,
    0.003175036931290644,
    0.0029965563597936498,
    0.0025750823945322626,
    0.001976080398083273,
    0.0014153512294931634,
    0.000948300772205841,
    0.0007576951774096261,
    0.0006901300425292306,
    0.0006580204700138844,
    0.0006340242021289522,
    0.0006148789315832516,
    0.0005919121470570706,
    0.0005450981747829362,
    0.00048696535553122394,
    0.0004116462572213769,
    0.0002931323196619633,
    0.00015012304965677535,
    6.724449858976547e-05,
    2.842257792397437e-05,
    1.1520709295080259e-05,
    4.315409204156991e-06,
    3.885272164879873e-06,
    3.3798266217691603e-06,
    3.1053404551596255e-06,
    2.8708325943926196e-06,
    2.723311898598251e-06,
    2.629498566978074e-06,
    2.5409454270604043e-06,
    2.4320527348147164e-06,
    2.288426021528602e-06,
    2.1515338179964113e-06,
    1.9529627015152373e-06,
    1.5334429405541433e-06,
    9.232831075281474e-07,
    4.1294352019806404e-07
  ],
  "rk": [
    1.0,
    1.2006976629968339e-08,
    5.246923415164918e-09,
    3.2604625237357174e-09,
    1.9392256619499028e-09,
    1.4045934807812448e-09,
    1.0933868100884983e-09,
    8.777975066155812e-10,
    7.408144242963608e-10,
    6.835279567720297e-10,
    6.542990782631425e-10,
    5.765544174849091e-10,
    3.8965401389340516e-10,
    2.3002929517904396e-10,
    1.2427995559500796e-10,
    7.171434125911404e-11,
    4.4530959189827725e-11,
    3.074510487163693e-11,
    2.4031830258979312e-11,
    2.0254957915733654e-11,
    1.5752405470374714e-11,
    1.2956270718916403e-11,
    1.0619051653635129e-11,
    8.270847765412612e-12,
    6.106416065934049e-12,
    3.914159252602638e-12,
    2.40162457695532e-12,
    1.4708975579447528e-12,
    9.796318661845607e-13,
    7.415280911678347e-13,
    6.493835506220206e-13,
    6.128627862952207e-13,
    5.665531339850288e-13,
    5.203003587233136e-13,
    4.690884213282462e-13,
    3.929352256221652e-13,
    2.788511398125475e-13,
    1.8271211241713618e-13,
    1.149609643967011e-13,
    7.3822490397644e-14,
    4.486389556887928e-14,
    3.038028048098914e-14,
    1.835835662802501e-14,
    1.2385109375307524e-14,
    7.854876180257798e-15,
    4.868111199837031e-15,
    3.543639181875464e-15,
    2.935055818592455e-15,
    2.6064446188066804e-15,
    2.37249120160146e-15,
    2.221811217045654e-15,
    2.07580134629774e-15,
    1.8132322342390376e-15,
    1.3990348499710611e-15,
    9.237071399829566e-16
  ],
  "exit_code": 0,
  "iters": 54,
  "mtx": "watt_1",
  "method": "max-lf_alt-o-repeat_m2",
  "x_id": "ones"
}