{
  "fre": [
    0.19344826034151533,
    0.061964803084969815,
    0.039457939012011695,
    0.027647996939819664,
    0.02132584750594655,
    0.016499235846428924,
    0.01353105613914761,
    0.011898765086938065,
    0.01116280483780527,
    0.010707389765561908,
    0.010356497544337043,
    0.010063555804067724,
    0.009781976848829255,
    0.009463390741457656,
    0.00908867964208582,
    0.008673047977817797,
    0.007944332937549084,
    0.006980145123755889,
    0.006183336094644446,
    0.005728329063055042,
    0.0056477220840331025,
    0.005387918872719971,
    0.005070629321874623,
    0.004486562733475033,
    0.0037845408585469964,
    0.0030711606823069027,
    0.002419702430547441,
    0.001865213752191729,
    0.00123832591973062,
    0.0008955366520638875,
    0.0006922828593561854,
    0.0005073824465217402,
    0.00029684596853046244,
    0.00016940834689225775,
    0.00010277717205014772,
    6.0299806137077264e-05,
    4.036623281778549e-05,
    2.4789830208944583e-05,
    1.1290077785222616e-05,
    5.081703682723841e-06,
    4.567941973689874e-06,
    3.619051295424545e-06,
    2.7652430107483267e-06,
    2.1577369562301455e-06,
    1.7417692706444283e-06,
    1.5062553813609012e-06,
    1.254943176404254e-06,
    9.854281995493236e-07,
    8.144003306635272e-07,
    6.385565167182174e-07,
    4.834296444382732e-07,
    3.516330146126933e-07,
    2.4167992291789965e-07,
    1.6876824951261764e-07,
    1.3241496382725633e-07
  ],
  "rk": [
    1.0,
    9.557517066993582e-08,
    1.4440790204405441e-08,
    4.542620706864101e-09,
    1.7763527042022758e-09,
    8.81706227524124e-10,
    4.884387005117555e-10,
    2.6012919452172747e-10,
    1.2938767261696396e-10,
    6.944684556452099e-11,
    4.1381491700793656e-11,
    2.664686296670382e-11,
    1.898377772677813e-11,
    1.5173635696527757e-11,
    1.3137765939435482e-11,
    1.19205011362841e-11,
    1.1098246922845118e-11,
    9.967385723186957e-12,
    8.566592255370286e-12,
    7.435622306698746e-12,
    6.854153598274703e-12,
    6.584340393913163e-12,
    6.212063165452405e-12,
    5.908047248461809e-12,
    5.380050999516533e-12,
    4.694073259092775e-12,
    3.999395429996906e-12,
    3.443320582648907e-12,
    2.9519464110788856e-12,
    2.3226148245323726e-12,
    1.8695624106420568e-12,
    1.590053587080279e-12,
    1.337298736305602e-12,
    9.981248572230764e-13,
    7.357305868267447e-13,
    5.57773934477126e-13,
    3.8616134163039255e-13,
    2.9002165554338036e-13,
    2.1498796844810025e-13,
    1.3755167385077137e-13,
    7.850364434891197e-14,
    5.755887217059882e-14,
    3.973382565815237e-14,
    2.6611266025927992e-14,
    1.7951795326032032e-14,
    1.2128980450691137e-14,
    9.546480250812663e-15,
    7.510177347651577e-15,
    5.495957031610468e-15,
    4.396803630711944e-15,
    3.5036684968178186e-15,
    2.7077825803021632e-15,
    2.067432144244949e-15,
    1.5321982138238887e-15,
    1.0907374113973607e-15,
    7.545394417737802e-16
  ],
  "exit_code": 0,
  "iters": 55,
  "mtx": "watt_1",
  "method": "ilu0",
  "x_id": "sine"
}