{
  "fre": [
    0.1925905423528688,
    0.09931671753511216,
    0.07823348103396385,
    0.06943648953151477,
    0.06386750677587316,
    0.05909588028442716,
    0.05595354716474124,
    0.053694622147666037,
    0.0518357873924754,
    0.048941060144448566,
    0.047449671134989005,
    0.045747415618135515,
    0.044574497277097204,
    0.04307140399451293,
    0.041100141449929344,
    0.03968547628550241,
    0.03898349022657367,
    0.038395908565053836,
    0.037990717274493976,
    0.03778176619892009,
    0.03777342643752135,
    0.03732703314778578,
    0.03694113815644469,
    0.03670975881125707,
    0.03488372459925476,
    0.03363831681342619,
    0.02950330192815923,
    0.023417004561348913,
    0.016173484889310353,
    0.011917813197908902,
    0.009186031134324967,
    0.006839439877801169,
    0.0038837576898576804,
    0.0013136759869751824,
    0.0005058536388094651,
    6.442165193316288e-05,
    2.8603965181185108e-05,
    4.8569250361858885e-05,
    1.3945893677621037e-05,
    1.2294495874972814e-05,
    1.2194105017179168e-05,
    1.2037697375538864e-05,
    1.1946609893377597e-05,
    1.1840919856026464e-05,
    1.1704245311229497e-05,
    1.1430164282833608e-05,
    1.1113639420011666e-05,
    1.0706521406235e-05,
    1.0248249056136228e-05,
    9.888771168146689e-06,
    9.667507201500354e-06,
    9.358420989479079e-06,
    8.905030397486086e-06,
    8.457215182097922e-06,
    8.116986018283584e-06,
    7.531625562059966e-06,
    6.77814027283472e-06,
    5.012232534346514e-06,
    2.754839986149355e-06,
    7.599523324952685e-07
  ],
  "rk": [
    1.0,
    6.260173426853572e-08,
    1.0064452686635205e-08,
    2.041180656698158e-09,
    7.374368359057525e-10,
    4.500161529766025e-10,
    2.3348929501403126e-10,
    1.4934908245095246e-10,
    1.020257560071619e-10,
    7.97050280312572e-11,
    5.878992549578899e-11,
    4.8441459726583286e-11,
    3.9798140298042345e-11,
    3.4501862204071544e-11,
    2.940448908840674e-11,
    2.1159757067973004e-11,
    1.5719045932078837e-11,
    1.2884759273223765e-11,
    1.131874971586028e-11,
    1.0710727679756628e-11,
    1.0615770527665548e-11,
    1.0612520483368767e-11,
    1.0511688408309595e-11,
    1.0461381237287227e-11,
    1.0446963510317702e-11,
    1.0171900590234298e-11,
    1.0057650972822716e-11,
    9.454699109690609e-12,
    8.479302241425957e-12,
    7.06100491637548e-12,
    5.9575728842777935e-12,
    5.325578738425032e-12,
    4.624285946121522e-12,
    3.3388656287924638e-12,
    2.0611655713076047e-12,
    1.1859235685134444e-12,
    6.041566568643485e-13,
    2.790119020688631e-13,
    1.2140546061271235e-13,
    4.902226760763687e-14,
    2.673085105769069e-14,
    1.830820519206718e-14,
    1.0511383516339169e-14,
    8.32427154389585e-15,
    7.347468625617781e-15,
    6.799409850139679e-15,
    5.729210781852563e-15,
    5.079335696947631e-15,
    4.319015056100431e-15,
    3.597369565160314e-15,
    3.1179930607898007e-15,
    2.8360126064403133e-15,
    2.7278424039180403e-15,
    2.5572975285793167e-15,
    2.453712335828702e-15,
    2.401787592563855e-15,
    2.2964903905608907e-15,
    2.2142432745425156e-15,
    1.8880803944416715e-15,
    1.4199934516888759e-15,
    8.238737906129841e-16
  ],
  "exit_code": 0,
  "iters": 60,
  "mtx": "watt_2",
  "method": "max-st_alt-o-repeat_m2",
  "x_id": "randn"
}