{
  "fre": [
    0.19253729633423677,
    0.12206650268227817,
    0.09976470049887651,
    0.08938729849987559,
    0.08259111502048345,
    0.07758327399918805,
    0.0724949526145598,
    0.06885757208442557,
    0.06596443021884472,
    0.06169829327673897,
    0.055842376343433774,
    0.04969787177738147,
    0.045607421518274835,
    0.04257985106531435,
    0.040188469938248976,
    0.03775565765510313,
    0.03454492490108215,
    0.030595597038426486,
    0.025723763407655722,
    0.01784512047844673,
    0.017608825726702804,
    0.016926111889732393,
    0.015857867180412186,
    0.014792944475445428,
    0.01357012566296444,
    0.011888776697004966,
    0.010024682904503377,
    0.007391173171566977,
    0.004854868841501068,
    0.0030459519890622595,
    0.002213903788949623,
    0.0016875871459536744,
    0.0011800988265488245,
    0.0007412835847767872,
    0.00041213091303080664,
    0.00016319193856386704,
    5.233839672338084e-05,
    2.2436334869237615e-05,
    1.196087103780941e-05,
    5.452331064065083e-06,
    4.691147353749096e-06,
    3.2446678310372423e-06,
    2.027427496375104e-06,
    1.5133368506878865e-06,
    1.3039210581456703e-06,
    1.1730441882234164e-06,
    1.063379109768516e-06,
    9.480793370919862e-07,
    8.346075179174262e-07,
    7.205928855414081e-07,
    6.176694466437557e-07,
    5.602828743555906e-07,
    5.198994834823448e-07
  ],
  "rk": [
    1.0,
    4.706590169771739e-08,
    7.290307626393408e-09,
    2.355243572027006e-09,
    1.1096608444247521e-09,
    6.093561960945926e-10,
    3.8503359356599974e-10,
    2.3886735283334346e-10,
    1.6315863598017803e-10,
    1.3654686513042901e-10,
    1.164828816888033e-10,
    9.680491532190104e-11,
    7.53149696797644e-11,
    6.147420316912178e-11,
    5.277617894300101e-11,
    4.726576482638819e-11,
    4.402936811608519e-11,
    4.067066822619659e-11,
    3.753297995834794e-11,
    3.4138338713877776e-11,
    2.7999738677719423e-11,
    2.4918535597218154e-11,
    2.2217844013885398e-11,
    1.9574917336269005e-11,
    1.7649981573346316e-11,
    1.6102658736158415e-11,
    1.4522809664498276e-11,
    1.2841763819839395e-11,
    1.0683544754562663e-11,
    8.369694364075209e-12,
    6.074225367621363e-12,
    4.835655363339232e-12,
    4.085075910592048e-12,
    3.300529117264378e-12,
    2.562628192565001e-12,
    1.8815717008118586e-12,
    1.0687632845888916e-12,
    5.283259440948348e-13,
    3.041875124297112e-13,
    1.8570736514113553e-13,
    1.0504753147132288e-13,
    7.034305628604344e-14,
    4.6826443065329286e-14,
    2.680222358618422e-14,
    1.4321054895451758e-14,
    8.67147015762658e-15,
    5.806880450126832e-15,
    4.404616959913208e-15,
    3.422636071389991e-15,
    2.7971748793168527e-15,
    2.2073079552964282e-15,
    1.5821492700046448e-15,
    1.1779269288838338e-15,
    8.896690961237806e-16
  ],
  "exit_code": 0,
  "iters": 53,
  "mtx": "watt_1",
  "method": "max-lf_alt-o_m3",
  "x_id": "randn"
}