{
  "fre": [
    0.13765423131759594,
    0.05966249815392985,
    0.044519129200809256,
    0.03918511754527161,
    0.03616014334358495,
    0.034393533630370024,
    0.033308582360923863,
    0.03242287918617899,
    0.03133223278519156,
    0.030248047594617706,
    0.028625384415027284,
    0.027220751116203437,
    0.02655992760430293,
    0.026134153633177115,
    0.025261604476590798,
    0.024355823997589773,
    0.023805421933845425,
    0.02336042971726096,
    0.022978242995162382,
    0.02270259639434794,
    0.022680584183984026,
    0.022530596293962014,
    0.022314492145535963,
    0.021988736614086315,
    0.021721651675154257,
    0.021226547616145057,
    0.01911206707184104,
    0.016153027020301983,
    0.013219329174614072,
    0.011623426973427383,
    0.009441711539547436,
    0.0062089347400137995,
    0.0024934645653444136,
    0.0005477388327294322,
    0.00013882002891007822,
    2.7263473610532878e-05,
    9.654020839949042e-06,
    8.698918459851166e-06,
    4.545841440349783e-06,
    1.9597975316244843e-06,
    1.8104933387444143e-06,
    1.6278600390652068e-06,
    1.5345251802977784e-06,
    1.4977531403518862e-06,
    1.4777318951614875e-06,
    1.4549874968931414e-06,
    1.4415097964710624e-06,
    1.4347972122694101e-06
  ],
  "rk": [
    1.0,
    3.674522842817072e-08,
    6.06855249801741e-09,
    1.320232489681569e-09,
    4.712936329276244e-10,
    2.324085360828756e-10,
    1.309266127386597e-10,
    9.045031040678806e-11,
    7.09735207375973e-11,
    5.696188829695313e-11,
    4.949978798416681e-11,
    3.800016032977154e-11,
    2.385974839414427e-11,
    1.784185983580508e-11,
    1.5034658964910556e-11,
    1.2525214461366358e-11,
    9.677466813141908e-12,
    8.130596432631269e-12,
    7.417296738536731e-12,
    6.953911770888432e-12,
    6.791481981585182e-12,
    6.780960913802984e-12,
    6.749793582710378e-12,
    6.71862818259616e-12,
    6.664987029300262e-12,
    6.633440259141803e-12,
    6.575782773029852e-12,
    6.176532439457336e-12,
    5.614147699337835e-12,
    4.969622311401578e-12,
    4.6170937552865366e-12,
    4.2191747816804524e-12,
    3.3343733678234262e-12,
    2.1982508257337887e-12,
    1.071537987760792e-12,
    5.736695607215787e-13,
    3.285568764642233e-13,
    1.6993204198325026e-13,
    8.269409548894938e-14,
    4.9234429050959285e-14,
    2.4244540400512898e-14,
    1.5452668944210525e-14,
    8.903967124833192e-15,
    4.726995576520446e-15,
    2.640414046625272e-15,
    1.6537254653004347e-15,
    1.1462084817749883e-15,
    1.003773073032008e-15,
    9.674365485238652e-16
  ],
  "exit_code": 0,
  "iters": 48,
  "mtx": "watt_2",
  "method": "max-st_alt-o-repeat_m2",
  "x_id": "sine"
}