{
  "fre": [
    0.2510655431932882,
    0.13497538402900122,
    0.10025636511808492,
    0.07983479496747244,
    0.06807445347596448,
    0.060417821895041475,
    0.05446444540394061,
    0.05001234691650295,
    0.04788817524343893,
    0.04663489991010473,
    0.045347707387871965,
    0.04400663925175778,
    0.042740971955715495,
    0.04143721365929696,
    0.03959209414120773,
    0.036451310507839674,
    0.03300640812850916,
    0.029602742382409637,
    0.025428916651260222,
    0.02185093477934996,
    0.021581896644584837,
    0.020618172705626055,
    0.019692124840362753,
    0.018301545028784796,
    0.01667806259124419,
    0.014890036900993936,
    0.013063205649770659,
    0.010749473651728287,
    0.0077713285386066585,
    0.005859573902666253,
    0.004528779351936735,
    0.003408074511972307,
    0.0026635478959148554,
    0.0020362082974009995,
    0.0013414006628524801,
    0.0008118945800060535,
    0.0004567114086274039,
    0.00021280128653675324,
    9.532479141701048e-05,
    3.757773272436447e-05,
    3.5621301952082095e-05,
    3.2291166700420455e-05,
    3.053841212363933e-05,
    2.8947653036913197e-05,
    2.7794240424917685e-05,
    2.6554648333153687e-05,
    2.563172216400488e-05,
    2.4532375568887637e-05,
    2.294382228969802e-05,
    2.1359919509604183e-05,
    1.9752994357905013e-05,
    1.8295589062056163e-05,
    1.722846152975891e-05,
    1.626170948264446e-05,
    1.5189440124404535e-05,
    1.3898664509607892e-05,
    1.2128068287060242e-05,
    1.004772501497183e-05,
    8.248069458581427e-06,
    6.9273908789508835e-06,
    6.845550240478095e-06,
    6.522998933308796e-06,
    6.209350417154991e-06,
    5.882949139295866e-06,
    5.545626401582097e-06,
    5.151914294829456e-06,
    4.677610564743612e-06,
    4.098770060054799e-06,
    3.1675254214024045e-06,
    2.5090965288293807e-06,
    2.0092696683379315e-06,
    1.6677185438708148e-06,
    1.327435995421983e-06,
    1.0424618778954608e-06,
    6.703490856755829e-07,
    4.156407760848095e-07,
    2.1873306367061318e-07
  ],
  "rk": [
    1.0,
    6.940309069944416e-08,
    1.3005180163614003e-08,
    4.390656839034085e-09,
    1.992305806654247e-09,
    1.0637918029804594e-09,
    6.717598133049012e-10,
    4.374663904815935e-10,
    2.569498079466733e-10,
    1.4637008799197147e-10,
    1.014816999893182e-10,
    7.756803932289244e-11,
    6.32650717742251e-11,
    5.6073566706849845e-11,
    5.2131472153084e-11,
    4.9072570590634806e-11,
    4.488162839477538e-11,
    4.061311988758007e-11,
    3.7010183376781686e-11,
    3.2975103079039217e-11,
    2.972171587279376e-11,
    2.820001078894184e-11,
    2.5837521821859723e-11,
    2.422412258457007e-11,
    2.2464316502877412e-11,
    2.07376868465281e-11,
    1.9032119945882084e-11,
    1.7440267557266482e-11,
    1.5250868421915355e-11,
    1.2311401141279986e-11,
    1.0153016493914025e-11,
    8.456280348544901e-12,
    6.961720113245527e-12,
    5.959203922630216e-12,
    5.048181111637156e-12,
    3.958487181830912e-12,
    3.0307940478976047e-12,
    2.22156243434223e-12,
    1.4504927007200425e-12,
    9.631253613774227e-13,
    5.386461176734586e-13,
    3.630345791544396e-13,
    2.2175685108485538e-13,
    1.4834019866418148e-13,
    1.0050861207472938e-13,
    7.462196955540399e-14,
    5.6011944821802963e-14,
    4.749725396449993e-14,
    4.176494416760909e-14,
    3.581404630959496e-14,
    3.1167387576757196e-14,
    2.7132793015146065e-14,
    2.3690096431154802e-14,
    2.1551146530492553e-14,
    2.0032115483173857e-14,
    1.8754451265833162e-14,
    1.740703988552135e-14,
    1.5692878224418568e-14,
    1.3861116393840695e-14,
    1.2213254983727666e-14,
    1.0964799136063728e-14,
    1.0204877647458143e-14,
    8.994011484331342e-15,
    8.061112227000316e-15,
    7.396286153663285e-15,
    6.892168493469097e-15,
    6.412564518585622e-15,
    5.943094024285863e-15,
    5.3567358946385434e-15,
    4.46917771739952e-15,
    3.791969945877055e-15,
    3.1917592680184317e-15,
    2.801413766306237e-15,
    2.436248996351143e-15,
    2.1029094862095488e-15,
    1.6472566058840639e-15,
    1.2883083976451178e-15,
    9.102235430419845e-16
  ],
  "exit_code": 0,
  "iters": 77,
  "mtx": "watt_1",
  "method": "max-st_alt-o_m2",
  "x_id": "randn"
}