{
  "fre": [
    0.9560314414582736,
    0.9368701433135644,
    0.9198166067199408,
    0.9022695855713687,
    0.8812618385175726,
    0.862393023112107,
    0.8434683290485593,
    0.8236428929894986,
    0.8033608990466367,
    0.7839337298681991,
    0.7627924947992496,
    0.7422519676528164,
    0.7297592125851592,
    0.7250517470197304,
    0.7256623149210619,
    0.7275005050003089,
    0.7157538415081223,
    0.5053111061058462,
    0.1640494500115093,
    0.06136088447202814,
    0.06103223374621681,
    0.06054386492816071,
    0.05989894928680186,
    0.05892836789212266,
    0.05790201674129634,
    0.056752213639457934,
    0.053931584406757584,
    0.04604780461671357,
    0.03334566412875395,
    0.022906595425352082,
    0.017029142516896287,
    0.013601985442535283,
    0.010491086062135929,
    0.00646755798546022,
    0.003582539921186735,
    0.0020641730804968335,
    0.0013652981221877122,
    0.0008499037918808434,
    0.0003936173514354339,
    0.00017441609704921363,
    0.00017156890975550062,
    0.00016619236166705726,
    0.00016245897945344872,
    0.0001588196653902768,
    0.00015484153942817085,
    0.00015085981534190582,
    0.00014723888723298053,
    0.00014346950711515897,
    0.00013921550757223862,
    0.00013555310570113047,
    0.00013270246389692397,
    0.0001312415514749839,
    0.00013086373970564778,
    0.00013018434617204945,
    0.0001279250633443144,
    0.00012286515478686662,
    0.00010783709769222927,
    5.191785780446739e-05,
    1.4398134905968265e-05,
    4.658957272750523e-06,
    4.628535841841837e-06,
    4.578042977559284e-06,
    4.527435436189028e-06,
    4.482543122205479e-06,
    4.4349320062044525e-06,
    4.384785657154925e-06,
    4.312606171974016e-06,
    4.029037699009748e-06,
    3.6279464322032497e-06,
    3.318505824385708e-06,
    2.936142592595602e-06,
    2.4429522020653213e-06,
    1.953661640321959e-06,
    1.3956026771797428e-06,
    7.084054135343027e-07
  ],
  "rk": [
    1.0,
    5.648609962928944e-09,
    2.7844181987542056e-09,
    1.8319962377957358e-09,
    1.3039361313050671e-09,
    9.474257263410533e-10,
    7.476214297346239e-10,
    6.177380791545549e-10,
    5.213623744712942e-10,
    4.4950805312242176e-10,
    3.970981118652913e-10,
    3.5283844511411163e-10,
    3.180481794697008e-10,
    3.0286032741326855e-10,
    2.998485704076127e-10,
    2.997224209402997e-10,
    2.9934354228566234e-10,
    2.979966920185705e-10,
    2.5352720054851953e-10,
    1.3966560018245044e-10,
    7.551963353637109e-11,
    5.206387532076874e-11,
    4.1826822822703924e-11,
    3.478973516046691e-11,
    2.8689428198465234e-11,
    2.6515419789445872e-11,
    2.5942329571167683e-11,
    2.5122223546764223e-11,
    2.2325886087756618e-11,
    1.7233586251187918e-11,
    1.2787528459887534e-11,
    1.0054546994748214e-11,
    8.324429706231108e-12,
    6.927146587892503e-12,
    5.325120699928141e-12,
    4.005842971991392e-12,
    3.053697247445262e-12,
    2.495452759536243e-12,
    1.9961551136679752e-12,
    1.2741660789084912e-12,
    6.908833216304171e-13,
    4.879211473872857e-13,
    3.208661930785485e-13,
    2.255231483513349e-13,
    1.7441922607085175e-13,
    1.4044852935705415e-13,
    1.153577329916906e-13,
    9.777228329672542e-14,
    8.346527625195078e-14,
    7.039825253082069e-14,
    6.187195103570669e-14,
    5.678448778891111e-14,
    5.465795264344301e-14,
    5.439398021878012e-14,
    5.414944860519299e-14,
    5.3647226670004455e-14,
    5.281554500352539e-14,
    5.0245441559380007e-14,
    3.5341737814798286e-14,
    1.795708637305367e-14,
    9.864472140653834e-15,
    6.596976730670236e-15,
    4.3097093200162526e-15,
    2.7756726695375385e-15,
    2.0813143380461894e-15,
    1.9245853122975657e-15,
    1.8923285727977906e-15,
    1.8745619151767525e-15,
    1.804802151891034e-15,
    1.7377532142824228e-15,
    1.697592875838889e-15,
    1.623365560188868e-15,
    1.4951165594212598e-15,
    1.3682353216319923e-15,
    1.2226826914210914e-15,
    8.962358139986475e-16
  ],
  "exit_code": 0,
  "iters": 75,
  "mtx": "watt_2",
  "method": "max-st_alt-o-repeat_m3",
  "x_id": "ones"
}