{
  "fre": [
    0.9560229244046627,
    0.9370039098940455,
    0.9187179271663084,
    0.8967715543516487,
    0.8752111774964018,
    0.8525320939022347,
    0.8314246496493279,
    0.8097062734591961,
    0.7848017799798949,
    0.7606367726049686,
    0.7394690959320211,
    0.7295998991311675,
    0.7055869107970887,
    0.7037006378109165,
    0.6930914601562522,
    0.6160087805231113,
    0.32517741767082126,
    0.1026955276058963,
    0.025506497731976305,
    0.0032744268949254094,
    0.0032082250830345244,
    0.0031464930165524484,
    0.003113070034938037,
    0.0030793934091629615,
    0.003049470142493382,
    0.0030204944988361164,
    0.002980760351780824,
    0.002911879603212531,
    0.0027902856091986433,
    0.00247334476139492,
    0.0020396991376224,
    0.0017350721844395136,
    0.0014233744951842914,
    0.001074871478298013,
    0.0006986127408859713,
    0.0004584623893532747,
    0.0002457304006897528,
    7.975012710857539e-05,
    1.5052974960136954e-05,
    3.5214649299893677e-06,
    3.2810415056355785e-06,
    3.0764072717211034e-06,
    3.0129878647801747e-06,
    2.9901962092109352e-06,
    2.9262591386789393e-06,
    2.8798146652110074e-06,
    2.7975733213616117e-06,
    2.692594077710793e-06,
    2.6217803853601406e-06,
    2.5384776869221835e-06,
    2.450419417128951e-06,
    2.3606187012716535e-06
  ],
  "rk": [
    1.0,
    5.56129609300221e-09,
    2.840559200264718e-09,
    1.732348227595136e-09,
    1.1977228668430224e-09,
    8.733991512316908e-10,
    6.772363790081037e-10,
    5.565587293478753e-10,
    4.719981686494775e-10,
    4.013677483790263e-10,
    3.4867724321251787e-10,
    3.142661700231639e-10,
    3.03070998715466e-10,
    2.7791242071073344e-10,
    2.773040830472278e-10,
    2.7468442438903064e-10,
    2.595391302602931e-10,
    1.8320233984563303e-10,
    9.541431776967318e-11,
    4.559481041879152e-11,
    2.0636794996574106e-11,
    1.2444832047427097e-11,
    6.518746980502499e-12,
    3.665725654891705e-12,
    1.9223638359280455e-12,
    1.3887466331386797e-12,
    1.2369366281114478e-12,
    1.188488975101264e-12,
    1.1517104631661001e-12,
    1.1177517361918962e-12,
    1.0425171713673984e-12,
    9.336492695067733e-13,
    8.555807145649125e-13,
    7.855111749790953e-13,
    6.909924393824437e-13,
    5.65225404937281e-13,
    4.708904586934349e-13,
    3.624227618318692e-13,
    2.084050466037018e-13,
    8.727556181389633e-14,
    3.655184457411981e-14,
    2.3370457689845387e-14,
    1.1862402011576959e-14,
    6.16008412523606e-15,
    4.721089006971769e-15,
    3.1184796704923985e-15,
    2.6953317113792815e-15,
    2.240668522017697e-15,
    1.6912023516276736e-15,
    1.4252438302748955e-15,
    1.242490726602967e-15,
    1.089446550845328e-15,
    9.77188898817775e-16
  ],
  "exit_code": 0,
  "iters": 52,
  "mtx": "watt_2",
  "method": "max-st_alt-o_m4",
  "x_id": "ones"
}