{
  "fre": [
    0.9568437338203539,
    0.965772222422716,
    0.9343031146910414,
    0.9160579629645798,
    0.8941775514919197,
    0.8945482674406973,
    0.871276562012561,
    0.8479261689876421,
    0.8243449347326594,
    0.798856810923513,
    0.7725095672427434,
    0.7460792800985522,
    0.7240158594084837,
    0.7065162687371206,
    0.6986823961692763,
    0.6717048424185255,
    0.36333349541362664,
    0.07879868418460137,
    0.014641950845018485,
    0.002049111466766592,
    0.0020491114667794204,
    0.001996727072022492,
    0.0019843151060188716,
    0.0019144372812422141,
    0.00188618273921874,
    0.0018635872856668898,
    0.0018449557008052887,
    0.0018199496323765445,
    0.001782809836542753,
    0.00169429670146746,
    0.001566448755555303,
    0.0014408694967462912,
    0.0012287657000197465,
    0.0008900697323665176,
    0.0007479120978711116,
    0.0006045553442761109,
    0.0003217706790387245,
    0.00010642766045126889,
    3.290718747144804e-05,
    9.257515630666614e-06,
    9.257515631273886e-06,
    9.231849326155296e-06,
    9.173858465153971e-06,
    9.060506473009843e-06,
    8.957712855883718e-06,
    8.851882270632868e-06,
    8.72792996083642e-06,
    8.583451424076597e-06,
    8.256810721908821e-06,
    7.823581611261844e-06,
    7.477949138742582e-06,
    6.854964882901707e-06,
    5.717260228495203e-06,
    5.064448431046163e-06,
    4.300564662633604e-06,
    2.504233599345724e-06,
    1.1250646131733954e-06,
    1.125064610762138e-06,
    1.119939601224088e-06,
    1.121161377946374e-06,
    1.1059352584422531e-06
  ],
  "rk": [
    1.0,
    1.9191525787475217e-06,
    7.393259574508273e-09,
    2.449791261409239e-09,
    1.5997696558899142e-09,
    1.114420221472901e-09,
    1.1076095640009893e-09,
    8.026114243600821e-10,
    6.231142967338746e-10,
    5.0436691186221e-10,
    4.203797082607117e-10,
    3.5745329853179506e-10,
    3.103930040691807e-10,
    2.818020768267929e-10,
    2.6594190420699e-10,
    2.630249552864762e-10,
    2.58305439221119e-10,
    1.9134958646107169e-10,
    8.620364713276677e-11,
    3.738093777762326e-11,
    1.591895922344394e-11,
    1.591895050715555e-11,
    1.1435946077110826e-11,
    9.857577426774574e-12,
    4.4405992509619535e-12,
    2.0320968001398638e-12,
    1.0084010674007267e-12,
    8.030583029410241e-13,
    7.448164611619545e-13,
    7.16817268703834e-13,
    6.724468943714383e-13,
    6.11452256928188e-13,
    5.716864059313766e-13,
    5.209498645361897e-13,
    4.2899793627069007e-13,
    3.804750440844545e-13,
    3.3476406134266855e-13,
    2.450040808175709e-13,
    1.407786420532658e-13,
    7.171815147785756e-14,
    3.014192564362295e-14,
    2.982460043107637e-14,
    2.7500925841321068e-14,
    1.85490441311299e-14,
    9.293022418800675e-15,
    5.2511555627528744e-15,
    3.994471663344537e-15,
    3.561399024781226e-15,
    3.4085244182779727e-15,
    3.187615747719852e-15,
    2.968073193384333e-15,
    2.880498852165116e-15,
    2.7446725841394238e-15,
    2.4264770053577734e-15,
    2.266105120936566e-15,
    2.0660125957929237e-15,
    1.4384946389224996e-15,
    1.515492030713497e-14,
    1.0683914425246995e-14,
    1.8402375294219103e-15,
    1.6166599990478795e-15,
    7.812332767028791e-16
  ],
  "exit_code": 0,
  "iters": 61,
  "mtx": "watt_2",
  "method": "max-lf_alt-o-repeat_m4",
  "x_id": "ones"
}