{
  "fre": [
    0.9207789394040227,
    0.888782211692181,
    0.8527627013461403,
    0.8206625429652058,
    0.7881952634291729,
    0.7471374259656827,
    0.701416125345853,
    0.665764186226851,
    0.6252986332075927,
    0.5756186544835531,
    0.44432506884209405,
    0.1782818918104653,
    0.04171140157419501,
    0.010766145350662702,
    0.0056815969857324615,
    0.003881705909429199,
    0.0030907183638811345,
    0.002647497706343547,
    0.0023178688362006047,
    0.0017813462016369446,
    0.0016766045928294073,
    0.001364506790118865,
    0.0008680178524931044,
    0.0005113145245008814,
    0.0003814420529638536,
    0.00033647425539781283,
    0.0003058947899988467,
    0.0002899222799343387,
    0.00028174094628599693,
    0.00027244468893898344,
    0.0002602071792896518,
    0.0002302755571818983,
    0.00017842458912232322,
    0.00011961204503684398,
    6.326344945650072e-05,
    2.2968713179716113e-05,
    9.409194625987577e-06,
    4.301813083901347e-06,
    2.011297697661852e-06,
    6.824654725701217e-07,
    5.947060901731876e-07,
    4.715670412524926e-07,
    4.0899587769313357e-07,
    3.6462130286827865e-07,
    3.3433295389425977e-07,
    3.1746265378070643e-07
  ],
  "rk": [
    1.0,
    1.3711078300309378e-08,
    5.616789720850769e-09,
    3.2048904705229948e-09,
    2.156794521626534e-09,
    1.6058674010562122e-09,
    1.2469907562484226e-09,
    9.82711544810669e-10,
    8.719314494856882e-10,
    8.039242315909893e-10,
    7.559673175341108e-10,
    6.51591501714336e-10,
    4.029318633399583e-10,
    1.8721606074928866e-10,
    9.189243910299114e-11,
    5.917305581478336e-11,
    3.78236882505817e-11,
    2.312456394595987e-11,
    1.5876167426961595e-11,
    1.2334499720973689e-11,
    9.887731699681776e-12,
    8.647065086389379e-12,
    7.302617623213307e-12,
    5.32859297840641e-12,
    3.198789601810971e-12,
    1.9500283561382567e-12,
    1.3198833851283988e-12,
    8.073803502728609e-13,
    4.799056290376897e-13,
    3.8594174013764003e-13,
    3.51898841457239e-13,
    3.3288152733031406e-13,
    3.0311950938141014e-13,
    2.6075015419404477e-13,
    2.1186428918827093e-13,
    1.554502918262437e-13,
    9.520218664660285e-14,
    5.866943721515587e-14,
    3.8676493641999257e-14,
    2.3668716682435124e-14,
    1.3469175951709312e-14,
    8.753965593623665e-15,
    4.713359523653371e-15,
    2.9819785617777164e-15,
    1.9597328681748605e-15,
    1.1998646638122286e-15,
    7.722381657362509e-16
  ],
  "exit_code": 0,
  "iters": 46,
  "mtx": "watt_1",
  "method": "max-lf_add_m3",
  "x_id": "ones"
}