{
  "fre": [
    0.17502784534959,
    0.11761191853354479,
    0.09434456686303994,
    0.08459289053420162,
    0.07749897997311336,
    0.07233418361852278,
    0.06957598225012891,
    0.06709512276064553,
    0.06454641202693338,
    0.06266579889065664,
    0.061184113024184326,
    0.059675150696403806,
    0.05805362815742085,
    0.05624743036290391,
    0.054804779803681786,
    0.05311110751700077,
    0.051966002164440896,
    0.051039634093807226,
    0.05014979523617324,
    0.049381654283753726,
    0.049373218021067686,
    0.049192394319152344,
    0.048041892638269135,
    0.047069465714314834,
    0.044444144640639796,
    0.03789228912893263,
    0.02810054371906924,
    0.017122175114425306,
    0.010424457054487222,
    0.006402663914176351,
    0.003457530755088205,
    0.0023442283212707134,
    0.0017295115454233209,
    0.001174662205347015,
    0.0005739903771369494,
    0.00021422889297973249,
    7.173724950043493e-05,
    2.9412779706242105e-05,
    1.0821735415154187e-05,
    1.704339730767975e-05,
    1.6820585940162087e-05,
    1.654380210550971e-05,
    1.6344364523442398e-05,
    1.617850124899463e-05,
    1.6014569592256346e-05,
    1.581322689874889e-05,
    1.5667697276250703e-05,
    1.5388127762851923e-05,
    1.4871289420353601e-05,
    1.4508309976809626e-05,
    1.4035581905959474e-05,
    1.3236579429511731e-05,
    1.2143884710049397e-05,
    9.620876554739059e-06,
    7.002618605704137e-06,
    5.483778488457174e-06,
    4.5211192894608865e-06,
    3.321135112439386e-06,
    2.654825226145215e-06,
    1.4298099997223715e-06,
    1.4238609183238937e-06,
    1.386197985320201e-06,
    1.345854814843128e-06,
    1.298030517805235e-06
  ],
  "rk": [
    1.0,
    2.73657913605335e-08,
    5.47318591364261e-09,
    1.9543331524488624e-09,
    6.861080075571735e-10,
    4.248516635303937e-10,
    2.627866885451328e-10,
    1.4895054699601762e-10,
    1.0920615985700455e-10,
    7.921113369022634e-11,
    5.961945577872079e-11,
    4.924302982939794e-11,
    4.153899000422904e-11,
    3.440266256223826e-11,
    2.712634074305495e-11,
    2.300913870057673e-11,
    1.8861350212971808e-11,
    1.6375732074934483e-11,
    1.491370747885723e-11,
    1.4018605190051437e-11,
    1.3661421899667381e-11,
    1.3658065628962399e-11,
    1.3629232360329623e-11,
    1.3429070589481157e-11,
    1.33270797637621e-11,
    1.3021754942454346e-11,
    1.2125479312709807e-11,
    1.0579602646514609e-11,
    8.337565453557181e-12,
    6.720288850074765e-12,
    5.279375845586109e-12,
    3.926954905780286e-12,
    3.1717704037503704e-12,
    2.739688033828171e-12,
    2.2713476783809467e-12,
    1.6579169201484388e-12,
    1.0020427859200178e-12,
    5.183147920680239e-13,
    2.669364012190268e-13,
    1.5126687787577315e-13,
    7.436946885202985e-14,
    4.4096541634986146e-14,
    2.602790347252795e-14,
    1.554803921662881e-14,
    1.0260766492531792e-14,
    7.781462800862322e-15,
    6.008418032353589e-15,
    5.75968280910449e-15,
    5.399303944288974e-15,
    4.674200858374664e-15,
    4.5537894436085246e-15,
    4.3686803809205925e-15,
    4.074612983744164e-15,
    3.938544586171261e-15,
    3.528303797323438e-15,
    3.0387629329416094e-15,
    2.8638905756104505e-15,
    2.7137662483953423e-15,
    2.3943445658241176e-15,
    2.2932184618674922e-15,
    1.9897647358842174e-15,
    1.8012053459013387e-15,
    1.4193120747153532e-15,
    1.0927739205860032e-15,
    9.629307083191898e-16
  ],
  "exit_code": 0,
  "iters": 64,
  "mtx": "watt_2",
  "method": "max-st_alt-o_m3",
  "x_id": "randn"
}