{
  "fre": [
    0.21928211912945098,
    0.10963733905222282,
    0.07777899517898589,
    0.06646666955959117,
    0.05967649374319246,
    0.055968824004341944,
    0.05278382476865885,
    0.05037854795755244,
    0.047804623088591416,
    0.045208446721764384,
    0.04255734014391845,
    0.03957169676298346,
    0.036020861481343085,
    0.0325163882707211,
    0.03000322679217102,
    0.028016526074055956,
    0.02640078349431396,
    0.025143349343013537,
    0.02395898510466253,
    0.02264739700076383,
    0.02238210661980708,
    0.02146718617690284,
    0.01898165814712541,
    0.015517909248494667,
    0.012434472093511732,
    0.008982347568408109,
    0.005644209816728811,
    0.00419749541662113,
    0.003275679756852219,
    0.00271269786015322,
    0.0019734603911159354,
    0.001174662795112486,
    0.0006863652766328551,
    0.00046483813110326623,
    0.0002803971363594074,
    0.00015755264990538744,
    6.54656016990209e-05,
    3.856029442747878e-05,
    2.4470108828853364e-05,
    1.5905376833500457e-05,
    1.4850419443140175e-05,
    1.297290727039372e-05,
    1.1443173946374716e-05,
    1.0513814242348407e-05,
    1.0061781753845817e-05,
    9.640149213412338e-06,
    9.128535668040974e-06,
    8.643988477183557e-06,
    8.210299081587346e-06,
    7.812437803524588e-06,
    7.385753272332541e-06,
    6.7765434666922175e-06,
    6.2696660360021315e-06,
    5.650170151547396e-06,
    5.1770155036111645e-06,
    4.726380599467394e-06,
    4.29707910222637e-06,
    3.870363881726617e-06,
    3.1890814085872174e-06,
    2.4447818478120664e-06,
    2.4169861964468325e-06,
    2.3496255464244428e-06,
    2.2412255483924877e-06,
    2.1171513878833133e-06,
    1.9465292891081616e-06,
    1.7580573748839842e-06,
    1.5254546085314705e-06,
    1.3805907099512439e-06,
    1.1475095521804394e-06,
    9.378338074990231e-07,
    7.537664015537752e-07,
    5.741548438281566e-07,
    4.2379727547331855e-07
  ],
  "rk": [
    1.0,
    7.40118460581836e-08,
    1.8344782258781727e-08,
    5.850183084529586e-09,
    2.289943174486554e-09,
    1.0421625616667516e-09,
    5.613874104262873e-10,
    3.271406525355682e-10,
    2.2093688657105707e-10,
    1.614924250836747e-10,
    1.313710216454015e-10,
    1.1231936003125065e-10,
    9.580453753359079e-11,
    7.862073352013057e-11,
    6.154197607674415e-11,
    4.896426033537623e-11,
    4.051612712073085e-11,
    3.439971496206047e-11,
    3.090307629189465e-11,
    2.903618125901477e-11,
    2.7533382851343022e-11,
    2.681819051902359e-11,
    2.586220689203548e-11,
    2.376765263979351e-11,
    2.1068982199476422e-11,
    1.8437850027503622e-11,
    1.533357169821268e-11,
    1.1775128369570803e-11,
    9.768328903802025e-12,
    8.210685116263398e-12,
    7.010648456799949e-12,
    5.457505199923958e-12,
    3.829112084806841e-12,
    2.792165850979468e-12,
    2.2405526231660373e-12,
    1.6944095076201536e-12,
    1.2162243601706082e-12,
    7.638041867074872e-13,
    5.317115056766921e-13,
    3.582298558778577e-13,
    2.1658552212509065e-13,
    1.5851095916986266e-13,
    1.1141894591571096e-13,
    7.226362053444327e-14,
    4.393121060180019e-14,
    3.2288049687680455e-14,
    2.5692917257028756e-14,
    2.0118195935445483e-14,
    1.6137161241454478e-14,
    1.3668021320431925e-14,
    1.2112388065241604e-14,
    1.101699915625136e-14,
    9.560638166903208e-15,
    8.472579220668726e-15,
    7.311347763993633e-15,
    6.5804493932997294e-15,
    6.0617807037177156e-15,
    5.6250780010664475e-15,
    5.24585877525841e-15,
    4.6406603235169296e-15,
    3.931805384203832e-15,
    3.505250178784616e-15,
    3.2099807952231656e-15,
    2.933184123621484e-15,
    2.7218146268060476e-15,
    2.4936977344799706e-15,
    2.2803229228142828e-15,
    2.0457932542122394e-15,
    1.8992784857706018e-15,
    1.6618935208857317e-15,
    1.4218265466111667e-15,
    1.2071579554180178e-15,
    1.0083524631124928e-15,
    8.497352004696742e-16
  ],
  "exit_code": 0,
  "iters": 73,
  "mtx": "watt_1",
  "method": "ilu0",
  "x_id": "randn"
}