{
  "fre": [
    0.15713565500233323,
    0.10523516702965192,
    0.08772596924889518,
    0.07686833967607105,
    0.07076253900092294,
    0.06576638726200072,
    0.0613654520133539,
    0.058313217645719936,
    0.05504327669003123,
    0.050603342031384425,
    0.04535490033932632,
    0.04086373173974649,
    0.037456669143116385,
    0.034944617845885276,
    0.03289050946965009,
    0.03037646363896424,
    0.026704035695957768,
    0.021554696220665203,
    0.014196791001995458,
    0.006694948003573843,
    0.006576055372942333,
    0.006338930512374438,
    0.006028845422384493,
    0.005737394919934486,
    0.005447733476320875,
    0.005062924857357983,
    0.004471748298389736,
    0.0036354848807768217,
    0.0026030633338123576,
    0.0017218947807147093,
    0.0011338014794928216,
    0.000845640197765868,
    0.0006179720450232361,
    0.00040082052048364986,
    0.00023710983439008512,
    0.00011034081503208001,
    4.3295835318534345e-05,
    1.6591279251275567e-05,
    7.261684133311241e-06,
    2.4404820874582348e-06,
    1.999921766121923e-06,
    1.198948556763878e-06,
    7.212155284325798e-07,
    5.336384902720179e-07,
    4.31908119091201e-07,
    3.678731518740176e-07,
    3.1641877532144935e-07,
    2.6751693338025283e-07,
    2.213771510958489e-07,
    1.5853925338906482e-07
  ],
  "rk": [
    1.0,
    4.2638811500082136e-08,
    5.2920210504588e-09,
    1.9147634242807453e-09,
    8.273066711498958e-10,
    4.673288916795212e-10,
    2.910951118376211e-10,
    1.8361178985010036e-10,
    1.3690988912916707e-10,
    1.1317868363842712e-10,
    9.364815648212914e-11,
    7.456691535032198e-11,
    5.88146712340901e-11,
    4.825189838015961e-11,
    4.177851145846026e-11,
    3.8102750426536834e-11,
    3.4934924749680324e-11,
    3.1858920678264066e-11,
    2.8082273650088848e-11,
    2.228591566283862e-11,
    1.5002720499613154e-11,
    1.1571294481905771e-11,
    9.389863314455718e-12,
    7.762954093703986e-12,
    6.857134666591267e-12,
    6.342226290683626e-12,
    5.890224983842016e-12,
    5.366829760512868e-12,
    4.683099387585869e-12,
    3.791036196487577e-12,
    2.8648791594704192e-12,
    2.161602070634794e-12,
    1.7495049340988191e-12,
    1.444776687660484e-12,
    1.1182855459620604e-12,
    8.320998609802161e-13,
    5.713270507490476e-13,
    3.316017462667082e-13,
    1.8178466302918887e-13,
    1.0568339248921159e-13,
    5.4771500993618694e-14,
    3.4920333848602365e-14,
    2.1093609289446886e-14,
    1.0726770349308429e-14,
    5.832294989003327e-15,
    3.4495471732293097e-15,
    2.270437780992039e-15,
    1.6475493887895636e-15,
    1.2648441209002998e-15,
    1.0393007791239512e-15,
    7.721225495362095e-16
  ],
  "exit_code": 0,
  "iters": 50,
  "mtx": "watt_1",
  "method": "max-lf_alt-o-repeat_m3",
  "x_id": "randn"
}