{
  "fre": [
    0.24629104445496683,
    0.12788536946064025,
    0.09483250591052445,
    0.07643448480667833,
    0.06523889369521665,
    0.05874212574927002,
    0.053901801127996384,
    0.050275000870894294,
    0.04800019306591627,
    0.04666976827601846,
    0.04550571446603283,
    0.044165894225144234,
    0.042895057183844516,
    0.04177006408334126,
    0.04069624195831811,
    0.03896069557503845,
    0.036786176397677,
    0.034110943587462875,
    0.03072208603393599,
    0.02673879949511272,
    0.026467705669830074,
    0.025650019764488535,
    0.02449675603788965,
    0.022989263678380965,
    0.02150264982437262,
    0.019678495149536446,
    0.016967113846226997,
    0.013552291931421557,
    0.008807450255432307,
    0.0050793283731666,
    0.0024166911731016557,
    0.0010571278539622734,
    0.0005992608973682673,
    0.00043167758736813633,
    0.00029207240418619893,
    0.00021488290387969866,
    0.00018256545288816126,
    0.00015609351384227323,
    0.0001386019736783122,
    0.00010843338640147749,
    0.00010455203155869129,
    9.300127309544835e-05,
    7.709285690218682e-05,
    5.679667283591198e-05,
    4.2049223365358514e-05,
    3.27999888811265e-05,
    2.918484637963816e-05,
    2.6967036128347463e-05,
    2.5723680246052122e-05,
    2.5016593929087913e-05,
    2.436775746388549e-05,
    2.359363915957853e-05,
    2.2947667920432943e-05,
    2.2242060521859247e-05,
    2.0832110806985074e-05,
    1.8215940933131812e-05,
    1.4554862778362808e-05,
    1.071505252999134e-05,
    8.255323262647917e-06,
    5.856871176349544e-06,
    5.794698313336295e-06,
    5.6134464127705795e-06,
    5.364066144998934e-06,
    5.1353495312380256e-06,
    4.9775920671346415e-06,
    4.820010116717735e-06,
    4.604732106001767e-06,
    4.237679640041867e-06,
    3.661924534885803e-06,
    2.778038964213241e-06,
    1.7900434528414619e-06,
    9.116592692859344e-07,
    4.7659137676154887e-07,
    2.818451714856658e-07,
    1.4066057927031916e-07
  ],
  "rk": [
    1.0,
    7.808491553742821e-08,
    1.4634788554065564e-08,
    4.5274199131074945e-09,
    2.035317265731277e-09,
    1.0556632215949195e-09,
    6.564266105358858e-10,
    4.346077173680461e-10,
    2.791359352493582e-10,
    1.7197737918953352e-10,
    1.1655671944679159e-10,
    8.903269231384096e-11,
    6.846517154378048e-11,
    5.662628621013055e-11,
    5.104174430658062e-11,
    4.811747105794657e-11,
    4.501530969470692e-11,
    4.210520904468714e-11,
    3.934851755872315e-11,
    3.660329395716113e-11,
    3.328998968129796e-11,
    3.157676320486829e-11,
    2.971718252436124e-11,
    2.8040734626912678e-11,
    2.6248103577412677e-11,
    2.489080606571352e-11,
    2.3400681458888342e-11,
    2.131666137349514e-11,
    1.8828139603856364e-11,
    1.5215423259329873e-11,
    1.143980316698508e-11,
    7.767789119545607e-12,
    4.9419418331954584e-12,
    3.431738791451241e-12,
    2.4457033673062185e-12,
    1.630558041138701e-12,
    1.1283877064011421e-12,
    8.753026337469249e-13,
    7.04482910232651e-13,
    6.234515331307491e-13,
    5.311635231879009e-13,
    4.688294311725768e-13,
    4.121340763148848e-13,
    3.527569104818605e-13,
    2.713994459444004e-13,
    1.9754592247892217e-13,
    1.3344752675541576e-13,
    9.551482858319489e-14,
    6.529484242448119e-14,
    4.5294726639308544e-14,
    3.5377024307613226e-14,
    3.075167416128418e-14,
    2.7478855050556213e-14,
    2.5957052817556003e-14,
    2.508273444358687e-14,
    2.3823813813868804e-14,
    2.1839671461001226e-14,
    1.9167722114256946e-14,
    1.5876233523036484e-14,
    1.3605480985311805e-14,
    1.1181271510200173e-14,
    9.89810770833584e-15,
    8.552704812869525e-15,
    7.204054297778643e-15,
    6.188028185037859e-15,
    5.725445147466874e-15,
    5.44545724814545e-15,
    5.195791742329895e-15,
    4.887289746555394e-15,
    4.4922718918773955e-15,
    3.909833479346167e-15,
    3.1259311335451193e-15,
    2.1646715010931477e-15,
    1.507927665020566e-15,
    1.082061816548955e-15,
    6.829937535090593e-16
  ],
  "exit_code": 0,
  "iters": 75,
  "mtx": "watt_1",
  "method": "max-lf_alt-o_m2",
  "x_id": "randn"
}