{
  "fre": [
    0.24360312876436396,
    0.12837987649569316,
    0.0975319082696593,
    0.0851974794218622,
    0.07703321750527067,
    0.07177350351970366,
    0.06660232467622253,
    0.06287410370932656,
    0.05997312675084262,
    0.057071816403898516,
    0.05400091019831844,
    0.05084726292575328,
    0.04763107845832182,
    0.04330118320678264,
    0.03758054584878759,
    0.030734554468501412,
    0.023168186656435167,
    0.018288815914732068,
    0.013885184578897574,
    0.009925522750743859,
    0.009669326165718107,
    0.009029284341664112,
    0.008157967764592048,
    0.0072447478863133866,
    0.006630644465484953,
    0.0061054030363483155,
    0.005578750298174493,
    0.005054444479974757,
    0.004316563685112786,
    0.0032182657989409395,
    0.0020803858441985914,
    0.0012966289754366628,
    0.0005843596567475307,
    0.0002249120171241241,
    8.443691047044016e-05,
    3.5913300639932945e-05,
    9.661476870165048e-06,
    4.659561459940397e-06,
    3.7823777726700287e-06,
    2.030477683228978e-06,
    1.849579011535691e-06,
    1.5991427602494865e-06,
    1.4544458411627398e-06,
    1.384732942958148e-06,
    1.3364269207738589e-06,
    1.2930990682697035e-06,
    1.2397652147363967e-06,
    1.1785968960077861e-06,
    1.0841306161837227e-06,
    9.241418359908268e-07,
    7.302819579247718e-07,
    5.299109786687771e-07
  ],
  "rk": [
    1.0,
    7.610679147670164e-08,
    1.6052573659372643e-08,
    4.742187478167791e-09,
    1.8011064314003225e-09,
    8.802844513612796e-10,
    5.319179178140361e-10,
    3.1127834532676793e-10,
    1.9793294061003241e-10,
    1.4012660035009994e-10,
    1.092853538098689e-10,
    8.923884023193468e-11,
    7.687131050401572e-11,
    6.978967644243503e-11,
    6.33388590697294e-11,
    5.637797281835071e-11,
    4.8890010173509965e-11,
    4.0174677175176924e-11,
    3.4235067700408106e-11,
    2.905199144190928e-11,
    2.4716060750215916e-11,
    2.152106112552027e-11,
    1.84950740703899e-11,
    1.5264302060798395e-11,
    1.214383314681402e-11,
    1.0191185761267333e-11,
    8.909378582146104e-12,
    8.065331342725616e-12,
    7.486640187463104e-12,
    6.814921709814809e-12,
    5.723832244826703e-12,
    4.491092800157122e-12,
    3.4577124056568446e-12,
    2.2629955549809915e-12,
    1.425052522016909e-12,
    8.373406403487624e-13,
    4.922211575418577e-13,
    2.4301731234922884e-13,
    1.1663765807101303e-13,
    6.076565299623745e-14,
    3.4341205631056576e-14,
    2.2565370412768748e-14,
    1.3396098620616227e-14,
    7.223330743578225e-15,
    3.940043394075517e-15,
    2.679763410394194e-15,
    2.165885945537111e-15,
    1.8670519963790167e-15,
    1.7229713790932805e-15,
    1.5795282563118482e-15,
    1.3953366931324151e-15,
    1.176327468722366e-15,
    9.520273237741848e-16
  ],
  "exit_code": 0,
  "iters": 52,
  "mtx": "watt_1",
  "method": "max-lf_add_m3",
  "x_id": "randn"
}