{
  "fre": [
    0.18697169159383004,
    0.07872317055354064,
    0.053148237397191184,
    0.03884443871400651,
    0.03066365615208253,
    0.024076794368790403,
    0.01810628065893776,
    0.013284385047075777,
    0.010931062039393476,
    0.0094931525720203,
    0.008481228101803103,
    0.007768046372541694,
    0.006980908808052468,
    0.006294761846871611,
    0.005495449882066941,
    0.004546105089755722,
    0.003873873463128679,
    0.0034958236433789472,
    0.0031786609567052825,
    0.0029629049362203046,
    0.002926717735909942,
    0.002831519579543667,
    0.0027350704701709547,
    0.002587808499810635,
    0.002474527502682709,
    0.0023551656447878076,
    0.00221218925848374,
    0.001947137014715856,
    0.0016232803122929775,
    0.001238318336341088,
    0.0009163152502020648,
    0.0006596399047942678,
    0.0004986259126435697,
    0.00038855335460280814,
    0.00028570849431311943,
    0.00020849557845678993,
    0.00014473016258426713,
    8.515560579698825e-05,
    4.176741911270194e-05,
    1.675251892746186e-05,
    1.6157054671093595e-05,
    1.5073358473383802e-05,
    1.42443279382989e-05,
    1.3508871590244919e-05,
    1.2837106927016192e-05,
    1.2230938172104968e-05,
    1.1705814838325578e-05,
    1.0901557573226526e-05,
    1.0043333022126196e-05,
    9.302314779565122e-06,
    8.674889758019018e-06,
    8.136935428960572e-06,
    7.625205830453398e-06,
    7.197810668102001e-06,
    6.681298461917443e-06,
    5.97037773962087e-06,
    5.084627955596735e-06,
    4.090065981282897e-06,
    3.1428625753257726e-06,
    2.1668330543818962e-06,
    2.1406451095508725e-06,
    2.0743114721842215e-06,
    1.9934617252080394e-06,
    1.8877938146873657e-06,
    1.805892806353754e-06,
    1.7290763663796668e-06,
    1.6328339699212755e-06,
    1.455920338420489e-06,
    1.240877982835005e-06,
    9.651039322995665e-07,
    7.409710448656863e-07,
    5.56669372316576e-07
  ],
  "rk": [
    1.0,
    6.096708519871345e-08,
    9.222789969331561e-09,
    3.022126014211439e-09,
    1.2208769703431488e-09,
    6.186080749830798e-10,
    3.8429171803421343e-10,
    2.572666105816225e-10,
    1.5656386688654956e-10,
    9.877020546822837e-11,
    6.651149596408481e-11,
    4.541671718388067e-11,
    3.5355762122155756e-11,
    2.8129531803009563e-11,
    2.3415805874278396e-11,
    1.9555918457681098e-11,
    1.511659554032639e-11,
    1.1315710392592048e-11,
    8.813755831339162e-12,
    6.6617616066618956e-12,
    4.964638759627534e-12,
    4.354854196754388e-12,
    3.728878705728097e-12,
    3.3449326935196703e-12,
    2.965526856586077e-12,
    2.75826821755954e-12,
    2.598298364025538e-12,
    2.4779634508283572e-12,
    2.268470654681336e-12,
    2.023970329240687e-12,
    1.7342637719186927e-12,
    1.4458672996055445e-12,
    1.176269557941987e-12,
    9.8859209811051e-13,
    8.486483994041703e-13,
    7.151709373668977e-13,
    5.881991469643908e-13,
    4.72498986359826e-13,
    3.452818348785439e-13,
    2.2252916276732374e-13,
    1.2627483386125275e-13,
    9.115446917774428e-14,
    6.38308821467655e-14,
    4.599107097407298e-14,
    3.52261943091403e-14,
    2.790124737062996e-14,
    2.298523018510274e-14,
    2.0433014100399174e-14,
    1.7488646203612166e-14,
    1.4662884151841328e-14,
    1.244249581719344e-14,
    1.0853337049427501e-14,
    9.706949213512188e-15,
    8.805318229141597e-15,
    8.211355252540545e-15,
    7.680752501455072e-15,
    6.984391758161291e-15,
    6.283631787928781e-15,
    5.5146240985868856e-15,
    4.717599013645888e-15,
    3.8375335540661204e-15,
    3.319404588766827e-15,
    2.8798176267625373e-15,
    2.5302669754986265e-15,
    2.2088490658601114e-15,
    2.027213367141366e-15,
    1.9171452352800745e-15,
    1.82578279969461e-15,
    1.6727154702170337e-15,
    1.519821192938552e-15,
    1.301810945761081e-15,
    1.0955216847074848e-15,
    9.203413889205867e-16
  ],
  "exit_code": 0,
  "iters": 72,
  "mtx": "watt_1",
  "method": "max-st_alt-o_m2",
  "x_id": "sine"
}