{
  "fre": [
    0.1352983127311608,
    0.0697902119321224,
    0.051293911632715135,
    0.042099034695088085,
    0.037437307700580034,
    0.0335649497144476,
    0.03078031897715878,
    0.029229521900614813,
    0.02824171835168639,
    0.027327061983201516,
    0.02637682514973283,
    0.025504975463899376,
    0.024104643748984324,
    0.02212348010094814,
    0.020340980958726676,
    0.017876968552083164,
    0.01398998702262653,
    0.009017359708984294,
    0.006093017621728317,
    0.004368091426618897,
    0.004284284063718926,
    0.0040439508350661605,
    0.0036528415550918353,
    0.003282921591338285,
    0.0030138491285956266,
    0.0027721454798416575,
    0.0025670802534883083,
    0.0024135567716293055,
    0.0022259187105868957,
    0.0019361671704702177,
    0.001499089354039492,
    0.000865948725506769,
    0.00032355782628114825,
    0.00010907444396958354,
    3.886972113600166e-05,
    1.512759292761828e-05,
    7.942883770416883e-06,
    5.277448500949813e-06,
    3.937913946752587e-06,
    2.3185689797144455e-06,
    2.1376877078258527e-06,
    1.6976454246878575e-06,
    1.3758745388518502e-06,
    1.2121356505719553e-06,
    1.1482237099942723e-06,
    1.1140170513307596e-06,
    1.0842749845433973e-06,
    1.0544038336416337e-06,
    1.0218190166096156e-06,
    9.422900140462947e-07,
    8.341628820267245e-07
  ],
  "rk": [
    1.0,
    3.401808774986852e-08,
    5.0629299446712806e-09,
    1.6841291257262087e-09,
    6.688347650508502e-10,
    3.6103714440144717e-10,
    2.303649881272117e-10,
    1.3560011314194263e-10,
    7.965670251848182e-11,
    5.326269302005451e-11,
    3.951799438680844e-11,
    3.194674232648052e-11,
    2.901573937298024e-11,
    2.6682557691285977e-11,
    2.4083768974000967e-11,
    2.228410609814146e-11,
    2.023550506237332e-11,
    1.7522173225571153e-11,
    1.3635840783031555e-11,
    1.0687532299806896e-11,
    8.75329148656679e-12,
    7.922957751868365e-12,
    6.995887178539154e-12,
    5.789832501978969e-12,
    4.59625818511348e-12,
    3.845469908520285e-12,
    3.284147052280496e-12,
    2.8312864886883776e-12,
    2.6043379005426206e-12,
    2.453887151034014e-12,
    2.2611455306759863e-12,
    1.9468015261742934e-12,
    1.4654812653237321e-12,
    8.639993640847303e-13,
    4.902936979518657e-13,
    2.898991121855358e-13,
    1.4972129059105076e-13,
    8.771709656685837e-14,
    5.459552292098411e-14,
    3.5275984840752926e-14,
    2.3451998491463415e-14,
    1.7490509410964806e-14,
    1.2088793643243895e-14,
    7.885420024283565e-15,
    4.501632859218477e-15,
    2.4799007194568387e-15,
    1.6203811103566412e-15,
    1.2992749739476838e-15,
    1.1726860248229667e-15,
    1.1137460250931029e-15,
    1.0316737028603012e-15,
    9.375493678024384e-16
  ],
  "exit_code": 0,
  "iters": 51,
  "mtx": "watt_1",
  "method": "max-lf_alt-o_m3",
  "x_id": "sine"
}