{
  "fre": [
    0.19072143606204467,
    0.09555756037960596,
    0.07416019584523052,
    0.06512557827542415,
    0.059235918308152,
    0.05504100552068166,
    0.05168120002850316,
    0.04902606757671858,
    0.04632146086831464,
    0.04223429770806744,
    0.03848289256119805,
    0.03430107949643957,
    0.03187201531825117,
    0.029495667418004426,
    0.026581871659083385,
    0.023757874898903426,
    0.020756950465254793,
    0.015100971893112906,
    0.009064269183712866,
    0.004539518575694984,
    0.004441783273028062,
    0.004225100242472069,
    0.0040056832963056,
    0.003822379873462661,
    0.00358980325747439,
    0.0032397256703669552,
    0.002789490965081277,
    0.0023124497238727806,
    0.00165596171404799,
    0.0012258250531275887,
    0.0008374136160562236,
    0.0006155653113567156,
    0.0004230391772734597,
    0.0002213463708885194,
    8.741994529173116e-05,
    2.7426495243996408e-05,
    6.472980216936265e-06,
    2.9216339510025484e-06,
    1.7251315257990575e-06,
    8.082451574653628e-07,
    6.146640173116258e-07,
    3.33361465780516e-07,
    1.5875028391772363e-07,
    9.371984985483542e-08,
    7.55342108736096e-08
  ],
  "rk": [
    1.0,
    6.971402795931185e-08,
    1.097506647173418e-08,
    2.2366510014653104e-09,
    7.994382863338697e-10,
    4.1341218710634004e-10,
    2.352461033745274e-10,
    1.4874996177461375e-10,
    1.0619156405318333e-10,
    8.753444349633938e-11,
    7.048770692429018e-11,
    5.7980889070851663e-11,
    4.640127247760565e-11,
    4.0122570484997865e-11,
    3.591525460495167e-11,
    3.212897745877016e-11,
    2.927035585301901e-11,
    2.7023761161766333e-11,
    2.270446205493296e-11,
    1.735669560134792e-11,
    1.201831748330487e-11,
    9.472049651279879e-12,
    7.099682899714948e-12,
    5.610557067188455e-12,
    4.869747998023007e-12,
    4.4111804375154346e-12,
    3.982038185404073e-12,
    3.522884957400665e-12,
    3.0797198466323127e-12,
    2.420639801610253e-12,
    1.9921945879794453e-12,
    1.5500254380889015e-12,
    1.2742301580955415e-12,
    1.0142423685189867e-12,
    7.166144636931962e-13,
    4.502131954962615e-13,
    2.503972837513872e-13,
    1.0428125161668161e-13,
    4.8490999920686707e-14,
    2.8448148000203735e-14,
    1.550524517375621e-14,
    1.0032404558026668e-14,
    5.77976323771046e-15,
    2.899114548278699e-15,
    1.3065270236809564e-15,
    6.765561204963788e-16
  ],
  "exit_code": 0,
  "iters": 45,
  "mtx": "watt_1",
  "method": "max-st_alt-o-repeat_m2",
  "x_id": "randn"
}