{
  "fre": [
    0.09256414660338004,
    0.05380308825884792,
    0.04151666893414312,
    0.037331469292515206,
    0.035149772890926155,
    0.0336927946479675,
    0.032711297373350406,
    0.03163398245861202,
    0.030625014584202897,
    0.029207392383300678,
    0.02755662179237565,
    0.026595087604314633,
    0.02613646024181946,
    0.025332470495039512,
    0.024293969517480217,
    0.023693756414056317,
    0.023272262412299564,
    0.022910721117501275,
    0.02251012714523183,
    0.022013227255716035,
    0.021978565316790103,
    0.02188151155020855,
    0.02135872061916481,
    0.020975968292565265,
    0.02062180917699327,
    0.019500531191462292,
    0.01769171330755994,
    0.014678867095670227,
    0.011486150604458761,
    0.009513537908077633,
    0.006823359440130825,
    0.004578000225312046,
    0.0019073354813918383,
    0.0007700355948052881,
    0.0002789025913097929,
    6.054471133666827e-05,
    1.950879016793644e-05,
    7.44469176901381e-06,
    4.658086449618989e-06,
    4.057904518560807e-06,
    4.00653709035519e-06,
    3.9328733041238834e-06,
    3.890508558788115e-06,
    3.855446204566257e-06,
    3.814249261716451e-06,
    3.760216861704087e-06,
    3.698246513457765e-06,
    3.544157251092979e-06,
    3.2860420778345054e-06,
    3.1544209894587476e-06,
    3.0525836576606325e-06
  ],
  "rk": [
    1.0,
    1.781824572757795e-08,
    2.961870619078524e-09,
    8.506562413553453e-10,
    3.272881717703681e-10,
    1.7062208422624102e-10,
    1.0595631991096555e-10,
    7.668144565547507e-11,
    5.7418820241588106e-11,
    4.936345788756557e-11,
    4.0981275284946495e-11,
    2.7806243341639543e-11,
    1.8014803212433928e-11,
    1.504532948586583e-11,
    1.2649362909544679e-11,
    9.626802503251677e-12,
    7.916328629440334e-12,
    7.216806624149574e-12,
    6.934537767191152e-12,
    6.6856844376037736e-12,
    6.571001222761155e-12,
    6.549522798802799e-12,
    6.536066217280574e-12,
    6.423379882973344e-12,
    6.376146982704913e-12,
    6.3376633235629475e-12,
    6.148463573106218e-12,
    5.81283166332904e-12,
    5.2211361075227625e-12,
    4.552968710558186e-12,
    4.1363313242022545e-12,
    3.4198780662171694e-12,
    2.671148673505972e-12,
    1.680841881399358e-12,
    9.517172395402837e-13,
    5.700173329680452e-13,
    2.6588999907721443e-13,
    1.1136515338771434e-13,
    4.494047965948487e-14,
    2.1649524437292164e-14,
    1.2223931857184175e-14,
    8.174610980246642e-15,
    4.398789785256874e-15,
    2.771468993677256e-15,
    2.2156288368920567e-15,
    1.9725192904215346e-15,
    1.8424682941999953e-15,
    1.788404087723121e-15,
    1.617043401879318e-15,
    1.2704774989069574e-15,
    1.0617155386290497e-15,
    9.642463926480892e-16
  ],
  "exit_code": 0,
  "iters": 51,
  "mtx": "watt_2",
  "method": "max-st_alt-o-repeat_m3",
  "x_id": "sine"
}