{
  "fre": [
    0.21209222383702314,
    0.11067859977897089,
    0.08879553171034096,
    0.07963927212521389,
    0.07352209883719636,
    0.06783665474347567,
    0.06306812871654932,
    0.05981912315818784,
    0.0566483199514083,
    0.052764951432690506,
    0.0474436666486773,
    0.0428436981763918,
    0.0387651714252532,
    0.036155354725601246,
    0.03405567060474598,
    0.0318113108587823,
    0.02895462886864689,
    0.02483000880199577,
    0.017842028134407814,
    0.00953707162614372,
    0.00937465964405888,
    0.009054815874780473,
    0.008647757896770478,
    0.008195877406738543,
    0.007747950555339573,
    0.007058708113843772,
    0.0060603157722372725,
    0.004610795229372839,
    0.003237390854019565,
    0.002071189495507637,
    0.0014056959674787167,
    0.001036071672029167,
    0.0007199169248779557,
    0.0004565252900069028,
    0.00027301117363501336,
    0.00014097487255308437,
    5.582390915715484e-05,
    2.093531249363716e-05,
    7.385471223658174e-06,
    3.2706835517999125e-06,
    2.6932464306857684e-06,
    1.975070364688525e-06,
    1.6540894256160634e-06,
    1.4790986711007117e-06,
    1.3915187650923134e-06,
    1.3272126385655326e-06,
    1.2600215832088343e-06,
    1.1971323808153752e-06,
    1.122645766724726e-06,
    1.0250358433614866e-06,
    9.343901646845034e-07,
    8.513772173178173e-07,
    7.887002810665801e-07
  ],
  "rk": [
    1.0,
    8.21121549344443e-08,
    1.4562095374327719e-08,
    3.260279031419511e-09,
    1.1002545323405515e-09,
    5.72448178417552e-10,
    3.467086347902062e-10,
    2.152868589310211e-10,
    1.5257388034549759e-10,
    1.2240395326546435e-10,
    1.0217128157035581e-10,
    8.139622106948428e-11,
    6.57478862304844e-11,
    5.2146404595662285e-11,
    4.4320202680625e-11,
    3.973832825516971e-11,
    3.6515019011047495e-11,
    3.37635148572987e-11,
    3.0573940305311844e-11,
    2.5305716803999037e-11,
    1.8242300828807172e-11,
    1.4421651477053064e-11,
    1.2148135057494735e-11,
    1.0591883898679743e-11,
    9.58097296673742e-12,
    8.964543688624741e-12,
    8.284776019740128e-12,
    7.468225449082149e-12,
    6.249516152666789e-12,
    5.032877314244981e-12,
    3.736855555469627e-12,
    2.8442663400206143e-12,
    2.29319663926723e-12,
    1.8397816315720422e-12,
    1.406418039502465e-12,
    1.0597181038376166e-12,
    7.359556668215381e-13,
    4.1235173258804274e-13,
    2.476346700298524e-13,
    1.3748385602366845e-13,
    6.989494882148596e-14,
    4.38807774438629e-14,
    2.4133614867850327e-14,
    1.337183820187736e-14,
    7.531170908476026e-15,
    4.524851120902202e-15,
    3.246761461909204e-15,
    2.431908604105469e-15,
    2.007474289746431e-15,
    1.714644069533732e-15,
    1.4307126519437275e-15,
    1.2052935194777258e-15,
    1.031201512932707e-15,
    9.288719905958038e-16
  ],
  "exit_code": 0,
  "iters": 53,
  "mtx": "watt_1",
  "method": "max-lf_alt-o-repeat_m2",
  "x_id": "randn"
}