{
  "fre": [
    0.18334043589772805,
    0.1064354076360047,
    0.08664242972983056,
    0.0784032352728428,
    0.07343181033804734,
    0.07084766856307893,
    0.06975786358808833,
    0.06910970380984903,
    0.06797772569521131,
    0.0653544664748653,
    0.06112870995902247,
    0.058888401021629476,
    0.05727222589929344,
    0.05528784274400153,
    0.05228899001585061,
    0.04906086835655238,
    0.04704892477402757,
    0.04232746659538181,
    0.03047882904635623,
    0.01664152739044132,
    0.016490276022421802,
    0.016291694255255267,
    0.016238576141285994,
    0.01621990861529979,
    0.01614241873299374,
    0.016056126351926322,
    0.015779978247375023,
    0.015249073224487023,
    0.014577254489685583,
    0.011898602749875704,
    0.004710490217827489,
    0.0006277951069923219,
    0.00022010880871171188,
    0.0002820050420729466,
    0.00012458272925946462,
    6.0422015206642374e-05,
    1.6571068707148133e-05,
    3.449422638319403e-06,
    1.8084097629026874e-06,
    1.7774295155776497e-06,
    1.7612816721146819e-06,
    1.7432052613617132e-06,
    1.72930610566559e-06,
    1.6969876749235386e-06,
    1.597917760294363e-06,
    1.4476075631554684e-06,
    1.291143472584402e-06,
    1.2315192503041515e-06
  ],
  "rk": [
    1.0,
    4.3765597280208925e-08,
    8.70943181335321e-09,
    2.5173013939203602e-09,
    1.1096408685089832e-09,
    4.991628821838462e-10,
    2.3490109782881806e-10,
    1.3584380660216803e-10,
    1.2096452782207083e-10,
    1.1132107035735771e-10,
    9.49180458084699e-11,
    6.073159189360293e-11,
    3.7406920662809765e-11,
    2.773777469039162e-11,
    2.4586824882926073e-11,
    2.276467617185016e-11,
    2.1585215646718977e-11,
    2.1063753994590787e-11,
    1.98578898779182e-11,
    1.6671571465493826e-11,
    1.2180322203481825e-11,
    9.44561895710488e-12,
    8.591840609590102e-12,
    8.557149690146802e-12,
    8.55524918990904e-12,
    8.544222033364944e-12,
    8.535427088985595e-12,
    8.489500202656576e-12,
    8.422613020368645e-12,
    8.388013599223358e-12,
    8.074619300165585e-12,
    6.026414696932054e-12,
    3.1939936466582266e-12,
    1.6114585081793217e-12,
    7.078603263845604e-13,
    2.727291138908188e-13,
    1.2639049530185791e-13,
    6.383746316941677e-14,
    2.6940913976473072e-14,
    1.1654341863660795e-14,
    5.610934490643746e-15,
    3.3199260432116277e-15,
    2.571521720738395e-15,
    2.4287703840003836e-15,
    2.272959051427469e-15,
    1.9051613438339994e-15,
    1.50662909069413e-15,
    1.039072810272106e-15,
    7.188241953339705e-16
  ],
  "exit_code": 0,
  "iters": 48,
  "mtx": "watt_2",
  "method": "max-st_add_m3",
  "x_id": "randn"
}