{
  "fre": [
    0.9317424568976709,
    0.9026988409875413,
    0.8662866658347993,
    0.8377715283374039,
    0.806779496145594,
    0.7668866456900382,
    0.7296588927803198,
    0.6912713679748036,
    0.6654157329058059,
    0.6307549178274641,
    0.5083267495719377,
    0.25239345859680273,
    0.08463842584129065,
    0.030887963397812426,
    0.014173088471994243,
    0.005951358235322058,
    0.003895216848980514,
    0.003459971715157853,
    0.003024816786789784,
    0.002507254532146494,
    0.0023730611795506023,
    0.001871907071653439,
    0.0013221196320011422,
    0.000830836043406248,
    0.0006118380342835411,
    0.0005271413577125359,
    0.0004908102864887316,
    0.00046997783208940113,
    0.00045606675425315736,
    0.0004411433247452523,
    0.00042184409516586325,
    0.0003921872337253599,
    0.00034879448528810417,
    0.0003060501508345141,
    0.00022188863599722589,
    0.00012635562376893758,
    6.523925015875382e-05,
    2.470666717311865e-05,
    1.0472045420737888e-05,
    4.710036964139656e-06,
    4.4207076331857695e-06,
    3.966974356617202e-06,
    3.731203249471578e-06,
    3.566151766476497e-06,
    3.4436401970489445e-06,
    3.31689119648235e-06,
    3.217833944876661e-06,
    3.0706979826949166e-06,
    2.845495110103779e-06,
    2.5899435306393245e-06,
    2.2716166493270057e-06,
    1.8262051688689373e-06,
    8.729989403918797e-07,
    3.3926944488551306e-07
  ],
  "rk": [
    1.0,
    9.507538609120988e-09,
    5.1943334772559036e-09,
    2.932862406071688e-09,
    1.8592761912052336e-09,
    1.4072528369939648e-09,
    1.0812761946761308e-09,
    8.753287850652344e-10,
    7.382916438177287e-10,
    6.915625899723599e-10,
    6.59623173329685e-10,
    5.841225275433812e-10,
    4.055046336392837e-10,
    2.256761803846988e-10,
    1.2871186061469921e-10,
    8.029698744264927e-11,
    4.4543344684299476e-11,
    2.591289259499057e-11,
    1.7670560289277654e-11,
    1.3657534182940328e-11,
    1.1328355490654005e-11,
    1.0099913602816797e-11,
    8.050607026013485e-12,
    6.074729463691393e-12,
    4.083406731090504e-12,
    2.554353705927804e-12,
    1.6201772770159408e-12,
    1.0103621645574847e-12,
    6.610372002141735e-13,
    5.254078967133437e-13,
    4.712462354790755e-13,
    4.4098286735775733e-13,
    4.1358469206364826e-13,
    3.8075730143908095e-13,
    3.5213058286738414e-13,
    2.95976267153649e-13,
    2.2318563390016974e-13,
    1.624321519389276e-13,
    9.849640221239826e-14,
    6.028433710751045e-14,
    3.664386057856561e-14,
    2.7320285758613173e-14,
    1.649590677805391e-14,
    1.0836373153996151e-14,
    6.972964836587141e-15,
    5.16510039303054e-15,
    4.006923137565074e-15,
    3.5897474971458966e-15,
    3.311118676280512e-15,
    3.0192453340264533e-15,
    2.775341157595299e-15,
    2.5419122607400252e-15,
    2.2482128806421227e-15,
    1.54698508918702e-15,
    9.649981467826807e-16
  ],
  "exit_code": 0,
  "iters": 54,
  "mtx": "watt_1",
  "method": "max-lf_alt-o_m3",
  "x_id": "ones"
}