{
  "fre": [
    0.9594457746904442,
    0.9427552035721826,
    0.9271436275692212,
    0.9115575683776969,
    0.8909338209334579,
    0.8724572339479962,
    0.8539067846800685,
    0.8364388689680486,
    0.8179621446542936,
    0.7980726589033995,
    0.7782205670761253,
    0.7569739909356309,
    0.7404765329783866,
    0.7290080170038069,
    0.7273590796937511,
    0.7280562110220239,
    0.7312599259081566,
    0.6930439859043626,
    0.4190838300927291,
    0.18791659752993448,
    0.18729181691047042,
    0.18669610665733768,
    0.1837702429417105,
    0.18041727149516465,
    0.1775249621046017,
    0.17454857436028173,
    0.1597576802346943,
    0.12593061186369492,
    0.07841933318728173,
    0.048604059736832836,
    0.031850613438794965,
    0.021265531817548415,
    0.014055682637932878,
    0.009877175939220587,
    0.006872531757626033,
    0.0038664281687447303,
    0.002109955828237917,
    0.0014673375607524844,
    0.0009310556979244672,
    0.0003175595543098785,
    0.00030606479645771173,
    0.00029033143747733903,
    0.0002742575595482803,
    0.0002539488302972505,
    0.00024042211781517744,
    0.000230095846798165,
    0.00021685614867454907,
    0.0002092434567009877,
    0.00020168003371915006,
    0.00019324603037893832,
    0.00018896801753682228,
    0.00018690167360915056,
    0.00018630390946801416,
    0.00018505824146245904,
    0.0001835304330341031,
    0.00018303130559129782,
    0.0001749024998799537,
    0.00014252311414559147,
    9.403944458352242e-05,
    3.853698059860896e-05,
    3.837054659912567e-05,
    3.8096067754308555e-05,
    3.771509487446017e-05,
    3.729715364798054e-05,
    3.683884254664917e-05,
    3.636922624101975e-05,
    3.6424449524988944e-05,
    3.519221071818845e-05,
    3.2421949060599627e-05,
    3.167307350227102e-05,
    2.9657446661969232e-05,
    2.2434792191637497e-05,
    1.4412539761516675e-05,
    8.479592187075811e-06,
    6.482686001499767e-06,
    4.128496577122555e-06,
    2.0716766914280255e-06,
    1.5004647729821086e-06,
    5.885167515279238e-07,
    2.0733307414596175e-07
  ],
  "rk": [
    1.0,
    6.679101137723865e-09,
    3.431042971305515e-09,
    2.1502897369674493e-09,
    1.5302946205742474e-09,
    1.0967878361835034e-09,
    8.602865523313158e-10,
    6.904768432157539e-10,
    5.818431101094075e-10,
    5.029109610478535e-10,
    4.3705191045256637e-10,
    3.871970211894701e-10,
    3.431535125036811e-10,
    3.1752818059181547e-10,
    3.046300404710315e-10,
    3.0379215536623905e-10,
    3.0287147511838006e-10,
    3.0188277002098157e-10,
    2.962780935505675e-10,
    2.264731255244147e-10,
    1.3760995777069402e-10,
    1.1299204833878271e-10,
    1.0940798521313948e-10,
    9.313234041865873e-11,
    8.032771566816565e-11,
    7.781657957235467e-11,
    7.721769054261828e-11,
    7.27349046749301e-11,
    6.13524665538275e-11,
    4.5082806469981676e-11,
    3.177730576152787e-11,
    2.2751512621554485e-11,
    1.7086198093772165e-11,
    1.3120161436791942e-11,
    1.0312722863416525e-11,
    8.323851887423306e-12,
    6.225319156904948e-12,
    4.711155870599506e-12,
    3.812482992994915e-12,
    2.8743830111182176e-12,
    1.7639488230909902e-12,
    1.2494564368281643e-12,
    9.26594736776794e-13,
    7.47574672563701e-13,
    5.538544480852178e-13,
    4.411308145527612e-13,
    3.8598692496223474e-13,
    3.0807694030240995e-13,
    2.6968896194833116e-13,
    2.2920734648780604e-13,
    1.5310638066800778e-13,
    1.084325111080274e-13,
    8.541085982400744e-14,
    7.911545759917782e-14,
    7.696847049638938e-14,
    7.623688229225145e-14,
    7.621306644195503e-14,
    7.472218934291529e-14,
    6.653429986593198e-14,
    5.3641115669933927e-14,
    3.335912071317573e-14,
    2.3802300455463055e-14,
    1.994270369895074e-14,
    1.7771329804800285e-14,
    1.6907654747706777e-14,
    1.6609680335174048e-14,
    1.651181958724034e-14,
    1.6511386220428692e-14,
    1.6374937811737128e-14,
    1.5801689077342547e-14,
    1.572385376967751e-14,
    1.5432314039793716e-14,
    1.3436825496687644e-14,
    1.0735782826767555e-14,
    7.561502167651578e-15,
    5.861531761492156e-15,
    4.447011421193208e-15,
    2.7860066765911114e-15,
    1.899958049305369e-15,
    1.1213462772387396e-15,
    6.678971678145966e-16
  ],
  "exit_code": 0,
  "iters": 80,
  "mtx": "watt_2",
  "method": "max-st_alt-o_m3",
  "x_id": "ones"
}