{
  "fre": [
    0.4827568890827896,
    0.24717720183601471,
    0.14647886328789506,
    0.07254532060853139,
    0.05244177060637199,
    0.04227797846334811,
    0.037166696278537935,
    0.03314921908657263,
    0.030637948359794852,
    0.02953684074638734,
    0.02890497287845434,
    0.02833482422748239,
    0.02771272335097533,
    0.027123420093745833,
    0.026215973547651917,
    0.024946086309999,
    0.023918718536206425,
    0.023159717605478063,
    0.022633568684305456,
    0.022242691790687514,
    0.022242691790667634,
    0.022189815473710222,
    0.022164872762417128,
    0.02191174090410471,
    0.02163159125789593,
    0.021351066813673932,
    0.02105440258509195,
    0.020739785042109517,
    0.020438802022887455,
    0.01998008782629613,
    0.018477350385776622,
    0.01647616077975926,
    0.014856357850697282,
    0.013769785750451891,
    0.01263330114336802,
    0.010955680558550304,
    0.008864820820672406,
    0.006293299665462032,
    0.003016701161819884,
    0.000789024306757911,
    0.0007890243067546057,
    0.000787870086933668,
    0.000786840885340707,
    0.0007815495761559023,
    0.0007759586186027477,
    0.0007695914113672874,
    0.0007626553575836033,
    0.0007544658788224105,
    0.0007437766073173093,
    0.0007298665948088073,
    0.000706113658045313,
    0.0006752761244351343,
    0.0006474797695040114,
    0.000628267148060555,
    0.0006131393466967228,
    0.0005895879604222075,
    0.0005577784453864393,
    0.0005173292386605072,
    0.0004666988284094648,
    0.0004277024141754388,
    0.0004277024141995665,
    0.00042744565030130796,
    0.00042651053658539917,
    0.0004215322056677585,
    0.00041540296631460547,
    0.0004072154118291778,
    0.0004003688155850013,
    0.0003918013236667485,
    0.0003828830699339143,
    0.00036461958676743786,
    0.00033053770769173724,
    0.00030261237412197896,
    0.000280312919712208,
    0.0002600841538651925,
    0.00023388057206659893,
    0.00017512209041159569,
    0.00011833546600140393,
    6.148295423449175e-05,
    1.9490692981123038e-05,
    1.9742592858084602e-06,
    1.974259280458626e-06,
    1.9652689205738224e-06,
    1.8992554170178255e-06,
    1.7053752066523645e-06,
    1.564043214481373e-06,
    1.4464304984721598e-06,
    1.3381549636823417e-06,
    1.2555388995202242e-06,
    1.1665277458123628e-06,
    1.060144687856672e-06,
    8.932777918180522e-07,
    7.214894273111336e-07,
    6.469617876037143e-07
  ],
  "rk": [
    1.0,
    0.6285033307393805,
    1.1462077383456105e-07,
    3.857402874267644e-08,
    5.546530863130776e-09,
    1.8090183590950972e-09,
    7.25307547092677e-10,
    3.933423908469026e-10,
    2.4704475968250137e-10,
    1.374459534858788e-10,
    7.743032154789745e-11,
    5.0990152053248137e-11,
    3.8191244999511544e-11,
    3.12566742896822e-11,
    2.7940468998004887e-11,
    2.465995708895529e-11,
    1.9987096316818796e-11,
    1.5951042724013436e-11,
    1.2248515791558232e-11,
    9.718330183473704e-12,
    8.147991175582251e-12,
    8.147990422312603e-12,
    7.818222782141812e-12,
    7.562092096366475e-12,
    6.850736950057313e-12,
    6.391514603467589e-12,
    6.088854144963032e-12,
    5.883128176793003e-12,
    5.737478040257793e-12,
    5.666107837050396e-12,
    5.5909339105467666e-12,
    5.27728058526043e-12,
    4.8987898258848166e-12,
    4.642271274081813e-12,
    4.462787055713079e-12,
    4.2389076845500934e-12,
    3.892671602980575e-12,
    3.489577384489234e-12,
    2.959524616693633e-12,
    2.1033759070358177e-12,
    1.121406582646318e-12,
    1.1213854001617535e-12,
    9.599432401551978e-13,
    7.753349244913067e-13,
    5.083694188397905e-13,
    3.736373080424077e-13,
    3.119399237711554e-13,
    2.8144755422573044e-13,
    2.629114190228398e-13,
    2.480713146547373e-13,
    2.362375630394542e-13,
    2.2323748907174997e-13,
    2.0492170306411657e-13,
    1.8740729472452305e-13,
    1.8013770670736117e-13,
    1.7570841932962676e-13,
    1.6801414869113822e-13,
    1.5960278746203344e-13,
    1.5182065963717943e-13,
    1.426933161287916e-13,
    1.347564439322059e-13,
    1.3457004092993185e-13,
    1.3377568534076645e-13,
    1.299158536630985e-13,
    1.2403664987920422e-13,
    1.1930503062860354e-13,
    1.1469187989644612e-13,
    1.1178064437361206e-13,
    1.0936751813982576e-13,
    1.07486202481406e-13,
    1.0430332568190544e-13,
    9.73518983454163e-14,
    9.230488008229795e-14,
    8.87349917790387e-14,
    8.555637697363737e-14,
    8.097615716798103e-14,
    6.805861082578663e-14,
    5.558281665763804e-14,
    4.258174153790925e-14,
    2.933530700524835e-14,
    3.757210672449903e-14,
    2.719146211099342e-14,
    2.588474439284094e-14,
    1.3487046199247647e-14,
    8.706564350832949e-15,
    6.056914111604691e-15,
    4.124631096320378e-15,
    3.1027994615128273e-15,
    2.642131006076932e-15,
    2.3429248521500796e-15,
    2.08981648065044e-15,
    1.7395681563520505e-15,
    1.2533410512093813e-15,
    8.622163725661353e-16
  ],
  "exit_code": 0,
  "iters": 93,
  "mtx": "watt_2",
  "method": "max-lf_alt-o_m3",
  "x_id": "sine"
}