{
  "fre": [
    0.9617152826157566,
    0.945713551314443,
    0.9302154363205223,
    0.9144152129009299,
    0.8959317006073465,
    0.877968509863458,
    0.8595345905873117,
    0.8423277622044489,
    0.8245156292893548,
    0.8048848389797557,
    0.786290592838211,
    0.7649065358087757,
    0.7458578271862387,
    0.7314613030010483,
    0.7256314147144547,
    0.7257699079692048,
    0.7273213251975659,
    0.7217310938744638,
    0.5864702936527104,
    0.3087640313754085,
    0.307633154959498,
    0.30630661629029976,
    0.3041094440788047,
    0.29877364519681643,
    0.2921609397839683,
    0.28632561934449596,
    0.26097406126613293,
    0.18787737169175134,
    0.09900010907299613,
    0.04335692712825972,
    0.01824072421398632,
    0.008776485819968649,
    0.005922056226315978,
    0.004949974950647794,
    0.003987213257328576,
    0.003257688367293526,
    0.002304819294079972,
    0.0016201303048257443,
    0.0009341955522395867,
    0.00025942047948681246,
    0.00024160985248006925,
    0.00021864110439763848,
    0.0002002563009535055,
    0.00018110529872847914,
    0.00015966067346700796,
    0.00014225746651671278,
    0.000122590854916919,
    0.00010479206921893215,
    9.012891283018102e-05,
    7.325014152446759e-05,
    6.734922715207679e-05,
    6.541786953656688e-05,
    6.408952984877536e-05,
    6.335555566903407e-05,
    6.289098113546347e-05,
    6.226237639097196e-05,
    6.166112828674103e-05,
    6.075429121310769e-05,
    5.8886035362565495e-05,
    5.480082517719712e-05,
    5.465012635069916e-05,
    5.440811945262122e-05,
    5.3336939536264644e-05,
    5.276303756517481e-05,
    5.259648346819358e-05,
    5.143682814356321e-05,
    4.8971291589282826e-05,
    4.545778583155078e-05,
    4.12587189098179e-05,
    3.146388971712519e-05,
    2.4359737235009404e-05,
    1.8204729179201355e-05,
    1.294275626313166e-05,
    9.040300551582438e-06,
    4.933274422394331e-06,
    1.3977736747408794e-06,
    5.728100867381437e-07,
    2.2418883333924593e-07
  ],
  "rk": [
    1.0,
    7.849322690480748e-09,
    3.668315183776404e-09,
    2.3166749923014176e-09,
    1.6042431495832608e-09,
    1.1627557724516484e-09,
    9.021542308170585e-10,
    7.229028119123235e-10,
    6.089161369488499e-10,
    5.239403635794377e-10,
    4.523656602516044e-10,
    4.0301453953939006e-10,
    3.5616996772667347e-10,
    3.222679931786488e-10,
    3.036498000215481e-10,
    2.9875912462421127e-10,
    2.987483063808768e-10,
    2.981270572981577e-10,
    2.9767195521076323e-10,
    2.6954698177940695e-10,
    1.8683872031300554e-10,
    1.5305491414036638e-10,
    1.459862068510477e-10,
    1.4145240743115217e-10,
    1.3492129120074806e-10,
    1.3191390366021831e-10,
    1.3128546285000868e-10,
    1.2748506456263702e-10,
    1.120457428558741e-10,
    9.06356594419546e-11,
    7.401217916127501e-11,
    6.009402018226608e-11,
    4.4372489709561307e-11,
    3.1019521943584274e-11,
    2.2543255923994767e-11,
    1.7497667975646018e-11,
    1.3937307817617134e-11,
    1.076336408199437e-11,
    8.499015687953953e-12,
    6.0827941738128276e-12,
    2.724915542280481e-12,
    1.7953845407739683e-12,
    1.17375580772884e-12,
    8.743826732992393e-13,
    6.977654024654561e-13,
    5.759723385982958e-13,
    5.11778733545451e-13,
    4.564752767701753e-13,
    4.1037399602215546e-13,
    3.5889078149423194e-13,
    2.322038969814337e-13,
    1.2517458369156896e-13,
    8.294188799945663e-14,
    5.416418971434975e-14,
    3.4557857159901854e-14,
    2.826093914807074e-14,
    2.6315088412547343e-14,
    2.5708360999998085e-14,
    2.5235719840712063e-14,
    2.454871993378224e-14,
    2.372045625688914e-14,
    2.3347582519615064e-14,
    2.3180134476313716e-14,
    2.2547033506296675e-14,
    2.2440713577813455e-14,
    2.2434626308752376e-14,
    2.2225604701530428e-14,
    2.1713405408206604e-14,
    2.1185650626264817e-14,
    2.0424490763357306e-14,
    1.779441772680212e-14,
    1.539470842382214e-14,
    1.2829188660642295e-14,
    1.0213971580475809e-14,
    8.045787647049243e-15,
    5.757444095323908e-15,
    2.8858068037363876e-15,
    1.5307105826070138e-15,
    7.835752570585358e-16
  ],
  "exit_code": 0,
  "iters": 78,
  "mtx": "watt_2",
  "method": "max-st_alt-o-repeat_m2",
  "x_id": "ones"
}