{
  "fre": [
    1.0369653790249094,
    1.2733074781321199,
    0.1489546658204022,
    0.09316337650846053,
    0.07973203679584,
    0.07109091970888742,
    0.06432652386061621,
    0.06073779193443264,
    0.05721530918145038,
    0.05295531724873014,
    0.04901304578702245,
    0.04533871806059794,
    0.04330157295506982,
    0.04191028951570693,
    0.04088842442805487,
    0.04007129767893856,
    0.03949861913303276,
    0.038889087523589785,
    0.037004759335456154,
    0.03174226304750604,
    0.0317422630474798,
    0.03172924816372035,
    0.03155931743821245,
    0.031107755704060054,
    0.03062498162350596,
    0.028997975380039252,
    0.02278292306443711,
    0.01226715966932156,
    0.004417845391532409,
    0.002104220067250574,
    0.0014881764330152906,
    0.000777304006609658,
    0.0004269119872564974,
    0.00018104119906779816,
    6.447747562700553e-05,
    8.135112706778417e-05,
    5.2680760567760726e-05,
    1.0737915837228458e-05,
    7.503798100175983e-06,
    7.22965894765222e-06,
    7.229659115137252e-06,
    7.201023263147425e-06,
    7.205413197351845e-06,
    7.112317250078702e-06,
    7.035145127311405e-06,
    6.954278349943588e-06,
    6.867969575495308e-06,
    6.606243921772073e-06,
    5.443952138337792e-06,
    3.4898768128692993e-06,
    1.744273882818214e-06,
    1.744273882908596e-06
  ],
  "rk": [
    1.0,
    0.9964339010127953,
    6.504877958653398e-07,
    3.0249861553179624e-08,
    2.9617808261902504e-09,
    7.430045586366288e-10,
    3.676176889634513e-10,
    1.7696097711451852e-10,
    1.0931112881193304e-10,
    8.276543382482349e-11,
    6.39615900362939e-11,
    5.093215920292808e-11,
    3.624789963824187e-11,
    2.5712580542823907e-11,
    1.79816032112599e-11,
    1.3189567135187395e-11,
    1.0869930452709324e-11,
    1.0187096888401944e-11,
    9.981587773148329e-12,
    9.650073340419485e-12,
    8.921111360728549e-12,
    8.921092315247141e-12,
    8.883851085828244e-12,
    8.37753987208788e-12,
    8.018134473406545e-12,
    7.899064266663015e-12,
    7.676578765065003e-12,
    6.76149728857702e-12,
    4.976088722375461e-12,
    3.0795126258418202e-12,
    2.155408170014967e-12,
    1.8107208616925658e-12,
    1.3839942944940315e-12,
    9.954324173921468e-13,
    5.925017267534209e-13,
    3.399254226290258e-13,
    2.320718120442696e-13,
    1.3744883754710688e-13,
    5.1851745602658704e-14,
    1.6565625355445292e-14,
    5.481041689140162e-13,
    3.9773500113617995e-13,
    5.260494301884142e-15,
    4.618505894580964e-15,
    2.547220859189357e-15,
    1.9165975763535907e-15,
    1.7949294935281306e-15,
    1.7650505672265314e-15,
    1.7210528450069957e-15,
    1.552299655806857e-15,
    1.2631881036847916e-15,
    1.0282711420023276e-15,
    1.0012996787939121e-15
  ],
  "exit_code": -1,
  "iters": 52,
  "mtx": "watt_2",
  "method": "max-lf_alt-o-repeat_m4",
  "x_id": "randn"
}