{
  "fre": [
    0.96022177292933,
    0.9602100324531171,
    0.9211600219363727,
    0.924135802044116,
    0.9011513869629232,
    0.8957036960815452,
    0.857090354428724,
    0.8574691694034331,
    0.82232301167978,
    0.8225752615587126,
    0.7983021915131716,
    0.7937598753604244,
    0.7738647746519783,
    0.7537908370878516,
    0.7368348157853463,
    0.7204961468480556,
    0.7063798750153029,
    0.6923441383661192,
    0.6797957764233378,
    0.6640636087117437,
    0.6640636087115745,
    0.6640475685527972,
    0.658660244183258,
    0.635263330128116,
    0.5925161202165166,
    0.505773006536452,
    0.3690586095709141,
    0.24311426393530872,
    0.14806660089023896,
    0.10021772660047447,
    0.07285281365488872,
    0.053041224844331096,
    0.041634193002910255,
    0.028656304282292756,
    0.015487610783005154,
    0.00872190466024131,
    0.004557706618470347,
    0.0029924959798953714,
    0.0017131156433466755,
    0.000612896726151741,
    0.0006128967255388343,
    0.0006046467631256264,
    0.0005758049263922278,
    0.0005762197447548561,
    0.0005607633608892705,
    0.0005426025586682263,
    0.000526101956521423,
    0.0005138157637913688,
    0.0005025387946384613,
    0.0004914352231458973,
    0.00047867955928870305,
    0.00046511408968692795,
    0.00045342833536324225,
    0.0004421873663789208,
    0.0004324876028248091,
    0.00042605125223208964,
    0.00042024261904445007,
    0.0004145317188776671,
    0.000405794157105599,
    0.0003859129446867432,
    0.00038591294468667315,
    0.00038588573237284383,
    0.0003834439060150259,
    0.00037738093607921856,
    0.00036788436745813414,
    0.000342326767841723,
    0.00028227318004410326,
    0.0001822615575714618,
    9.087302517588398e-05,
    4.211446815876668e-05,
    1.9161348154973453e-05,
    1.0043139325409542e-05,
    6.1249673490436635e-06,
    5.114715021278616e-06,
    4.27119914017835e-06,
    3.1497393675342778e-06,
    1.3886623254389e-06,
    3.9385822558692414e-07,
    7.217577560849498e-08,
    4.3669779948112895e-08
  ],
  "rk": [
    1.0,
    1.5450756449952536e-08,
    1.505745243278764e-08,
    1.0410702051783615e-08,
    2.654967776906743e-09,
    1.9969677838164224e-09,
    1.567104343508436e-09,
    8.918122286569464e-10,
    8.805728328356816e-10,
    6.488616446591523e-10,
    6.459424727445001e-10,
    5.429190233893529e-10,
    5.211980117412208e-10,
    4.538820852947563e-10,
    4.031527959230073e-10,
    3.7113127154870825e-10,
    3.46735409095088e-10,
    3.315363347465433e-10,
    3.206434557686687e-10,
    3.144822019184335e-10,
    3.091445875757059e-10,
    3.091445864626909e-10,
    3.091280650004997e-10,
    3.052939111299949e-10,
    2.9662071853268836e-10,
    2.841560972486021e-10,
    2.5925053758501155e-10,
    2.1555252055249562e-10,
    1.7014658825201812e-10,
    1.2691826561199155e-10,
    1.0168255728318116e-10,
    8.303183368469873e-11,
    6.818958832101914e-11,
    5.82462358758565e-11,
    4.803323707056733e-11,
    3.563596082350011e-11,
    2.7456511934076844e-11,
    1.972938035278018e-11,
    1.469303178120577e-11,
    1.0515636051779483e-11,
    5.243674598894241e-12,
    5.2435907156407885e-12,
    3.481292479203108e-12,
    1.783191174903733e-12,
    1.7648185061923927e-12,
    1.37138928306999e-12,
    1.0305573490804265e-12,
    7.666069438204518e-13,
    6.013860153247202e-13,
    5.05709788524048e-13,
    4.3550111303320944e-13,
    3.735593259176671e-13,
    3.139600307757339e-13,
    2.6896601099097354e-13,
    2.344075563105042e-13,
    2.1090449391080086e-13,
    2.0018348265860662e-13,
    1.9417821463342e-13,
    1.909389056914718e-13,
    1.8750680034942302e-13,
    1.8174962250138736e-13,
    1.8174962227655165e-13,
    1.8167196299005884e-13,
    1.7737811922402838e-13,
    1.7380501477537236e-13,
    1.7109218217437934e-13,
    1.6404483646921764e-13,
    1.4755418823303225e-13,
    1.1654943852152153e-13,
    8.12299135280785e-14,
    5.381620763829694e-14,
    3.5309485343817075e-14,
    2.2193171582453368e-14,
    1.4484407131748638e-14,
    1.1844349922760692e-14,
    1.0532392751010657e-14,
    9.133654599860534e-15,
    6.2431450819320756e-15,
    3.4519161314997064e-15,
    1.5141952286237506e-15,
    8.491452247451326e-16
  ],
  "exit_code": 0,
  "iters": 80,
  "mtx": "watt_2",
  "method": "max-lf_add_m3",
  "x_id": "ones"
}