{
  "fre": [
    0.09877899356335833,
    0.047995185214502245,
    0.03082024423090565,
    0.021697311668994263,
    0.014574730655550483,
    0.010595788838881423,
    0.009260194773091358,
    0.008660971356048538,
    0.008393943972010542,
    0.008241210555156026,
    0.00806818754689146,
    0.007817151186982146,
    0.007601918898323065,
    0.007278932178495384,
    0.006999512833891067,
    0.006866390774409734,
    0.006679197082953725,
    0.006496986128692331,
    0.006421780593207536,
    0.006381733405723907,
    0.006377405668318109,
    0.006332785116124284,
    0.006214515147424372,
    0.006158174644030887,
    0.00601408086831264,
    0.005810700546872873,
    0.005604343231205047,
    0.004612873831482965,
    0.003592944241543143,
    0.002717953815109899,
    0.0020055426310611004,
    0.0014821397031688885,
    0.0009007649098949402,
    0.0005576070188199508,
    0.0003103486337784528,
    0.00010362854814807888,
    2.2178156261265825e-05,
    9.400357210653441e-06,
    4.084401991582506e-06,
    2.091363779181094e-06,
    2.049854467175055e-06,
    1.984927465880545e-06,
    1.95449750940677e-06,
    1.930430611302986e-06,
    1.922228174425027e-06,
    1.9086580530446634e-06,
    1.8104679122610652e-06,
    1.708649296155649e-06
  ],
  "rk": [
    1.0,
    2.1574592851411557e-08,
    3.024542769645629e-09,
    9.258691850730157e-10,
    4.248743124095809e-10,
    2.4170598678232626e-10,
    1.135942235334531e-10,
    5.830403283510201e-11,
    3.058192681832981e-11,
    1.5952619340190926e-11,
    1.0481912615263133e-11,
    8.644994990439862e-12,
    7.104642714538616e-12,
    6.217450815435952e-12,
    5.055720145420328e-12,
    3.872697580803261e-12,
    3.3982099427056805e-12,
    2.788224889203541e-12,
    2.2080080227107886e-12,
    1.9821172319555393e-12,
    1.93012227705681e-12,
    1.9268383235750046e-12,
    1.911923855419658e-12,
    1.873339456214606e-12,
    1.8654076885256217e-12,
    1.842729117203311e-12,
    1.8216587899585595e-12,
    1.8028775277983933e-12,
    1.6504440551695108e-12,
    1.4945129088064897e-12,
    1.2955130593592325e-12,
    1.0522879526120992e-12,
    8.845531241496073e-13,
    7.004247707550228e-13,
    5.199665535608579e-13,
    3.225408341396843e-13,
    1.6237572821202057e-13,
    7.575133106211857e-14,
    3.653746884044819e-14,
    1.9082672912240494e-14,
    1.0327411383126342e-14,
    7.117894594915925e-15,
    3.8078462644240925e-15,
    2.370536237141035e-15,
    1.6790125130392152e-15,
    1.6357860405448323e-15,
    1.6158977941460384e-15,
    1.3197727010611842e-15,
    9.446108325529048e-16
  ],
  "exit_code": 0,
  "iters": 48,
  "mtx": "watt_2",
  "method": "max-st_alt-o_m3",
  "x_id": "sine"
}