{
  "fre": [
    0.1314304419039241,
    0.05210497724952305,
    0.03478575368293695,
    0.02743459369007817,
    0.022147171204001878,
    0.01847321574302523,
    0.01612320847645131,
    0.014625585090352392,
    0.01327124449418657,
    0.012136470779184031,
    0.011032720523728444,
    0.009929465191784463,
    0.00914577622094776,
    0.008489408480148454,
    0.007631816145031872,
    0.007041877263002402,
    0.006607489372710667,
    0.0060764317730894685,
    0.005244990614527925,
    0.00394641148651564,
    0.003871725251822646,
    0.0036944241993867753,
    0.003491105809311184,
    0.0031339877373461156,
    0.0026202865506977893,
    0.0018827818212108231,
    0.001441086081867676,
    0.0010637320629786815,
    0.0007136275921064567,
    0.0004781829311929786,
    0.0002763355223972077,
    0.0001403338584625884,
    7.179939661246719e-05,
    2.7806589052566626e-05,
    1.1821857126221873e-05,
    4.9625029254444795e-06,
    1.9585672492482983e-06,
    1.0509347538421292e-06,
    6.008678777565266e-07,
    2.7700144605145737e-07,
    2.1065684235802485e-07,
    1.1869710609050543e-07,
    6.222688431039183e-08,
    3.4679665992698877e-08
  ],
  "rk": [
    1.0,
    3.64160180370291e-08,
    5.9520982396699675e-09,
    1.2579384887901677e-09,
    4.764791009778097e-10,
    2.4730577086436184e-10,
    1.436301133001867e-10,
    8.89020729167333e-11,
    6.039291425125323e-11,
    4.188401254613994e-11,
    3.126398977929002e-11,
    2.4258367353331917e-11,
    1.8331966685455988e-11,
    1.4386195660114389e-11,
    1.1946454088022827e-11,
    9.567955115854956e-12,
    8.012837886564443e-12,
    7.306113824985521e-12,
    6.753782643525919e-12,
    6.1194761046276565e-12,
    5.228713372099871e-12,
    4.628422048575553e-12,
    4.155664743040106e-12,
    3.864367646145523e-12,
    3.522207274249471e-12,
    3.1178309897199424e-12,
    2.49173369191162e-12,
    2.110519477282129e-12,
    1.7653789011831452e-12,
    1.3948677920339476e-12,
    1.0998870144571493e-12,
    8.173075552221315e-13,
    5.798116544460367e-13,
    3.970904170720791e-13,
    2.390686373164764e-13,
    1.4400285714886144e-13,
    7.84519207711875e-14,
    3.7806527538497733e-14,
    1.804473089027184e-14,
    1.0323411441846514e-14,
    5.438572993604583e-15,
    3.4064353295607834e-15,
    1.8918802470697374e-15,
    1.0130675136136915e-15,
    5.15421405749413e-16
  ],
  "exit_code": 0,
  "iters": 44,
  "mtx": "watt_1",
  "method": "max-st_alt-o-repeat_m2",
  "x_id": "sine"
}