{
  "fre": [
    0.1440907498461702,
    0.10198700169987832,
    0.07980832789387916,
    0.06416809067460923,
    0.05636490723934667,
    0.05270430203863873,
    0.05087503947333456,
    0.04910853606379732,
    0.04770809242442265,
    0.046278415026145936,
    0.04474774407927082,
    0.043480337707347994,
    0.042373836553223534,
    0.04052719090550959,
    0.039512653837873425,
    0.03869262102438649,
    0.03800740189592418,
    0.037265986983975555,
    0.03586160937185926,
    0.03150238672709848,
    0.03147422100298667,
    0.03104629799506333,
    0.0308112083287121,
    0.02993944003762597,
    0.02705070593597186,
    0.01993917734561013,
    0.009866401885352236,
    0.0034373267110503736,
    0.0011942058296387412,
    0.0005604089200406925,
    0.00036073843559114035,
    0.00014775267123974038,
    0.00010028748487123063,
    6.529529572899928e-05,
    4.0042728973078137e-05,
    2.7607854557975366e-05,
    2.644112065139923e-05,
    1.5565798488055614e-05,
    6.383224629967568e-06,
    1.2379675367159216e-06,
    1.124890174968109e-06,
    9.957851533312895e-07,
    9.439359963492814e-07,
    8.466566329573904e-07,
    7.019927849433438e-07,
    4.36442469172227e-07,
    2.0039062119178122e-07
  ],
  "rk": [
    1.0,
    2.6240251448997785e-08,
    4.198945422929673e-09,
    1.4282054065265336e-09,
    6.08275580260633e-10,
    3.003819832941961e-10,
    1.346288574505226e-10,
    8.444668013700649e-11,
    5.4942627423182626e-11,
    4.169856863398992e-11,
    3.2732490278794985e-11,
    2.5170032543545745e-11,
    2.0291083397538508e-11,
    1.7569065833635488e-11,
    1.3771144045611753e-11,
    1.1731821252768516e-11,
    1.0781927739111563e-11,
    1.0336630625889207e-11,
    1.0100031565017066e-11,
    9.787901420683182e-12,
    9.06912898315303e-12,
    9.00626584563408e-12,
    8.464781882413016e-12,
    8.407099072318885e-12,
    8.194333437263642e-12,
    7.724092612036059e-12,
    6.624646553805609e-12,
    4.484580330036139e-12,
    2.6321925314628863e-12,
    1.3417503513526829e-12,
    8.134497632438663e-13,
    5.651099748100414e-13,
    3.246555541983306e-13,
    2.0751003689935774e-13,
    1.1342802435073454e-13,
    7.054463184404665e-14,
    5.228612508133825e-14,
    4.5547315433440334e-14,
    3.3942643017138845e-14,
    1.96357004415197e-14,
    1.002371733577069e-14,
    6.164948263746159e-15,
    3.179756141870172e-15,
    2.667308282720457e-15,
    2.0859996963251854e-15,
    1.803773603899946e-15,
    1.3406858298678562e-15,
    8.589352538614758e-16
  ],
  "exit_code": 0,
  "iters": 47,
  "mtx": "watt_2",
  "method": "max-st_alt-o_m4",
  "x_id": "randn"
}