{
  "fre": [
    0.9340744454252875,
    0.9081847000666926,
    0.8818928154069297,
    0.8547197089926161,
    0.8281414107031889,
    0.803918935315879,
    0.7756581050627838,
    0.7406696611820816,
    0.7061313930054867,
    0.6735037120274069,
    0.6460614552094983,
    0.6100477338928969,
    0.5396095674422479,
    0.38785740192261803,
    0.14266299212825462,
    0.0504706104120064,
    0.014772834753650642,
    0.006162096609706139,
    0.0033082292158737574,
    0.0026504109609781115,
    0.002488946447695974,
    0.0021587228535575403,
    0.0018561254785541413,
    0.0015178910781675598,
    0.0012632430727321138,
    0.0010337111212450362,
    0.0007515865787132812,
    0.00045922942130934675,
    0.00022804275542847886,
    0.00013732507135991553,
    0.00011578119995024922,
    0.00010982408104187422,
    0.00010600701876984027,
    0.00010302317147709669,
    0.00010010613933034229,
    9.724864955785763e-05,
    9.437335709035155e-05,
    9.057208060571657e-05,
    8.535479035096664e-05,
    7.766922978521933e-05,
    7.680586523702238e-05,
    7.381035359416335e-05,
    6.950740240009902e-05,
    6.270102227200848e-05,
    4.897561927020495e-05,
    3.1453546236954125e-05,
    1.8389080826458952e-05,
    1.0286976131834657e-05,
    3.6882219435074983e-06,
    1.5271529206537704e-06,
    7.733683676554822e-07,
    6.435555236832299e-07,
    5.64705884020028e-07,
    4.7598777247345926e-07,
    3.934856770960634e-07,
    3.224279165833416e-07,
    2.4238991125420807e-07,
    1.8052047384636893e-07,
    1.297366258101999e-07
  ],
  "rk": [
    1.0,
    1.3192467301956292e-08,
    6.4533660566614244e-09,
    4.372551039082095e-09,
    2.9363516854122284e-09,
    1.9813659534917673e-09,
    1.476731213164618e-09,
    1.203991941395979e-09,
    1.0053448204625914e-09,
    8.695950282093937e-10,
    7.687557261597232e-10,
    7.136083748534949e-10,
    6.738113125234784e-10,
    6.246773209780542e-10,
    5.240174129184378e-10,
    3.1324093659932954e-10,
    1.8275776171655954e-10,
    9.617480950351092e-11,
    5.860734478376428e-11,
    3.4342795852003675e-11,
    2.2621851737805564e-11,
    1.7860022029760618e-11,
    1.3363988969834625e-11,
    1.0297326307134112e-11,
    7.566677894473541e-12,
    6.1455565366292385e-12,
    5.295238213538789e-12,
    4.338089663775821e-12,
    3.2234812075037344e-12,
    2.050243035406582e-12,
    1.2035765644261802e-12,
    6.406983468025348e-13,
    3.70658707796652e-13,
    2.3315275028018355e-13,
    1.6320858602136832e-13,
    1.2996442110623555e-13,
    1.1302975896885438e-13,
    1.0509186203006401e-13,
    9.929232431442247e-14,
    9.469039101753682e-14,
    8.95353886035676e-14,
    8.587368266583725e-14,
    8.128044155903094e-14,
    7.714686055298415e-14,
    7.19523432715421e-14,
    6.245817144089155e-14,
    4.856604657296648e-14,
    3.6212082277244214e-14,
    2.6661512665833976e-14,
    1.6661240728964895e-14,
    1.1544998925772807e-14,
    7.291620438566581e-15,
    4.749693317176364e-15,
    3.551645880506692e-15,
    2.6559021550065488e-15,
    2.0277543393413424e-15,
    1.6219128628745593e-15,
    1.2782997298062957e-15,
    1.0342596195778175e-15,
    8.163612125187903e-16
  ],
  "exit_code": 0,
  "iters": 59,
  "mtx": "watt_1",
  "method": "ilu0",
  "x_id": "ones"
}