{
  "fre": [
    0.9294473780083419,
    0.9017679069023736,
    0.8741235760469774,
    0.8474516535239243,
    0.8228550651682274,
    0.7919899271187376,
    0.7605612892792295,
    0.7263989134104735,
    0.6955613845391496,
    0.6714085228703915,
    0.6494971710180647,
    0.6008592484241672,
    0.43192714632931745,
    0.21046032732980258,
    0.08621653682724573,
    0.03628542138901251,
    0.016950583785492183,
    0.00657410843716736,
    0.002250139257172084,
    0.0011331518561038408,
    0.0010188260385284404,
    0.0008603713687805522,
    0.0007581225816770394,
    0.0006932082417820416,
    0.0006503441397431373,
    0.0006201995261315867,
    0.0005962890647392289,
    0.0005761169773143849,
    0.0005497326962867863,
    0.0005108795195380343,
    0.00046499591403976207,
    0.0004288325186315552,
    0.0004007846294724814,
    0.0003743938587348317,
    0.00035160697600160426,
    0.0003315239159467722,
    0.0003121262440947718,
    0.00028288320064588277,
    0.00022619019734447925,
    0.00014117752013970874,
    0.000139575080059858,
    0.00013601448180653104,
    0.00013237299844347786,
    0.0001272483038716351,
    0.00012042069768019205,
    0.00011080905643622909,
    9.701415275428369e-05,
    7.890630467172134e-05,
    5.804091578011219e-05,
    4.135099142890215e-05,
    3.155318486442081e-05,
    2.4209132926809406e-05,
    1.81048695665307e-05,
    1.3794426990332056e-05,
    9.941938234688106e-06,
    7.346305740914097e-06,
    5.2630478880348574e-06,
    3.3487583420735118e-06,
    1.8552464032531376e-06,
    1.0501618913942416e-06,
    1.0047706907048145e-06,
    9.168821473697461e-07,
    8.494383669292414e-07,
    7.746237383589196e-07,
    7.196887476182299e-07,
    6.745997520919214e-07,
    6.41017470479423e-07,
    6.02260587653765e-07
  ],
  "rk": [
    1.0,
    8.852788004482841e-09,
    4.752397936821967e-09,
    3.049826665026051e-09,
    2.083681285035494e-09,
    1.6516933273592142e-09,
    1.308877373089974e-09,
    1.0595622111194675e-09,
    8.878111740965475e-10,
    7.669233991755285e-10,
    7.14170996875967e-10,
    6.897607250144041e-10,
    6.577705962115524e-10,
    5.529146087973611e-10,
    3.8128058958695004e-10,
    2.369003401023591e-10,
    1.4259931953393413e-10,
    8.979494806690952e-11,
    5.340546890232905e-11,
    3.0231123666706447e-11,
    1.8117497199188905e-11,
    1.2423952574012492e-11,
    8.202134987269346e-12,
    5.293013767569566e-12,
    3.468189889201829e-12,
    2.278514785209712e-12,
    1.5649052677237378e-12,
    1.209473466264444e-12,
    1.033763616968183e-12,
    9.119348437377764e-13,
    7.894952574436196e-13,
    6.539203714642924e-13,
    5.535262919729145e-13,
    4.820288252881674e-13,
    4.2702806318232434e-13,
    3.894154002899546e-13,
    3.6417139437817213e-13,
    3.463647076724162e-13,
    3.2778696089998765e-13,
    2.9034248295194574e-13,
    2.2523346109190469e-13,
    1.907472296090329e-13,
    1.6389251941373228e-13,
    1.4989379336099787e-13,
    1.3982359859963602e-13,
    1.3184477201514108e-13,
    1.2359784969556698e-13,
    1.1399716547136652e-13,
    9.974003607917171e-14,
    8.28346366815336e-14,
    6.702158474781662e-14,
    5.5717015418198197e-14,
    4.6725346303342576e-14,
    3.85959718709505e-14,
    3.200428527185245e-14,
    2.6082124279995917e-14,
    2.0963285127747884e-14,
    1.6591352540124925e-14,
    1.2435119617126718e-14,
    8.678521198597934e-15,
    6.4109421988570395e-15,
    5.0853029187536805e-15,
    3.7562958026694594e-15,
    3.0282496061046434e-15,
    2.3039778029103434e-15,
    1.7458994516194288e-15,
    1.3546361147874254e-15,
    1.14623806671301e-15,
    9.629207482333031e-16
  ],
  "exit_code": 0,
  "iters": 68,
  "mtx": "watt_1",
  "method": "max-st_alt-o_m2",
  "x_id": "ones"
}