{
  "fre": [
    0.1955415647330632,
    0.08396820454725051,
    0.054279769412503856,
    0.037681955614742746,
    0.02844300397928968,
    0.021355214516045735,
    0.0165240158733827,
    0.012303925061693427,
    0.00908899961865223,
    0.006188599293518515,
    0.004366934516638514,
    0.003240321169053999,
    0.0025470290038493507,
    0.001893859091142676,
    0.0014842377115588997,
    0.0012168019968915816,
    0.0010229159452096281,
    0.0008935982478777112,
    0.0008050992860733588,
    0.0007335946663131326,
    0.0007165126680575756,
    0.0006746090122922141,
    0.000608012632170004,
    0.0005401564315179785,
    0.00047863381680353465,
    0.0004235323750045157,
    0.00039025426642173285,
    0.0003705472305645134,
    0.0003577774784166719,
    0.00034446233919508236,
    0.00033250083863893673,
    0.0003228960725141019,
    0.0003048620110159809,
    0.0002817454856507971,
    0.0002512790766988161,
    0.00020464275432913214,
    0.00014016970519226067,
    7.001752367929646e-05,
    2.9426479397203086e-05,
    1.0918976842852177e-05,
    1.0725108468522972e-05,
    1.0275192449221204e-05,
    9.925949948372745e-06,
    9.58619874919538e-06,
    9.246494345804068e-06,
    8.925554709350925e-06,
    8.662423663242054e-06,
    8.403067427101506e-06,
    8.163726469376095e-06,
    7.753825564936292e-06,
    7.254827337754922e-06,
    6.577141010938088e-06,
    5.34246718204445e-06,
    3.5840490035190867e-06,
    1.819491420834499e-06,
    8.11458606461275e-07,
    3.6361822603747405e-07,
    2.159100868872176e-07,
    1.7944918544243468e-07
  ],
  "rk": [
    1.0,
    6.508999566878613e-08,
    1.128819117772546e-08,
    3.782995873802777e-09,
    1.5336231036948552e-09,
    7.53639794888986e-10,
    4.1984406292579993e-10,
    2.7243467593612604e-10,
    1.8042938236429172e-10,
    1.2691300158847327e-10,
    8.407391367822856e-11,
    5.3805193942136064e-11,
    3.6704722906284746e-11,
    2.738616094215588e-11,
    1.8990792673270007e-11,
    1.2912545754286266e-11,
    9.243839769994708e-12,
    6.639057098195273e-12,
    4.9055792947341e-12,
    3.7127076120133945e-12,
    2.7860405334631486e-12,
    2.4256458166520527e-12,
    2.161547430388322e-12,
    1.833228557151664e-12,
    1.5020168469742104e-12,
    1.207505731352756e-12,
    9.198180776313663e-13,
    6.88218794397537e-13,
    5.313964798371578e-13,
    4.474157201533603e-13,
    3.927651879011289e-13,
    3.582612140517335e-13,
    3.424164594680367e-13,
    3.228255160296911e-13,
    3.019939584942876e-13,
    2.8115401039731543e-13,
    2.5253205768756555e-13,
    2.0864892386465595e-13,
    1.4473225647900988e-13,
    9.13786198822156e-14,
    5.237297121060134e-14,
    3.985247474063314e-14,
    2.8361087146950696e-14,
    2.132926659992994e-14,
    1.6626513114539985e-14,
    1.3296080422824123e-14,
    1.0942054589300095e-14,
    9.68036817925308e-15,
    8.918407808232566e-15,
    8.56466081783165e-15,
    8.145624925726978e-15,
    7.741241858328864e-15,
    7.296745755402959e-15,
    6.519112587202181e-15,
    5.276456571239052e-15,
    3.768186993503376e-15,
    2.4302595637538067e-15,
    1.5920140941228966e-15,
    1.1194412617953436e-15,
    8.853537944438036e-16
  ],
  "exit_code": 0,
  "iters": 59,
  "mtx": "watt_1",
  "method": "max-lf_alt-o_m2",
  "x_id": "sine"
}