{"fre": [1.1443190375609964, 1.1163717905134132, 0.6088940962497913, 0.5442837984114498, 0.43470335535991267, 0.3359635874401445, 0.25165331170672905, 0.21898093074694652, 0.13377377128722379, 0.09485330818048113, 0.07643244322196784, 0.04286990888781597, 0.03525037688563231, 0.03046233940429758, 0.018661913443491263, 0.017015670572646854, 0.014536542614363126, 0.009412435250931177, 0.008333656457000927, 0.0054474667480146136, 0.005329161309339701, 0.004998011995833752, 0.004403364914567314, 0.0037218527700522094, 0.00363658695293034, 0.0021673949366301714, 0.001498367197539663, 0.001056986260036333, 0.000915677749979377, 0.0004500272404889883, 0.00029956450588473644, 0.000229005053578425, 0.0002013295788530505, 0.00014397765008282288, 9.576971227553399e-05, 6.701921765353794e-05, 5.381551521417572e-05, 2.7209304278522632e-05, 1.8543474714544836e-05, 1.6910023627698975e-05, 1.6743257080610386e-05, 1.3217546103554988e-05, 6.616686968475418e-06, 4.119485287973994e-06, 5.3240968209834284e-06, 5.290366368951176e-06, 4.5714974324210425e-06, 2.6779171762283832e-06, 1.9527425409108566e-06, 2.0443693512537255e-06, 1.652238095767915e-06, 9.819220778116223e-07, 5.179455938842215e-07, 2.780668778381786e-07, 2.131424947081041e-07, 1.5201872516260223e-07, 1.5744826739896261e-07, 1.4174723966600496e-07, 1.030707381328448e-07, 8.371205663707614e-08, 8.330336238496968e-08, 8.379625884215532e-08, 5.6166338122239636e-08, 4.5083832253747825e-08, 4.391532325401391e-08, 3.785716057695563e-08, 2.80035963150291e-08, 1.0278218785283998e-08, 6.301722310557658e-09, 6.270326643511918e-09, 5.070702644569799e-09, 4.7376688951092734e-09, 2.6196979332192803e-09, 2.1117340663788947e-09, 1.6064006260033074e-09, 9.83667943166001e-10, 1.000527682769802e-09, 6.620925720865127e-10, 4.3168142908638244e-10], "rk": [1.0, 1.0668564193062142e-05, 3.5393987071141203e-06, 1.7442126304204003e-06, 1.3011386288879343e-06, 7.488832054436825e-07, 5.42769074690161e-07, 4.647351983409662e-07, 4.4360471227603726e-07, 3.415713191686682e-07, 2.5564518733283895e-07, 2.2391200655578763e-07, 1.6309742339000448e-07, 1.1894512265984788e-07, 9.016259711311036e-08, 4.989900950814394e-08, 3.2251258506387264e-08, 1.9699470032247286e-08, 1.1510523884600106e-08, 1.0495116310683042e-08, 8.269991740750563e-09, 8.099431921027393e-09, 7.843511905070427e-09, 7.522237315679252e-09, 7.097440156437168e-09, 6.498546693443151e-09, 5.0695788685677876e-09, 3.4439609017971968e-09, 2.4996625905871065e-09, 2.2915737957893712e-09, 1.0699679972936852e-09, 7.275122433574379e-10, 4.985078007664182e-10, 2.9114391266784694e-10, 2.1700774256726026e-10, 1.7012471752110415e-10, 1.3225740794729473e-10, 1.0870709800729309e-10, 7.246091680069512e-11, 3.345300032062943e-11, 2.4658998294113707e-11, 2.4606785853442542e-11, 2.3119427543216826e-11, 1.919096408292384e-11, 1.3967483206682974e-11, 9.80370367804489e-12, 6.564663997318967e-12, 5.4867007487391656e-12, 4.497991384967042e-12, 3.878546388250601e-12, 3.781040609279797e-12, 2.777952789424475e-12, 1.2963869277129413e-12, 8.013270038808634e-13, 4.886223414263837e-13, 4.098782308308099e-13, 3.610611937227627e-13, 3.0484588127109846e-13, 2.686344724175954e-13, 1.9864768608830824e-13, 1.0910001638661234e-13, 1.0270211004342828e-13, 1.0266829248916823e-13, 8.189849547727778e-14, 6.975961631025312e-14, 6.922607032066905e-14, 5.887518917924104e-14, 4.1760139983740697e-14, 2.510365858489247e-14, 2.1147982373791542e-14, 1.2785161850925437e-14, 1.1202575921472157e-14, 5.477316963278119e-15, 3.247226096651185e-15, 2.5378298162103667e-15, 2.182528176196881e-15, 1.4312018807075395e-15, 1.3789270235166566e-15, 1.019076247755034e-15, 6.532663001777893e-16], "exit_code": 0, "iters": 79, "mtx": "c20", "method": "max-st_add_m4", "x_id": "randn"}