{
  "fre": [
    3.775633175125066,
    4.28242666329579,
    2.5454298142419542,
    2.6428145014954563,
    1.972949237306888,
    1.2667607179568758,
    1.0041193889900326,
    0.6474893563207156,
    0.4740806439031887,
    0.4020159001717897,
    0.3108762197939315,
    0.2537686208751926,
    0.18186638661136492,
    0.14692503932177867,
    0.0801979294485597,
    0.035079040586986535,
    0.0208014650285289,
    0.014318099842192447,
    0.012577949150543924,
    0.016772208472214202,
    0.01645309070795817,
    0.013736224557325077,
    0.010997424135821065,
    0.0030977429516203104,
    0.0026223998794968717,
    0.003316136466761984,
    0.003403119491950039,
    0.0033184331973754536,
    0.002595188550766615,
    0.0018092964077589984,
    0.0012737535443658502,
    0.00046320465786218833,
    0.0004039668560470769,
    0.00037957234037303906,
    0.00024452822866813715,
    0.00015062579808037402,
    0.0001135251989573371,
    9.570441160714168e-05,
    6.181084133457303e-05,
    4.897516815390547e-05,
    4.8559581505156765e-05,
    4.679407178588471e-05,
    4.2330580675291694e-05,
    3.082503012062609e-05,
    2.8647886378139793e-05,
    2.5372723061638027e-05,
    1.603693837693893e-05,
    9.519622115091513e-06,
    6.624937058400444e-06,
    7.568474962959519e-06,
    6.146471607496983e-06,
    3.173029154422038e-06,
    2.2354431255715726e-06,
    1.7930356082881513e-06,
    9.018647532891373e-07,
    5.833339972482898e-07,
    4.6505564822222486e-07,
    4.648610395781152e-07,
    3.351814216980573e-07,
    1.2121162365063933e-07,
    1.1682878331745415e-07,
    1.1307625776165447e-07,
    1.1278806307204837e-07,
    8.053766671478468e-08,
    3.882826311025272e-08,
    2.6960613626087253e-08,
    2.3541277183726037e-08,
    1.476037006102674e-08,
    1.102034146299688e-08,
    1.5251564559849295e-08,
    1.0346267967613535e-08,
    5.6987943716616675e-09,
    4.849812808310447e-09,
    3.5202873639300557e-09,
    2.7761487525844847e-09,
    1.8318097765792435e-09,
    1.2988378345684971e-09,
    1.5724728358547207e-09,
    9.942180784568555e-10
  ],
  "rk": [
    1.0,
    3.650097841960002e-05,
    7.402197785586887e-06,
    2.473404190601728e-06,
    1.4183161230984451e-06,
    9.37475432552089e-07,
    6.864567706111675e-07,
    5.61470260631702e-07,
    4.3887577539140296e-07,
    3.309720558449933e-07,
    3.1054208470855065e-07,
    2.3920468825058907e-07,
    1.9791789203646222e-07,
    1.7979475426830866e-07,
    1.0909005270345261e-07,
    6.988969992108216e-08,
    4.651945259828183e-08,
    3.0328474739767406e-08,
    1.979535955373655e-08,
    1.8017742482364683e-08,
    1.1264704076240357e-08,
    1.106983411829518e-08,
    9.697317744764902e-09,
    8.163342353872541e-09,
    5.015323592504522e-09,
    4.253382074672548e-09,
    3.0143505109567407e-09,
    2.7508551407237057e-09,
    2.4722688599295574e-09,
    1.8181389477480634e-09,
    1.5013538764520756e-09,
    1.0007777431018688e-09,
    7.066837339959009e-10,
    4.193538263200353e-10,
    3.3014275701062024e-10,
    2.3016586638346302e-10,
    1.3618630658208219e-10,
    8.640378689875165e-11,
    6.382633233037374e-11,
    3.898140617516322e-11,
    3.2349899515763975e-11,
    3.2211406966594494e-11,
    3.146121129246524e-11,
    2.98615929219093e-11,
    2.587923062563722e-11,
    2.5400615182891146e-11,
    2.3884748694842872e-11,
    1.752096026743985e-11,
    1.096598750953627e-11,
    7.818963958608519e-12,
    5.774035678812516e-12,
    4.193859058033153e-12,
    2.802884798263461e-12,
    2.2334310971088074e-12,
    1.5118551969102563e-12,
    7.373015431875301e-13,
    4.4176296551305205e-13,
    3.351032415198352e-13,
    2.35321586846081e-13,
    2.0489812717918248e-13,
    1.2120340283299706e-13,
    1.1591898501653642e-13,
    1.1509889844926847e-13,
    1.1454590518748545e-13,
    9.947272488440002e-14,
    4.326972201156989e-14,
    3.3670547900678574e-14,
    3.0668826577741084e-14,
    2.165075695656796e-14,
    1.6581949868548128e-14,
    1.0991253301844749e-14,
    7.162765468449027e-15,
    4.4110898844121106e-15,
    3.44204520005823e-15,
    2.7066729003843446e-15,
    2.4971980755564656e-15,
    2.160386305682759e-15,
    1.4961805655808993e-15,
    1.1713471427954786e-15,
    9.999595352550585e-16
  ],
  "exit_code": 0,
  "iters": 79,
  "mtx": "c20",
  "method": "max-st_add_m4",
  "x_id": "sine"
}