{
  "fre": [
    5.319088223494047,
    5.750659383520771,
    3.056085448788361,
    2.546255507513001,
    1.8989467811838465,
    1.4676854217232917,
    1.2073055760953608,
    0.8686716155219072,
    0.6171232218982832,
    0.4753640669604901,
    0.29865889219371505,
    0.2271768861910897,
    0.13699285303107528,
    0.1206494510684988,
    0.0697190512525847,
    0.06926381290306573,
    0.047573316288971136,
    0.033271290107627485,
    0.027921778214420292,
    0.020669901446427507,
    0.020502616898275348,
    0.019832827481237256,
    0.0169831045155257,
    0.013280499507442523,
    0.0122579306942365,
    0.005094577969793227,
    0.0032805348177500056,
    0.002863658178834265,
    0.001983366692081869,
    0.0015796250237329185,
    0.0014654544517804552,
    0.001010473824784524,
    0.0009604647807469817,
    0.0006465864978006188,
    0.0003863277210673122,
    0.00034232296883681177,
    0.00027508441496051656,
    0.00016263649239758426,
    7.227974495057421e-05,
    4.435254554028044e-05,
    4.387640038067035e-05,
    4.102322272010549e-05,
    2.9609979548263724e-05,
    2.278117360902848e-05,
    1.6482084344783967e-05,
    1.569135545059289e-05,
    1.3181485631679072e-05,
    8.759893282905565e-06,
    8.210770727376108e-06,
    5.724101470850439e-06,
    4.050935217232031e-06,
    3.2055869454282995e-06,
    2.921964533672544e-06,
    2.4352069955600917e-06,
    1.4125820776311835e-06,
    8.945953508427852e-07,
    6.558770637055867e-07,
    4.952104458251137e-07,
    3.980705458344557e-07,
    1.8409845068787104e-07,
    1.7051537521809674e-07,
    1.66929631529501e-07,
    1.611105137806613e-07,
    6.959938067698216e-08,
    4.450907979517533e-08,
    4.706735547463998e-08,
    2.7889623248048704e-08,
    1.4271851882250962e-08,
    2.0785236833211116e-08,
    1.0417115169230155e-08,
    7.773338356759059e-09,
    6.5161978253492415e-09,
    4.616703519785179e-09,
    3.684689528557233e-09,
    2.1507444924280976e-09,
    1.3710077927482959e-09,
    1.0822636483702768e-09,
    8.710953738029531e-10
  ],
  "rk": [
    1.0,
    5.9808906150442225e-05,
    6.9472142009879665e-06,
    3.4944338283363185e-06,
    1.928652741002838e-06,
    1.3235080401014386e-06,
    9.977351572151048e-07,
    7.940873707014128e-07,
    6.085999497134643e-07,
    4.3880536237226056e-07,
    3.703048853852934e-07,
    2.801033797123397e-07,
    2.0425928860319378e-07,
    1.5783676798488728e-07,
    1.404447422312703e-07,
    1.0408041200371965e-07,
    7.191076029439984e-08,
    4.133510763193997e-08,
    2.035397175838798e-08,
    1.4479399614851563e-08,
    1.2029313760164994e-08,
    1.1914793120569229e-08,
    1.175727270647754e-08,
    1.1022757637784447e-08,
    9.909087739417186e-09,
    9.679462604250827e-09,
    6.000408351830677e-09,
    4.355652700444846e-09,
    4.28521708381336e-09,
    3.166916902007573e-09,
    2.2538730950342044e-09,
    1.3988201958981067e-09,
    7.921940245519558e-10,
    7.092133107645385e-10,
    5.722335931899027e-10,
    2.7450410676941685e-10,
    2.4886532325556465e-10,
    2.0356374794147913e-10,
    1.1073720726243199e-10,
    6.465136118566304e-11,
    4.0584399534770395e-11,
    3.9877473598409064e-11,
    3.52998917942054e-11,
    3.1889103498845704e-11,
    2.994201353034215e-11,
    2.599365650234523e-11,
    2.1370177340673733e-11,
    1.5075984832582644e-11,
    9.356393463820704e-12,
    5.619154842760519e-12,
    4.0983719443779324e-12,
    2.404850558376965e-12,
    1.7522929550859865e-12,
    1.653445336139521e-12,
    1.5113600388358328e-12,
    1.2009348090388766e-12,
    5.71905459554466e-13,
    2.922185676007173e-13,
    2.5565900232674615e-13,
    2.27671579660846e-13,
    1.298207134873213e-13,
    1.216495009107492e-13,
    1.205819073143134e-13,
    1.1913126129320656e-13,
    9.595509208850921e-14,
    5.973861042528541e-14,
    5.122440252140959e-14,
    3.317259645865623e-14,
    2.4863110280953057e-14,
    1.605433637487142e-14,
    1.1046120625760206e-14,
    7.643102581619802e-15,
    5.7170355508051796e-15,
    3.716088610431221e-15,
    2.441863569166501e-15,
    1.834851275328102e-15,
    1.2425155289776664e-15,
    1.0377450918511085e-15,
    8.377937091556813e-16
  ],
  "exit_code": 0,
  "iters": 78,
  "mtx": "c20",
  "method": "max-st_add_m4",
  "x_id": "ones"
}