{"fre": [0.9268268739623725, 0.931011003102435, 0.931105652968346, 0.9311274954790074, 0.9311283715316595, 0.9311160006353435, 0.9310652873088717, 0.9305985407125871, 0.9213039447707146, 0.7373121728007779, 0.5964964913325467, 0.5439208010807203, 0.4843200113319167, 0.40590878531206037, 0.32152321997931543, 0.23386078561329804, 0.14555173971929924, 0.06650950651549752, 0.017968982712309768, 0.004207304381304243, 0.003114566524885225, 0.002874458267670696, 0.002834204977809525, 0.002831679223136151, 0.00281510378384747, 0.0028175007376146114, 0.002698980353808284, 0.0020168093839357548, 0.0011363643674882442, 0.0008541506825574427, 0.0005791705283091827, 0.00019269549672334523, 7.391974701407535e-05, 3.331180425131279e-05, 1.7080308755318454e-05, 8.941981544588463e-06, 5.570374192927962e-06, 3.966440515385399e-06, 1.6607327621752197e-06, 1.204458986028914e-07, 1.0545491714308929e-07, 9.928660012575366e-08, 9.620131109674767e-08, 9.595798747883741e-08, 9.595902453860975e-08, 9.587046800926243e-08, 9.532167846039725e-08, 8.54257052223902e-08, 1.3969141857665687e-08, 1.2665130277178507e-08, 1.2187102083038947e-08, 1.0931872948860827e-08, 8.44970640126377e-09, 5.066064950063104e-09, 2.3993433601356016e-09, 1.2223103271235782e-09, 6.238385855305474e-10, 2.2153448773168964e-10, 5.445319051364861e-11, 2.7214202523973182e-11, 2.1967226586854705e-11, 1.974947157556972e-11, 1.9103591893180668e-11, 1.8752790068268474e-11, 1.8710910533967046e-11, 1.8711067698008e-11, 1.87012085901671e-11, 1.8621341602222103e-11, 1.7168921091638782e-11, 7.858400322551911e-12, 5.637655622913456e-12, 4.15264315410279e-12, 2.3462237878957936e-12, 8.840897531168796e-13, 3.927080700209715e-13, 1.7928372357056157e-13, 8.593914288477762e-14, 5.237318425497689e-14, 3.5381984645827365e-14, 1.5806997577584996e-14, 1.3952334058779755e-14, 1.3838557421208166e-14, 1.383163662594533e-14, 1.3856486974204845e-14, 1.3838032047825543e-14, 1.3688675960084111e-14, 1.308893188058828e-14, 1.195426120310848e-14, 7.427090441539318e-15, 4.31807071710087e-15, 3.42470905543898e-15], "rk": [1.0, 0.5291189075975485, 0.5224833336693878, 0.522461854942207, 0.522393167750314, 0.5223931483340946, 0.522375689584576, 0.5223507780492734, 0.5220882493541963, 0.5173017684285226, 0.399298262914425, 0.1886836485125316, 0.12860378756348176, 0.09553064964714815, 0.06964043849897282, 0.0516440484452671, 0.03848689809353684, 0.02714199670315701, 0.016635380745537005, 0.0073202158369691794, 0.0020237109297003026, 0.0007894289368366546, 0.0007095415944663522, 0.0006778904532579355, 0.0006734216746846254, 0.0006640732432414907, 0.0006638224387304634, 0.0006314058823604831, 0.0005157132878994623, 0.00021295085064302152, 0.00015872544350351524, 0.000122582983963542, 7.299241490086233e-05, 4.085187944177896e-05, 2.0414479366515993e-05, 9.524078440587637e-06, 4.178145413141469e-06, 1.679500781810233e-06, 7.724194286841901e-07, 3.832280040638776e-07, 4.3154271526666155e-08, 3.856547333225379e-08, 3.689128789711361e-08, 3.604413468159161e-08, 3.597785872801281e-08, 3.597777162921939e-08, 3.596221064051626e-08, 3.5873011274553196e-08, 3.4185698274538025e-08, 1.6050261615054626e-08, 6.100816472261382e-09, 4.11670570519022e-09, 3.1286981803486776e-09, 2.2862968030716145e-09, 1.4725512350801479e-09, 8.160790234799361e-10, 4.751393165628656e-10, 2.731420139411083e-10, 1.2423155351447535e-10, 3.597192101535527e-11, 8.95050249952351e-12, 6.487951656182036e-12, 5.795570217896477e-12, 5.569258674871685e-12, 5.429421712712517e-12, 5.4127486484124255e-12, 5.412481398322283e-12, 5.410461627184404e-12, 5.395079868893104e-12, 5.118393979695446e-12, 2.611513853553358e-12, 1.5564163432502012e-12, 1.2343780624763538e-12, 8.842597247824222e-13, 4.789820081233897e-13, 2.323753201806208e-13, 1.0244253470751373e-13, 4.074181870967942e-14, 1.5742966218457266e-14, 8.38790946129182e-15, 4.59286675381907e-15, 3.2535244829893742e-15, 3.2461160787064857e-15, 3.237930586131947e-15, 3.2347396973353093e-15, 3.2302954090259474e-15, 3.1693919231900834e-15, 3.038388291961592e-15, 2.8414130620357305e-15, 2.0281913529697983e-15, 1.0538203587563886e-15, 1.568351344207437e-15], "exit_code": -1, "iters": 91, "mtx": "pde2961", "method": "max-lf_alt-o-repeat_m4", "x_id": "ones"}