{
  "fre": [
    0.02467129317104441,
    0.013433238245231209,
    0.013291317245709337,
    0.013480654463535061,
    0.013538032460603316,
    0.013578004910154878,
    0.013576971076223599,
    0.013559405200786873,
    0.01300727150227107,
    0.005871015094497444,
    0.002047689228382851,
    0.001658359318590337,
    0.0013344785371035045,
    0.0010791013574106745,
    0.0008480737117696306,
    0.0006406940053737358,
    0.0004984768443221554,
    0.00039869939446525844,
    0.0002474624325260685,
    9.832139594336808e-05,
    6.36539983129945e-05,
    4.966043994265244e-05,
    4.994556203528598e-05,
    4.931567382969072e-05,
    4.815027568081619e-05,
    4.241368167238399e-05,
    2.949381834524545e-05,
    2.3807290973075035e-05,
    1.623067704213282e-05,
    1.064864460692985e-05,
    3.4895376967805584e-06,
    1.1563475205836443e-06,
    6.645142738579345e-07,
    3.852635835163084e-07,
    1.5838864826599918e-07,
    7.617453912327682e-08,
    4.232551554162584e-08,
    2.2610107363986518e-08,
    7.657894059704528e-09,
    5.74855190136298e-09,
    5.4369571559571105e-09,
    5.421500044185828e-09,
    5.430298253170766e-09,
    5.320168948407978e-09,
    4.699977498576255e-09,
    3.774578627907262e-09,
    3.1319680527971564e-09,
    1.6863888175517418e-09,
    1.2237724948341357e-09,
    6.383918294351966e-10,
    3.1761552126914273e-10,
    1.2935876959410476e-10,
    5.722771142801426e-11,
    2.97181248020627e-11,
    1.3482364287636383e-11,
    4.753961559224489e-12,
    2.142366029976149e-12,
    8.32647192103727e-13,
    3.3589398698001725e-13,
    1.4449059501418642e-13,
    1.1052482058010126e-13,
    9.048967719362811e-14,
    7.847002739133002e-14,
    7.928657621826163e-14,
    7.566811882512598e-14,
    7.275475948090337e-14,
    6.055577838644897e-14,
    3.0594211377363237e-14,
    2.7998382912094192e-14,
    2.0393650488884405e-14,
    1.561961325330137e-14,
    6.377272546171769e-15
  ],
  "rk": [
    1.0,
    0.01111940080728065,
    0.004004436396774656,
    0.003320823763291797,
    0.003200148306977471,
    0.0031521318936366155,
    0.0031403427680795418,
    0.0031305978691324172,
    0.003129815568979577,
    0.0030479106267451745,
    0.001843427621412386,
    0.00030219884580845214,
    0.00012270834292928666,
    8.392945187528829e-05,
    6.180117249838096e-05,
    4.962477276235819e-05,
    3.882450426963642e-05,
    2.967143955007371e-05,
    2.3418361566122974e-05,
    1.601506974909142e-05,
    7.495455446002982e-06,
    3.932330393577862e-06,
    3.020471816608302e-06,
    3.0131567856620995e-06,
    2.978600247900688e-06,
    2.9184209074911406e-06,
    2.6435142383960425e-06,
    1.7817665228999798e-06,
    1.3359979647294856e-06,
    1.003446644918933e-06,
    6.459882723612051e-07,
    3.090240642603824e-07,
    1.0431878270173675e-07,
    4.581157901648323e-08,
    2.237627069442723e-08,
    8.651899901919262e-09,
    3.022909147581472e-09,
    1.4369951597565918e-09,
    4.990720759356815e-10,
    2.200092318601546e-10,
    1.6590877074689423e-10,
    1.5367461948813637e-10,
    1.5321014927813005e-10,
    1.5292716981500094e-10,
    1.4773880355544016e-10,
    1.187480590118498e-10,
    8.361930429772345e-11,
    7.001133257169984e-11,
    4.474562326166786e-11,
    3.532921005427623e-11,
    2.4777061769763654e-11,
    1.6690510534466293e-11,
    9.338058094371482e-12,
    4.254626064827207e-12,
    1.7266843744288495e-12,
    7.017393718434462e-13,
    2.2217735015032668e-13,
    9.996974698776411e-14,
    4.2710088884758123e-14,
    1.8121949345589044e-14,
    9.280424630717217e-15,
    6.391524848963076e-15,
    5.410804258180247e-15,
    5.063260253398e-15,
    5.050387837123098e-15,
    4.882460265728891e-15,
    4.811618497857784e-15,
    4.530380038805514e-15,
    3.187423244323714e-15,
    2.5867421280548228e-15,
    1.7142556877490122e-15,
    1.1796221223107434e-15,
    6.358868140122443e-16
  ],
  "exit_code": 0,
  "iters": 72,
  "mtx": "pde2961",
  "method": "max-lf_alt-o-repeat_m4",
  "x_id": "sine"
}