{"fre": [0.925747059460858, 0.9299336757922613, 0.9300350433813688, 0.930057158804779, 0.9300585232298523, 0.930046157445872, 0.9299960548008365, 0.9295330589271377, 0.9203155680659015, 0.7371348256277408, 0.5959516123999762, 0.543366145461698, 0.48377334148439893, 0.4053715143344685, 0.3210093587389969, 0.2333964477220494, 0.14522271393430866, 0.06639515169701134, 0.018073861961943695, 0.0043940825914448945, 0.0032738182124255073, 0.002995404103457876, 0.002957004073798724, 0.002955935400803719, 0.0029404925465897447, 0.0029400170973524157, 0.0028105067948962907, 0.0019438243469068882, 0.0010951447524282217, 0.0008207935623501218, 0.0004736629872007778, 0.00014791860969108508, 6.066390972916694e-05, 2.909716163223377e-05, 1.5201711794458323e-05, 8.277220666413468e-06, 5.273108567078773e-06, 3.6697119042393213e-06, 1.2889242182738983e-06, 1.2716039811631366e-07, 1.1113292968411664e-07, 1.0413333920589735e-07, 9.609601619699715e-08, 8.705056468858822e-08, 8.348710597126443e-08, 8.341905057153067e-08, 8.291673783186378e-08, 7.174892282896127e-08, 1.7320909472703856e-08, 1.98690770285211e-08, 1.701057791554553e-08, 1.2927591558224595e-08, 7.003544808393478e-09, 2.787506525689705e-09, 1.1636509067457473e-09, 6.86149177615088e-10, 4.0961397270951245e-10, 1.608582768767498e-10, 3.781017646988394e-11, 2.5115811267815755e-11, 2.336955204300185e-11, 2.3348281384812106e-11, 2.334855494734109e-11, 2.334393261071005e-11, 2.3341395768510195e-11, 2.332656316581745e-11, 2.322067111161167e-11, 2.1341443078000705e-11, 1.1147772459445933e-11, 8.626294291573595e-12, 6.33966694955886e-12, 3.5933038344154514e-12, 1.3803570480710078e-12, 5.6847610282041e-13, 2.3430770172150566e-13, 1.0603865728388309e-13, 6.224825392004643e-14, 4.292967165223737e-14, 2.304206659307936e-14, 5.2721804609507844e-15, 4.732897315324586e-15, 4.666398783379546e-15, 4.6682071102014174e-15, 4.664198413563205e-15, 4.662846089948934e-15, 4.661711263696712e-15, 4.6487617383094316e-15, 4.490523241827807e-15, 2.704488799783536e-15], "rk": [1.0, 0.527246806743131, 0.520519572897224, 0.5204947362256273, 0.5204240761917234, 0.520424028858678, 0.5204064356559475, 0.5203819810868981, 0.5201220759140244, 0.5153878874807711, 0.39838510069846067, 0.18849795232309555, 0.12845096833933203, 0.09538464287786921, 0.06947946678966417, 0.05147194604042142, 0.03830622766744864, 0.026965971291142418, 0.0164791451341363, 0.007207729361337204, 0.0019889153249161933, 0.0007885504774866106, 0.00070062826879546, 0.0006704636270863415, 0.0006672058781638322, 0.0006594620791883032, 0.0006594563932036627, 0.000629571150535202, 0.00047210726996945465, 0.0001955098360557589, 0.000151524997092354, 0.00010825692824231864, 6.473680126829187e-05, 3.495322608692419e-05, 1.796127153208329e-05, 8.336445936764668e-06, 3.7271846204372225e-06, 1.5486417621955754e-06, 7.518763290435655e-07, 3.535355154817641e-07, 4.9239708578470235e-08, 4.4340594060202817e-08, 4.2515157302628124e-08, 4.03187947902179e-08, 3.767714475855511e-08, 3.6486195508857186e-08, 3.644165050274587e-08, 3.636181902376569e-08, 3.4281197980880724e-08, 1.5591447279794974e-08, 7.49486326519972e-09, 5.397685026186245e-09, 3.885435202923751e-09, 2.301261324623893e-09, 1.092637902677854e-09, 5.060734541208087e-10, 3.124501780873943e-10, 1.9488118098729195e-10, 9.137596950090047e-11, 2.694036331952054e-11, 6.046268669214781e-12, 5.32992899231952e-12, 5.3284481620437e-12, 5.328434253820979e-12, 5.3259875511587554e-12, 5.325674852894877e-12, 5.322348486898146e-12, 5.304159476742539e-12, 4.98249160108818e-12, 2.5569626824093318e-12, 1.6977845996502154e-12, 1.3710644257104051e-12, 9.900802587362086e-13, 5.570313337212373e-13, 2.83295935944709e-13, 1.2526669110877213e-13, 4.691636571701004e-14, 1.587699763337358e-14, 7.453573094144836e-15, 4.369435451633602e-15, 1.961982580583374e-15, 1.131808073980356e-15, 1.1082501197350498e-15, 1.1042182889784393e-15, 1.100577421219357e-15, 1.1004691261658554e-15, 1.0999351720664233e-15, 1.0979917852288584e-15, 1.0718226637666766e-15, 1.5531922082241403e-15], "exit_code": -1, "iters": 89, "mtx": "pde2961", "method": "max-st_alt-o-repeat_m4", "x_id": "ones"}