{"fre": [0.029731522619515595, 0.016266124949961644, 0.016397091948139916, 0.01666925327783897, 0.016747620005962284, 0.016795583231832976, 0.01679313442941788, 0.016766217902273194, 0.016020109752064318, 0.006846335725104972, 0.002735273358757803, 0.002293980601152046, 0.001880317241787787, 0.0015127088966777988, 0.001158727087562876, 0.0008387002601957192, 0.0006319667508265234, 0.0005306870225209002, 0.0004334685448326063, 0.00026604275373951413, 0.00023242308103547967, 0.00019680934583301012, 0.00019471580424503855, 0.00019295901742457324, 0.00018726072098863104, 0.00015530236880715068, 0.00010347756319267246, 7.941560016589911e-05, 4.6005222976941175e-05, 2.5009177651796144e-05, 7.4248846927582374e-06, 3.812167003443387e-06, 1.5947189542645632e-06, 7.095571765668132e-07, 3.3070397581149895e-07, 1.7848941231776107e-07, 8.669104492332193e-08, 4.311800328926869e-08, 1.2645255807654202e-08, 9.617599322929065e-09, 9.104623389000849e-09, 9.071950511393231e-09, 9.076204471872708e-09, 8.802836065627512e-09, 7.409715276328205e-09, 6.2484701809110696e-09, 4.4457394698782935e-09, 2.6624515394097995e-09, 1.7365876937107113e-09, 8.177015581376968e-10, 2.973231981637422e-10, 1.2109412119081323e-10, 6.409085290478159e-11, 3.699839097418961e-11, 1.3237503746620598e-11, 5.578704893258028e-12, 1.3585307207903537e-12, 3.436303668893831e-13, 2.073052170054952e-13, 1.3479107295031224e-13, 1.1873810779835357e-13, 1.0960499222473346e-13, 1.1042211181278928e-13, 1.0636601704643113e-13, 1.0067858442065932e-13, 9.566973929271904e-14, 8.659927890620707e-14, 6.438109327545882e-14, 5.144385500515908e-14, 3.802606051525599e-14, 1.1842645335979184e-14], "rk": [1.0, 0.011385164373451585, 0.0040644222329506655, 0.003400426467061354, 0.0032905801199360333, 0.0032470235256098576, 0.0032368799788836233, 0.00322774822867202, 0.0032266141838868615, 0.0031381821507766596, 0.0018618908423853639, 0.0002981183439529296, 0.0001131555972214143, 7.19672256015375e-05, 4.868244678852981e-05, 3.7386087581885115e-05, 2.712305018899148e-05, 1.8116402681916258e-05, 1.2223798068937568e-05, 9.335993896388938e-06, 6.312246740009557e-06, 4.652834381353887e-06, 4.0678471535635154e-06, 4.055817127363673e-06, 4.029133517074135e-06, 3.946649716970613e-06, 3.494643423231107e-06, 2.546482363930261e-06, 2.0938548768342713e-06, 1.556521259184136e-06, 1.0886316093338606e-06, 4.2092119180739887e-07, 2.0459961484995674e-07, 8.954472927128922e-08, 3.606556984938374e-08, 1.1332358939713524e-08, 4.57765118688781e-09, 2.1229485422284267e-09, 1.144362575899778e-09, 3.751156015347844e-10, 2.880702435597044e-10, 2.6159889802645626e-10, 2.6095339918873404e-10, 2.5919341709458046e-10, 2.402925861668554e-10, 1.6301654897695254e-10, 1.1563918186419034e-10, 8.695788166372123e-11, 5.481041929323022e-11, 4.0018331715269455e-11, 2.5607964829471758e-11, 1.5464306604628423e-11, 8.873186271662411e-12, 3.702134289609669e-12, 1.505482697832674e-12, 4.576925548197323e-13, 2.1646666557340116e-13, 8.594839390897137e-14, 3.047575905575573e-14, 1.4022836015002332e-14, 6.3018267516522485e-15, 4.274452519830813e-15, 3.9597583771005194e-15, 3.911129639856107e-15, 3.6357865121671284e-15, 3.383488293618516e-15, 3.2592729070407635e-15, 3.0611307975596868e-15, 2.26411489500588e-15, 1.5940132987020493e-15, 1.2573424409220918e-15, 6.352879477719799e-16], "exit_code": 0, "iters": 71, "mtx": "pde2961", "method": "max-st_alt-o-repeat_m4", "x_id": "sine"}