{"fre": [0.2130558646879312, 0.19514684168283045, 0.1915017791701671, 0.19112555959144198, 0.18963407596714407, 0.1895536027360029, 0.1893033690197812, 0.18440743499617984, 0.14652782619023355, 0.08056035697715437, 0.0469740590155314, 0.03085297472338985, 0.02285544061355816, 0.017389602331450704, 0.01350875988993256, 0.009945398899917956, 0.007190369152650131, 0.004993140076137704, 0.0028095239320774417, 0.00120516492692894, 0.0005539691257083517, 0.0005535475114706304, 0.0005511871645486514, 0.0005466878845057467, 0.0005395296274110753, 0.0005194084541357752, 0.00040620136141346586, 0.0001587916630268812, 6.671899649547975e-05, 3.680030544962134e-05, 2.4732055991945316e-05, 1.9118910404353347e-05, 1.5227334946085204e-05, 1.2299738417573025e-05, 9.870109166744394e-06, 7.322843679279322e-06, 4.714145255892433e-06, 2.2565297795391077e-06, 1.2799123928483113e-07, 1.355481994249272e-07, 1.3181430688606366e-07, 1.3207282021949618e-07, 1.320926858195346e-07, 1.3177559278172705e-07, 1.3161055915135427e-07, 1.301027810232217e-07, 1.1832006540374777e-07, 6.530072535350602e-08, 3.0424454379625894e-08, 1.675601041836136e-08, 1.040227133900361e-08, 7.462683949273725e-09, 5.709715492639917e-09, 4.714617374834041e-09, 3.999261712248277e-09, 3.147760306448558e-09, 2.2154451551090115e-09, 1.1026804280386348e-09, 4.402933373966208e-10, 9.149681941597525e-11, 7.707746495696011e-11, 7.708414036639132e-11, 7.700871934040446e-11, 7.678691308480838e-11, 7.655312962623514e-11, 7.585923793364197e-11, 7.10886025803983e-11, 4.1374155828704443e-11, 1.772576675761187e-11, 9.71155984272645e-12, 6.4062804219476715e-12, 4.9509077566496495e-12, 3.864304514920542e-12, 3.0015395184517437e-12, 2.1496441935728718e-12, 1.6041967642307293e-12, 1.151873723780724e-12, 6.029690645713555e-13, 2.4802604924560466e-13, 4.3924805319929283e-14, 3.693966847534876e-14, 3.6935896763088686e-14, 3.6905800271908865e-14, 3.6836451019632835e-14, 3.6776092628828517e-14, 3.6540146912442795e-14, 3.4687821952043936e-14, 2.2019519683341118e-14, 9.984894125141917e-15, 5.402072326839319e-15, 3.418093313470628e-15], "rk": [1.0, 0.06047344695960131, 0.05465123835857272, 0.05318858215192795, 0.05305423602883979, 0.05256335571262813, 0.05251704245860315, 0.05242169005805246, 0.05069470447349718, 0.04026727138315364, 0.022536786883135606, 0.014000617282840215, 0.010067884034375422, 0.0077517384421351525, 0.005887097230451964, 0.004361566437127079, 0.0031702649173256056, 0.0022640125331985267, 0.0013348829949765399, 0.0005815756657950259, 0.00019716222301923293, 0.00011723281243933062, 0.00011719973123242177, 0.00011705446682373866, 0.00011635884717265951, 0.00011531775574754244, 0.00011193180188232886, 9.240442476976087e-05, 4.03693531475199e-05, 1.730960571263118e-05, 9.204331761717994e-06, 5.731415657407317e-06, 4.3431253502165895e-06, 3.4920187439666333e-06, 2.833852879248109e-06, 2.4073726690129154e-06, 1.8963684983752613e-06, 1.0733860784951e-06, 3.964187954865113e-07, 3.5126377105546947e-08, 3.051670390292138e-08, 3.000766141006466e-08, 2.9995188553218326e-08, 2.997396610070844e-08, 2.9951099738240826e-08, 2.987640807664229e-08, 2.9609529332408155e-08, 2.7309187525577065e-08, 1.6362260906440028e-08, 8.277945758512496e-09, 5.02871401753938e-09, 3.4957930763489832e-09, 2.6782837343443268e-09, 2.1067673658099847e-09, 1.7119833153015362e-09, 1.3915800940720338e-09, 1.0421842200224594e-09, 5.59722627813163e-10, 2.239993220426147e-10, 7.185178069955508e-11, 1.6531796953128835e-11, 1.4779769706042502e-11, 1.477677079336868e-11, 1.4771830716535568e-11, 1.474916935185047e-11, 1.4720003516023675e-11, 1.4626141910411003e-11, 1.3976126533857137e-11, 9.489543807883559e-12, 4.6776976253085755e-12, 2.710462762556136e-12, 1.8938989220705326e-12, 1.5031537787308524e-12, 1.1919539539279605e-12, 9.113359699358451e-13, 7.131508467356959e-13, 5.327902638134075e-13, 2.974225882494992e-13, 1.2361851069603365e-13, 4.1328230636575443e-14, 9.057793981767873e-15, 7.8535922593977e-15, 7.853560611665431e-15, 7.851093024653351e-15, 7.841425763306146e-15, 7.8298329148356e-15, 7.785805160448297e-15, 7.46085704806686e-15, 5.134892876287512e-15, 2.5008717950774697e-15, 1.3825529966997762e-15, 9.030721730704522e-16], "exit_code": 0, "iters": 91, "mtx": "pde2961", "method": "max-st_alt-o-repeat_m4", "x_id": "randn"}